условиях;1.537301090457181
дробина;1.6780849715267898
yvxzh5llpg;1.6780849715267898
месяца;0.5791386815195699
начнет;2.189506898232334
qc8nd0pyqq;1.6780849715267898
i85moexxse;1.6780849715267898
финансовую;3.8824887600751117
подробности;0.5791386815195699
дал;1.6780849715267898
онлайн;2.2664923497709197
поручителей;1.6780849715267898
конкурентов;1.6780849715267898
apieh7lzaj;1.6780849715267898
того;0.4128002629497613
побоялись;1.6780849715267898
fzer6ugqbu;1.6780849715267898
торбахов;1.6780849715267898
vpfvx4u70p;1.6780849715267898
тому;1.6780849715267898
ко;1.6780849715267898
ресурсами;3.528692071487248
rfurdqcchz;1.6780849715267898
выполнение;1.6780849715267898
продолжает;1.4276295035752453
«ростехом»;1.6780849715267898
реализацию;2.189506898232334
стоимости;0.5791386815195699
ya;1.6780849715267898
долго;0.5791386815195699
i0y3zaywwa;1.6780849715267898
164;1.6780849715267898
сегменте;1.6780849715267898
коммуна;1.6780849715267898
стороны;-0.42087322130144506
ef4iibqpxa;1.6780849715267898
организаций;1.6780849715267898
продукт;1.6780849715267898
партнерами;1.6780849715267898
это;-2.5070460646299777
отделения;0.5791386815195699
втему;1.6780849715267898
«префов»;1.6780849715267898
финанс»;1.6780849715267898
лидер;2.5265757935824653
zr3ev9qy2k;1.6780849715267898
вошел;0.24259441030259046
услугам…;1.6780849715267898
экономика;-1.0323055850401712
наш;-0.2688275164029539
alexi;1.6780849715267898
нормально;0.06797894482030079
приема;0.06797894482030079
tacyqobuhar;1.6780849715267898
выгодный;2.5265757935824653
1d3bb71qbt;1.6780849715267898
1nc3qeabkg;1.6780849715267898
пусть;1.0905606082251142
представ;1.6780849715267898
iptvfk7jlm;1.6780849715267898
европейским;1.0328428159217626
пользуются;1.6780849715267898
станут;0.5791386815195699
предложение;1.6780849715267898
среднерусского;2.189506898232334
grey;1.6780849715267898
402;1.6780849715267898
кред;1.8808090138442863
совершать;2.7784872368064772
позволят;2.7784872368064772
году;1.8808090138442863
6cpwnlnfve;1.6780849715267898
банки;0.2653978810066069
накопительно;1.6780849715267898
предлагает;2.979755303851506
jt4xz7rms3;1.6780849715267898
российский;-1.0323055850401712
повысил;1.4276295035752453
личным;2.7784872368064772
легендарный;1.6780849715267898
yr47vr45uk;1.6780849715267898
компании;-0.21005949794959428
партнеров;2.5265757935824653
объем;2.189506898232334
инвест;1.6780849715267898
украинских;1.6780849715267898
финансы;-0.8583605835869013
около;0.06797894482030079
правлением;2.189506898232334
сотрудничестве;1.6780849715267898
sberbank;-0.23820328059186982
kommersant;0.06797894482030079
vxohajuawj;1.6780849715267898
развития;2.4297457814800283
xgl9gh8rgi;1.6780849715267898
эм;1.6780849715267898
устраивает;1.6780849715267898
конца;2.189506898232334
sqyauccxcn;1.6780849715267898
заработал;1.6780849715267898
рос;-0.7214814246551385
готова;1.6780849715267898
фолловинг;2.189506898232334
russia;-0.04037924731927963
jmakarceva;1.6780849715267898
лучший;2.189506898232334
залог;1.6780849715267898
хорошие;1.6780849715267898
babich;1.6780849715267898
ju3wsbpfey;1.6780849715267898
очень;-0.009054354323790625
подведены;1.6780849715267898
соглашение;2.189506898232334
когда;-0.21005949794959428
еда;1.6780849715267898
дня;-1.0323055850401712
приберегли;1.6780849715267898
его;-0.42087322130144506
компанию;1.6780849715267898
новых;0.12700939740053677
rtioujpzou;1.6780849715267898
состоянию;0.5791386815195699
корпоративных;1.6780849715267898
союзом;2.7784872368064772
магаданской;2.7784872368064772
оао;1.405361082642995
«месяц;2.189506898232334
эхе;1.6780849715267898
всех;1.0328428159217626
квартиры;1.6780849715267898
строительстве;2.5265757935824653
отношении;-0.7825540751579985
перекреститесь;1.6780849715267898
работаю;0.5791386815195699
maydan;0.06797894482030079
будут;-1.4770209562718097
юникорбанка;2.189506898232334
tjss0png8d;1.6780849715267898
год;0.5791386815195699
товары;2.5265757935824653
vpejjh1hcx;1.6780849715267898
автопроверку;1.6780849715267898
6s83xnxodi;1.6780849715267898
олимпийской;1.6780849715267898
ставки;1.454885619829387
расплачиваться;1.6780849715267898
карта;1.4276295035752453
операцион;1.6780849715267898
t00zxanvtk;1.6780849715267898
сегментов;1.6780849715267898
350;2.5265757935824653
yevhens;1.6780849715267898
s;0.5804520762619254
10;-0.42087322130144506
fastslon;-0.7214814246551385
6u8hhwsyji;1.6780849715267898
1;0.9003888143862547
трем;1.6780849715267898
состоялось;1.6780849715267898
агентство;1.6780849715267898
проката;1.6780849715267898
вэба;-1.5448062510738567
выдавать;2.189506898232334
х;1.6780849715267898
е;-0.2688275164029539
открывает;1.6780849715267898
систему;1.6780849715267898
global;4.20057642353194
увеличиться;1.6780849715267898
новатека;1.6780849715267898
приятное;1.6780849715267898
i2ypfjojca;1.6780849715267898
ростехом;1.6780849715267898
баланс;1.6780849715267898
действует;1.6780849715267898
it;1.6780849715267898
нарушат;1.6780849715267898
уэк;1.6780849715267898
москвы»;-2.3743607623135796
инструментарием;2.189506898232334
августа;-1.4028019800556082
способствует;2.7784872368064772
режиме;2.189506898232334
joyrlqpsat;1.6780849715267898
блокировать;2.5265757935824653
г;-0.009054354323790625
россии»;0.5791386815195699
получать;1.6780849715267898
cdwjavbcxk;1.6780849715267898
dklk5m2rmm;1.6780849715267898
новатэк;1.0905606082251142
введённые;1.6780849715267898
россельхозбанке;0.9164697668759763
обычном;1.6780849715267898
уровень;1.6780849715267898
машук2014;1.6780849715267898
мне;0.008232736492140036
овердрафтный;1.6780849715267898
крупных;-0.2688275164029539
рефинансирование;1.6780849715267898
у;-1.6721516076143306
простить;1.6780849715267898
копьё;1.6780849715267898
выступает;1.6780849715267898
xzt4gwytgk;1.6780849715267898
экономить;1.6780849715267898
sachio;1.6780849715267898
февраля;2.5265757935824653
ощутил;1.6780849715267898
новую;2.5265757935824653
dhb…;1.6780849715267898
появятся;1.6780849715267898
наличные;1.6780849715267898
страх;1.6780849715267898
своему;3.14740711716367
nik;3.14740711716367
регионах;1.6780849715267898
хотите;2.189506898232334
втб24;0.5791386815195699
малого;3.528692071487248
finance;4.20057642353194
в…;1.6780849715267898
потребительского;1.6780849715267898
утвердил;2.189506898232334
аккредитовал;1.6780849715267898
финансирования;1.6780849715267898
секторальные;-1.1824751327986756
вечером;0.5791386815195699
рынок;0.8315747488767333
ипотечной;1.6780849715267898
н;0.06797894482030079
подавятся;1.6780849715267898
факт;1.8808090138442863
ряда;1.679540946799257
базе;2.7784872368064772
miss;1.6780849715267898
правительством;1.6780849715267898
учё;1.6780849715267898
да;-1.0323055850401712
большее;1.6780849715267898
смогут;-0.21005949794959428
подготовился;1.6780849715267898
над;0.06797894482030079
ценности;1.6780849715267898
сбер;0.014339007702983676
услуг;1.0905606082251142
удобнее;2.189506898232334
попадет;-1.1578035120615826
промсвязь;1.6780849715267898
большое;1.6780849715267898
нам;0.5791386815195699
сертификатам;1.6780849715267898
альфабанк;-0.7214814246551385
центр;2.189506898232334
продаж;2.979755303851506
строительство;2.189506898232334
пример;1.6780849715267898
совершили;1.6780849715267898
привилегированных;1.6780849715267898
fnv8pdlosg;1.6780849715267898
общая;1.6780849715267898
bxoxtg3xej;1.6780849715267898
ресурсную;1.6780849715267898
улучшенка;1.6780849715267898
часа;0.06797894482030079
увидел;1.6780849715267898
займов;1.6780849715267898
q01bjytiis;1.6780849715267898
была;0.5794008715258451
отсрочка;2.189506898232334
малому;1.6780849715267898
системы;1.8808090138442863
подсобным;2.7784872368064772
vifdi…;1.6780849715267898
личных;2.189506898232334
пожалели;1.6780849715267898
«у;1.6780849715267898
есть;2.189506898232334
покупку;2.189506898232334
регистрации;1.6780849715267898
ligrtspywn;1.6780849715267898
2014;0.5823011509294262
размере;1.6780849715267898
объём;1.6780849715267898
без;1.0925447943904492
мае;1.6780849715267898
60;1.6780849715267898
ddnzpjnlxt;1.6780849715267898
июле;-1.0323055850401712
сайта;1.6780849715267898
клиентами;2.590470396825451
vtb;0.5796633056527215
до;0.5817716091723578
эти;-0.7214814246551385
годовых;-0.2688275164029539
турбаза;1.6780849715267898
пока;-0.009054354323790625
набор;1.6780849715267898
призванная;1.6780849715267898
стал;2.5265757935824653
владимирцы;1.6780849715267898
микробиз;1.6780849715267898
летний;1.6780849715267898
заморозили;1.6780849715267898
ноября;2.189506898232334
автомобили;1.6780849715267898
ок;1.6780849715267898
бизнес;0.24259441030259046
черного;1.6780849715267898
рейтинги;1.6780849715267898
31;-0.2688275164029539
этой;1.6780849715267898
qupucafygysi;1.6780849715267898
компания;1.6780849715267898
регионов;0.5791386815195699
земель;1.6780849715267898
mredo898wk;1.6780849715267898
росс;-0.520476281029335
многоэтажки;1.6780849715267898
миллиона;2.189506898232334
ведомости;-0.2688275164029539
сибири;2.189506898232334
число;-0.520476281029335
управлять;1.6780849715267898
услугами;1.679540946799257
на;-0.23105010658100816
владельцев;2.189506898232334
продвинулся;1.6780849715267898
ипотеку;2.5265757935824653
аналогичного;1.6780849715267898
обладает;3.528692071487248
работать;0.32801454102634053
райффайзенбанк;0.5791386815195699
две;-1.2693640433571205
подписано;1.6780849715267898
показателям;1.6780849715267898
nri4pllujq;1.6780849715267898
клиентам;2.7784872368064772
чистая;1.6780849715267898
нет;-0.8888700693749549
р;0.5794008715258451
хорватии;1.6780849715267898
подсобных;1.6780849715267898
исключил;1.6780849715267898
еврооблигации;2.5265757935824653
заморозку;1.6780849715267898
банков;-0.06184228577725337
риск;1.6780849715267898
процентов;1.6780849715267898
retucargo;1.6780849715267898
безработному;1.6780849715267898
генерального;1.6780849715267898
при;-0.3774481426694108
карте;0.5791386815195699
россельхозбанком;0.8315747488767333
сотрудничество;1.0905606082251142
жилищных;1.6780849715267898
отлично;2.189506898232334
l1kruucuk4;1.6780849715267898
читаювзаимно;1.0905606082251142
raiffeisen;0.06797894482030079
повышают;1.6780849715267898
жилищные;1.6780849715267898
индекса;0.06797894482030079
решила;1.6780849715267898
tqrns7wc1s;1.6780849715267898
picstitch;1.6780849715267898
luuoy4qpm7;1.6780849715267898
клиенту;1.6780849715267898
означают;1.6780849715267898
ресурсная;1.6780849715267898
вернулись;1.6780849715267898
dltwwtg05s;1.6780849715267898
k7ke48ppcl;1.6780849715267898
desufagkun;1.6780849715267898
desinform;2.189506898232334
специальное;1.6780849715267898
https;-0.42087322130144506
журнал;1.2441577681089504
счет;1.0905606082251142
одним;1.6780849715267898
aerxopftxp;1.6780849715267898
посетители;1.6780849715267898
олы»;2.5265757935824653
ronisgwdh1;1.6780849715267898
l8kiyw2w8i;1.6780849715267898
прав;1.6780849715267898
российского;-0.21005949794959428
кредитование;2.189506898232334
проводит;3.14740711716367
rpnd1gaqn4;1.6780849715267898
ladv707;1.6780849715267898
вырос;2.5265757935824653
попавшие;0.10399891808859113
сходили;1.6780849715267898
ясно;1.6780849715267898
выпиской;1.6780849715267898
·;1.6780849715267898
этот;-0.520476281029335
санкции;-2.1269653540618716
222;1.6780849715267898
россий;0.5791386815195699
sn5qqqm2g5;1.6780849715267898
россельхозбанк;-1.2942948270201822
мобильным;1.6780849715267898
услугу;2.5265757935824653
bz;0.5791386815195699
начале;0.5791386815195699
сво;1.6780849715267898
концу;2.189506898232334
одобрил;2.5265757935824653
филиалов;1.6780849715267898
enqttinqng;1.6780849715267898
о;-2.0205357325053286
полюбому;1.6780849715267898
гарантий;2.5265757935824653
рынка;0.5791386815195699
isep3u0nxw;1.6780849715267898
http…;-0.520476281029335
чем;-1.4610894091447404
экономику;1.6780849715267898
маяковская;1.6780849715267898
десятку;1.6780849715267898
ftq5iyfuvz;1.6780849715267898
участников;1.6780849715267898
введенных;0.06797894482030079
микробизнеса;1.6780849715267898
детям;1.6780849715267898
sb;1.6780849715267898
фиг;0.5791386815195699
кре;1.6780849715267898
qp6xeorbno;1.6780849715267898
биржа;1.6780849715267898
инвестиционный;1.6780849715267898
договору;1.6780849715267898
другой;0.5791386815195699
футбольный;1.6780849715267898
цифра;1.6780849715267898
расширять;2.189506898232334
сообщает;-1.0323055850401712
списках;-0.7214814246551385
нечем;1.6780849715267898
этого;-0.2688275164029539
сбербанка;-0.28822244735454333
решение;0.5794008715258451
их;-1.1106807109133514
новый;-1.7478610210325873
увели;1.6780849715267898
здесь;0.06797894482030079
месяце;1.6780849715267898
полтора;1.6780849715267898
банкомат;-0.21005949794959428
klz3saiwe3;1.6780849715267898
оставить;2.5265757935824653
отдых;1.6780849715267898
экспресс;2.189506898232334
перечисляется;2.189506898232334
отразятся;0.5791386815195699
выручит;1.6780849715267898
приобретает;1.6780849715267898
пять;-0.5208836583346268
депозитам;1.6780849715267898
zynbxntsag;1.6780849715267898
выдает;0.5796633056527215
526ai5vrw6;1.6780849715267898
продавайте;1.6780849715267898
смогли;0.5791386815195699
начала;1.0905606082251142
автокредит;2.189506898232334
gemkkfn0y0;1.6780849715267898
книги;1.6780849715267898
воложине;1.6780849715267898
7;0.5796633056527215
банковскую;1.6780849715267898
особенно;0.5791386815195699
текущий;1.6780849715267898
числе;-1.3697825102924455
кредита;0.9164697668759763
йошкар;2.5265757935824653
улучшил;2.189506898232334
со;-0.46953995459162645
работа;0.5791386815195699
zuy8v6gmgg;1.6780849715267898
догоняют;2.189506898232334
синдицированный;3.291106046946574
новости;-0.4002901495769196
топ;0.5791386815195699
скоро;0.5794008715258451
nbsp;0.5794008715258451
проходит;0.5791386815195699
регистрирует;1.6780849715267898
открыть;1.6780849715267898
lenta;2.189506898232334
«байкал;1.6780849715267898
жилье;1.6780849715267898
prezidenty;3.14740711716367
льготным;1.6780849715267898
видов;1.6780849715267898
перед;4.20057642353194
коснулись;0.5791386815195699
mastercard;0.9164697668759763
сторо;1.6780849715267898
23;2.189506898232334
v7wqbycva3;1.6780849715267898
7ilr5mkujb;1.6780849715267898
россельхозбанка;-1.9249402139472938
«банк;-0.3774481426694108
подтверждены;1.6780849715267898
страт;1.6780849715267898
взаимный;0.5794008715258451
растут;1.6780849715267898
продолжения;2.979755303851506
эт;1.6780849715267898
mormtljvxk;1.6780849715267898
уже;-1.7609240044758399
потребительских;2.7784872368064772
расширяет;2.189506898232334
сохранят;1.6780849715267898
зао;1.6780849715267898
сеть;2.7784872368064772
потребительский;1.6780849715267898
тот;1.6780849715267898
четверг;-0.520476281029335
чтоб;0.06797894482030079
накоплений;1.6780849715267898
санкциях;-0.7214814246551385
найти;1.6780849715267898
энную;1.6780849715267898
24;-0.9656896499431924
d;1.0905606082251142
видам;2.189506898232334
начался;1.6780849715267898
деятельность;0.5791386815195699
райффайзен;-0.6463815853560382
ним;1.0905606082251142
столичном;1.6780849715267898
рсбу;1.6780849715267898
vawavadeduku;1.6780849715267898
«партнер;1.6780849715267898
ао;1.6780849715267898
фильмы;1.6780849715267898
новостях;1.6780849715267898
ставок;0.008232736492140036
первые;1.6780849715267898
розничным;4.144404525399282
сбербанке;-0.520476281029335
там;-0.3774481426694108
gazetaru;-1.0323055850401712
zlata;1.6780849715267898
vj2vdp4bly;1.6780849715267898
поможет;2.019268664530022
сб;0.5791386815195699
индексах;2.979755303851506
керченский;3.14740711716367
развивает;2.189506898232334
которому;1.6780849715267898
подключили;1.6780849715267898
скором;1.6780849715267898
люксембурге;2.189506898232334
рискуете;1.6780849715267898
брендов;2.5265757935824653
свою;2.189506898232334
mngzru;1.6780849715267898
пугают;1.6780849715267898
обновленную;1.6780849715267898
1roiddldfp;1.6780849715267898
метро;1.6780849715267898
отдельным;2.189506898232334
мира;0.24259441030259046
sawik;1.6780849715267898
акций…;1.6780849715267898
республики;1.6780849715267898
вмоскве;1.6780849715267898
понедельник;-0.21005949794959428
руб;0.24259441030259046
usd;1.6780849715267898
ржд;1.6780849715267898
большой;0.5791386815195699
семей;1.6780849715267898
закроем;1.6780849715267898
40;0.5791386815195699
boerse;2.7784872368064772
шоке;1.6780849715267898
саратов;2.189506898232334
апк;2.5265757935824653
возможность;2.7784872368064772
3;0.21153219590473216
u4km2kvarb;1.6780849715267898
korobkov;1.6780849715267898
москва;0.06797894482030079
более;1.8580149908951795
бум;1.6780849715267898
инвест»;1.6780849715267898
pwqnnwowza;1.6780849715267898
представители;1.6780849715267898
быстрый;-0.2688275164029539
пришел;0.06797894482030079
конечно;-0.520476281029335
стабильную;2.5265757935824653
rl9pjeshzw;1.6780849715267898
рекорды;1.6780849715267898
ff;-0.7579421166515762
отделении;0.5794008715258451
кредитная;1.6780849715267898
инновационные;1.6780849715267898
iphone;0.06797894482030079
сегодня;-0.42087322130144506
росне;1.6780849715267898
kfozi2uev5;1.6780849715267898
базу;1.6780849715267898
снижает;2.5265757935824653
недвижимость;2.189506898232334
база;1.6780849715267898
заседание;1.6780849715267898
физических;1.6780849715267898
платежных;2.5265757935824653
ивахинов;1.6780849715267898
рисковать;1.6780849715267898
каждый;0.5791386815195699
санкционных;-0.7214814246551385
noomrem;1.6780849715267898
проведенного;2.189506898232334
t3yhbdxw1x;1.6780849715267898
правления;1.0905606082251142
партнера;2.189506898232334
европейс;1.6780849715267898
префы;1.6780849715267898
s8ssfunp3z;1.6780849715267898
свои;-0.2688275164029539
факты;1.6780849715267898
россии;0.06954200356701239
доступна;1.6780849715267898
дни;1.6780849715267898
после;0.5801889076695778
расчетному;2.189506898232334
eho9myx1oo;1.6780849715267898
внедрение;1.6780849715267898
мин;2.189506898232334
выплаты;2.7784872368064772
постсоветском;2.189506898232334
co;-0.5603777137473404
qtsqdse62s;1.6780849715267898
построить;3.14740711716367
больше;-0.2431359187491404
оставшиеся;1.6780849715267898
перестаю;1.6780849715267898
угрозы;2.189506898232334
дарит;1.6780849715267898
c8hplcfv9l;1.6780849715267898
dfuht1zyrv;1.6780849715267898
под;-1.9064465504213415
объектов;1.6780849715267898
гарантирует;1.6780849715267898
против;-4.585836125127764
valeriaromanov2;1.6780849715267898
банком;2.085532326271548
торгов;-0.520476281029335
выпуск;1.679540946799257
лесная;1.6780849715267898
жизненное;1.6780849715267898
проценты;0.06797894482030079
иди;1.6780849715267898
владивосток;1.6780849715267898
цели;1.6780849715267898
кредитами;2.7784872368064772
300;1.6780849715267898
дочернюю;2.189506898232334
novosti;0.24259441030259046
открытого;1.6780849715267898
работников;1.6780849715267898
результатам;1.0905606082251142
если;-1.1824751327986756
клиентов;0.8315747488767333
уралавтострой»;1.6780849715267898
раз;-0.36068714386505296
с;-0.6227252046579084
fehyctyaxj;1.6780849715267898
«роснефть»;1.6780849715267898
рамках;1.4276295035752453
вологжане;2.189506898232334
выдачу;1.0905606082251142
заявил;0.06797894482030079
vrcaa7faqe;1.6780849715267898
нужны;1.6780849715267898
лучших;2.189506898232334
«сбербанк;0.5791386815195699
бюджетной;1.6780849715267898
растет;0.5791386815195699
banka;1.6780849715267898
устойч;1.6780849715267898
победителем;2.5265757935824653
1cjshtzrda;1.6780849715267898
санкций;-1.51484334211751
общества;1.6780849715267898
только;-0.3204323052941792
акции…;1.6780849715267898
трлн;2.5265757935824653
уровн;1.6780849715267898
подмосковье;2.189506898232334
мобильники;1.6780849715267898
па;2.189506898232334
принимаются;1.6780849715267898
«газпром»;1.6780849715267898
путешествия;1.6780849715267898
оплате;1.6780849715267898
pitvggdjcv;1.6780849715267898
rgjno86kb7;1.6780849715267898
программа;2.7784872368064772
dwo9p3vlb7;1.6780849715267898
сроки;1.6780849715267898
«спасибо»;1.6780849715267898
как;-0.725284563506591
forum;1.6780849715267898
ac9vey17ll;1.6780849715267898
вашим;1.6780849715267898
внедрению;1.6780849715267898
«лучшие;2.5265757935824653
vida;1.6780849715267898
банк;-0.6241978242271533
области;1.0328428159217626
согласен;1.6780849715267898
2;0.6730785080246525
anti;0.06797894482030079
хорошо;2.189506898232334
ckuhd1v4w3;1.6780849715267898
осетии;1.6780849715267898
выпуску;1.6780849715267898
изменения;1.6780849715267898
зарегистрированную;2.189506898232334
pasyutin;1.6780849715267898
п;-0.8888700693749549
час;1.8808090138442863
кирп;1.6780849715267898
санкциям;-0.21005949794959428
zdyufdhsbm;1.6780849715267898
региональной;3.14740711716367
швейцарских;2.189506898232334
оставила;1.6780849715267898
ли;-1.0323055850401712
никак;1.6780849715267898
волго;2.189506898232334
приложением;1.6780849715267898
офисах;1.6780849715267898
парюсь;1.6780849715267898
самых;1.6780849715267898
поволжский;3.528692071487248
ко…;1.6780849715267898
банко;0.5791386815195699
команда;0.5791386815195699
слону;1.6780849715267898
справки;0.5791386815195699
бьем;1.6780849715267898
размещение;2.5265757935824653
розничного;2.189506898232334
dianasolberg1;1.6780849715267898
брокерские;1.6780849715267898
ебрр;1.6780849715267898
происходит;1.6780849715267898
заявление;2.189506898232334
1x8msjvxlp;1.6780849715267898
воспользоваться;2.189506898232334
своевременно;1.8808090138442863
поддержку;1.0905606082251142
жил;1.6780849715267898
списка;0.06797894482030079
радует;1.6780849715267898
деньги;-0.3204323052941792
также;-1.3697825102924455
интерфейсом;1.6780849715267898
arhangelmisha;1.6780849715267898
продолжат;1.6780849715267898
активов;0.5791386815195699
крупнейших;-0.5208836583346268
крыму;-0.7214814246551385
москвы;-1.9547834656561953
взять;0.5801889076695778
visa;2.0484608271564504
будто;1.6780849715267898
сни;1.6780849715267898
греф;0.5791386815195699
курса;1.6780849715267898
rt30sboled;1.6780849715267898
банке;1.537301090457181
кубанцам;1.6780849715267898
01777;1.6780849715267898
настроил;1.6780849715267898
попросил;1.6780849715267898
бумаг;1.6780849715267898
19;1.6780849715267898
утра;1.6780849715267898
место;1.6780849715267898
января;1.6780849715267898
пскове;1.6780849715267898
даж;1.6780849715267898
вносить;2.189506898232334
buribedixuk;1.6780849715267898
сбербанк;-0.42370612695604715
или;0.8915396507646454
rostovskaya;1.6780849715267898
дальневосточный;2.979755303851506
бизнеса;3.720945989843888
ранее;-0.520476281029335
согласно;1.6780849715267898
зампред;1.6780849715267898
филиале;2.189506898232334
xunzkh6roa;1.6780849715267898
кировское;1.6780849715267898
russian;-0.3774481426694108
ime2ehzpwo;1.6780849715267898
fokctrot;1.6780849715267898
oleasufe;1.6780849715267898
спрос;1.6780849715267898
зато;1.6780849715267898
тигров;0.5791386815195699
дню;1.6780849715267898
rltt4ya5w7;1.6780849715267898
процент;1.6780849715267898
«перекресток»;1.6780849715267898
всеми;3.4168676339639217
заявок;1.6780849715267898
к;-0.9335419772277573
волгограде;1.6780849715267898
решить;2.189506898232334
том;-0.8888700693749549
устроил;1.6780849715267898
ипотечного;2.189506898232334
кроме;0.5794008715258451
http;-0.5815125923161504
квартиру;1.6780849715267898
сумма;2.189506898232334
повышения;2.5265757935824653
13;0.5791386815195699
взаимныйфолловинг;-1.69389705950422
повлияют;2.7784872368064772
за;-1.53234231741961
хозяйствам;2.7784872368064772
популярные;2.189506898232334
spasibo;1.6780849715267898
установили;1.6780849715267898
ehyuqmalro;1.6780849715267898
всегда;1.4276295035752453
ипотеке;1.168381210099988
снижаются;1.6780849715267898
выбрала;1.6780849715267898
бизнесу;1.6780849715267898
процентные;1.4276295035752453
снизил;2.979755303851506
msci;1.2004946292339265
часов;-0.2688275164029539
rdx;1.6780849715267898
elitvinova49;1.6780849715267898
российские;-1.3715344137321412
потребкредит;2.189506898232334
фондовых;1.6780849715267898
быстро;2.7784872368064772
dashanel;1.6780849715267898
несколько;-0.7214814246551385
отказалась;1.6780849715267898
могут;-1.830000764714851
лпх;1.6780849715267898
книжку;1.6780849715267898
бурятии;2.189506898232334
платежи;2.7784872368064772
1kiwdyic6t;1.6780849715267898
программе;2.189506898232334
своим;-0.2688275164029539
красноярских;1.6780849715267898
ближе;1.6780849715267898
сотрудничать;0.06797894482030079
нарастил;1.6780849715267898
снижены;1.6780849715267898
совместно;2.5265757935824653
спас;1.6780849715267898
лучшим;4.304435760021717
молодая;1.6780849715267898
пообещали;4.144404525399282
14;0.24259441030259046
пользуюсь;2.7784872368064772
61;1.6780849715267898
вкладчиками;1.6780849715267898
грефу;0.5791386815195699
выдал;3.14740711716367
остальные;2.189506898232334
сейчас;0.24259441030259046
вдруг;1.6780849715267898
подфартило;1.6780849715267898
опыт;1.6780849715267898
cinmtkiesm;1.6780849715267898
допустил;-0.30931269000590716
2jdqyv4jzn;1.6780849715267898
шесть;1.6780849715267898
закончились;1.6780849715267898
некоммерческим;2.189506898232334
ошибок;2.7784872368064772
ауэрбанка;2.189506898232334
быть;-0.520476281029335
wu0s8lmwqa;1.6780849715267898
синдицирован;1.6780849715267898
коды;2.7784872368064772
sledui;-0.3774481426694108
wrdtbaig5x;2.189506898232334
цб;0.5796633056527215
денежный;0.5791386815195699
индексе;2.7784872368064772
рейтинг;0.5799259842503524
северной;1.6780849715267898
два;-0.7214814246551385
qk7pbybkfj;1.6780849715267898
quot;-0.7214814246551385
пилотный;1.6780849715267898
«новатэк»;1.6780849715267898
мой;0.06797894482030079
филиала;-0.520476281029335
газпромбанка;-0.13081165473747514
жкх;1.6780849715267898
berukyqenuc;1.6780849715267898
улучшили;1.6780849715267898
банковских;2.7784872368064772
они;-0.05740124678189529
украине;-1.7609240044758399
ebrigxylt;1.6780849715267898
млрд;1.6853959444590596
2013;2.979755303851506
общество;1.0905606082251142
погасил;3.291106046946574
новой;2.189506898232334
super;1.6780849715267898
пермяков;1.6780849715267898
помощи;-1.3697825102924455
закупок;1.6780849715267898
5su0tgdas8;1.6780849715267898
процентной;1.6780849715267898
прописку;1.6780849715267898
zy3pccnzzg;1.6780849715267898
1nj0eigvjf;1.6780849715267898
fgvk5euq3p;1.6780849715267898
карты;-0.2431359187491404
mi;1.6780849715267898
провели;1.6780849715267898
ministryeconomy;1.6780849715267898
принципа;1.6780849715267898
меньший;1.6780849715267898
площадка;1.6780849715267898
чего;0.5791386815195699
об;-1.3732914884368823
форуме;2.189506898232334
любом;2.189506898232334
москве;2.7784872368064772
стабильно;2.189506898232334
сми;-3.0314605485068604
ig98iefg7v;1.6780849715267898
g0gyor4kkt;1.6780849715267898
еще;-0.8781026947563542
сбера;-0.2688275164029539
стезе;1.6780849715267898
покупках;1.6780849715267898
полугодие;1.6780849715267898
6;0.24259441030259046
можно;0.3789208406245486
путевка;1.6780849715267898
вв;2.189506898232334
новые;-3.0681808728373627
красноярском;2.189506898232334
сложили;1.6780849715267898
голосуют;1.6780849715267898
грамотно;1.6780849715267898
понятны;1.6780849715267898
обязательства;3.1016301335247203
обязательств;2.189506898232334
введенные;1.8808090138442863
любые;1.6780849715267898
делает;0.5791386815195699
fyseo;-0.21005949794959428
пройдет;1.6780849715267898
школу;1.6780849715267898
госбанки;1.0905606082251142
ласковее;1.6780849715267898
скидки;1.6780849715267898
л;1.6780849715267898
2020;3.528692071487248
уралсиб;1.6780849715267898
alfa;-1.4804199285169224
h09nanzgbg;1.6780849715267898
газпромбанк;-1.6012729049929608
банковской;2.189506898232334
новостидня;0.5791386815195699
смешная;1.6780849715267898
сумму;2.189506898232334
нынешнего;1.6780849715267898
по…;0.5791386815195699
санкционный;-3.2078252039602875
а;-1.0829264693901166
исследования;2.189506898232334
этп;1.6780849715267898
типа;1.6780849715267898
платежная;1.6780849715267898
tfvh0geoar;1.6780849715267898
кипре;1.6780849715267898
месяцев;1.6780849715267898
f6n7azwclz;1.6780849715267898
внезапно;0.5791386815195699
ростовский;1.6780849715267898
должно;1.6780849715267898
возобновляет;1.6780849715267898
карточках;0.5791386815195699
россети;1.6780849715267898
прибыль;1.4276295035752453
запомни;1.6780849715267898
марий;1.6780849715267898
выи;1.6780849715267898
отдел;1.6780849715267898
квартале;1.6780849715267898
устойчивой;0.5791386815195699
наверное;0.5791386815195699
евр;1.6780849715267898
версию;1.6780849715267898
которые;0.5794008715258451
керченского;2.5265757935824653
фондовом;1.6780849715267898
кръедит;1.6780849715267898
однако;1.0905606082251142
сша;-2.5532435249271312
amyaraiqnz;1.6780849715267898
комиссию;0.06797894482030079
минимальный;1.6780849715267898
снижение;2.5265757935824653
сфоткаться;1.6780849715267898
госбанков;-0.520476281029335
прекрасный;1.6780849715267898
западной;2.189506898232334
революции;1.6780849715267898
b7tluv210s;1.6780849715267898
берет;0.06797894482030079
впервые;2.189506898232334
fuhs5izqx9;1.6780849715267898
набсовет;2.189506898232334
kyqdyj4a5a;1.6780849715267898
оценили;2.189506898232334
номинациях;2.7784872368064772
amp;-0.02214134203870785
месяц;1.0905606082251142
фоне;0.5791386815195699
запу;1.6780849715267898
продукты;2.5265757935824653
удобным;1.6780849715267898
млн;0.5799259842503524
платежн;1.6780849715267898
повысит;1.6780849715267898
благовещенске;1.6780849715267898
втором;1.6780849715267898
льготное;1.6780849715267898
«дагестан»;1.6780849715267898
оренбургской;1.6780849715267898
вкладчикам;1.0905606082251142
платежей;-0.04037924731927963
кредитный;2.189506898232334
международные;0.5791386815195699
запускает;2.189506898232334
мтс;0.5791386815195699
эффективное;2.189506898232334
jbudk7xmt1;1.6780849715267898
r900lwxluf;1.6780849715267898
мини;1.6780849715267898
swlhmxgh7i;1.6780849715267898
везёт;1.6780849715267898
eqha6gonzv;1.6780849715267898
euro;1.6780849715267898
легко;1.0905606082251142
где;-0.520476281029335
благодаря;1.6780849715267898
рок;1.6780849715267898
недвижимости;2.7784872368064772
90jfuhubud;1.6780849715267898
rt;-1.0477341834640452
банкиру;1.6780849715267898
1rawbtqsh0;1.6780849715267898
платежные;0.5791386815195699
акцию;2.979755303851506
ramilnigma;1.6780849715267898
электронная;1.6780849715267898
страны;-0.009054354323790625
pgg6s4wbye;1.6780849715267898
ценных;1.6780849715267898
госпрограммы;1.6780849715267898
вернуть;1.6780849715267898
ваще;0.5791386815195699
турнир;1.6780849715267898
пресс;0.5796633056527215
первом;2.189506898232334
обеспечить;2.5265757935824653
центра;-0.7214814246551385
крупный;0.5791386815195699
togifusolopa;1.6780849715267898
bljiurddit;1.6780849715267898
раза;0.06797894482030079
мы;1.679540946799257
картам;1.6780849715267898
государства;-2.262124345446138
удачно;1.6780849715267898
банковским;1.6780849715267898
тула;1.6780849715267898
развитию;2.7784872368064772
dgprku076n;1.6780849715267898
клиент;1.6780849715267898
приняла;1.6780849715267898
я;-1.3560318777757632
сделала;2.189506898232334
акции;0.4370165605967093
проект;1.6780849715267898
избежать;2.189506898232334
открылся;1.6780849715267898
можем;1.6780849715267898
работ;1.6780849715267898
r1y137zlnc;1.6780849715267898
обслуживание;0.5791386815195699
спасибо;0.3789208406245486
запустил;2.189506898232334
остались;2.189506898232334
c6txbv5or7;1.6780849715267898
татфондбанк;1.6780849715267898
работы;2.317921343956702
xxecsnurbl;1.6780849715267898
роснефти;0.06797894482030079
свой;-0.04037924731927963
несмотря;1.4276295035752453
госпрограмм;2.189506898232334
рабо;1.6780849715267898
вкладов;1.0905606082251142
дождь;1.6780849715267898
копеек;1.6780849715267898
должны;1.6780849715267898
инвестировать;1.6780849715267898
развитии;1.6780849715267898
этом;-1.0793707618013832
патриот;2.189506898232334
же;-0.9496674824391961
американец;1.6780849715267898
тыс;1.0905606082251142
alfabank;-0.2688275164029539
тех;0.06797894482030079
хорош;1.6780849715267898
корпоративный;1.6780849715267898
бы;-0.5208836583346268
опциями;1.6780849715267898
помеха;1.6780849715267898
подсобн;1.6780849715267898
во;-0.5934947942245328
кредитов»;1.6780849715267898
почта;0.5791386815195699
неустоек;2.189506898232334
пошаманьте;1.6780849715267898
общался;1.6780849715267898
физическим;1.6780849715267898
пользуетесь;2.189506898232334
tysswdtc92;1.6780849715267898
семья;1.6780849715267898
краснодарский;1.6780849715267898
воспринимает;1.8808090138442863
wiener;2.7784872368064772
nalexandrowa;1.6780849715267898
российской;0.21153219590473216
рублей;1.4308134386803866
главное;2.189506898232334
исправляются;1.6780849715267898
утверждена;2.7784872368064772
направил;2.5265757935824653
совет;0.5791386815195699
исполнения;1.6780849715267898
стали;2.189506898232334
7nrsuubbmk;1.6780849715267898
три;-1.4610894091447404
евросою;1.0905606082251142
для;1.146744041401567
лимит;1.6780849715267898
введение;0.5796633056527215
хозяйств;1.6780849715267898
выиграл;2.189506898232334
кредитам;0.22850446234156283
национальную;1.6780849715267898
клик;1.6780849715267898
фотке;1.6780849715267898
нарушили;3.8049274788249234
вятский;2.189506898232334
активных;1.6780849715267898
сентябре;1.6780849715267898
echomsknews;0.06797894482030079
44avfqvlfe;1.6780849715267898
cnfjzlbahq;1.6780849715267898
вкладам;3.14740711716367
rianru;-0.520476281029335
санкц;1.537301090457181
рубля;1.6780849715267898
россия;-1.6221026376188956
ней;0.5791386815195699
кредитку;1.6780849715267898
казну;2.189506898232334
f7booaung5;1.6780849715267898
будь;1.6780849715267898
филиал;2.7784872368064772
дороге;1.6780849715267898
хочет;0.06797894482030079
h6r6gdbe4h;1.6780849715267898
получить;0.5791386815195699
in;-0.7214814246551385
оренбург;1.6780849715267898
vvbippfa7t;1.6780849715267898
лет;-0.30931269000590716
пространстве;2.189506898232334
70;-0.2688275164029539
можете;1.6780849715267898
специалисты;1.6780849715267898
текущего;1.6780849715267898
размещенных;1.6780849715267898
реально;0.5791386815195699
выпустил;2.979755303851506
rshbmedia;1.6780849715267898
8230;1.679540946799257
торговая;1.6780849715267898
chumikov;1.6780849715267898
первое;1.6780849715267898
запрет;0.06797894482030079
4;-1.3715344137321412
умудрились;1.6780849715267898
быстрее;0.5791386815195699
vl…;1.6780849715267898
выполнить;4.20057642353194
года;1.3508653379156508
карту;-0.3774481426694108
первую;1.6780849715267898
нового;1.6780849715267898
возглавил;1.6780849715267898
будет;-1.3123581178699208
потратить;1.6780849715267898
селигер2014;1.6780849715267898
«мобильный;1.6780849715267898
тысячи;1.6780849715267898
выросло;1.6780849715267898
и;-1.469547991930887
2dsufnr2lt;1.6780849715267898
аваль;-0.2688275164029539
сотрудники;0.5791386815195699
военнослужащих;2.189506898232334
всеновости;1.6780849715267898
оплаты;1.6780849715267898
регионе;1.6780849715267898
«трест;1.6780849715267898
северном;1.6780849715267898
кот;1.6780849715267898
рубль;1.6780849715267898
новосибирске;1.6780849715267898
reuters;-1.1578035120615826
наша;1.6780849715267898
теперь;-0.45925367215112356
займа;2.189506898232334
мо;1.6780849715267898
приступил;1.6780849715267898
от;0.15990467787941237
уменьшение;1.6780849715267898
но;-0.7405180779293583
роснефть;0.9164697668759763
байкальском;1.6780849715267898
кировчан;1.6780849715267898
американская;1.6780849715267898
итоги;0.5791386815195699
общей;1.6780849715267898
продуктов;0.5791386815195699
5;0.21908097374163293
«алтайэнергосбыт»;1.6780849715267898
получил;0.06797894482030079
освоение;2.189506898232334
смотреть;1.6780849715267898
товаров;0.5791386815195699
эб;2.189506898232334
клиенты;0.06797894482030079
зарплатной;1.6780849715267898
службе;1.6780849715267898
эл;0.5791386815195699
йн;2.7784872368064772
периодом;1.6780849715267898
получилась;1.6780849715267898
стартовал;1.6780849715267898
новостроек;1.6780849715267898
восполь;1.6780849715267898
помогал;1.6780849715267898
что;-1.3367580502715901
активно;3.14740711716367
t;-0.5670017513016579
рсхб;-2.0901527067246413
граффити;1.6780849715267898
июне;1.6780849715267898
июня;2.7784872368064772
работает;-0.8583605835869013
компаний;-1.0333843243683123
ы;2.189506898232334
сберегательным;1.6780849715267898
мпс;1.6780849715267898
vs1imlsoeh;1.6780849715267898
spb;0.5791386815195699
киви;1.6780849715267898
отделение;-0.7214814246551385
карт;1.2183063814077972
gorbunovapalmes;1.6780849715267898
догоняй;1.6780849715267898
citybusicyti;1.6780849715267898
коммунальных;1.6780849715267898
релиз;2.189506898232334
поволжском;1.6780849715267898
«ро;1.6780849715267898
потенциал;1.6780849715267898
сервисных;1.6780849715267898
аккредитова;1.6780849715267898
своих;0.21153219590473216
штрих;2.7784872368064772
банк»;1.6780849715267898
зампре;1.6780849715267898
беларусь;1.6780849715267898
обеспечения;1.6780849715267898
вложить;1.6780849715267898
дальневосточникам;2.5265757935824653
agxpweqqty;1.6780849715267898
molodost;0.5791386815195699
точно;-0.2688275164029539
простым;1.6780849715267898
картой;0.5791386815195699
rekpvmc4nu;1.6780849715267898
разместил;2.5265757935824653
pro100card;1.6780849715267898
сети;3.14740711716367
считается;1.6780849715267898
поддержит;2.7784872368064772
через;-0.7405180779293583
действия;0.5791386815195699
счету»;2.189506898232334
исключает;0.5791386815195699
развивать;1.6780849715267898
достаточным;2.189506898232334
картами;1.6780849715267898
самостоятельной;1.6780849715267898
vilnezheettya;0.5791386815195699
моста;2.5265757935824653
seliger;1.6780849715267898
htsbjdnmd9;1.6780849715267898
представил;2.189506898232334
93rwkfcep0;1.6780849715267898
vcrg2bffsn;1.6780849715267898
apple;1.6780849715267898
–;-1.1578035120615826
o5fihx5n3j;1.6780849715267898
собираюсь;0.5791386815195699
процентных;1.0905606082251142
проиндексировали;1.6780849715267898
провайдер;0.5791386815195699
слабовидящим;1.6780849715267898
npt1cabaql;1.6780849715267898
птицеводства;2.7784872368064772
kenyon;1.6780849715267898
цель;1.6780849715267898
tula;1.6780849715267898
префов;1.6780849715267898
доходах;0.5791386815195699
начал;2.7784872368064772
в;-0.48266677313371004
работу;-1.5780893214908391
российских;-1.5514338325818087
сразу;0.5796633056527215
vihahezamyku;1.6780849715267898
присутствие;2.979755303851506
кредитов;2.5304284012292912
fiwobofodem;1.6780849715267898
вы;0.06809668023951607
увеличивает;2.189506898232334
рейтинге;2.189506898232334
qkg27j19zh;1.6780849715267898
магазинах;1.6780849715267898
потянутся;1.6780849715267898
жильем;1.6780849715267898
портфель;1.6780849715267898
внешэкономбанк;-2.5376890238516734
стояла;1.6780849715267898
ну;-0.520476281029335
всё;0.5799259842503524
тц;1.6780849715267898
почте;0.5791386815195699
миллион;2.5265757935824653
решения;1.6780849715267898
kurilka;1.6780849715267898
между;1.6780849715267898
всём;2.189506898232334
проведут;2.189506898232334
пробился;1.6780849715267898
александр;2.189506898232334
альфа;0.659597537474465
повторять;1.6780849715267898
последнее;1.6780849715267898
выдали;1.6780849715267898
jdokyza343;1.6780849715267898
пожалуйста;0.06797894482030079
признан;0.9164697668759763
открытыми;2.189506898232334
поручительства;1.6780849715267898
иоффе;1.6780849715267898
стр;1.6780849715267898
северного;1.6780849715267898
x6p8efyysc;1.6780849715267898
35;2.189506898232334
полугодии;2.189506898232334
намерен;0.21153219590473216
премию;1.6780849715267898
реш;1.6780849715267898
зашла;2.189506898232334
сказали;0.5791386815195699
программу;3.14740711716367
spgnbshkey;1.6780849715267898
вероятно;1.0905606082251142
территории;2.189506898232334
лиц;-1.938862100228507
alex;1.6780849715267898
azf5nnfsz4;1.6780849715267898
27;1.6780849715267898
западный;1.6780849715267898
думаю;0.5791386815195699
последствий;1.6780849715267898
вологжанам;1.6780849715267898
помогают;1.6780849715267898
f7opp1ddca;1.6780849715267898
используют;1.0905606082251142
сберб;1.6780849715267898
воспользуются;2.5265757935824653
станет;0.5791386815195699
соглашайтесь;1.6780849715267898
тысяч;1.4276295035752453
ес;-1.781798817140259
stragnicw;0.5791386815195699
xs1fon0i7w;1.6780849715267898
наблюдательный;1.6780849715267898
долгих;1.6780849715267898
просто;-0.3774481426694108
кого;0.5791386815195699
мост;3.14740711716367
—;-0.15941907682002393
просты;1.6780849715267898
ilyanovo;1.6780849715267898
оренбургский;1.6780849715267898
франков;2.189506898232334
интересов;1.6780849715267898
завоевывать;1.6780849715267898
кредиты;0.42075838069820237
уютной…;1.6780849715267898
азс;1.6780849715267898
вошли;-1.6221026376188956
oa0hnn95sy;1.6780849715267898
отделениях;1.6780849715267898
uaooyyli3x;1.6780849715267898
время;0.06797894482030079
ином;1.6780849715267898
kondrashov;1.6780849715267898
адекватные;1.6780849715267898
клиентских;1.6780849715267898
2todg39gol;1.6780849715267898
вологде;1.6780849715267898
парились;1.6780849715267898
рф;-1.0793707618013832
увеличил;2.7784872368064772
должнику;3.14740711716367
кредиту;1.4276295035752453
оставляет;1.6780849715267898
внешпромбанк;2.189506898232334
времени;1.6780849715267898
qthuxekrpz;1.6780849715267898
tnrnrxcbux;1.6780849715267898
«россельхозбанк»;0.8915396507646454
необходимыми;1.6780849715267898
первый;-0.2688275164029539
рельефные;1.6780849715267898
случае;1.0905606082251142
онл;2.7784872368064772
wliiqar8lj;1.6780849715267898
предоставлять;0.06797894482030079
расскажут;1.6780849715267898
позволяет;0.5791386815195699
стороне;1.6780849715267898
офисов;1.6780849715267898
«россельхозбанком»;1.6780849715267898
нсо;1.6780849715267898
выпущенные;1.6780849715267898
yumoiseev40;1.6780849715267898
работе;1.6780849715267898
пунктов;1.6780849715267898
располагает;2.189506898232334
остаться;1.6780849715267898
информирование;2.189506898232334
признал;4.20057642353194
купино;1.6780849715267898
сентября;1.6780849715267898
платежной;2.5265757935824653
венская;1.6780849715267898
другие;-1.0323055850401712
ипотечный;2.5265757935824653
самый;2.189506898232334
shuster;1.6780849715267898
peddsecraiticri;1.6780849715267898
xd;1.6780849715267898
риа;-0.2688275164029539
выгодные;1.6780849715267898
про100;1.6780849715267898
чистую;0.5791386815195699
сбером;0.5791386815195699
ста;2.189506898232334
7axoczke0t;1.6780849715267898
ж;1.6780849715267898
запустили;1.6780849715267898
введения;0.06797894482030079
сохранит;1.6780849715267898
устойчивость;3.8824887600751117
пополнить;1.6780849715267898
своего;0.5791386815195699
выросли;1.6780849715267898
грузия;1.6780849715267898
бан;1.0905606082251142
олимпиады;1.6780849715267898
услуги;2.979755303851506
вот;-0.7579421166515762
обслуживания;1.6780849715267898
r;2.979755303851506
провед;1.6780849715267898
возьмите;1.6780849715267898
тусэ;1.6780849715267898
ипотечных;3.291106046946574
волжская;1.6780849715267898
вопреки;1.6780849715267898
средств;0.5791386815195699
платежную;1.6780849715267898
не;-0.24075424459485137
по;0.42375360846962135
потом;-0.009054354323790625
100;-0.3774481426694108
наращивает;1.6780849715267898
канал;1.6780849715267898
итогам;1.6780849715267898
то;-1.8237800445754653
референдума;1.6780849715267898
положил;1.6780849715267898
всей;0.5791386815195699
видит;0.5791386815195699
список;-3.8132248033635827
дополнительный;1.4276295035752453
той;0.5791386815195699
kenusozuxac;1.6780849715267898
офис;1.0328428159217626
города;0.8315747488767333
пользоваться;0.06797894482030079
news;-0.15941907682002393
переживет;0.5791386815195699
внимание;0.5791386815195699
рублях;1.6780849715267898
торгово;1.6780849715267898
разместит;1.6780849715267898
ugx7reuidf;1.6780849715267898
расслабиться;1.6780849715267898
велосипедов;1.6780849715267898
кредитования;3.14740711716367
специальные;1.6780849715267898
бери;1.6780849715267898
cdj5p40x7g;1.6780849715267898
30;-1.5448062510738567
формата;1.6780849715267898
kgzmniobe3;1.6780849715267898
филиалы;0.06797894482030079
проблемы;0.06797894482030079
обрушили;1.6780849715267898
выдавал;1.6780849715267898
вас;-0.04037924731927963
владимире;1.6780849715267898
раскрыть»;1.6780849715267898
победил;2.189506898232334
евросоюза;-1.8813212020087613
51zcefxqj2;1.6780849715267898
выдуманные;1.6780849715267898
стало;-0.2688275164029539
заключили;1.6780849715267898
любимый;1.6780849715267898
купить;0.5791386815195699
заявку;1.6780849715267898
других;1.6780849715267898
отдела;1.6780849715267898
n;1.6780849715267898
тебе;1.6780849715267898
корпоративные;1.6780849715267898
«sms;2.189506898232334
почти;-1.1578035120615826
кредит;1.5782596371230848
…;-0.7405180779293583
удовольствием;1.6780849715267898
проще;0.5791386815195699
25;1.369649277145017
пользователей;2.189506898232334
экономики;0.5796633056527215
условия;2.5265757935824653
h43uhz0gow;1.6780849715267898
платежа;1.6780849715267898
обновленная;1.6780849715267898
обещает;1.6780849715267898
qupuwynojar;1.6780849715267898
alfabankby;0.5791386815195699
«россети»;1.6780849715267898
уралсиб»;1.6780849715267898
jcrroasgla;1.6780849715267898
банка;-1.6207759113111
ипотека;1.0905606082251142
банкомата;0.5791386815195699
помогает;1.6780849715267898
давайзачитаемдругдруга;1.6780849715267898
июля;-1.1433510331667913
наибольшие;1.6780849715267898
кредитных;2.189506898232334
акционерного;1.6780849715267898
про;-0.520476281029335
система;0.5791386815195699
реа;1.6780849715267898
январе;1.6780849715267898
предоставил;2.5265757935824653
лицам;1.6780849715267898
myhlikmariya;1.6780849715267898
сферы;1.6780849715267898
подать;2.189506898232334
выданных;1.6780849715267898
поддержкой;0.5791386815195699
город;1.6780849715267898
осуществлять;1.6780849715267898
открыл;2.5265757935824653
втб;-1.9891549846761307
возвращать;0.5791386815195699
безналичную;1.6780849715267898
увеличит;2.189506898232334
амурских;0.5791386815195699
люди;1.6780849715267898
одной;0.5791386815195699
главные;1.6780849715267898
ребят;1.6780849715267898
оплату;-1.0323055850401712
переоценке;1.6780849715267898
bank;-1.4804199285169224
негативно;2.189506898232334
сборной;1.6780849715267898
трех;-0.05740124678189529
все;-0.1846617216733885
конкурса;2.5265757935824653
qqiisqrrap;1.6780849715267898
пользуется;0.5791386815195699
долгосрочными;2.7784872368064772
экскурсию;1.6780849715267898
нравятся;1.6780849715267898
вэб;-1.7912095740870546
надо;-0.7214814246551385
мир;0.06797894482030079
ru;-1.74751387797176
менеджеров;1.6780849715267898
вологодского;1.6780849715267898
d58zs1guo0;1.6780849715267898
свое;1.6780849715267898
выросла;1.6780849715267898
финансового;0.5791386815195699
tracyernst4;1.6780849715267898
введённых;2.5265757935824653
сообщили;-0.5208836583346268
полгода;0.06797894482030079
корпоративным;1.0905606082251142
нашими;2.189506898232334
сожалением;1.8808090138442863
кладите;1.6780849715267898
интернет;1.1927978624997877
из;-2.6558555892690143
второй;0.06797894482030079
чебоксарах;1.6780849715267898
мск;0.5791386815195699
райффайзенбанка;2.189506898232334
поисков;1.6780849715267898
ce1ejuxhlt;1.6780849715267898

C;0.7511805995958073
