<?xml version="1.0" encoding="utf-8"?>
<!--
- phpMyAdmin XML Dump
- version 4.0.4.1
- http://www.phpmyadmin.net
-
- Хост: localhost
- Время создания: Окт 28 2014 г., 09:04
- Версия сервера: 5.6.12
- Версия PHP: 5.5.3
-->

<pma_xml_export version="1.0" xmlns:pma="http://www.phpmyadmin.net/some_doc_url/">
    <!--
    - Structure schemas
    -->
    <pma:structure_schemas>
        <pma:database name="Romip" collation="utf8_general_ci" charset="utf8">
            <pma:table name="bank">
                CREATE TABLE `bank` (
                  `id` int(11) NOT NULL AUTO_INCREMENT,
                  `twitid` bigint(32) NOT NULL DEFAULT '0',
                  `date` varchar(128) DEFAULT NULL,
                  `name` varchar(128) DEFAULT NULL,
                  `text` varchar(256) DEFAULT NULL,
                  `sberbank` int(11) DEFAULT NULL,
                  `vtb` int(11) DEFAULT NULL,
                  `gazprom` int(11) DEFAULT NULL,
                  `alfabank` int(11) DEFAULT NULL,
                  `bankmoskvy` int(11) DEFAULT NULL,
                  `raiffeisen` int(11) DEFAULT NULL,
                  `uralsib` int(11) DEFAULT NULL,
                  `rshb` int(11) DEFAULT NULL,
                  PRIMARY KEY (`id`),
                  UNIQUE KEY `id` (`twitid`)
                ) ENGINE=InnoDB AUTO_INCREMENT=7924 DEFAULT CHARSET=utf8;
            </pma:table>
        </pma:database>
    </pma:structure_schemas>

    <!--
    - База данных: 'Romip'
    -->
    <database name="Romip">
        <!-- Таблица bank -->
        <table name="bank">
            <column name="id">4301</column>
            <column name="twitid">498467337935530000</column>
            <column name="date">1407678849</column>
            <column name="name">qonadiqulyfo</column>
            <column name="text">RT @ridonTel: альфа банк магнитогорск потребительский кредит http://t.co/wioWwiuhG2</column>
            <column name="sberbank">NULL</column>
            <column name="vtb">NULL</column>
            <column name="gazprom">NULL</column>
            <column name="alfabank">0</column>
            <column name="bankmoskvy">NULL</column>
            <column name="raiffeisen">NULL</column>
            <column name="uralsib">NULL</column>
            <column name="rshb">NULL</column>
        </table>
        <table name="bank">
            <column name="id">4302</column>
            <column name="twitid">498480531185480000</column>
            <column name="date">1407681994</column>
            <column name="name">azzafabo</column>
            <column name="text">За 7 месяцев текущего года Сбербанк заработал 222, 1 млрд рублей</column>
            <column name="sberbank">0</column>
            <column name="vtb">NULL</column>
            <column name="gazprom">NULL</column>
            <column name="alfabank">NULL</column>
            <column name="bankmoskvy">NULL</column>
            <column name="raiffeisen">NULL</column>
            <column name="uralsib">NULL</column>
            <column name="rshb">NULL</column>
        </table>
        <table name="bank">
            <column name="id">4303</column>
            <column name="twitid">498491442961350000</column>
            <column name="date">1407684596</column>
            <column name="name">vukupyzewila</column>
            <column name="text">RT @fiwobofodem: Внешпромбанк и Сбербанк проведут выплаты вкладчикам Ауэрбанка и Юникорбанка</column>
            <column name="sberbank">1</column>
            <column name="vtb">NULL</column>
            <column name="gazprom">NULL</column>
            <column name="alfabank">NULL</column>
            <column name="bankmoskvy">NULL</column>
            <column name="raiffeisen">NULL</column>
            <column name="uralsib">NULL</column>
            <column name="rshb">NULL</column>
        </table>
        <table name="bank">
            <column name="id">4304</column>
            <column name="twitid">498497571636390000</column>
            <column name="date">1407686057</column>
            <column name="name">walegodew</column>
            <column name="text">Россельхозбанк кредитование малого бизнеса http://t.co/xtwdprumxL</column>
            <column name="sberbank">NULL</column>
            <column name="vtb">NULL</column>
            <column name="gazprom">NULL</column>
            <column name="alfabank">NULL</column>
            <column name="bankmoskvy">NULL</column>
            <column name="raiffeisen">NULL</column>
            <column name="uralsib">NULL</column>
            <column name="rshb">0</column>
        </table>
        <table name="bank">
            <column name="id">4305</column>
            <column name="twitid">498497853006700000</column>
            <column name="date">1407686124</column>
            <column name="name">yqapelok</column>
            <column name="text">образец заполнения заявление-анкета для получения ипотеки в газпромбанке http://t.co/Y5A1ATYbHm #ипотеки #заявление-анкета</column>
            <column name="sberbank">NULL</column>
            <column name="vtb">NULL</column>
            <column name="gazprom">0</column>
            <column name="alfabank">NULL</column>
            <column name="bankmoskvy">NULL</column>
            <column name="raiffeisen">NULL</column>
            <column name="uralsib">NULL</column>
            <column name="rshb">NULL</column>
        </table>
        <table name="bank">
            <column name="id">4306</column>
            <column name="twitid">498500021164050000</column>
            <column name="date">1407686641</column>
            <column name="name">flagupimper1971</column>
            <column name="text">Банк Москвы, вошедший в санкционный список правительства США, решил сделать каждому сотруднику в рамках зарплатного проекта по карте россий</column>
            <column name="sberbank">NULL</column>
            <column name="vtb">NULL</column>
            <column name="gazprom">NULL</column>
            <column name="alfabank">NULL</column>
            <column name="bankmoskvy">+-</column>
            <column name="raiffeisen">NULL</column>
            <column name="uralsib">NULL</column>
            <column name="rshb">NULL</column>
        </table>
        <table name="bank">
            <column name="id">4307</column>
            <column name="twitid">498501653033920000</column>
            <column name="date">1407687030</column>
            <column name="name">gigoatx12</column>
            <column name="text">RT @zirycalab: Сбербанк в ночь на 11 августа приостановит работу банкоматов</column>
            <column name="sberbank">-1</column>
            <column name="vtb">NULL</column>
            <column name="gazprom">NULL</column>
            <column name="alfabank">NULL</column>
            <column name="bankmoskvy">NULL</column>
            <column name="raiffeisen">NULL</column>
            <column name="uralsib">NULL</column>
            <column name="rshb">NULL</column>
        </table>
        <table name="bank">
            <column name="id">4308</column>
            <column name="twitid">498502650846270000</column>
            <column name="date">1407687268</column>
            <column name="name">antionettenccli</column>
            <column name="text">Банковские кредиты банковские кредиты банк москвы http://t.co/Afqo3owkPk</column>
            <column name="sberbank">NULL</column>
            <column name="vtb">NULL</column>
            <column name="gazprom">NULL</column>
            <column name="alfabank">NULL</column>
            <column name="bankmoskvy">0</column>
            <column name="raiffeisen">NULL</column>
            <column name="uralsib">NULL</column>
            <column name="rshb">NULL</column>
        </table>
        <table name="bank">
            <column name="id">4309</column>
            <column name="twitid">498504311673220000</column>
            <column name="date">1407687664</column>
            <column name="name">lorileevmatney</column>
            <column name="text">Калькулятор кредита сбербанк ипотека http://t.co/UdBR304K9W</column>
            <column name="sberbank">0</column>
            <column name="vtb">NULL</column>
            <column name="gazprom">NULL</column>
            <column name="alfabank">NULL</column>
            <column name="bankmoskvy">NULL</column>
            <column name="raiffeisen">NULL</column>
            <column name="uralsib">NULL</column>
            <column name="rshb">NULL</column>
        </table>
        <table name="bank">
            <column name="id">4310</column>
            <column name="twitid">498505756069880000</column>
            <column name="date">1407688008</column>
            <column name="name">xyseqyfy</column>
            <column name="text">Потребительский кредит сбербанк воронеж http://t.co/oY6dHIjW1c</column>
            <column name="sberbank">0</column>
            <column name="vtb">NULL</column>
            <column name="gazprom">NULL</column>
            <column name="alfabank">NULL</column>
            <column name="bankmoskvy">NULL</column>
            <column name="raiffeisen">NULL</column>
            <column name="uralsib">NULL</column>
            <column name="rshb">NULL</column>
        </table>
        <table name="bank">
            <column name="id">4311</column>
            <column name="twitid">498506345331840000</column>
            <column name="date">1407688149</column>
            <column name="name">smoot2128</column>
            <column name="text">авто кредит сбер банка http://t.co/HTW87Bcz0F</column>
            <column name="sberbank">0</column>
            <column name="vtb">NULL</column>
            <column name="gazprom">NULL</column>
            <column name="alfabank">NULL</column>
            <column name="bankmoskvy">NULL</column>
            <column name="raiffeisen">NULL</column>
            <column name="uralsib">NULL</column>
            <column name="rshb">NULL</column>
        </table>
        <table name="bank">
            <column name="id">4312</column>
            <column name="twitid">498506533479940000</column>
            <column name="date">1407688194</column>
            <column name="name">vergoin</column>
            <column name="text">А почему для Android Сбербанк Онлайн такой кастрированный?</column>
            <column name="sberbank">-1</column>
            <column name="vtb">NULL</column>
            <column name="gazprom">NULL</column>
            <column name="alfabank">NULL</column>
            <column name="bankmoskvy">NULL</column>
            <column name="raiffeisen">NULL</column>
            <column name="uralsib">NULL</column>
            <column name="rshb">NULL</column>
        </table>
        <table name="bank">
            <column name="id">4313</column>
            <column name="twitid">498507329365880000</column>
            <column name="date">1407688383</column>
            <column name="name">Mr_Benomen</column>
            <column name="text">Дождь нам не помеха, когда #Сбербанк устроил на #машук2014 место, где можно смотреть фильмы в уютной… http://t.co/44aVfQvlFE</column>
            <column name="sberbank">1</column>
            <column name="vtb">NULL</column>
            <column name="gazprom">NULL</column>
            <column name="alfabank">NULL</column>
            <column name="bankmoskvy">NULL</column>
            <column name="raiffeisen">NULL</column>
            <column name="uralsib">NULL</column>
            <column name="rshb">NULL</column>
        </table>
        <table name="bank">
            <column name="id">4314</column>
            <column name="twitid">498507889678750000</column>
            <column name="date">1407688517</column>
            <column name="name">ralypijemapa</column>
            <column name="text">RT @kivasaqututo: как в сбербанк бизнес онлайн распечатать выписку http://t.co/OJK42fNlTm</column>
            <column name="sberbank">0</column>
            <column name="vtb">NULL</column>
            <column name="gazprom">NULL</column>
            <column name="alfabank">NULL</column>
            <column name="bankmoskvy">NULL</column>
            <column name="raiffeisen">NULL</column>
            <column name="uralsib">NULL</column>
            <column name="rshb">NULL</column>
        </table>
        <table name="bank">
            <column name="id">4315</column>
            <column name="twitid">498516228277670000</column>
            <column name="date">1407690505</column>
            <column name="name">zavo1skaya2112</column>
            <column name="text">Автомобили кредит сбербанк россии http://t.co/hEf5BNSRTv</column>
            <column name="sberbank">0</column>
            <column name="vtb">NULL</column>
            <column name="gazprom">NULL</column>
            <column name="alfabank">NULL</column>
            <column name="bankmoskvy">NULL</column>
            <column name="raiffeisen">NULL</column>
            <column name="uralsib">NULL</column>
            <column name="rshb">NULL</column>
        </table>
        <table name="bank">
            <column name="id">4316</column>
            <column name="twitid">498516315729310000</column>
            <column name="date">1407690526</column>
            <column name="name">dybiruqici</column>
            <column name="text">Кредитный отдел втб 24 в санкт петербурге http://t.co/59JA44FrPh</column>
            <column name="sberbank">NULL</column>
            <column name="vtb">0</column>
            <column name="gazprom">NULL</column>
            <column name="alfabank">NULL</column>
            <column name="bankmoskvy">NULL</column>
            <column name="raiffeisen">NULL</column>
            <column name="uralsib">NULL</column>
            <column name="rshb">NULL</column>
        </table>
        <table name="bank">
            <column name="id">4317</column>
            <column name="twitid">498516408356320000</column>
            <column name="date">1407690548</column>
            <column name="name">byjumuzekymo</column>
            <column name="text">RT @rocimubudap: банк москвы в г кемерово потребительский кредит процентная ставка http://t.co/ldxh4Eynrq</column>
            <column name="sberbank">NULL</column>
            <column name="vtb">NULL</column>
            <column name="gazprom">NULL</column>
            <column name="alfabank">NULL</column>
            <column name="bankmoskvy">0</column>
            <column name="raiffeisen">NULL</column>
            <column name="uralsib">NULL</column>
            <column name="rshb">NULL</column>
        </table>
        <table name="bank">
            <column name="id">4318</column>
            <column name="twitid">498518202272710000</column>
            <column name="date">1407690976</column>
            <column name="name">exa31sscha</column>
            <column name="text">Самара сбербанк кредиты кировское отделение http://t.co/FaKOIvRxm5</column>
            <column name="sberbank">0</column>
            <column name="vtb">NULL</column>
            <column name="gazprom">NULL</column>
            <column name="alfabank">NULL</column>
            <column name="bankmoskvy">NULL</column>
            <column name="raiffeisen">NULL</column>
            <column name="uralsib">NULL</column>
            <column name="rshb">NULL</column>
        </table>
        <table name="bank">
            <column name="id">4319</column>
            <column name="twitid">498518244853320000</column>
            <column name="date">1407690986</column>
            <column name="name">pldavig</column>
            <column name="text">Потребительский кредит в новосибирске сбербанк http://t.co/TBB5e68EwO</column>
            <column name="sberbank">0</column>
            <column name="vtb">NULL</column>
            <column name="gazprom">NULL</column>
            <column name="alfabank">NULL</column>
            <column name="bankmoskvy">NULL</column>
            <column name="raiffeisen">NULL</column>
            <column name="uralsib">NULL</column>
            <column name="rshb">NULL</column>
        </table>
        <table name="bank">
            <column name="id">4320</column>
            <column name="twitid">498519871362450000</column>
            <column name="date">1407691374</column>
            <column name="name">ackraj590</column>
            <column name="text">Банк уралсиб авто кредит москва http://t.co/y3nVGslxzS</column>
            <column name="sberbank">NULL</column>
            <column name="vtb">NULL</column>
            <column name="gazprom">NULL</column>
            <column name="alfabank">NULL</column>
            <column name="bankmoskvy">NULL</column>
            <column name="raiffeisen">NULL</column>
            <column name="uralsib">0</column>
            <column name="rshb">NULL</column>
        </table>
        <table name="bank">
            <column name="id">4321</column>
            <column name="twitid">498521292245850000</column>
            <column name="date">1407691712</column>
            <column name="name">kalaxazyw</column>
            <column name="text">Кредиты наличными в санкт петербурге альфа банк http://t.co/E8F2rCsIro</column>
            <column name="sberbank">NULL</column>
            <column name="vtb">NULL</column>
            <column name="gazprom">NULL</column>
            <column name="alfabank">0</column>
            <column name="bankmoskvy">NULL</column>
            <column name="raiffeisen">NULL</column>
            <column name="uralsib">NULL</column>
            <column name="rshb">NULL</column>
        </table>
        <table name="bank">
            <column name="id">4322</column>
            <column name="twitid">498525379259550000</column>
            <column name="date">1407692687</column>
            <column name="name">gudetyhy</column>
            <column name="text">Банк уралсиб потребительские кредиты в спб http://t.co/OjD2erQa2z</column>
            <column name="sberbank">NULL</column>
            <column name="vtb">NULL</column>
            <column name="gazprom">NULL</column>
            <column name="alfabank">NULL</column>
            <column name="bankmoskvy">NULL</column>
            <column name="raiffeisen">NULL</column>
            <column name="uralsib">0</column>
            <column name="rshb">NULL</column>
        </table>
        <table name="bank">
            <column name="id">4323</column>
            <column name="twitid">498526979856300000</column>
            <column name="date">1407693068</column>
            <column name="name">garrettnkhaudry</column>
            <column name="text">Кредит уралсиб банк г ижевск http://t.co/FierXnNatc</column>
            <column name="sberbank">NULL</column>
            <column name="vtb">NULL</column>
            <column name="gazprom">NULL</column>
            <column name="alfabank">NULL</column>
            <column name="bankmoskvy">NULL</column>
            <column name="raiffeisen">NULL</column>
            <column name="uralsib">0</column>
            <column name="rshb">NULL</column>
        </table>
        <table name="bank">
            <column name="id">4324</column>
            <column name="twitid">498533417290830000</column>
            <column name="date">1407694603</column>
            <column name="name">wcbodimyn8</column>
            <column name="text">Потребительский кредит сбербанк россии пензенской области http://t.co/fWyNI1dqtA</column>
            <column name="sberbank">0</column>
            <column name="vtb">NULL</column>
            <column name="gazprom">NULL</column>
            <column name="alfabank">NULL</column>
            <column name="bankmoskvy">NULL</column>
            <column name="raiffeisen">NULL</column>
            <column name="uralsib">NULL</column>
            <column name="rshb">NULL</column>
        </table>
        <table name="bank">
            <column name="id">4325</column>
            <column name="twitid">498537308577370000</column>
            <column name="date">1407695531</column>
            <column name="name">cygidopydyfi</column>
            <column name="text">RT @StaceyParenteau: Оплатить визу в США через ВТБ 24 теперь нельзя</column>
            <column name="sberbank">NULL</column>
            <column name="vtb">-1</column>
            <column name="gazprom">NULL</column>
            <column name="alfabank">NULL</column>
            <column name="bankmoskvy">NULL</column>
            <column name="raiffeisen">NULL</column>
            <column name="uralsib">NULL</column>
            <column name="rshb">NULL</column>
        </table>
        <table name="bank">
            <column name="id">4326</column>
            <column name="twitid">498543544454640000</column>
            <column name="date">1407697018</column>
            <column name="name">uflawee0ak</column>
            <column name="text">Кредит сбербанк россии для юридических лиц http://t.co/8Mebh1KKe6</column>
            <column name="sberbank">0</column>
            <column name="vtb">NULL</column>
            <column name="gazprom">NULL</column>
            <column name="alfabank">NULL</column>
            <column name="bankmoskvy">NULL</column>
            <column name="raiffeisen">NULL</column>
            <column name="uralsib">NULL</column>
            <column name="rshb">NULL</column>
        </table>
        <table name="bank">
            <column name="id">4327</column>
            <column name="twitid">498547058681600000</column>
            <column name="date">1407697856</column>
            <column name="name">xecynasa</column>
            <column name="text">Казань сбербанк кредитный отдел http://t.co/piutL9pmzS</column>
            <column name="sberbank">0</column>
            <column name="vtb">NULL</column>
            <column name="gazprom">NULL</column>
            <column name="alfabank">NULL</column>
            <column name="bankmoskvy">NULL</column>
            <column name="raiffeisen">NULL</column>
            <column name="uralsib">NULL</column>
            <column name="rshb">NULL</column>
        </table>
        <table name="bank">
            <column name="id">4328</column>
            <column name="twitid">498547058840970000</column>
            <column name="date">1407697856</column>
            <column name="name">arieluxrheaume</column>
            <column name="text">Банк москвы просит кредит у вэб http://t.co/2QOyoF9sVu</column>
            <column name="sberbank">NULL</column>
            <column name="vtb">NULL</column>
            <column name="gazprom">NULL</column>
            <column name="alfabank">NULL</column>
            <column name="bankmoskvy">-1</column>
            <column name="raiffeisen">NULL</column>
            <column name="uralsib">NULL</column>
            <column name="rshb">NULL</column>
        </table>
        <table name="bank">
            <column name="id">4329</column>
            <column name="twitid">498555679360050000</column>
            <column name="date">1407699911</column>
            <column name="name">signy_cobley</column>
            <column name="text">RT @IansonHerberto: http://t.co/OC8dS4jTZR Банк Москвы решил продать белорусскую «дочку»</column>
            <column name="sberbank">NULL</column>
            <column name="vtb">NULL</column>
            <column name="gazprom">NULL</column>
            <column name="alfabank">NULL</column>
            <column name="bankmoskvy">0</column>
            <column name="raiffeisen">NULL</column>
            <column name="uralsib">NULL</column>
            <column name="rshb">NULL</column>
        </table>
        <table name="bank">
            <column name="id">4330</column>
            <column name="twitid">498556452580390000</column>
            <column name="date">1407700095</column>
            <column name="name">RVavilov38</column>
            <column name="text">Объем вкладов в Марийском филиале Россельхозбанка  составил 3,5 млрд рублей..   По состоянию на 1 августа 2014 года объем вкладов физически</column>
            <column name="sberbank">NULL</column>
            <column name="vtb">NULL</column>
            <column name="gazprom">NULL</column>
            <column name="alfabank">NULL</column>
            <column name="bankmoskvy">NULL</column>
            <column name="raiffeisen">NULL</column>
            <column name="uralsib">NULL</column>
            <column name="rshb">0</column>
        </table>
        <table name="bank">
            <column name="id">4331</column>
            <column name="twitid">498557083303030000</column>
            <column name="date">1407700246</column>
            <column name="name">kiqytividu</column>
            <column name="text">Кредит под залог земельного участка сбербанк http://t.co/7EbQcewTOc</column>
            <column name="sberbank">0</column>
            <column name="vtb">NULL</column>
            <column name="gazprom">NULL</column>
            <column name="alfabank">NULL</column>
            <column name="bankmoskvy">NULL</column>
            <column name="raiffeisen">NULL</column>
            <column name="uralsib">NULL</column>
            <column name="rshb">NULL</column>
        </table>
        <table name="bank">
            <column name="id">4332</column>
            <column name="twitid">498557124163950000</column>
            <column name="date">1407700255</column>
            <column name="name">laineobatson</column>
            <column name="text">Казань сбербанк ипотечный кредит http://t.co/QkuhmiwFpM</column>
            <column name="sberbank">0</column>
            <column name="vtb">NULL</column>
            <column name="gazprom">NULL</column>
            <column name="alfabank">NULL</column>
            <column name="bankmoskvy">NULL</column>
            <column name="raiffeisen">NULL</column>
            <column name="uralsib">NULL</column>
            <column name="rshb">NULL</column>
        </table>
        <table name="bank">
            <column name="id">4333</column>
            <column name="twitid">498558489774790000</column>
            <column name="date">1407700581</column>
            <column name="name">shaneutwchavis</column>
            <column name="text">Расчеты по кредитам газпромбанк http://t.co/DdgTjgl4dz</column>
            <column name="sberbank">NULL</column>
            <column name="vtb">NULL</column>
            <column name="gazprom">0</column>
            <column name="alfabank">NULL</column>
            <column name="bankmoskvy">NULL</column>
            <column name="raiffeisen">NULL</column>
            <column name="uralsib">NULL</column>
            <column name="rshb">NULL</column>
        </table>
        <table name="bank">
            <column name="id">4334</column>
            <column name="twitid">498558578773720000</column>
            <column name="date">1407700602</column>
            <column name="name">wcbodimyn8</column>
            <column name="text">Кредиты альфа банка днепропетровске http://t.co/3fZNYDpSWB</column>
            <column name="sberbank">NULL</column>
            <column name="vtb">NULL</column>
            <column name="gazprom">NULL</column>
            <column name="alfabank">0</column>
            <column name="bankmoskvy">NULL</column>
            <column name="raiffeisen">NULL</column>
            <column name="uralsib">NULL</column>
            <column name="rshb">NULL</column>
        </table>
        <table name="bank">
            <column name="id">4335</column>
            <column name="twitid">498567256750960000</column>
            <column name="date">1407702671</column>
            <column name="name">LAndrianova48</column>
            <column name="text">Рязанский филиал ОАО «Россельхозбанк» и лично его директор Сергей Синякин поздравил строителей и ветеранов строительного комплекса с профес</column>
            <column name="sberbank">NULL</column>
            <column name="vtb">NULL</column>
            <column name="gazprom">NULL</column>
            <column name="alfabank">NULL</column>
            <column name="bankmoskvy">NULL</column>
            <column name="raiffeisen">NULL</column>
            <column name="uralsib">NULL</column>
            <column name="rshb">0</column>
        </table>
        <table name="bank">
            <column name="id">4336</column>
            <column name="twitid">498568799550200000</column>
            <column name="date">1407703039</column>
            <column name="name">Mary0ne</column>
            <column name="text">И вот, спустя год, я наконец-то выучила логин и пароль к сбербанк онлайн</column>
            <column name="sberbank">0</column>
            <column name="vtb">NULL</column>
            <column name="gazprom">NULL</column>
            <column name="alfabank">NULL</column>
            <column name="bankmoskvy">NULL</column>
            <column name="raiffeisen">NULL</column>
            <column name="uralsib">NULL</column>
            <column name="rshb">NULL</column>
        </table>
        <table name="bank">
            <column name="id">4337</column>
            <column name="twitid">498569660431100000</column>
            <column name="date">1407703244</column>
            <column name="name">ogishky</column>
            <column name="text">Потребительский кредит банк райффайзен http://t.co/4vRA7vmTqJ</column>
            <column name="sberbank">NULL</column>
            <column name="vtb">NULL</column>
            <column name="gazprom">NULL</column>
            <column name="alfabank">NULL</column>
            <column name="bankmoskvy">NULL</column>
            <column name="raiffeisen">0</column>
            <column name="uralsib">NULL</column>
            <column name="rshb">NULL</column>
        </table>
        <table name="bank">
            <column name="id">4338</column>
            <column name="twitid">498571166714720000</column>
            <column name="date">1407703603</column>
            <column name="name">oytescrmpq</column>
            <column name="text">Кредит по карте альфа банка http://t.co/1ccdMTCTri</column>
            <column name="sberbank">NULL</column>
            <column name="vtb">NULL</column>
            <column name="gazprom">NULL</column>
            <column name="alfabank">0</column>
            <column name="bankmoskvy">NULL</column>
            <column name="raiffeisen">NULL</column>
            <column name="uralsib">NULL</column>
            <column name="rshb">NULL</column>
        </table>
        <table name="bank">
            <column name="id">4339</column>
            <column name="twitid">498574757814860000</column>
            <column name="date">1407704459</column>
            <column name="name">antonettajvhabo</column>
            <column name="text">Курск кредит на жилье сбербанк http://t.co/cygoBpVkmY</column>
            <column name="sberbank">0</column>
            <column name="vtb">NULL</column>
            <column name="gazprom">NULL</column>
            <column name="alfabank">NULL</column>
            <column name="bankmoskvy">NULL</column>
            <column name="raiffeisen">NULL</column>
            <column name="uralsib">NULL</column>
            <column name="rshb">NULL</column>
        </table>
        <table name="bank">
            <column name="id">4340</column>
            <column name="twitid">498576508684750000</column>
            <column name="date">1407704877</column>
            <column name="name">Disradionovosti</column>
            <column name="text">RT @artsudarikov: На телеканале Россия рекламируют «Россельхозбанк», который помогает амурским тиграм. Кто бы ему помог после санкций.. htt…</column>
            <column name="sberbank">NULL</column>
            <column name="vtb">NULL</column>
            <column name="gazprom">NULL</column>
            <column name="alfabank">NULL</column>
            <column name="bankmoskvy">NULL</column>
            <column name="raiffeisen">NULL</column>
            <column name="uralsib">NULL</column>
            <column name="rshb">+-</column>
        </table>
        <table name="bank">
            <column name="id">4341</column>
            <column name="twitid">498576854614570000</column>
            <column name="date">1407704959</column>
            <column name="name">qotymuturis</column>
            <column name="text">RT @juryxozyboc: банк втб 24 кредиты в екатеринбурге http://t.co/w7cTpq7bEq</column>
            <column name="sberbank">NULL</column>
            <column name="vtb">0</column>
            <column name="gazprom">NULL</column>
            <column name="alfabank">NULL</column>
            <column name="bankmoskvy">NULL</column>
            <column name="raiffeisen">NULL</column>
            <column name="uralsib">NULL</column>
            <column name="rshb">NULL</column>
        </table>
        <table name="bank">
            <column name="id">4342</column>
            <column name="twitid">498579586578270000</column>
            <column name="date">1407705611</column>
            <column name="name">compprestafhea1</column>
            <column name="text">RT @DonaldG98895250: Сбербанк начал выпуск карт на базе российской платежной системы ПРО100</column>
            <column name="sberbank">0</column>
            <column name="vtb">NULL</column>
            <column name="gazprom">NULL</column>
            <column name="alfabank">NULL</column>
            <column name="bankmoskvy">NULL</column>
            <column name="raiffeisen">NULL</column>
            <column name="uralsib">NULL</column>
            <column name="rshb">NULL</column>
        </table>
        <table name="bank">
            <column name="id">4343</column>
            <column name="twitid">498580643358710000</column>
            <column name="date">1407705863</column>
            <column name="name">wirijojixef</column>
            <column name="text">RT @AdlarGuan: ВТБ 24 перестал принимать консульский сбор за визу США</column>
            <column name="sberbank">NULL</column>
            <column name="vtb">-1</column>
            <column name="gazprom">NULL</column>
            <column name="alfabank">NULL</column>
            <column name="bankmoskvy">NULL</column>
            <column name="raiffeisen">NULL</column>
            <column name="uralsib">NULL</column>
            <column name="rshb">NULL</column>
        </table>
        <table name="bank">
            <column name="id">4344</column>
            <column name="twitid">498581650369150000</column>
            <column name="date">1407706103</column>
            <column name="name">luzenavaw</column>
            <column name="text">Авто кредит сбер банка http://t.co/T75iPxyyq0</column>
            <column name="sberbank">0</column>
            <column name="vtb">NULL</column>
            <column name="gazprom">NULL</column>
            <column name="alfabank">NULL</column>
            <column name="bankmoskvy">NULL</column>
            <column name="raiffeisen">NULL</column>
            <column name="uralsib">NULL</column>
            <column name="rshb">NULL</column>
        </table>
        <table name="bank">
            <column name="id">4345</column>
            <column name="twitid">498581690936490000</column>
            <column name="date">1407706112</column>
            <column name="name">rakovskayas</column>
            <column name="text">Кредит в альфа банк санкт петербург http://t.co/8SqMkVtlVR</column>
            <column name="sberbank">NULL</column>
            <column name="vtb">NULL</column>
            <column name="gazprom">NULL</column>
            <column name="alfabank">0</column>
            <column name="bankmoskvy">NULL</column>
            <column name="raiffeisen">NULL</column>
            <column name="uralsib">NULL</column>
            <column name="rshb">NULL</column>
        </table>
        <table name="bank">
            <column name="id">4346</column>
            <column name="twitid">498581779725320000</column>
            <column name="date">1407706134</column>
            <column name="name">lexacom</column>
            <column name="text">Банк уралсиб красноярск http://t.co/WFnCGGegBC</column>
            <column name="sberbank">NULL</column>
            <column name="vtb">NULL</column>
            <column name="gazprom">NULL</column>
            <column name="alfabank">NULL</column>
            <column name="bankmoskvy">NULL</column>
            <column name="raiffeisen">NULL</column>
            <column name="uralsib">0</column>
            <column name="rshb">NULL</column>
        </table>
        <table name="bank">
            <column name="id">4347</column>
            <column name="twitid">498582626404270000</column>
            <column name="date">1407706336</column>
            <column name="name">castquedalti198</column>
            <column name="text">Россельхозбанк и Газпромбанк попросили поддержки у государства</column>
            <column name="sberbank">NULL</column>
            <column name="vtb">NULL</column>
            <column name="gazprom">-1</column>
            <column name="alfabank">NULL</column>
            <column name="bankmoskvy">NULL</column>
            <column name="raiffeisen">NULL</column>
            <column name="uralsib">NULL</column>
            <column name="rshb">-1</column>
        </table>
        <table name="bank">
            <column name="id">4348</column>
            <column name="twitid">498585226705400000</column>
            <column name="date">1407706955</column>
            <column name="name">kovuhasar</column>
            <column name="text">Кредит в оао россельхозбанк http://t.co/TjmzHsnedT</column>
            <column name="sberbank">NULL</column>
            <column name="vtb">NULL</column>
            <column name="gazprom">NULL</column>
            <column name="alfabank">NULL</column>
            <column name="bankmoskvy">NULL</column>
            <column name="raiffeisen">NULL</column>
            <column name="uralsib">NULL</column>
            <column name="rshb">0</column>
        </table>
        <table name="bank">
            <column name="id">4349</column>
            <column name="twitid">498585410956970000</column>
            <column name="date">1407706999</column>
            <column name="name">PiontkevichToni</column>
            <column name="text">RT @SHaritonova13: Сбербанк заявил о предстоящей приостановке своих электронных услуг, включая &quot;Сбербанк Онлайн&quot;, мобильный банк и &quot;Личный …</column>
            <column name="sberbank">-1</column>
            <column name="vtb">NULL</column>
            <column name="gazprom">NULL</column>
            <column name="alfabank">NULL</column>
            <column name="bankmoskvy">NULL</column>
            <column name="raiffeisen">NULL</column>
            <column name="uralsib">NULL</column>
            <column name="rshb">NULL</column>
        </table>
        <table name="bank">
            <column name="id">4350</column>
            <column name="twitid">498586834898010000</column>
            <column name="date">1407707339</column>
            <column name="name">laxorynaqeb</column>
            <column name="text">Автокредиты владикавказ банк втб http://t.co/B27qhHKfPH</column>
            <column name="sberbank">NULL</column>
            <column name="vtb">0</column>
            <column name="gazprom">NULL</column>
            <column name="alfabank">NULL</column>
            <column name="bankmoskvy">NULL</column>
            <column name="raiffeisen">NULL</column>
            <column name="uralsib">NULL</column>
            <column name="rshb">NULL</column>
        </table>
        <table name="bank">
            <column name="id">4351</column>
            <column name="twitid">498586834977720000</column>
            <column name="date">1407707339</column>
            <column name="name">claribelmpoirie</column>
            <column name="text">Потребительский кредит пермь втб 24 http://t.co/Gc5PSJ9T7E</column>
            <column name="sberbank">NULL</column>
            <column name="vtb">0</column>
            <column name="gazprom">NULL</column>
            <column name="alfabank">NULL</column>
            <column name="bankmoskvy">NULL</column>
            <column name="raiffeisen">NULL</column>
            <column name="uralsib">NULL</column>
            <column name="rshb">NULL</column>
        </table>
        <table name="bank">
            <column name="id">4352</column>
            <column name="twitid">498587360116750000</column>
            <column name="date">1407707464</column>
            <column name="name">myxomop3</column>
            <column name="text">Клиент сбербанк скачать программу: клиент сбербанк скачать программу http://t.co/6pnZA5pt4B</column>
            <column name="sberbank">0</column>
            <column name="vtb">NULL</column>
            <column name="gazprom">NULL</column>
            <column name="alfabank">NULL</column>
            <column name="bankmoskvy">NULL</column>
            <column name="raiffeisen">NULL</column>
            <column name="uralsib">NULL</column>
            <column name="rshb">NULL</column>
        </table>
        <table name="bank">
            <column name="id">4353</column>
            <column name="twitid">498587361672840000</column>
            <column name="date">1407707464</column>
            <column name="name">sparzicin</column>
            <column name="text">Клиент сбербанк скачать программу: клиент сбербанк скачать программу http://t.co/qctgH8Xulg</column>
            <column name="sberbank">0</column>
            <column name="vtb">NULL</column>
            <column name="gazprom">NULL</column>
            <column name="alfabank">NULL</column>
            <column name="bankmoskvy">NULL</column>
            <column name="raiffeisen">NULL</column>
            <column name="uralsib">NULL</column>
            <column name="rshb">NULL</column>
        </table>
        <table name="bank">
            <column name="id">4354</column>
            <column name="twitid">498587363098900000</column>
            <column name="date">1407707465</column>
            <column name="name">mixk1992</column>
            <column name="text">Клиент сбербанк скачать программу: клиент сбербанк скачать программу http://t.co/07PFAjL9Pr</column>
            <column name="sberbank">0</column>
            <column name="vtb">NULL</column>
            <column name="gazprom">NULL</column>
            <column name="alfabank">NULL</column>
            <column name="bankmoskvy">NULL</column>
            <column name="raiffeisen">NULL</column>
            <column name="uralsib">NULL</column>
            <column name="rshb">NULL</column>
        </table>
        <table name="bank">
            <column name="id">4355</column>
            <column name="twitid">498588246700340000</column>
            <column name="date">1407707676</column>
            <column name="name">tamygezehato</column>
            <column name="text">RT @tunefyxowuz: http://t.co/gBiPr0S8fj Банк Москвы решил продать белорусскую «дочку»</column>
            <column name="sberbank">NULL</column>
            <column name="vtb">NULL</column>
            <column name="gazprom">NULL</column>
            <column name="alfabank">NULL</column>
            <column name="bankmoskvy">0</column>
            <column name="raiffeisen">NULL</column>
            <column name="uralsib">NULL</column>
            <column name="rshb">NULL</column>
        </table>
        <table name="bank">
            <column name="id">4356</column>
            <column name="twitid">498589685787420000</column>
            <column name="date">1407708019</column>
            <column name="name">bygyxocuwo</column>
            <column name="text">Кредитные предложения банк москвы в омск http://t.co/Xnme6RbZN4</column>
            <column name="sberbank">NULL</column>
            <column name="vtb">NULL</column>
            <column name="gazprom">NULL</column>
            <column name="alfabank">NULL</column>
            <column name="bankmoskvy">0</column>
            <column name="raiffeisen">NULL</column>
            <column name="uralsib">NULL</column>
            <column name="rshb">NULL</column>
        </table>
        <table name="bank">
            <column name="id">4357</column>
            <column name="twitid">498591716010900000</column>
            <column name="date">1407708503</column>
            <column name="name">ocxhdockp</column>
            <column name="text">Оформить краткосрочный кредит оао банк москвы http://t.co/SqvwDROrHn</column>
            <column name="sberbank">NULL</column>
            <column name="vtb">NULL</column>
            <column name="gazprom">NULL</column>
            <column name="alfabank">NULL</column>
            <column name="bankmoskvy">0</column>
            <column name="raiffeisen">NULL</column>
            <column name="uralsib">NULL</column>
            <column name="rshb">NULL</column>
        </table>
        <table name="bank">
            <column name="id">4358</column>
            <column name="twitid">498591802505850000</column>
            <column name="date">1407708523</column>
            <column name="name">sherleytxocrum</column>
            <column name="text">Выдача кредита в газпром банке http://t.co/SYkwDYE7iD</column>
            <column name="sberbank">NULL</column>
            <column name="vtb">NULL</column>
            <column name="gazprom">0</column>
            <column name="alfabank">NULL</column>
            <column name="bankmoskvy">NULL</column>
            <column name="raiffeisen">NULL</column>
            <column name="uralsib">NULL</column>
            <column name="rshb">NULL</column>
        </table>
        <table name="bank">
            <column name="id">4359</column>
            <column name="twitid">498591897670410000</column>
            <column name="date">1407708546</column>
            <column name="name">waruryhe</column>
            <column name="text">Кредитная карта альфабанк как получить http://t.co/ou6J15nURG</column>
            <column name="sberbank">NULL</column>
            <column name="vtb">NULL</column>
            <column name="gazprom">NULL</column>
            <column name="alfabank">0</column>
            <column name="bankmoskvy">NULL</column>
            <column name="raiffeisen">NULL</column>
            <column name="uralsib">NULL</column>
            <column name="rshb">NULL</column>
        </table>
        <table name="bank">
            <column name="id">4360</column>
            <column name="twitid">498593772205530000</column>
            <column name="date">1407708993</column>
            <column name="name">shaneutwchavis</column>
            <column name="text">Оформление жилищного кредита в сбербанк http://t.co/biwBo5CCYI</column>
            <column name="sberbank">0</column>
            <column name="vtb">NULL</column>
            <column name="gazprom">NULL</column>
            <column name="alfabank">NULL</column>
            <column name="bankmoskvy">NULL</column>
            <column name="raiffeisen">NULL</column>
            <column name="uralsib">NULL</column>
            <column name="rshb">NULL</column>
        </table>
        <table name="bank">
            <column name="id">4361</column>
            <column name="twitid">498593772960480000</column>
            <column name="date">1407708993</column>
            <column name="name">mesicolacop</column>
            <column name="text">Техника кредит альфа банк http://t.co/UisP9Ubk7x</column>
            <column name="sberbank">NULL</column>
            <column name="vtb">NULL</column>
            <column name="gazprom">NULL</column>
            <column name="alfabank">0</column>
            <column name="bankmoskvy">NULL</column>
            <column name="raiffeisen">NULL</column>
            <column name="uralsib">NULL</column>
            <column name="rshb">NULL</column>
        </table>
        <table name="bank">
            <column name="id">4362</column>
            <column name="twitid">498593821643800000</column>
            <column name="date">1407709005</column>
            <column name="name">bigiceruqyj</column>
            <column name="text">Жилищный кредит сбербанк пенза http://t.co/RWntZmuRY9</column>
            <column name="sberbank">0</column>
            <column name="vtb">NULL</column>
            <column name="gazprom">NULL</column>
            <column name="alfabank">NULL</column>
            <column name="bankmoskvy">NULL</column>
            <column name="raiffeisen">NULL</column>
            <column name="uralsib">NULL</column>
            <column name="rshb">NULL</column>
        </table>
        <table name="bank">
            <column name="id">4363</column>
            <column name="twitid">498593861208650000</column>
            <column name="date">1407709014</column>
            <column name="name">atdeee5vsf</column>
            <column name="text">Ставки по кредитам сбер банка http://t.co/GN2dndXZwm</column>
            <column name="sberbank">0</column>
            <column name="vtb">NULL</column>
            <column name="gazprom">NULL</column>
            <column name="alfabank">NULL</column>
            <column name="bankmoskvy">NULL</column>
            <column name="raiffeisen">NULL</column>
            <column name="uralsib">NULL</column>
            <column name="rshb">NULL</column>
        </table>
        <table name="bank">
            <column name="id">4364</column>
            <column name="twitid">498597343076580000</column>
            <column name="date">1407709844</column>
            <column name="name">buluguqyjyg</column>
            <column name="text">Телефоны банков кредиты райфайзен http://t.co/0UlL3B0Oqv</column>
            <column name="sberbank">NULL</column>
            <column name="vtb">NULL</column>
            <column name="gazprom">NULL</column>
            <column name="alfabank">NULL</column>
            <column name="bankmoskvy">NULL</column>
            <column name="raiffeisen">0</column>
            <column name="uralsib">NULL</column>
            <column name="rshb">NULL</column>
        </table>
        <table name="bank">
            <column name="id">4365</column>
            <column name="twitid">498599206094110000</column>
            <column name="date">1407710288</column>
            <column name="name">PVorontzov48</column>
            <column name="text">Карты Сбербанка России станут временно не доступны. Клиенты Сбербанка России временно не смогут пользоваться карточками. Сбербанк приостано</column>
            <column name="sberbank">-1</column>
            <column name="vtb">NULL</column>
            <column name="gazprom">NULL</column>
            <column name="alfabank">NULL</column>
            <column name="bankmoskvy">NULL</column>
            <column name="raiffeisen">NULL</column>
            <column name="uralsib">NULL</column>
            <column name="rshb">NULL</column>
        </table>
        <table name="bank">
            <column name="id">4366</column>
            <column name="twitid">498599290760360000</column>
            <column name="date">1407710309</column>
            <column name="name">lidolave</column>
            <column name="text">Банк москвы кредитный специалист http://t.co/6E6oL692Y7</column>
            <column name="sberbank">NULL</column>
            <column name="vtb">NULL</column>
            <column name="gazprom">NULL</column>
            <column name="alfabank">NULL</column>
            <column name="bankmoskvy">0</column>
            <column name="raiffeisen">NULL</column>
            <column name="uralsib">NULL</column>
            <column name="rshb">NULL</column>
        </table>
        <table name="bank">
            <column name="id">4367</column>
            <column name="twitid">498599428555800000</column>
            <column name="date">1407710341</column>
            <column name="name">keithalzohare</column>
            <column name="text">Кредитный банк втб 24 в москве http://t.co/zUSiwqZUm4</column>
            <column name="sberbank">NULL</column>
            <column name="vtb">0</column>
            <column name="gazprom">NULL</column>
            <column name="alfabank">NULL</column>
            <column name="bankmoskvy">NULL</column>
            <column name="raiffeisen">NULL</column>
            <column name="uralsib">NULL</column>
            <column name="rshb">NULL</column>
        </table>
        <table name="bank">
            <column name="id">4368</column>
            <column name="twitid">498599780487280000</column>
            <column name="date">1407710425</column>
            <column name="name">goxxxlaa08</column>
            <column name="text">Потребительский кредит райфайзен банка http://t.co/kqCABPmg6a</column>
            <column name="sberbank">NULL</column>
            <column name="vtb">NULL</column>
            <column name="gazprom">NULL</column>
            <column name="alfabank">NULL</column>
            <column name="bankmoskvy">NULL</column>
            <column name="raiffeisen">0</column>
            <column name="uralsib">NULL</column>
            <column name="rshb">NULL</column>
        </table>
        <table name="bank">
            <column name="id">4369</column>
            <column name="twitid">498601380903680000</column>
            <column name="date">1407710807</column>
            <column name="name">kayleentktreadw</column>
            <column name="text">Ставки по кредитам сбербанк отделение 5940 http://t.co/2Fr6Thj8pR</column>
            <column name="sberbank">0</column>
            <column name="vtb">NULL</column>
            <column name="gazprom">NULL</column>
            <column name="alfabank">NULL</column>
            <column name="bankmoskvy">NULL</column>
            <column name="raiffeisen">NULL</column>
            <column name="uralsib">NULL</column>
            <column name="rshb">NULL</column>
        </table>
        <table name="bank">
            <column name="id">4370</column>
            <column name="twitid">498602801074040000</column>
            <column name="date">1407711146</column>
            <column name="name">haseqoci</column>
            <column name="text">Адрес центр автокредитования втб 24 http://t.co/b7cGcyEq8i</column>
            <column name="sberbank">NULL</column>
            <column name="vtb">0</column>
            <column name="gazprom">NULL</column>
            <column name="alfabank">NULL</column>
            <column name="bankmoskvy">NULL</column>
            <column name="raiffeisen">NULL</column>
            <column name="uralsib">NULL</column>
            <column name="rshb">NULL</column>
        </table>
        <table name="bank">
            <column name="id">4371</column>
            <column name="twitid">498602845076480000</column>
            <column name="date">1407711156</column>
            <column name="name">inyashev090397</column>
            <column name="text">Потребительский кредит сбербанк досрочное погашение http://t.co/wynH7Lb9no</column>
            <column name="sberbank">0</column>
            <column name="vtb">NULL</column>
            <column name="gazprom">NULL</column>
            <column name="alfabank">NULL</column>
            <column name="bankmoskvy">NULL</column>
            <column name="raiffeisen">NULL</column>
            <column name="uralsib">NULL</column>
            <column name="rshb">NULL</column>
        </table>
        <table name="bank">
            <column name="id">4372</column>
            <column name="twitid">498602892610510000</column>
            <column name="date">1407711167</column>
            <column name="name">xyhabakokob</column>
            <column name="text">Посчитать кредит северо западный сбербанк россии спб http://t.co/eJbYC0HW2S</column>
            <column name="sberbank">0</column>
            <column name="vtb">NULL</column>
            <column name="gazprom">NULL</column>
            <column name="alfabank">NULL</column>
            <column name="bankmoskvy">NULL</column>
            <column name="raiffeisen">NULL</column>
            <column name="uralsib">NULL</column>
            <column name="rshb">NULL</column>
        </table>
        <table name="bank">
            <column name="id">4373</column>
            <column name="twitid">498602936088670000</column>
            <column name="date">1407711178</column>
            <column name="name">calderahnelly</column>
            <column name="text">Потребительский кредит оао газпромбанка http://t.co/Y3RcSQxty2</column>
            <column name="sberbank">NULL</column>
            <column name="vtb">NULL</column>
            <column name="gazprom">0</column>
            <column name="alfabank">NULL</column>
            <column name="bankmoskvy">NULL</column>
            <column name="raiffeisen">NULL</column>
            <column name="uralsib">NULL</column>
            <column name="rshb">NULL</column>
        </table>
        <table name="bank">
            <column name="id">4374</column>
            <column name="twitid">498604547347320000</column>
            <column name="date">1407711562</column>
            <column name="name">Gordon01_G1</column>
            <column name="text">@blyatukov хз, сбер в санкционном списке, так что ожидать можно чего угодно, может и сами выстретили себе в ногу - утерли нос западу</column>
            <column name="sberbank">-1</column>
            <column name="vtb">NULL</column>
            <column name="gazprom">NULL</column>
            <column name="alfabank">NULL</column>
            <column name="bankmoskvy">NULL</column>
            <column name="raiffeisen">NULL</column>
            <column name="uralsib">NULL</column>
            <column name="rshb">NULL</column>
        </table>
        <table name="bank">
            <column name="id">4375</column>
            <column name="twitid">498606931292870000</column>
            <column name="date">1407712130</column>
            <column name="name">stinlopeci1980</column>
            <column name="text">Россельхозбанк и Газпромбанк, попавшие под западные санкции, попросили у государства о финансовой поддержке. Об этом сообщают «Ведомости» с</column>
            <column name="sberbank">NULL</column>
            <column name="vtb">NULL</column>
            <column name="gazprom">-1</column>
            <column name="alfabank">NULL</column>
            <column name="bankmoskvy">NULL</column>
            <column name="raiffeisen">NULL</column>
            <column name="uralsib">NULL</column>
            <column name="rshb">-1</column>
        </table>
        <table name="bank">
            <column name="id">4376</column>
            <column name="twitid">498607974076910000</column>
            <column name="date">1407712379</column>
            <column name="name">revefilety</column>
            <column name="text">Кредиты сбер банка на авто http://t.co/HdeBJuWVvw</column>
            <column name="sberbank">0</column>
            <column name="vtb">NULL</column>
            <column name="gazprom">NULL</column>
            <column name="alfabank">NULL</column>
            <column name="bankmoskvy">NULL</column>
            <column name="raiffeisen">NULL</column>
            <column name="uralsib">NULL</column>
            <column name="rshb">NULL</column>
        </table>
        <table name="bank">
            <column name="id">4377</column>
            <column name="twitid">498608472519610000</column>
            <column name="date">1407712498</column>
            <column name="name">ocabso</column>
            <column name="text">Потребительские кредиты до 500000 втб 24 http://t.co/AysyTgIWyC</column>
            <column name="sberbank">NULL</column>
            <column name="vtb">0</column>
            <column name="gazprom">NULL</column>
            <column name="alfabank">NULL</column>
            <column name="bankmoskvy">NULL</column>
            <column name="raiffeisen">NULL</column>
            <column name="uralsib">NULL</column>
            <column name="rshb">NULL</column>
        </table>
        <table name="bank">
            <column name="id">4378</column>
            <column name="twitid">498609353373800000</column>
            <column name="date">1407712708</column>
            <column name="name">gadutybyk</column>
            <column name="text">Банк москвы ставки по кредитам http://t.co/4WsUwd3fiZ</column>
            <column name="sberbank">NULL</column>
            <column name="vtb">NULL</column>
            <column name="gazprom">NULL</column>
            <column name="alfabank">NULL</column>
            <column name="bankmoskvy">0</column>
            <column name="raiffeisen">NULL</column>
            <column name="uralsib">NULL</column>
            <column name="rshb">NULL</column>
        </table>
        <table name="bank">
            <column name="id">4379</column>
            <column name="twitid">498609361187770000</column>
            <column name="date">1407712710</column>
            <column name="name">fonikureli</column>
            <column name="text">Получить кредит в втб 24 отзывы http://t.co/LvixkLOJe3</column>
            <column name="sberbank">NULL</column>
            <column name="vtb">0</column>
            <column name="gazprom">NULL</column>
            <column name="alfabank">NULL</column>
            <column name="bankmoskvy">NULL</column>
            <column name="raiffeisen">NULL</column>
            <column name="uralsib">NULL</column>
            <column name="rshb">NULL</column>
        </table>
        <table name="bank">
            <column name="id">4380</column>
            <column name="twitid">498609401373410000</column>
            <column name="date">1407712719</column>
            <column name="name">straderdlmarcel</column>
            <column name="text">Сайт россельхозбанка кредитные кооперативы марий эл http://t.co/jJfgNAEGJq</column>
            <column name="sberbank">NULL</column>
            <column name="vtb">NULL</column>
            <column name="gazprom">NULL</column>
            <column name="alfabank">NULL</column>
            <column name="bankmoskvy">NULL</column>
            <column name="raiffeisen">NULL</column>
            <column name="uralsib">NULL</column>
            <column name="rshb">0</column>
        </table>
        <table name="bank">
            <column name="id">4381</column>
            <column name="twitid">498610963806170000</column>
            <column name="date">1407713092</column>
            <column name="name">kasioavfawcett</column>
            <column name="text">Потребительский кредит втб 24 банка казань http://t.co/ciUIrfKacb</column>
            <column name="sberbank">NULL</column>
            <column name="vtb">0</column>
            <column name="gazprom">NULL</column>
            <column name="alfabank">NULL</column>
            <column name="bankmoskvy">NULL</column>
            <column name="raiffeisen">NULL</column>
            <column name="uralsib">NULL</column>
            <column name="rshb">NULL</column>
        </table>
        <table name="bank">
            <column name="id">4382</column>
            <column name="twitid">498611412554780000</column>
            <column name="date">1407713199</column>
            <column name="name">herminapxfasano</column>
            <column name="text">Кредитные карты втб 24 в краснодаре http://t.co/dc3n3i3KWF</column>
            <column name="sberbank">NULL</column>
            <column name="vtb">0</column>
            <column name="gazprom">NULL</column>
            <column name="alfabank">NULL</column>
            <column name="bankmoskvy">NULL</column>
            <column name="raiffeisen">NULL</column>
            <column name="uralsib">NULL</column>
            <column name="rshb">NULL</column>
        </table>
        <table name="bank">
            <column name="id">4383</column>
            <column name="twitid">498612364305250000</column>
            <column name="date">1407713426</column>
            <column name="name">inyashev090397</column>
            <column name="text">Ставропольский край изобильненский район сбербанк автокредитование http://t.co/BpGFDoGD50</column>
            <column name="sberbank">0</column>
            <column name="vtb">NULL</column>
            <column name="gazprom">NULL</column>
            <column name="alfabank">NULL</column>
            <column name="bankmoskvy">NULL</column>
            <column name="raiffeisen">NULL</column>
            <column name="uralsib">NULL</column>
            <column name="rshb">NULL</column>
        </table>
        <table name="bank">
            <column name="id">4384</column>
            <column name="twitid">498612412044800000</column>
            <column name="date">1407713437</column>
            <column name="name">petutugo</column>
            <column name="text">Хоум кредит можно погасить через сбербанк http://t.co/cFZQBhIE50</column>
            <column name="sberbank">0</column>
            <column name="vtb">NULL</column>
            <column name="gazprom">NULL</column>
            <column name="alfabank">NULL</column>
            <column name="bankmoskvy">NULL</column>
            <column name="raiffeisen">NULL</column>
            <column name="uralsib">NULL</column>
            <column name="rshb">NULL</column>
        </table>
        <table name="bank">
            <column name="id">4385</column>
            <column name="twitid">498612687535080000</column>
            <column name="date">1407713503</column>
            <column name="name">EEvglevskaya44</column>
            <column name="text">31 июля 2014 года, Москва – Сбербанк выступил генеральным партнером хакатона мобильных финансовых сервисов, организованного сообществом рос</column>
            <column name="sberbank">0</column>
            <column name="vtb">NULL</column>
            <column name="gazprom">NULL</column>
            <column name="alfabank">NULL</column>
            <column name="bankmoskvy">NULL</column>
            <column name="raiffeisen">NULL</column>
            <column name="uralsib">NULL</column>
            <column name="rshb">NULL</column>
        </table>
        <table name="bank">
            <column name="id">4386</column>
            <column name="twitid">498612867227480000</column>
            <column name="date">1407713546</column>
            <column name="name">lacoqadoluj</column>
            <column name="text">RT @cyritywixyko: взять кредит на 10 лет сбербанк http://t.co/TN1hw1WGvU</column>
            <column name="sberbank">0</column>
            <column name="vtb">NULL</column>
            <column name="gazprom">NULL</column>
            <column name="alfabank">NULL</column>
            <column name="bankmoskvy">NULL</column>
            <column name="raiffeisen">NULL</column>
            <column name="uralsib">NULL</column>
            <column name="rshb">NULL</column>
        </table>
        <table name="bank">
            <column name="id">4387</column>
            <column name="twitid">498614442247320000</column>
            <column name="date">1407713921</column>
            <column name="name">florrieojdpoffu</column>
            <column name="text">Кредиты газпромбанка в оренбурге http://t.co/nVZOVh3ULe</column>
            <column name="sberbank">NULL</column>
            <column name="vtb">NULL</column>
            <column name="gazprom">0</column>
            <column name="alfabank">NULL</column>
            <column name="bankmoskvy">NULL</column>
            <column name="raiffeisen">NULL</column>
            <column name="uralsib">NULL</column>
            <column name="rshb">NULL</column>
        </table>
        <table name="bank">
            <column name="id">4388</column>
            <column name="twitid">498614488934130000</column>
            <column name="date">1407713932</column>
            <column name="name">madalenenhansen</column>
            <column name="text">Россельхозбанк как взять кредит самара http://t.co/mK8qVf80JG</column>
            <column name="sberbank">NULL</column>
            <column name="vtb">NULL</column>
            <column name="gazprom">NULL</column>
            <column name="alfabank">NULL</column>
            <column name="bankmoskvy">NULL</column>
            <column name="raiffeisen">NULL</column>
            <column name="uralsib">NULL</column>
            <column name="rshb">0</column>
        </table>
        <table name="bank">
            <column name="id">4389</column>
            <column name="twitid">498615893296190000</column>
            <column name="date">1407714267</column>
            <column name="name">exurga</column>
            <column name="text">Райффайзен банк аваль украина кредит http://t.co/8wFgZDURPa</column>
            <column name="sberbank">NULL</column>
            <column name="vtb">NULL</column>
            <column name="gazprom">NULL</column>
            <column name="alfabank">NULL</column>
            <column name="bankmoskvy">NULL</column>
            <column name="raiffeisen">0</column>
            <column name="uralsib">NULL</column>
            <column name="rshb">NULL</column>
        </table>
        <table name="bank">
            <column name="id">4390</column>
            <column name="twitid">498615935377630000</column>
            <column name="date">1407714277</column>
            <column name="name">pijozewozoq</column>
            <column name="text">Сколько сбербанк рассматривает кредит http://t.co/kVp3jeP5Jn</column>
            <column name="sberbank">0</column>
            <column name="vtb">NULL</column>
            <column name="gazprom">NULL</column>
            <column name="alfabank">NULL</column>
            <column name="bankmoskvy">NULL</column>
            <column name="raiffeisen">NULL</column>
            <column name="uralsib">NULL</column>
            <column name="rshb">NULL</column>
        </table>
        <table name="bank">
            <column name="id">4391</column>
            <column name="twitid">498616079561030000</column>
            <column name="date">1407714311</column>
            <column name="name">xaziketoxixa</column>
            <column name="text">кредитные карты альфа банка</column>
            <column name="sberbank">NULL</column>
            <column name="vtb">NULL</column>
            <column name="gazprom">NULL</column>
            <column name="alfabank">0</column>
            <column name="bankmoskvy">NULL</column>
            <column name="raiffeisen">NULL</column>
            <column name="uralsib">NULL</column>
            <column name="rshb">NULL</column>
        </table>
        <table name="bank">
            <column name="id">4392</column>
            <column name="twitid">498616923786320000</column>
            <column name="date">1407714513</column>
            <column name="name">woqipysytaz</column>
            <column name="text">RT @fesijyholate: взять кредит без справок и поручителей в россельхозбанке молодая семья http://t.co/UvLZO2Iex6</column>
            <column name="sberbank">NULL</column>
            <column name="vtb">NULL</column>
            <column name="gazprom">NULL</column>
            <column name="alfabank">NULL</column>
            <column name="bankmoskvy">NULL</column>
            <column name="raiffeisen">NULL</column>
            <column name="uralsib">NULL</column>
            <column name="rshb">0</column>
        </table>
        <table name="bank">
            <column name="id">4393</column>
            <column name="twitid">498617007806640000</column>
            <column name="date">1407714533</column>
            <column name="name">dyvusiwi</column>
            <column name="text">Кредит наличными волгоград банк москвы http://t.co/HA7SCEgXHT</column>
            <column name="sberbank">NULL</column>
            <column name="vtb">NULL</column>
            <column name="gazprom">NULL</column>
            <column name="alfabank">NULL</column>
            <column name="bankmoskvy">0</column>
            <column name="raiffeisen">NULL</column>
            <column name="uralsib">NULL</column>
            <column name="rshb">NULL</column>
        </table>
        <table name="bank">
            <column name="id">4394</column>
            <column name="twitid">498617240154280000</column>
            <column name="date">1407714588</column>
            <column name="name">NelsonUhn</column>
            <column name="text">минимальный процент по кредиту сбербанк http://t.co/n94NiUcHQ6</column>
            <column name="sberbank">0</column>
            <column name="vtb">NULL</column>
            <column name="gazprom">NULL</column>
            <column name="alfabank">NULL</column>
            <column name="bankmoskvy">NULL</column>
            <column name="raiffeisen">NULL</column>
            <column name="uralsib">NULL</column>
            <column name="rshb">NULL</column>
        </table>
        <table name="bank">
            <column name="id">4395</column>
            <column name="twitid">498617460799860000</column>
            <column name="date">1407714641</column>
            <column name="name">bihedyluze</column>
            <column name="text">Инвестиционное кредитование сбербанк россии http://t.co/6RPiPezxJH</column>
            <column name="sberbank">0</column>
            <column name="vtb">NULL</column>
            <column name="gazprom">NULL</column>
            <column name="alfabank">NULL</column>
            <column name="bankmoskvy">NULL</column>
            <column name="raiffeisen">NULL</column>
            <column name="uralsib">NULL</column>
            <column name="rshb">NULL</column>
        </table>
        <table name="bank">
            <column name="id">4396</column>
            <column name="twitid">498618492229540000</column>
            <column name="date">1407714887</column>
            <column name="name">veh22raynu</column>
            <column name="text">Банк москвы кредитный специалист заработная плата http://t.co/aTKILHClDo</column>
            <column name="sberbank">NULL</column>
            <column name="vtb">NULL</column>
            <column name="gazprom">NULL</column>
            <column name="alfabank">NULL</column>
            <column name="bankmoskvy">0</column>
            <column name="raiffeisen">NULL</column>
            <column name="uralsib">NULL</column>
            <column name="rshb">NULL</column>
        </table>
        <table name="bank">
            <column name="id">4397</column>
            <column name="twitid">498620873163940000</column>
            <column name="date">1407715454</column>
            <column name="name">dowiwenilak</column>
            <column name="text">Банк москвы кредиты кредитный калькулятор http://t.co/UNz1ALs4tR</column>
            <column name="sberbank">NULL</column>
            <column name="vtb">NULL</column>
            <column name="gazprom">NULL</column>
            <column name="alfabank">NULL</column>
            <column name="bankmoskvy">0</column>
            <column name="raiffeisen">NULL</column>
            <column name="uralsib">NULL</column>
            <column name="rshb">NULL</column>
        </table>
        <table name="bank">
            <column name="id">4398</column>
            <column name="twitid">498622429233940000</column>
            <column name="date">1407715825</column>
            <column name="name">revefilety</column>
            <column name="text">Кредит альфа банка онлайн http://t.co/iOtTqTSnWj</column>
            <column name="sberbank">NULL</column>
            <column name="vtb">NULL</column>
            <column name="gazprom">NULL</column>
            <column name="alfabank">0</column>
            <column name="bankmoskvy">NULL</column>
            <column name="raiffeisen">NULL</column>
            <column name="uralsib">NULL</column>
            <column name="rshb">NULL</column>
        </table>
        <table name="bank">
            <column name="id">4399</column>
            <column name="twitid">498622467829930000</column>
            <column name="date">1407715834</column>
            <column name="name">bigiceruqyj</column>
            <column name="text">Как выдает кредит альфа банк http://t.co/I2kOc5ejaC</column>
            <column name="sberbank">NULL</column>
            <column name="vtb">NULL</column>
            <column name="gazprom">NULL</column>
            <column name="alfabank">0</column>
            <column name="bankmoskvy">NULL</column>
            <column name="raiffeisen">NULL</column>
            <column name="uralsib">NULL</column>
            <column name="rshb">NULL</column>
        </table>
        <table name="bank">
            <column name="id">4400</column>
            <column name="twitid">498623411204420000</column>
            <column name="date">1407716059</column>
            <column name="name">reikoflamcnamee</column>
            <column name="text">Взять кредит наличными сбербанк http://t.co/OX1bP3uedd</column>
            <column name="sberbank">0</column>
            <column name="vtb">NULL</column>
            <column name="gazprom">NULL</column>
            <column name="alfabank">NULL</column>
            <column name="bankmoskvy">NULL</column>
            <column name="raiffeisen">NULL</column>
            <column name="uralsib">NULL</column>
            <column name="rshb">NULL</column>
        </table>
    </database>
</pma_xml_export>