<?xml version="1.0" encoding="utf-8"?>
<!--
- phpMyAdmin XML Dump
- version 4.0.4.1
- http://www.phpmyadmin.net
-
- Хост: localhost
- Время создания: Окт 28 2014 г., 09:04
- Версия сервера: 5.6.12
- Версия PHP: 5.5.3
-->

<pma_xml_export version="1.0" xmlns:pma="http://www.phpmyadmin.net/some_doc_url/">
    <!--
    - Structure schemas
    -->
    <pma:structure_schemas>
        <pma:database name="Romip" collation="utf8_general_ci" charset="utf8">
            <pma:table name="bank">
                CREATE TABLE `bank` (
                  `id` int(11) NOT NULL AUTO_INCREMENT,
                  `twitid` bigint(32) NOT NULL DEFAULT '0',
                  `date` varchar(128) DEFAULT NULL,
                  `name` varchar(128) DEFAULT NULL,
                  `text` varchar(256) DEFAULT NULL,
                  `sberbank` int(11) DEFAULT NULL,
                  `vtb` int(11) DEFAULT NULL,
                  `gazprom` int(11) DEFAULT NULL,
                  `alfabank` int(11) DEFAULT NULL,
                  `bankmoskvy` int(11) DEFAULT NULL,
                  `raiffeisen` int(11) DEFAULT NULL,
                  `uralsib` int(11) DEFAULT NULL,
                  `rshb` int(11) DEFAULT NULL,
                  PRIMARY KEY (`id`),
                  UNIQUE KEY `id` (`twitid`)
                ) ENGINE=InnoDB AUTO_INCREMENT=7924 DEFAULT CHARSET=utf8;
            </pma:table>
        </pma:database>
    </pma:structure_schemas>

    <!--
    - База данных: 'Romip'
    -->
    <database name="Romip">
        <!-- Таблица bank -->
        <table name="bank">
            <column name="id">3701</column>
            <column name="twitid">497887745550070000</column>
            <column name="date">1407540663</column>
            <column name="name">parwmyinghin</column>
            <column name="text">ноутбук в кредит банк москвы http://t.co/yQK84gstJk</column>
            <column name="sberbank">NULL</column>
            <column name="vtb">NULL</column>
            <column name="gazprom">NULL</column>
            <column name="alfabank">NULL</column>
            <column name="bankmoskvy">0</column>
            <column name="raiffeisen">NULL</column>
            <column name="uralsib">NULL</column>
            <column name="rshb">NULL</column>
        </table>
        <table name="bank">
            <column name="id">3702</column>
            <column name="twitid">497888646339780000</column>
            <column name="date">1407540878</column>
            <column name="name">luzofucud</column>
            <column name="text">Банк москвы он лайн заявка на кредит http://t.co/w7c26Sns1w</column>
            <column name="sberbank">NULL</column>
            <column name="vtb">NULL</column>
            <column name="gazprom">NULL</column>
            <column name="alfabank">NULL</column>
            <column name="bankmoskvy">0</column>
            <column name="raiffeisen">NULL</column>
            <column name="uralsib">NULL</column>
            <column name="rshb">NULL</column>
        </table>
        <table name="bank">
            <column name="id">3703</column>
            <column name="twitid">497889077635850000</column>
            <column name="date">1407540981</column>
            <column name="name">onurinremo</column>
            <column name="text">Банк уралсиб потребительский кредит г краснодар http://t.co/idv6lC2Log</column>
            <column name="sberbank">NULL</column>
            <column name="vtb">NULL</column>
            <column name="gazprom">NULL</column>
            <column name="alfabank">NULL</column>
            <column name="bankmoskvy">NULL</column>
            <column name="raiffeisen">NULL</column>
            <column name="uralsib">0</column>
            <column name="rshb">NULL</column>
        </table>
        <table name="bank">
            <column name="id">3704</column>
            <column name="twitid">497890680078090000</column>
            <column name="date">1407541363</column>
            <column name="name">IKorobkova47</column>
            <column name="text">Газпромбанк и Россельхозбанк, попавшие в санкционный список США и стран ЕС, обратились к правительству за помощью.&amp;amp;nbsp;. Банки попавшие по</column>
            <column name="sberbank">NULL</column>
            <column name="vtb">NULL</column>
            <column name="gazprom">-1</column>
            <column name="alfabank">NULL</column>
            <column name="bankmoskvy">NULL</column>
            <column name="raiffeisen">NULL</column>
            <column name="uralsib">NULL</column>
            <column name="rshb">-1</column>
        </table>
        <table name="bank">
            <column name="id">3705</column>
            <column name="twitid">497891069288530000</column>
            <column name="date">1407541455</column>
            <column name="name">mawetigociwiz</column>
            <column name="text">ипотечный калькулятор райффайзен банк http://t.co/bieR1E42Fy</column>
            <column name="sberbank">NULL</column>
            <column name="vtb">NULL</column>
            <column name="gazprom">NULL</column>
            <column name="alfabank">NULL</column>
            <column name="bankmoskvy">NULL</column>
            <column name="raiffeisen">0</column>
            <column name="uralsib">NULL</column>
            <column name="rshb">NULL</column>
        </table>
        <table name="bank">
            <column name="id">3706</column>
            <column name="twitid">497891155443740000</column>
            <column name="date">1407541476</column>
            <column name="name">consmulina1986</column>
            <column name="text">. Сбербанк в Чувашии предлагает ипотеку в новостройках на специальных условиях</column>
            <column name="sberbank">0</column>
            <column name="vtb">NULL</column>
            <column name="gazprom">NULL</column>
            <column name="alfabank">NULL</column>
            <column name="bankmoskvy">NULL</column>
            <column name="raiffeisen">NULL</column>
            <column name="uralsib">NULL</column>
            <column name="rshb">NULL</column>
        </table>
        <table name="bank">
            <column name="id">3707</column>
            <column name="twitid">497891601235320000</column>
            <column name="date">1407541582</column>
            <column name="name">coleenioyfitzsi</column>
            <column name="text">банк москвы в новосибирске потребительские кредиты http://t.co/zvNX308Nbw</column>
            <column name="sberbank">NULL</column>
            <column name="vtb">NULL</column>
            <column name="gazprom">NULL</column>
            <column name="alfabank">NULL</column>
            <column name="bankmoskvy">0</column>
            <column name="raiffeisen">NULL</column>
            <column name="uralsib">NULL</column>
            <column name="rshb">NULL</column>
        </table>
        <table name="bank">
            <column name="id">3708</column>
            <column name="twitid">497891867896610000</column>
            <column name="date">1407541646</column>
            <column name="name">kavalerovmaks</column>
            <column name="text">Россети будут активно сотрудничать с Россельхозбанком и Ростехом</column>
            <column name="sberbank">NULL</column>
            <column name="vtb">NULL</column>
            <column name="gazprom">NULL</column>
            <column name="alfabank">NULL</column>
            <column name="bankmoskvy">NULL</column>
            <column name="raiffeisen">NULL</column>
            <column name="uralsib">NULL</column>
            <column name="rshb">1</column>
        </table>
        <table name="bank">
            <column name="id">3709</column>
            <column name="twitid">497892082028380000</column>
            <column name="date">1407541697</column>
            <column name="name">dicks_botha</column>
            <column name="text">быстрый кредит банк москвы ярославль http://t.co/5NPLJLED7j</column>
            <column name="sberbank">NULL</column>
            <column name="vtb">NULL</column>
            <column name="gazprom">NULL</column>
            <column name="alfabank">NULL</column>
            <column name="bankmoskvy">0</column>
            <column name="raiffeisen">NULL</column>
            <column name="uralsib">NULL</column>
            <column name="rshb">NULL</column>
        </table>
        <table name="bank">
            <column name="id">3710</column>
            <column name="twitid">497892739087070000</column>
            <column name="date">1407541854</column>
            <column name="name">bitoqyxopiq</column>
            <column name="text">Рассчитать ипотечный кредит сбербанк http://t.co/H4833BVTy0</column>
            <column name="sberbank">0</column>
            <column name="vtb">NULL</column>
            <column name="gazprom">NULL</column>
            <column name="alfabank">NULL</column>
            <column name="bankmoskvy">NULL</column>
            <column name="raiffeisen">NULL</column>
            <column name="uralsib">NULL</column>
            <column name="rshb">NULL</column>
        </table>
        <table name="bank">
            <column name="id">3711</column>
            <column name="twitid">497892789473270000</column>
            <column name="date">1407541866</column>
            <column name="name">gladkovskayana1</column>
            <column name="text">Ярославль втб 24 условия кредитования http://t.co/ZIe1g6IHJz</column>
            <column name="sberbank">NULL</column>
            <column name="vtb">0</column>
            <column name="gazprom">NULL</column>
            <column name="alfabank">NULL</column>
            <column name="bankmoskvy">NULL</column>
            <column name="raiffeisen">NULL</column>
            <column name="uralsib">NULL</column>
            <column name="rshb">NULL</column>
        </table>
        <table name="bank">
            <column name="id">3712</column>
            <column name="twitid">497893097746210000</column>
            <column name="date">1407541939</column>
            <column name="name">vuxazicihix</column>
            <column name="text">кредит саратов втб 24 http://t.co/JPYfQm5xSc</column>
            <column name="sberbank">NULL</column>
            <column name="vtb">0</column>
            <column name="gazprom">NULL</column>
            <column name="alfabank">NULL</column>
            <column name="bankmoskvy">NULL</column>
            <column name="raiffeisen">NULL</column>
            <column name="uralsib">NULL</column>
            <column name="rshb">NULL</column>
        </table>
        <table name="bank">
            <column name="id">3713</column>
            <column name="twitid">497893188104130000</column>
            <column name="date">1407541961</column>
            <column name="name">liadynkopb</column>
            <column name="text">банк втб 24 беспроцентные кредиты http://t.co/6vAKMhTtuh</column>
            <column name="sberbank">NULL</column>
            <column name="vtb">0</column>
            <column name="gazprom">NULL</column>
            <column name="alfabank">NULL</column>
            <column name="bankmoskvy">NULL</column>
            <column name="raiffeisen">NULL</column>
            <column name="uralsib">NULL</column>
            <column name="rshb">NULL</column>
        </table>
        <table name="bank">
            <column name="id">3714</column>
            <column name="twitid">497894088596000000</column>
            <column name="date">1407542175</column>
            <column name="name">oleneemedina</column>
            <column name="text">Санкт петербург сбербанк кредиты http://t.co/8qLg6OEpp7</column>
            <column name="sberbank">0</column>
            <column name="vtb">NULL</column>
            <column name="gazprom">NULL</column>
            <column name="alfabank">NULL</column>
            <column name="bankmoskvy">NULL</column>
            <column name="raiffeisen">NULL</column>
            <column name="uralsib">NULL</column>
            <column name="rshb">NULL</column>
        </table>
        <table name="bank">
            <column name="id">3715</column>
            <column name="twitid">497894126458010000</column>
            <column name="date">1407542184</column>
            <column name="name">kyvehuduloxo</column>
            <column name="text">взять кредит газпромбанке условия http://t.co/B0gGN4oMrC</column>
            <column name="sberbank">NULL</column>
            <column name="vtb">NULL</column>
            <column name="gazprom">0</column>
            <column name="alfabank">NULL</column>
            <column name="bankmoskvy">NULL</column>
            <column name="raiffeisen">NULL</column>
            <column name="uralsib">NULL</column>
            <column name="rshb">NULL</column>
        </table>
        <table name="bank">
            <column name="id">3716</column>
            <column name="twitid">497894672933880000</column>
            <column name="date">1407542315</column>
            <column name="name">kiqum4</column>
            <column name="text">Дальневосточный Сбербанк открыл мини-офис в ТЦ «Перекресток» в Благовещенске</column>
            <column name="sberbank">1</column>
            <column name="vtb">NULL</column>
            <column name="gazprom">NULL</column>
            <column name="alfabank">NULL</column>
            <column name="bankmoskvy">NULL</column>
            <column name="raiffeisen">NULL</column>
            <column name="uralsib">NULL</column>
            <column name="rshb">NULL</column>
        </table>
        <table name="bank">
            <column name="id">3717</column>
            <column name="twitid">497895210094170000</column>
            <column name="date">1407542443</column>
            <column name="name">xuhilaxelojy</column>
            <column name="text">быстрый кредит альфа банк 100 дней http://t.co/VhK5rRCKRJ</column>
            <column name="sberbank">NULL</column>
            <column name="vtb">NULL</column>
            <column name="gazprom">NULL</column>
            <column name="alfabank">0</column>
            <column name="bankmoskvy">NULL</column>
            <column name="raiffeisen">NULL</column>
            <column name="uralsib">NULL</column>
            <column name="rshb">NULL</column>
        </table>
        <table name="bank">
            <column name="id">3718</column>
            <column name="twitid">497896108270830000</column>
            <column name="date">1407542657</column>
            <column name="name">karenaggcbrazie</column>
            <column name="text">уралсиб банк кредит в спб http://t.co/NUj730BESb</column>
            <column name="sberbank">NULL</column>
            <column name="vtb">NULL</column>
            <column name="gazprom">NULL</column>
            <column name="alfabank">NULL</column>
            <column name="bankmoskvy">NULL</column>
            <column name="raiffeisen">NULL</column>
            <column name="uralsib">0</column>
            <column name="rshb">NULL</column>
        </table>
        <table name="bank">
            <column name="id">3719</column>
            <column name="twitid">497896149572130000</column>
            <column name="date">1407542667</column>
            <column name="name">marisajuvcquarl</column>
            <column name="text">банк уралсиб автокредит москва http://t.co/Qm2LmDE1Vv</column>
            <column name="sberbank">NULL</column>
            <column name="vtb">NULL</column>
            <column name="gazprom">NULL</column>
            <column name="alfabank">NULL</column>
            <column name="bankmoskvy">NULL</column>
            <column name="raiffeisen">NULL</column>
            <column name="uralsib">0</column>
            <column name="rshb">NULL</column>
        </table>
        <table name="bank">
            <column name="id">3720</column>
            <column name="twitid">497896188994400000</column>
            <column name="date">1407542676</column>
            <column name="name">orelphoxtf</column>
            <column name="text">Потребительские кредиты в сбербанк р ф http://t.co/LydV6zbb81</column>
            <column name="sberbank">0</column>
            <column name="vtb">NULL</column>
            <column name="gazprom">NULL</column>
            <column name="alfabank">NULL</column>
            <column name="bankmoskvy">NULL</column>
            <column name="raiffeisen">NULL</column>
            <column name="uralsib">NULL</column>
            <column name="rshb">NULL</column>
        </table>
        <table name="bank">
            <column name="id">3721</column>
            <column name="twitid">497898142709600000</column>
            <column name="date">1407543142</column>
            <column name="name">mickiembfpgrady</column>
            <column name="text">справка альфа банка для потребительского кредита http://t.co/Rp0u6SFiir</column>
            <column name="sberbank">NULL</column>
            <column name="vtb">NULL</column>
            <column name="gazprom">NULL</column>
            <column name="alfabank">0</column>
            <column name="bankmoskvy">NULL</column>
            <column name="raiffeisen">NULL</column>
            <column name="uralsib">NULL</column>
            <column name="rshb">NULL</column>
        </table>
        <table name="bank">
            <column name="id">3722</column>
            <column name="twitid">497898178847710000</column>
            <column name="date">1407543151</column>
            <column name="name">xoctocysty</column>
            <column name="text">ставки кредитования сбербанк россии http://t.co/3I3gpNGzUs</column>
            <column name="sberbank">0</column>
            <column name="vtb">NULL</column>
            <column name="gazprom">NULL</column>
            <column name="alfabank">NULL</column>
            <column name="bankmoskvy">NULL</column>
            <column name="raiffeisen">NULL</column>
            <column name="uralsib">NULL</column>
            <column name="rshb">NULL</column>
        </table>
        <table name="bank">
            <column name="id">3723</column>
            <column name="twitid">497898742776080000</column>
            <column name="date">1407543285</column>
            <column name="name">matyqekon</column>
            <column name="text">закрыть кредитную карту втб 24 http://t.co/ufVSWgoClz</column>
            <column name="sberbank">NULL</column>
            <column name="vtb">0</column>
            <column name="gazprom">NULL</column>
            <column name="alfabank">NULL</column>
            <column name="bankmoskvy">NULL</column>
            <column name="raiffeisen">NULL</column>
            <column name="uralsib">NULL</column>
            <column name="rshb">NULL</column>
        </table>
        <table name="bank">
            <column name="id">3724</column>
            <column name="twitid">497899172801300000</column>
            <column name="date">1407543387</column>
            <column name="name">260772_valentin</column>
            <column name="text">Банк москвы беспроцентный кредит http://t.co/w1nOsTDvVE</column>
            <column name="sberbank">NULL</column>
            <column name="vtb">NULL</column>
            <column name="gazprom">NULL</column>
            <column name="alfabank">NULL</column>
            <column name="bankmoskvy">0</column>
            <column name="raiffeisen">NULL</column>
            <column name="uralsib">NULL</column>
            <column name="rshb">NULL</column>
        </table>
        <table name="bank">
            <column name="id">3725</column>
            <column name="twitid">497899430729620000</column>
            <column name="date">1407543449</column>
            <column name="name">xowhthax</column>
            <column name="text">http://t.co/LHpXPixlrZ Сбербанк предупредил о почти шестичасовых техработах  в ночь на понедельник</column>
            <column name="sberbank">-1</column>
            <column name="vtb">NULL</column>
            <column name="gazprom">NULL</column>
            <column name="alfabank">NULL</column>
            <column name="bankmoskvy">NULL</column>
            <column name="raiffeisen">NULL</column>
            <column name="uralsib">NULL</column>
            <column name="rshb">NULL</column>
        </table>
        <table name="bank">
            <column name="id">3726</column>
            <column name="twitid">497901627983280000</column>
            <column name="date">1407543973</column>
            <column name="name">axdrumylga</column>
            <column name="text">кредит от уралсиб банка http://t.co/23EKTyzXCn</column>
            <column name="sberbank">NULL</column>
            <column name="vtb">NULL</column>
            <column name="gazprom">NULL</column>
            <column name="alfabank">NULL</column>
            <column name="bankmoskvy">NULL</column>
            <column name="raiffeisen">NULL</column>
            <column name="uralsib">0</column>
            <column name="rshb">NULL</column>
        </table>
        <table name="bank">
            <column name="id">3727</column>
            <column name="twitid">497901632647340000</column>
            <column name="date">1407543974</column>
            <column name="name">qacyzipeli</column>
            <column name="text">ипотечный кредит досрочное погашение сбербанк http://t.co/fUJmy78cg7</column>
            <column name="sberbank">0</column>
            <column name="vtb">NULL</column>
            <column name="gazprom">NULL</column>
            <column name="alfabank">NULL</column>
            <column name="bankmoskvy">NULL</column>
            <column name="raiffeisen">NULL</column>
            <column name="uralsib">NULL</column>
            <column name="rshb">NULL</column>
        </table>
        <table name="bank">
            <column name="id">3728</column>
            <column name="twitid">497901755473330000</column>
            <column name="date">1407544003</column>
            <column name="name">anayarvonnie</column>
            <column name="text">потребительский кредит наличными банк втб http://t.co/ox3QoHHIen</column>
            <column name="sberbank">NULL</column>
            <column name="vtb">0</column>
            <column name="gazprom">NULL</column>
            <column name="alfabank">NULL</column>
            <column name="bankmoskvy">NULL</column>
            <column name="raiffeisen">NULL</column>
            <column name="uralsib">NULL</column>
            <column name="rshb">NULL</column>
        </table>
        <table name="bank">
            <column name="id">3729</column>
            <column name="twitid">497901810666190000</column>
            <column name="date">1407544016</column>
            <column name="name">laineobatson</column>
            <column name="text">что проверяет банк москвы при кредите http://t.co/raPcqZPRgo</column>
            <column name="sberbank">NULL</column>
            <column name="vtb">NULL</column>
            <column name="gazprom">NULL</column>
            <column name="alfabank">NULL</column>
            <column name="bankmoskvy">0</column>
            <column name="raiffeisen">NULL</column>
            <column name="uralsib">NULL</column>
            <column name="rshb">NULL</column>
        </table>
        <table name="bank">
            <column name="id">3730</column>
            <column name="twitid">497902749728920000</column>
            <column name="date">1407544240</column>
            <column name="name">cezymulum</column>
            <column name="text">Банк москвы кредит малого http://t.co/fSrwyhczg1</column>
            <column name="sberbank">NULL</column>
            <column name="vtb">NULL</column>
            <column name="gazprom">NULL</column>
            <column name="alfabank">NULL</column>
            <column name="bankmoskvy">0</column>
            <column name="raiffeisen">NULL</column>
            <column name="uralsib">NULL</column>
            <column name="rshb">NULL</column>
        </table>
        <table name="bank">
            <column name="id">3731</column>
            <column name="twitid">497903190810300000</column>
            <column name="date">1407544345</column>
            <column name="name">clemenciasmagan</column>
            <column name="text">тарифы по кредитный карте сбербанк http://t.co/sQ79XG77U0</column>
            <column name="sberbank">0</column>
            <column name="vtb">NULL</column>
            <column name="gazprom">NULL</column>
            <column name="alfabank">NULL</column>
            <column name="bankmoskvy">NULL</column>
            <column name="raiffeisen">NULL</column>
            <column name="uralsib">NULL</column>
            <column name="rshb">NULL</column>
        </table>
        <table name="bank">
            <column name="id">3732</column>
            <column name="twitid">497903316824000000</column>
            <column name="date">1407544375</column>
            <column name="name">delsielzommccla</column>
            <column name="text">беспроцентный кредит втб 24 http://t.co/7nESLYpflO</column>
            <column name="sberbank">NULL</column>
            <column name="vtb">0</column>
            <column name="gazprom">NULL</column>
            <column name="alfabank">NULL</column>
            <column name="bankmoskvy">NULL</column>
            <column name="raiffeisen">NULL</column>
            <column name="uralsib">NULL</column>
            <column name="rshb">NULL</column>
        </table>
        <table name="bank">
            <column name="id">3733</column>
            <column name="twitid">497903403906120000</column>
            <column name="date">1407544396</column>
            <column name="name">sluriser86</column>
            <column name="text">@pursecor83 #Россельхозбанк и Газпромбанк просят о господдержке из-за санкций #похудения</column>
            <column name="sberbank">NULL</column>
            <column name="vtb">NULL</column>
            <column name="gazprom">-1</column>
            <column name="alfabank">NULL</column>
            <column name="bankmoskvy">NULL</column>
            <column name="raiffeisen">NULL</column>
            <column name="uralsib">NULL</column>
            <column name="rshb">-1</column>
        </table>
        <table name="bank">
            <column name="id">3734</column>
            <column name="twitid">497903444578270000</column>
            <column name="date">1407544406</column>
            <column name="name">hyruroqaken</column>
            <column name="text">атб банк заявка на кредит онлайн альфа банк http://t.co/R3w3JWtYq5</column>
            <column name="sberbank">NULL</column>
            <column name="vtb">NULL</column>
            <column name="gazprom">NULL</column>
            <column name="alfabank">0</column>
            <column name="bankmoskvy">NULL</column>
            <column name="raiffeisen">NULL</column>
            <column name="uralsib">NULL</column>
            <column name="rshb">NULL</column>
        </table>
        <table name="bank">
            <column name="id">3735</column>
            <column name="twitid">497904830942560000</column>
            <column name="date">1407544736</column>
            <column name="name">tabethaspdvaca</column>
            <column name="text">кредиты кб банк москвы http://t.co/ROojYwmDpk</column>
            <column name="sberbank">NULL</column>
            <column name="vtb">NULL</column>
            <column name="gazprom">NULL</column>
            <column name="alfabank">NULL</column>
            <column name="bankmoskvy">0</column>
            <column name="raiffeisen">NULL</column>
            <column name="uralsib">NULL</column>
            <column name="rshb">NULL</column>
        </table>
        <table name="bank">
            <column name="id">3736</column>
            <column name="twitid">497905129690240000</column>
            <column name="date">1407544808</column>
            <column name="name">xyxuponuweto</column>
            <column name="text">банк сбербанк вклады физических лиц http://t.co/Mz1xQeSsKy</column>
            <column name="sberbank">0</column>
            <column name="vtb">NULL</column>
            <column name="gazprom">NULL</column>
            <column name="alfabank">NULL</column>
            <column name="bankmoskvy">NULL</column>
            <column name="raiffeisen">NULL</column>
            <column name="uralsib">NULL</column>
            <column name="rshb">NULL</column>
        </table>
        <table name="bank">
            <column name="id">3737</column>
            <column name="twitid">497906757042460000</column>
            <column name="date">1407545196</column>
            <column name="name">vuxazicihix</column>
            <column name="text">кредит потребительский в альфабанке http://t.co/d6YycEwi1f</column>
            <column name="sberbank">NULL</column>
            <column name="vtb">NULL</column>
            <column name="gazprom">NULL</column>
            <column name="alfabank">0</column>
            <column name="bankmoskvy">NULL</column>
            <column name="raiffeisen">NULL</column>
            <column name="uralsib">NULL</column>
            <column name="rshb">NULL</column>
        </table>
        <table name="bank">
            <column name="id">3738</column>
            <column name="twitid">497906839208860000</column>
            <column name="date">1407545215</column>
            <column name="name">hegee1quil</column>
            <column name="text">ипотека жилищный кредит сбербанк http://t.co/FqyAadihCj</column>
            <column name="sberbank">0</column>
            <column name="vtb">NULL</column>
            <column name="gazprom">NULL</column>
            <column name="alfabank">NULL</column>
            <column name="bankmoskvy">NULL</column>
            <column name="raiffeisen">NULL</column>
            <column name="uralsib">NULL</column>
            <column name="rshb">NULL</column>
        </table>
        <table name="bank">
            <column name="id">3739</column>
            <column name="twitid">497907415871160000</column>
            <column name="date">1407545353</column>
            <column name="name">ruhetahimaqo</column>
            <column name="text">ипотека газпромбанк самара http://t.co/iKHRhonQpG</column>
            <column name="sberbank">NULL</column>
            <column name="vtb">NULL</column>
            <column name="gazprom">0</column>
            <column name="alfabank">NULL</column>
            <column name="bankmoskvy">NULL</column>
            <column name="raiffeisen">NULL</column>
            <column name="uralsib">NULL</column>
            <column name="rshb">NULL</column>
        </table>
        <table name="bank">
            <column name="id">3740</column>
            <column name="twitid">497908241381460000</column>
            <column name="date">1407545550</column>
            <column name="name">zadaikinslow</column>
            <column name="text">россельхозбанк кредиты для лпх http://t.co/50eysSZzHa</column>
            <column name="sberbank">NULL</column>
            <column name="vtb">NULL</column>
            <column name="gazprom">NULL</column>
            <column name="alfabank">NULL</column>
            <column name="bankmoskvy">NULL</column>
            <column name="raiffeisen">NULL</column>
            <column name="uralsib">NULL</column>
            <column name="rshb">0</column>
        </table>
        <table name="bank">
            <column name="id">3741</column>
            <column name="twitid">497908644676380000</column>
            <column name="date">1407545646</column>
            <column name="name">tteCortez</column>
            <column name="text">банк москвы в красноярске кредиты потребительские форматы http://t.co/hX9u3Zg4Tn</column>
            <column name="sberbank">NULL</column>
            <column name="vtb">NULL</column>
            <column name="gazprom">NULL</column>
            <column name="alfabank">NULL</column>
            <column name="bankmoskvy">0</column>
            <column name="raiffeisen">NULL</column>
            <column name="uralsib">NULL</column>
            <column name="rshb">NULL</column>
        </table>
        <table name="bank">
            <column name="id">3742</column>
            <column name="twitid">497908904995880000</column>
            <column name="date">1407545708</column>
            <column name="name">mykyvybogyme</column>
            <column name="text">как оформить кредит в россельхозбанке рассчитать http://t.co/QlhgWgh2Hf</column>
            <column name="sberbank">NULL</column>
            <column name="vtb">NULL</column>
            <column name="gazprom">NULL</column>
            <column name="alfabank">NULL</column>
            <column name="bankmoskvy">NULL</column>
            <column name="raiffeisen">NULL</column>
            <column name="uralsib">NULL</column>
            <column name="rshb">0</column>
        </table>
        <table name="bank">
            <column name="id">3743</column>
            <column name="twitid">497908950025900000</column>
            <column name="date">1407545719</column>
            <column name="name">jiloqosodipa</column>
            <column name="text">взять кредит наличными банк москвы ярославль http://t.co/nnFxN7qhX2</column>
            <column name="sberbank">NULL</column>
            <column name="vtb">NULL</column>
            <column name="gazprom">NULL</column>
            <column name="alfabank">NULL</column>
            <column name="bankmoskvy">0</column>
            <column name="raiffeisen">NULL</column>
            <column name="uralsib">NULL</column>
            <column name="rshb">NULL</column>
        </table>
        <table name="bank">
            <column name="id">3744</column>
            <column name="twitid">497910318774100000</column>
            <column name="date">1407546045</column>
            <column name="name">pemojohefoqe</column>
            <column name="text">банк ренессанс кредит в самаре сбербанк http://t.co/nJ5Bl3M3IX</column>
            <column name="sberbank">0</column>
            <column name="vtb">NULL</column>
            <column name="gazprom">NULL</column>
            <column name="alfabank">NULL</column>
            <column name="bankmoskvy">NULL</column>
            <column name="raiffeisen">NULL</column>
            <column name="uralsib">NULL</column>
            <column name="rshb">NULL</column>
        </table>
        <table name="bank">
            <column name="id">3745</column>
            <column name="twitid">497910329117260000</column>
            <column name="date">1407546047</column>
            <column name="name">qacononipywy</column>
            <column name="text">как взять кредит в россельхозбанке на лучших сайтах с прослушкой http://t.co/r1JmqDoQwA</column>
            <column name="sberbank">NULL</column>
            <column name="vtb">NULL</column>
            <column name="gazprom">NULL</column>
            <column name="alfabank">NULL</column>
            <column name="bankmoskvy">NULL</column>
            <column name="raiffeisen">NULL</column>
            <column name="uralsib">NULL</column>
            <column name="rshb">0</column>
        </table>
        <table name="bank">
            <column name="id">3746</column>
            <column name="twitid">497910842566780000</column>
            <column name="date">1407546170</column>
            <column name="name">MSSOFTINFOR</column>
            <column name="text">Сбербанк приостановит работу в ночь на 11 августа: Сбербанк самый популярный среди банков в РФ предупредил або... http://t.co/PE10QaOoGd</column>
            <column name="sberbank">+-</column>
            <column name="vtb">NULL</column>
            <column name="gazprom">NULL</column>
            <column name="alfabank">NULL</column>
            <column name="bankmoskvy">NULL</column>
            <column name="raiffeisen">NULL</column>
            <column name="uralsib">NULL</column>
            <column name="rshb">NULL</column>
        </table>
        <table name="bank">
            <column name="id">3747</column>
            <column name="twitid">497911326560510000</column>
            <column name="date">1407546285</column>
            <column name="name">Rept1le78</column>
            <column name="text">Кредиты в с пб сбербанк http://t.co/hCwqyEQQPD</column>
            <column name="sberbank">0</column>
            <column name="vtb">NULL</column>
            <column name="gazprom">NULL</column>
            <column name="alfabank">NULL</column>
            <column name="bankmoskvy">NULL</column>
            <column name="raiffeisen">NULL</column>
            <column name="uralsib">NULL</column>
            <column name="rshb">NULL</column>
        </table>
        <table name="bank">
            <column name="id">3748</column>
            <column name="twitid">497911339143010000</column>
            <column name="date">1407546288</column>
            <column name="name">kuuveno92</column>
            <column name="text">&quot;Банк Москвы&quot; выпустил для банков-партнеров миллион платежных карт</column>
            <column name="sberbank">NULL</column>
            <column name="vtb">NULL</column>
            <column name="gazprom">NULL</column>
            <column name="alfabank">NULL</column>
            <column name="bankmoskvy">1</column>
            <column name="raiffeisen">NULL</column>
            <column name="uralsib">NULL</column>
            <column name="rshb">NULL</column>
        </table>
        <table name="bank">
            <column name="id">3749</column>
            <column name="twitid">497912042427540000</column>
            <column name="date">1407546456</column>
            <column name="name">liaSideris</column>
            <column name="text">http://t.co/5vTiGm7Gya Кемерово взять кредит банк москвы</column>
            <column name="sberbank">NULL</column>
            <column name="vtb">NULL</column>
            <column name="gazprom">NULL</column>
            <column name="alfabank">NULL</column>
            <column name="bankmoskvy">0</column>
            <column name="raiffeisen">NULL</column>
            <column name="uralsib">NULL</column>
            <column name="rshb">NULL</column>
        </table>
        <table name="bank">
            <column name="id">3750</column>
            <column name="twitid">497912145934160000</column>
            <column name="date">1407546481</column>
            <column name="name">myLegnica</column>
            <column name="text">#Интернет #HiTech Сбербанк приостановит работу в ночь на 11 августа http://t.co/B8E9K5hqND</column>
            <column name="sberbank">-1</column>
            <column name="vtb">NULL</column>
            <column name="gazprom">NULL</column>
            <column name="alfabank">NULL</column>
            <column name="bankmoskvy">NULL</column>
            <column name="raiffeisen">NULL</column>
            <column name="uralsib">NULL</column>
            <column name="rshb">NULL</column>
        </table>
        <table name="bank">
            <column name="id">3751</column>
            <column name="twitid">497912231158640000</column>
            <column name="date">1407546501</column>
            <column name="name">gatchel_abhas</column>
            <column name="text">взять кредит в альфа банке в волгограде http://t.co/AyvGJyUnZR</column>
            <column name="sberbank">NULL</column>
            <column name="vtb">NULL</column>
            <column name="gazprom">NULL</column>
            <column name="alfabank">0</column>
            <column name="bankmoskvy">NULL</column>
            <column name="raiffeisen">NULL</column>
            <column name="uralsib">NULL</column>
            <column name="rshb">NULL</column>
        </table>
        <table name="bank">
            <column name="id">3752</column>
            <column name="twitid">497912234514090000</column>
            <column name="date">1407546502</column>
            <column name="name">levesujihero</column>
            <column name="text">беспроцентный кредит альфабанк http://t.co/sTFn3Bs7Gc</column>
            <column name="sberbank">NULL</column>
            <column name="vtb">NULL</column>
            <column name="gazprom">NULL</column>
            <column name="alfabank">0</column>
            <column name="bankmoskvy">NULL</column>
            <column name="raiffeisen">NULL</column>
            <column name="uralsib">NULL</column>
            <column name="rshb">NULL</column>
        </table>
        <table name="bank">
            <column name="id">3753</column>
            <column name="twitid">497912264792740000</column>
            <column name="date">1407546509</column>
            <column name="name">nupypilijo</column>
            <column name="text">Райффайзенбанк кредитная карта отзывы http://t.co/vNh3j0j5Pz</column>
            <column name="sberbank">NULL</column>
            <column name="vtb">NULL</column>
            <column name="gazprom">NULL</column>
            <column name="alfabank">NULL</column>
            <column name="bankmoskvy">NULL</column>
            <column name="raiffeisen">0</column>
            <column name="uralsib">NULL</column>
            <column name="rshb">NULL</column>
        </table>
        <table name="bank">
            <column name="id">3754</column>
            <column name="twitid">497912316621770000</column>
            <column name="date">1407546521</column>
            <column name="name">zasertyg</column>
            <column name="text">Сбербанк приостановит работу в ночь на 11 августа - Сбербанк самый популярный среди банков в РФ предупредил абонентов, что в ночь на 11...</column>
            <column name="sberbank">+-</column>
            <column name="vtb">NULL</column>
            <column name="gazprom">NULL</column>
            <column name="alfabank">NULL</column>
            <column name="bankmoskvy">NULL</column>
            <column name="raiffeisen">NULL</column>
            <column name="uralsib">NULL</column>
            <column name="rshb">NULL</column>
        </table>
        <table name="bank">
            <column name="id">3755</column>
            <column name="twitid">497912364814330000</column>
            <column name="date">1407546533</column>
            <column name="name">laineobatson</column>
            <column name="text">потребительский кредит оао банк москвы http://t.co/nDh2q94Jxm</column>
            <column name="sberbank">NULL</column>
            <column name="vtb">NULL</column>
            <column name="gazprom">NULL</column>
            <column name="alfabank">NULL</column>
            <column name="bankmoskvy">0</column>
            <column name="raiffeisen">NULL</column>
            <column name="uralsib">NULL</column>
            <column name="rshb">NULL</column>
        </table>
        <table name="bank">
            <column name="id">3756</column>
            <column name="twitid">497912853479710000</column>
            <column name="date">1407546649</column>
            <column name="name">artem7642</column>
            <column name="text">Computers internet Сбербанк приостановит работу в ночь на 11 августа http://t.co/D0sB1qj80i</column>
            <column name="sberbank">-1</column>
            <column name="vtb">NULL</column>
            <column name="gazprom">NULL</column>
            <column name="alfabank">NULL</column>
            <column name="bankmoskvy">NULL</column>
            <column name="raiffeisen">NULL</column>
            <column name="uralsib">NULL</column>
            <column name="rshb">NULL</column>
        </table>
        <table name="bank">
            <column name="id">3757</column>
            <column name="twitid">497913266937800000</column>
            <column name="date">1407546748</column>
            <column name="name">svetatvardovsk1</column>
            <column name="text">Новый уренгой газпромбанк отдел иппотечного кредитования http://t.co/MoRX7EXeaW</column>
            <column name="sberbank">NULL</column>
            <column name="vtb">NULL</column>
            <column name="gazprom">0</column>
            <column name="alfabank">NULL</column>
            <column name="bankmoskvy">NULL</column>
            <column name="raiffeisen">NULL</column>
            <column name="uralsib">NULL</column>
            <column name="rshb">NULL</column>
        </table>
        <table name="bank">
            <column name="id">3758</column>
            <column name="twitid">497913675509150000</column>
            <column name="date">1407546845</column>
            <column name="name">rakyzatokig</column>
            <column name="text">дать заявку на кредит альфа банк екатеринбург http://t.co/Oqhx6OxziK</column>
            <column name="sberbank">NULL</column>
            <column name="vtb">NULL</column>
            <column name="gazprom">NULL</column>
            <column name="alfabank">0</column>
            <column name="bankmoskvy">NULL</column>
            <column name="raiffeisen">NULL</column>
            <column name="uralsib">NULL</column>
            <column name="rshb">NULL</column>
        </table>
        <table name="bank">
            <column name="id">3759</column>
            <column name="twitid">497913717733210000</column>
            <column name="date">1407546855</column>
            <column name="name">karenaggcbrazie</column>
            <column name="text">потребительский кредит иркутск сбербанк http://t.co/ajotAyeOj4</column>
            <column name="sberbank">0</column>
            <column name="vtb">NULL</column>
            <column name="gazprom">NULL</column>
            <column name="alfabank">NULL</column>
            <column name="bankmoskvy">NULL</column>
            <column name="raiffeisen">NULL</column>
            <column name="uralsib">NULL</column>
            <column name="rshb">NULL</column>
        </table>
        <table name="bank">
            <column name="id">3760</column>
            <column name="twitid">497914556136820000</column>
            <column name="date">1407547055</column>
            <column name="name">laapp1</column>
            <column name="text">Россельхозбанк и Газпромбанк попросили помощи у государства</column>
            <column name="sberbank">NULL</column>
            <column name="vtb">NULL</column>
            <column name="gazprom">-1</column>
            <column name="alfabank">NULL</column>
            <column name="bankmoskvy">NULL</column>
            <column name="raiffeisen">NULL</column>
            <column name="uralsib">NULL</column>
            <column name="rshb">-1</column>
        </table>
        <table name="bank">
            <column name="id">3761</column>
            <column name="twitid">497914696767650000</column>
            <column name="date">1407547089</column>
            <column name="name">suxoroqakax</column>
            <column name="text">заявка на кредит в райффайзен банке http://t.co/y2DhgGihyv</column>
            <column name="sberbank">NULL</column>
            <column name="vtb">NULL</column>
            <column name="gazprom">NULL</column>
            <column name="alfabank">NULL</column>
            <column name="bankmoskvy">NULL</column>
            <column name="raiffeisen">0</column>
            <column name="uralsib">NULL</column>
            <column name="rshb">NULL</column>
        </table>
        <table name="bank">
            <column name="id">3762</column>
            <column name="twitid">497914855815260000</column>
            <column name="date">1407547127</column>
            <column name="name">andreevott</column>
            <column name="text">Сбербанк приостановит работу в ночь на 11 августа: Сбербанк самый популярный среди банков в РФ предупредил або... http://t.co/C7xY5zQV7s</column>
            <column name="sberbank">+-</column>
            <column name="vtb">NULL</column>
            <column name="gazprom">NULL</column>
            <column name="alfabank">NULL</column>
            <column name="bankmoskvy">NULL</column>
            <column name="raiffeisen">NULL</column>
            <column name="uralsib">NULL</column>
            <column name="rshb">NULL</column>
        </table>
        <table name="bank">
            <column name="id">3763</column>
            <column name="twitid">497914857698500000</column>
            <column name="date">1407547127</column>
            <column name="name">forex4earnru</column>
            <column name="text">Сбербанк приостановит работу в ночь на 11 августа: Сбербанк самый популярный среди банков в РФ предупредил абонентов, что в ночь на 1...</column>
            <column name="sberbank">+-</column>
            <column name="vtb">NULL</column>
            <column name="gazprom">NULL</column>
            <column name="alfabank">NULL</column>
            <column name="bankmoskvy">NULL</column>
            <column name="raiffeisen">NULL</column>
            <column name="uralsib">NULL</column>
            <column name="rshb">NULL</column>
        </table>
        <table name="bank">
            <column name="id">3764</column>
            <column name="twitid">497914857887260000</column>
            <column name="date">1407547127</column>
            <column name="name">BoryaNew</column>
            <column name="text"># Сбербанк приостановит работу в ночь на 11 августа</column>
            <column name="sberbank">-1</column>
            <column name="vtb">NULL</column>
            <column name="gazprom">NULL</column>
            <column name="alfabank">NULL</column>
            <column name="bankmoskvy">NULL</column>
            <column name="raiffeisen">NULL</column>
            <column name="uralsib">NULL</column>
            <column name="rshb">NULL</column>
        </table>
        <table name="bank">
            <column name="id">3765</column>
            <column name="twitid">497914858080190000</column>
            <column name="date">1407547127</column>
            <column name="name">tosha_shadrin</column>
            <column name="text">#финансы Сбербанк приостановит работу в ночь на 11 августа: Сбербанк самый популярный среди банков в РФ предупредил абонентов, что в ...</column>
            <column name="sberbank">+-</column>
            <column name="vtb">NULL</column>
            <column name="gazprom">NULL</column>
            <column name="alfabank">NULL</column>
            <column name="bankmoskvy">NULL</column>
            <column name="raiffeisen">NULL</column>
            <column name="uralsib">NULL</column>
            <column name="rshb">NULL</column>
        </table>
        <table name="bank">
            <column name="id">3766</column>
            <column name="twitid">497914858092780000</column>
            <column name="date">1407547127</column>
            <column name="name">yulya_yusupova</column>
            <column name="text">Сбербанк приостановит работу в ночь на 11 августа: Сбербанк самый популярный среди банков в РФ предупредил абонентов,...  #финансы</column>
            <column name="sberbank">+-</column>
            <column name="vtb">NULL</column>
            <column name="gazprom">NULL</column>
            <column name="alfabank">NULL</column>
            <column name="bankmoskvy">NULL</column>
            <column name="raiffeisen">NULL</column>
            <column name="uralsib">NULL</column>
            <column name="rshb">NULL</column>
        </table>
        <table name="bank">
            <column name="id">3767</column>
            <column name="twitid">497914858495440000</column>
            <column name="date">1407547127</column>
            <column name="name">HrupikowaXenia</column>
            <column name="text">#fyseo_ru #финансы Сбербанк приостановит работу в ночь на 11 августа: Сбербанк самый популярный среди б...  #взаимный #читаю</column>
            <column name="sberbank">+-</column>
            <column name="vtb">NULL</column>
            <column name="gazprom">NULL</column>
            <column name="alfabank">NULL</column>
            <column name="bankmoskvy">NULL</column>
            <column name="raiffeisen">NULL</column>
            <column name="uralsib">NULL</column>
            <column name="rshb">NULL</column>
        </table>
        <table name="bank">
            <column name="id">3768</column>
            <column name="twitid">497914859866960000</column>
            <column name="date">1407547128</column>
            <column name="name">vadyusha_korobk</column>
            <column name="text">Сбербанк приостановит работу в ночь на 11 августа: Сбербанк самый популярный среди банков в РФ предупредил або... http://t.co/B9AE9Wtwpb</column>
            <column name="sberbank">+-</column>
            <column name="vtb">NULL</column>
            <column name="gazprom">NULL</column>
            <column name="alfabank">NULL</column>
            <column name="bankmoskvy">NULL</column>
            <column name="raiffeisen">NULL</column>
            <column name="uralsib">NULL</column>
            <column name="rshb">NULL</column>
        </table>
        <table name="bank">
            <column name="id">3769</column>
            <column name="twitid">497914862698120000</column>
            <column name="date">1407547128</column>
            <column name="name">davidfusher77</column>
            <column name="text">Сбербанк приостановит работу в ночь на 11 августа: Сбербанк самый популярный среди банков в РФ предупредил або... http://t.co/wRORCVSQWd</column>
            <column name="sberbank">+-</column>
            <column name="vtb">NULL</column>
            <column name="gazprom">NULL</column>
            <column name="alfabank">NULL</column>
            <column name="bankmoskvy">NULL</column>
            <column name="raiffeisen">NULL</column>
            <column name="uralsib">NULL</column>
            <column name="rshb">NULL</column>
        </table>
        <table name="bank">
            <column name="id">3770</column>
            <column name="twitid">497914864224830000</column>
            <column name="date">1407547129</column>
            <column name="name">onEspinos</column>
            <column name="text">Сбербанк приостановит работу в ночь на 11 августа: Сбербанк самый популярный среди банков в РФ предупредил або... http://t.co/Thxy0BknAs</column>
            <column name="sberbank">+-</column>
            <column name="vtb">NULL</column>
            <column name="gazprom">NULL</column>
            <column name="alfabank">NULL</column>
            <column name="bankmoskvy">NULL</column>
            <column name="raiffeisen">NULL</column>
            <column name="uralsib">NULL</column>
            <column name="rshb">NULL</column>
        </table>
        <table name="bank">
            <column name="id">3771</column>
            <column name="twitid">497915121801640000</column>
            <column name="date">1407547190</column>
            <column name="name">cudabicotit</column>
            <column name="text">RT @lydycavuwufo: Под новые санкции Евросоюза попали Сбербанк, ВТБ, Газромбанк, Внешэкономбанк, Россельхозбанк</column>
            <column name="sberbank">-1</column>
            <column name="vtb">-1</column>
            <column name="gazprom">NULL</column>
            <column name="alfabank">NULL</column>
            <column name="bankmoskvy">NULL</column>
            <column name="raiffeisen">NULL</column>
            <column name="uralsib">NULL</column>
            <column name="rshb">-1</column>
        </table>
        <table name="bank">
            <column name="id">3772</column>
            <column name="twitid">497915289003360000</column>
            <column name="date">1407547230</column>
            <column name="name">ubblecin</column>
            <column name="text">за невыплату кредита банк втб http://t.co/kYGH8xVx8O</column>
            <column name="sberbank">NULL</column>
            <column name="vtb">0</column>
            <column name="gazprom">NULL</column>
            <column name="alfabank">NULL</column>
            <column name="bankmoskvy">NULL</column>
            <column name="raiffeisen">NULL</column>
            <column name="uralsib">NULL</column>
            <column name="rshb">NULL</column>
        </table>
        <table name="bank">
            <column name="id">3773</column>
            <column name="twitid">497915295093500000</column>
            <column name="date">1407547231</column>
            <column name="name">mejiaspualexand</column>
            <column name="text">кредитные каникулы банк москвы http://t.co/ZoohUhGmRN</column>
            <column name="sberbank">NULL</column>
            <column name="vtb">NULL</column>
            <column name="gazprom">NULL</column>
            <column name="alfabank">NULL</column>
            <column name="bankmoskvy">0</column>
            <column name="raiffeisen">NULL</column>
            <column name="uralsib">NULL</column>
            <column name="rshb">NULL</column>
        </table>
        <table name="bank">
            <column name="id">3774</column>
            <column name="twitid">497915341973250000</column>
            <column name="date">1407547243</column>
            <column name="name">eihykop</column>
            <column name="text">выдает ли кредиты россельхозбанк http://t.co/aB4DQUjEo2</column>
            <column name="sberbank">NULL</column>
            <column name="vtb">NULL</column>
            <column name="gazprom">NULL</column>
            <column name="alfabank">NULL</column>
            <column name="bankmoskvy">NULL</column>
            <column name="raiffeisen">NULL</column>
            <column name="uralsib">NULL</column>
            <column name="rshb">0</column>
        </table>
        <table name="bank">
            <column name="id">3775</column>
            <column name="twitid">497915369609520000</column>
            <column name="date">1407547249</column>
            <column name="name">straderdlmarcel</column>
            <column name="text">кредитный карты альфа банка http://t.co/QMMcY7jOG5</column>
            <column name="sberbank">NULL</column>
            <column name="vtb">NULL</column>
            <column name="gazprom">NULL</column>
            <column name="alfabank">0</column>
            <column name="bankmoskvy">NULL</column>
            <column name="raiffeisen">NULL</column>
            <column name="uralsib">NULL</column>
            <column name="rshb">NULL</column>
        </table>
        <table name="bank">
            <column name="id">3776</column>
            <column name="twitid">497915372432270000</column>
            <column name="date">1407547250</column>
            <column name="name">buluguqyjyg</column>
            <column name="text">Ипотечные кредиты сбербанк иркутск http://t.co/KfMD8pg3G4</column>
            <column name="sberbank">0</column>
            <column name="vtb">NULL</column>
            <column name="gazprom">NULL</column>
            <column name="alfabank">NULL</column>
            <column name="bankmoskvy">NULL</column>
            <column name="raiffeisen">NULL</column>
            <column name="uralsib">NULL</column>
            <column name="rshb">NULL</column>
        </table>
        <table name="bank">
            <column name="id">3777</column>
            <column name="twitid">497915502216610000</column>
            <column name="date">1407547281</column>
            <column name="name">rdeGilli</column>
            <column name="text">банк втб 24 потребительский кредит краснодар http://t.co/Lvzk41eopZ</column>
            <column name="sberbank">NULL</column>
            <column name="vtb">0</column>
            <column name="gazprom">NULL</column>
            <column name="alfabank">NULL</column>
            <column name="bankmoskvy">NULL</column>
            <column name="raiffeisen">NULL</column>
            <column name="uralsib">NULL</column>
            <column name="rshb">NULL</column>
        </table>
        <table name="bank">
            <column name="id">3778</column>
            <column name="twitid">497916213318940000</column>
            <column name="date">1407547450</column>
            <column name="name">coninNewco</column>
            <column name="text">банк москвы кредит наличными в хабаровске http://t.co/6KIIwRqjh5</column>
            <column name="sberbank">NULL</column>
            <column name="vtb">NULL</column>
            <column name="gazprom">NULL</column>
            <column name="alfabank">NULL</column>
            <column name="bankmoskvy">0</column>
            <column name="raiffeisen">NULL</column>
            <column name="uralsib">NULL</column>
            <column name="rshb">NULL</column>
        </table>
        <table name="bank">
            <column name="id">3779</column>
            <column name="twitid">497916303089610000</column>
            <column name="date">1407547472</column>
            <column name="name">katrin__basova</column>
            <column name="text">Вот именно когда мне приспичило пойти в сбербанк восстанавливать потерянную карту, у них по всему городу сломалась система!!!</column>
            <column name="sberbank">-1</column>
            <column name="vtb">NULL</column>
            <column name="gazprom">NULL</column>
            <column name="alfabank">NULL</column>
            <column name="bankmoskvy">NULL</column>
            <column name="raiffeisen">NULL</column>
            <column name="uralsib">NULL</column>
            <column name="rshb">NULL</column>
        </table>
        <table name="bank">
            <column name="id">3780</column>
            <column name="twitid">497916432882360000</column>
            <column name="date">1407547503</column>
            <column name="name">nerobei_</column>
            <column name="text">@talbann это сказал сотрудник райффайзенбанка)</column>
            <column name="sberbank">NULL</column>
            <column name="vtb">NULL</column>
            <column name="gazprom">NULL</column>
            <column name="alfabank">NULL</column>
            <column name="bankmoskvy">NULL</column>
            <column name="raiffeisen">--</column>
            <column name="uralsib">NULL</column>
            <column name="rshb">NULL</column>
        </table>
        <table name="bank">
            <column name="id">3781</column>
            <column name="twitid">497917224976650000</column>
            <column name="date">1407547691</column>
            <column name="name">lidiagzlorenzen</column>
            <column name="text">кто брал автокредит в райффайзенбанк http://t.co/rWILmHUCHs</column>
            <column name="sberbank">NULL</column>
            <column name="vtb">NULL</column>
            <column name="gazprom">NULL</column>
            <column name="alfabank">NULL</column>
            <column name="bankmoskvy">NULL</column>
            <column name="raiffeisen">0</column>
            <column name="uralsib">NULL</column>
            <column name="rshb">NULL</column>
        </table>
        <table name="bank">
            <column name="id">3782</column>
            <column name="twitid">497917400495690000</column>
            <column name="date">1407547733</column>
            <column name="name">BrebanYard</column>
            <column name="text">http://t.co/ibpYMUSl7O Как взять потребительский кредит в альфа банке</column>
            <column name="sberbank">NULL</column>
            <column name="vtb">NULL</column>
            <column name="gazprom">NULL</column>
            <column name="alfabank">0</column>
            <column name="bankmoskvy">NULL</column>
            <column name="raiffeisen">NULL</column>
            <column name="uralsib">NULL</column>
            <column name="rshb">NULL</column>
        </table>
        <table name="bank">
            <column name="id">3783</column>
            <column name="twitid">497917913706150000</column>
            <column name="date">1407547856</column>
            <column name="name">AndreyBur</column>
            <column name="text">#Акции #Сбербанка #и #ВТБ #остались #в индексе #MSCI #Russia http://t.co/tfvh0geOAr</column>
            <column name="sberbank">1</column>
            <column name="vtb">1</column>
            <column name="gazprom">NULL</column>
            <column name="alfabank">NULL</column>
            <column name="bankmoskvy">NULL</column>
            <column name="raiffeisen">NULL</column>
            <column name="uralsib">NULL</column>
            <column name="rshb">NULL</column>
        </table>
        <table name="bank">
            <column name="id">3784</column>
            <column name="twitid">497918278048970000</column>
            <column name="date">1407547943</column>
            <column name="name">tizipegosiqe</column>
            <column name="text">автокредит сбербанк алматы http://t.co/p9EPjWTNR6</column>
            <column name="sberbank">0</column>
            <column name="vtb">NULL</column>
            <column name="gazprom">NULL</column>
            <column name="alfabank">NULL</column>
            <column name="bankmoskvy">NULL</column>
            <column name="raiffeisen">NULL</column>
            <column name="uralsib">NULL</column>
            <column name="rshb">NULL</column>
        </table>
        <table name="bank">
            <column name="id">3785</column>
            <column name="twitid">497918404289110000</column>
            <column name="date">1407547973</column>
            <column name="name">fyodorkostomaro</column>
            <column name="text">Потребительский кредит сбербанк россии в санкт петербурге http://t.co/5i91iobyFW</column>
            <column name="sberbank">0</column>
            <column name="vtb">NULL</column>
            <column name="gazprom">NULL</column>
            <column name="alfabank">NULL</column>
            <column name="bankmoskvy">NULL</column>
            <column name="raiffeisen">NULL</column>
            <column name="uralsib">NULL</column>
            <column name="rshb">NULL</column>
        </table>
        <table name="bank">
            <column name="id">3786</column>
            <column name="twitid">497918493602640000</column>
            <column name="date">1407547994</column>
            <column name="name">IMorshead</column>
            <column name="text">автокредит газпромбанк тюмень http://t.co/W3IkEQPVAa</column>
            <column name="sberbank">NULL</column>
            <column name="vtb">NULL</column>
            <column name="gazprom">0</column>
            <column name="alfabank">NULL</column>
            <column name="bankmoskvy">NULL</column>
            <column name="raiffeisen">NULL</column>
            <column name="uralsib">NULL</column>
            <column name="rshb">NULL</column>
        </table>
        <table name="bank">
            <column name="id">3787</column>
            <column name="twitid">497918538753930000</column>
            <column name="date">1407548005</column>
            <column name="name">pashinovuk</column>
            <column name="text">pashinovuk Сбербанк приостановит работу в ночь на 11 августа</column>
            <column name="sberbank">-1</column>
            <column name="vtb">NULL</column>
            <column name="gazprom">NULL</column>
            <column name="alfabank">NULL</column>
            <column name="bankmoskvy">NULL</column>
            <column name="raiffeisen">NULL</column>
            <column name="uralsib">NULL</column>
            <column name="rshb">NULL</column>
        </table>
        <table name="bank">
            <column name="id">3788</column>
            <column name="twitid">497918545578430000</column>
            <column name="date">1407548006</column>
            <column name="name">motawyfirix</column>
            <column name="text">анкета на потребительский кредит без поручителя в втб 24 рассчитать http://t.co/X8UsQ6xHqQ</column>
            <column name="sberbank">NULL</column>
            <column name="vtb">0</column>
            <column name="gazprom">NULL</column>
            <column name="alfabank">NULL</column>
            <column name="bankmoskvy">NULL</column>
            <column name="raiffeisen">NULL</column>
            <column name="uralsib">NULL</column>
            <column name="rshb">NULL</column>
        </table>
        <table name="bank">
            <column name="id">3789</column>
            <column name="twitid">497918619108790000</column>
            <column name="date">1407548024</column>
            <column name="name">fyzywotuvyby</column>
            <column name="text">RT @revowymabapy: Сбербанк опровергает информацию о взрыве гранаты в одном из отделений Кургана</column>
            <column name="sberbank">+-</column>
            <column name="vtb">NULL</column>
            <column name="gazprom">NULL</column>
            <column name="alfabank">NULL</column>
            <column name="bankmoskvy">NULL</column>
            <column name="raiffeisen">NULL</column>
            <column name="uralsib">NULL</column>
            <column name="rshb">NULL</column>
        </table>
        <table name="bank">
            <column name="id">3790</column>
            <column name="twitid">497919332341810000</column>
            <column name="date">1407548194</column>
            <column name="name">Borisovageolabc</column>
            <column name="text">RT @fivolosezyxe: «Банк Москвы» продаст белорусскую «дочку»</column>
            <column name="sberbank">NULL</column>
            <column name="vtb">NULL</column>
            <column name="gazprom">NULL</column>
            <column name="alfabank">NULL</column>
            <column name="bankmoskvy">0</column>
            <column name="raiffeisen">NULL</column>
            <column name="uralsib">NULL</column>
            <column name="rshb">NULL</column>
        </table>
        <table name="bank">
            <column name="id">3791</column>
            <column name="twitid">497919368559590000</column>
            <column name="date">1407548203</column>
            <column name="name">seemahfwmkeeley</column>
            <column name="text">райффайзен банк ипотечные кредиты http://t.co/ongeE8GyKG</column>
            <column name="sberbank">NULL</column>
            <column name="vtb">NULL</column>
            <column name="gazprom">NULL</column>
            <column name="alfabank">NULL</column>
            <column name="bankmoskvy">NULL</column>
            <column name="raiffeisen">0</column>
            <column name="uralsib">NULL</column>
            <column name="rshb">NULL</column>
        </table>
        <table name="bank">
            <column name="id">3792</column>
            <column name="twitid">497919416219500000</column>
            <column name="date">1407548214</column>
            <column name="name">bessddlundgren</column>
            <column name="text">оао газпромбанк ипотечный кредит http://t.co/E3OhL2B7ae</column>
            <column name="sberbank">NULL</column>
            <column name="vtb">NULL</column>
            <column name="gazprom">0</column>
            <column name="alfabank">NULL</column>
            <column name="bankmoskvy">NULL</column>
            <column name="raiffeisen">NULL</column>
            <column name="uralsib">NULL</column>
            <column name="rshb">NULL</column>
        </table>
        <table name="bank">
            <column name="id">3793</column>
            <column name="twitid">497919418165620000</column>
            <column name="date">1407548214</column>
            <column name="name">vemawofu</column>
            <column name="text">Ноутбуки в кредит альфа банк http://t.co/XbJ1AmcGu1</column>
            <column name="sberbank">NULL</column>
            <column name="vtb">NULL</column>
            <column name="gazprom">NULL</column>
            <column name="alfabank">0</column>
            <column name="bankmoskvy">NULL</column>
            <column name="raiffeisen">NULL</column>
            <column name="uralsib">NULL</column>
            <column name="rshb">NULL</column>
        </table>
        <table name="bank">
            <column name="id">3794</column>
            <column name="twitid">497919891484460000</column>
            <column name="date">1407548327</column>
            <column name="name">nekosipohis</column>
            <column name="text">Райффайзен банк кредиты в екатеринбурге http://t.co/6DHGq6rBKj</column>
            <column name="sberbank">NULL</column>
            <column name="vtb">NULL</column>
            <column name="gazprom">NULL</column>
            <column name="alfabank">NULL</column>
            <column name="bankmoskvy">NULL</column>
            <column name="raiffeisen">0</column>
            <column name="uralsib">NULL</column>
            <column name="rshb">NULL</column>
        </table>
        <table name="bank">
            <column name="id">3795</column>
            <column name="twitid">497921284932920000</column>
            <column name="date">1407548659</column>
            <column name="name">tabethaspdvaca</column>
            <column name="text">ипотечное кредитование в волгограде сбербанк http://t.co/YM02z3xD7d</column>
            <column name="sberbank">0</column>
            <column name="vtb">NULL</column>
            <column name="gazprom">NULL</column>
            <column name="alfabank">NULL</column>
            <column name="bankmoskvy">NULL</column>
            <column name="raiffeisen">NULL</column>
            <column name="uralsib">NULL</column>
            <column name="rshb">NULL</column>
        </table>
        <table name="bank">
            <column name="id">3796</column>
            <column name="twitid">497921293078250000</column>
            <column name="date">1407548661</column>
            <column name="name">fixugiwiqys</column>
            <column name="text">ипотечный кредит райффайзен банка http://t.co/JJ5xC4aGPm</column>
            <column name="sberbank">NULL</column>
            <column name="vtb">NULL</column>
            <column name="gazprom">NULL</column>
            <column name="alfabank">NULL</column>
            <column name="bankmoskvy">NULL</column>
            <column name="raiffeisen">0</column>
            <column name="uralsib">NULL</column>
            <column name="rshb">NULL</column>
        </table>
        <table name="bank">
            <column name="id">3797</column>
            <column name="twitid">497922112359650000</column>
            <column name="date">1407548857</column>
            <column name="name">ErwinEster</column>
            <column name="text">http://t.co/7Z4R0Dhsun Сбербанк предупредил о почти шестичасовых техработах  в ночь на понедельник</column>
            <column name="sberbank">-1</column>
            <column name="vtb">NULL</column>
            <column name="gazprom">NULL</column>
            <column name="alfabank">NULL</column>
            <column name="bankmoskvy">NULL</column>
            <column name="raiffeisen">NULL</column>
            <column name="uralsib">NULL</column>
            <column name="rshb">NULL</column>
        </table>
        <table name="bank">
            <column name="id">3798</column>
            <column name="twitid">497922517026480000</column>
            <column name="date">1407548953</column>
            <column name="name">zuloruqulizu</column>
            <column name="text">автокредиты без первоначального взноса сбербанк http://t.co/7Fh4jaO1cJ</column>
            <column name="sberbank">0</column>
            <column name="vtb">NULL</column>
            <column name="gazprom">NULL</column>
            <column name="alfabank">NULL</column>
            <column name="bankmoskvy">NULL</column>
            <column name="raiffeisen">NULL</column>
            <column name="uralsib">NULL</column>
            <column name="rshb">NULL</column>
        </table>
        <table name="bank">
            <column name="id">3799</column>
            <column name="twitid">497923044808340000</column>
            <column name="date">1407549079</column>
            <column name="name">beDarbonne</column>
            <column name="text">http://t.co/oEojYHXxbR Получить кредитную карту россельхозбанка</column>
            <column name="sberbank">NULL</column>
            <column name="vtb">NULL</column>
            <column name="gazprom">NULL</column>
            <column name="alfabank">NULL</column>
            <column name="bankmoskvy">NULL</column>
            <column name="raiffeisen">NULL</column>
            <column name="uralsib">NULL</column>
            <column name="rshb">0</column>
        </table>
        <table name="bank">
            <column name="id">3800</column>
            <column name="twitid">497923417837170000</column>
            <column name="date">1407549168</column>
            <column name="name">bamujylo</column>
            <column name="text">Потребительский кредит газпромбанка в омске http://t.co/CHRTSirmYo</column>
            <column name="sberbank">NULL</column>
            <column name="vtb">NULL</column>
            <column name="gazprom">0</column>
            <column name="alfabank">NULL</column>
            <column name="bankmoskvy">NULL</column>
            <column name="raiffeisen">NULL</column>
            <column name="uralsib">NULL</column>
            <column name="rshb">NULL</column>
        </table>
    </database>
</pma_xml_export>