<?xml version="1.0" encoding="utf-8"?>
<!--
- phpMyAdmin XML Dump
- version 4.0.4.1
- http://www.phpmyadmin.net
-
- Хост: localhost
- Время создания: Окт 28 2014 г., 09:04
- Версия сервера: 5.6.12
- Версия PHP: 5.5.3
-->

<pma_xml_export version="1.0" xmlns:pma="http://www.phpmyadmin.net/some_doc_url/">
    <!--
    - Structure schemas
    -->
    <pma:structure_schemas>
        <pma:database name="Romip" collation="utf8_general_ci" charset="utf8">
            <pma:table name="bank">
                CREATE TABLE `bank` (
                  `id` int(11) NOT NULL AUTO_INCREMENT,
                  `twitid` bigint(32) NOT NULL DEFAULT '0',
                  `date` varchar(128) DEFAULT NULL,
                  `name` varchar(128) DEFAULT NULL,
                  `text` varchar(256) DEFAULT NULL,
                  `sberbank` int(11) DEFAULT NULL,
                  `vtb` int(11) DEFAULT NULL,
                  `gazprom` int(11) DEFAULT NULL,
                  `alfabank` int(11) DEFAULT NULL,
                  `bankmoskvy` int(11) DEFAULT NULL,
                  `raiffeisen` int(11) DEFAULT NULL,
                  `uralsib` int(11) DEFAULT NULL,
                  `rshb` int(11) DEFAULT NULL,
                  PRIMARY KEY (`id`),
                  UNIQUE KEY `id` (`twitid`)
                ) ENGINE=InnoDB AUTO_INCREMENT=7924 DEFAULT CHARSET=utf8;
            </pma:table>
        </pma:database>
    </pma:structure_schemas>

    <!--
    - База данных: 'Romip'
    -->
    <database name="Romip">
        <!-- Таблица bank -->
        <table name="bank">
            <column name="id">3901</column>
            <column name="twitid">497961719906720000</column>
            <column name="date">1407558300</column>
            <column name="name">vijaafexr</column>
            <column name="text">http://t.co/Ac9VEY17Ll Альфа банк взять второй кредит по зарплатной карте</column>
            <column name="sberbank">NULL</column>
            <column name="vtb">NULL</column>
            <column name="gazprom">NULL</column>
            <column name="alfabank">1</column>
            <column name="bankmoskvy">NULL</column>
            <column name="raiffeisen">NULL</column>
            <column name="uralsib">NULL</column>
            <column name="rshb">NULL</column>
        </table>
        <table name="bank">
            <column name="id">3902</column>
            <column name="twitid">497962498835110000</column>
            <column name="date">1407558486</column>
            <column name="name">zudobyzyvus</column>
            <column name="text">взять в альфа банке кредит безработному в г купино нсо http://t.co/VxOHAjuawj</column>
            <column name="sberbank">NULL</column>
            <column name="vtb">NULL</column>
            <column name="gazprom">NULL</column>
            <column name="alfabank">1</column>
            <column name="bankmoskvy">NULL</column>
            <column name="raiffeisen">NULL</column>
            <column name="uralsib">NULL</column>
            <column name="rshb">NULL</column>
        </table>
        <table name="bank">
            <column name="id">3903</column>
            <column name="twitid">497963096720560000</column>
            <column name="date">1407558628</column>
            <column name="name">nbannox920</column>
            <column name="text">Кредит физическим лицам сбербанк омск http://t.co/2sqZsuKjrz</column>
            <column name="sberbank">0</column>
            <column name="vtb">NULL</column>
            <column name="gazprom">NULL</column>
            <column name="alfabank">NULL</column>
            <column name="bankmoskvy">NULL</column>
            <column name="raiffeisen">NULL</column>
            <column name="uralsib">NULL</column>
            <column name="rshb">NULL</column>
        </table>
        <table name="bank">
            <column name="id">3904</column>
            <column name="twitid">497963188152170000</column>
            <column name="date">1407558650</column>
            <column name="name">Svetlana211196</column>
            <column name="text">Кредитование в втб 24 москва http://t.co/58Qh8M5PVy</column>
            <column name="sberbank">NULL</column>
            <column name="vtb">0</column>
            <column name="gazprom">NULL</column>
            <column name="alfabank">NULL</column>
            <column name="bankmoskvy">NULL</column>
            <column name="raiffeisen">NULL</column>
            <column name="uralsib">NULL</column>
            <column name="rshb">NULL</column>
        </table>
        <table name="bank">
            <column name="id">3905</column>
            <column name="twitid">497963235241660000</column>
            <column name="date">1407558661</column>
            <column name="name">eenbkorts</column>
            <column name="text">условия кредитования сбербанк потребительский кредит http://t.co/L3aUjeJSRe</column>
            <column name="sberbank">0</column>
            <column name="vtb">NULL</column>
            <column name="gazprom">NULL</column>
            <column name="alfabank">NULL</column>
            <column name="bankmoskvy">NULL</column>
            <column name="raiffeisen">NULL</column>
            <column name="uralsib">NULL</column>
            <column name="rshb">NULL</column>
        </table>
        <table name="bank">
            <column name="id">3906</column>
            <column name="twitid">497964463023460000</column>
            <column name="date">1407558954</column>
            <column name="name">bikinymaxuw</column>
            <column name="text">RT @hazyzijavut: Банк Москвы продаст белорусскую &quot;дочку&quot;</column>
            <column name="sberbank">NULL</column>
            <column name="vtb">NULL</column>
            <column name="gazprom">NULL</column>
            <column name="alfabank">NULL</column>
            <column name="bankmoskvy">0</column>
            <column name="raiffeisen">NULL</column>
            <column name="uralsib">NULL</column>
            <column name="rshb">NULL</column>
        </table>
        <table name="bank">
            <column name="id">3907</column>
            <column name="twitid">497964607202660000</column>
            <column name="date">1407558988</column>
            <column name="name">ebiianjyxo</column>
            <column name="text">взять потребительский кредит в россельхозбанке без поручителей http://t.co/2dsuFnr2LT</column>
            <column name="sberbank">NULL</column>
            <column name="vtb">NULL</column>
            <column name="gazprom">NULL</column>
            <column name="alfabank">NULL</column>
            <column name="bankmoskvy">NULL</column>
            <column name="raiffeisen">NULL</column>
            <column name="uralsib">NULL</column>
            <column name="rshb">1</column>
        </table>
        <table name="bank">
            <column name="id">3908</column>
            <column name="twitid">497965072262890000</column>
            <column name="date">1407559099</column>
            <column name="name">idjoxedos</column>
            <column name="text">Банк втб 24 кредит в оренбурге http://t.co/uEPead3Rey</column>
            <column name="sberbank">NULL</column>
            <column name="vtb">0</column>
            <column name="gazprom">NULL</column>
            <column name="alfabank">NULL</column>
            <column name="bankmoskvy">NULL</column>
            <column name="raiffeisen">NULL</column>
            <column name="uralsib">NULL</column>
            <column name="rshb">NULL</column>
        </table>
        <table name="bank">
            <column name="id">3909</column>
            <column name="twitid">497965214298800000</column>
            <column name="date">1407559133</column>
            <column name="name">mauragcbernhard</column>
            <column name="text">Новые ставки по кредитам сбербанк россии http://t.co/2cgs1qNeSY</column>
            <column name="sberbank">0</column>
            <column name="vtb">NULL</column>
            <column name="gazprom">NULL</column>
            <column name="alfabank">NULL</column>
            <column name="bankmoskvy">NULL</column>
            <column name="raiffeisen">NULL</column>
            <column name="uralsib">NULL</column>
            <column name="rshb">NULL</column>
        </table>
        <table name="bank">
            <column name="id">3910</column>
            <column name="twitid">497965215670340000</column>
            <column name="date">1407559133</column>
            <column name="name">hymilyastk</column>
            <column name="text">кредит на покупку автомобиля рубли сбербанк http://t.co/hrJpxYpSJu</column>
            <column name="sberbank">0</column>
            <column name="vtb">NULL</column>
            <column name="gazprom">NULL</column>
            <column name="alfabank">NULL</column>
            <column name="bankmoskvy">NULL</column>
            <column name="raiffeisen">NULL</column>
            <column name="uralsib">NULL</column>
            <column name="rshb">NULL</column>
        </table>
        <table name="bank">
            <column name="id">3911</column>
            <column name="twitid">497965574639850000</column>
            <column name="date">1407559219</column>
            <column name="name">gesutobexyw</column>
            <column name="text">банк втб 24 самара ипотека http://t.co/9pUd4liunY</column>
            <column name="sberbank">NULL</column>
            <column name="vtb">0</column>
            <column name="gazprom">NULL</column>
            <column name="alfabank">NULL</column>
            <column name="bankmoskvy">NULL</column>
            <column name="raiffeisen">NULL</column>
            <column name="uralsib">NULL</column>
            <column name="rshb">NULL</column>
        </table>
        <table name="bank">
            <column name="id">3912</column>
            <column name="twitid">497965579727540000</column>
            <column name="date">1407559220</column>
            <column name="name">lezycecoxeva</column>
            <column name="text">ипотека молодая семья воронеж сбербанк http://t.co/PHkF0svo98</column>
            <column name="sberbank">0</column>
            <column name="vtb">NULL</column>
            <column name="gazprom">NULL</column>
            <column name="alfabank">NULL</column>
            <column name="bankmoskvy">NULL</column>
            <column name="raiffeisen">NULL</column>
            <column name="uralsib">NULL</column>
            <column name="rshb">NULL</column>
        </table>
        <table name="bank">
            <column name="id">3913</column>
            <column name="twitid">497965614250860000</column>
            <column name="date">1407559228</column>
            <column name="name">E_Osipov26</column>
            <column name="text">США в связи с ситуацией на Украине ввели санкции против «Банка Москвы», ВТБ и Россельхозбанка. Об этом сообщается на сайте министерства фин</column>
            <column name="sberbank">NULL</column>
            <column name="vtb">-1</column>
            <column name="gazprom">NULL</column>
            <column name="alfabank">NULL</column>
            <column name="bankmoskvy">-1</column>
            <column name="raiffeisen">NULL</column>
            <column name="uralsib">NULL</column>
            <column name="rshb">-1</column>
        </table>
        <table name="bank">
            <column name="id">3914</column>
            <column name="twitid">497966079499830000</column>
            <column name="date">1407559339</column>
            <column name="name">rakyzatokig</column>
            <column name="text">банк москвы калькулятор кредита сбербанк бланк http://t.co/qcvjvMrOlV</column>
            <column name="sberbank">0</column>
            <column name="vtb">NULL</column>
            <column name="gazprom">NULL</column>
            <column name="alfabank">NULL</column>
            <column name="bankmoskvy">0</column>
            <column name="raiffeisen">NULL</column>
            <column name="uralsib">NULL</column>
            <column name="rshb">NULL</column>
        </table>
        <table name="bank">
            <column name="id">3915</column>
            <column name="twitid">497966625443050000</column>
            <column name="date">1407559469</column>
            <column name="name">eme1chenko10027</column>
            <column name="text">Кредит клиенту альфа банк калининград http://t.co/4fc1SlxUq7</column>
            <column name="sberbank">NULL</column>
            <column name="vtb">NULL</column>
            <column name="gazprom">NULL</column>
            <column name="alfabank">0</column>
            <column name="bankmoskvy">NULL</column>
            <column name="raiffeisen">NULL</column>
            <column name="uralsib">NULL</column>
            <column name="rshb">NULL</column>
        </table>
        <table name="bank">
            <column name="id">3916</column>
            <column name="twitid">497966718850200000</column>
            <column name="date">1407559492</column>
            <column name="name">timedahi</column>
            <column name="text">Кредиты физическим лицам сбербанк без поручительства http://t.co/NRI4pllUjq</column>
            <column name="sberbank">1</column>
            <column name="vtb">NULL</column>
            <column name="gazprom">NULL</column>
            <column name="alfabank">NULL</column>
            <column name="bankmoskvy">NULL</column>
            <column name="raiffeisen">NULL</column>
            <column name="uralsib">NULL</column>
            <column name="rshb">NULL</column>
        </table>
        <table name="bank">
            <column name="id">3917</column>
            <column name="twitid">497966719642930000</column>
            <column name="date">1407559492</column>
            <column name="name">daqenaqu</column>
            <column name="text">пыть ях сбербанк кредит http://t.co/fzWis8EdHv</column>
            <column name="sberbank">--</column>
            <column name="vtb">NULL</column>
            <column name="gazprom">NULL</column>
            <column name="alfabank">NULL</column>
            <column name="bankmoskvy">NULL</column>
            <column name="raiffeisen">NULL</column>
            <column name="uralsib">NULL</column>
            <column name="rshb">NULL</column>
        </table>
        <table name="bank">
            <column name="id">3918</column>
            <column name="twitid">497966853680280000</column>
            <column name="date">1407559524</column>
            <column name="name">pixogusaluji</column>
            <column name="text">взять кредит в втб 24 в мончегорске http://t.co/LLxJtOr9nl</column>
            <column name="sberbank">NULL</column>
            <column name="vtb">0</column>
            <column name="gazprom">NULL</column>
            <column name="alfabank">NULL</column>
            <column name="bankmoskvy">NULL</column>
            <column name="raiffeisen">NULL</column>
            <column name="uralsib">NULL</column>
            <column name="rshb">NULL</column>
        </table>
        <table name="bank">
            <column name="id">3919</column>
            <column name="twitid">497968725656870000</column>
            <column name="date">1407559970</column>
            <column name="name">inesrsdkillion</column>
            <column name="text">кредиты райффайзенбанка малому бизнесу http://t.co/b80Bp6eiCD</column>
            <column name="sberbank">NULL</column>
            <column name="vtb">NULL</column>
            <column name="gazprom">NULL</column>
            <column name="alfabank">NULL</column>
            <column name="bankmoskvy">NULL</column>
            <column name="raiffeisen">0</column>
            <column name="uralsib">NULL</column>
            <column name="rshb">NULL</column>
        </table>
        <table name="bank">
            <column name="id">3920</column>
            <column name="twitid">497969033992740000</column>
            <column name="date">1407560044</column>
            <column name="name">fadawumemip</column>
            <column name="text">ипотека газпромбанк самара http://t.co/LktFjqURqH</column>
            <column name="sberbank">NULL</column>
            <column name="vtb">NULL</column>
            <column name="gazprom">0</column>
            <column name="alfabank">NULL</column>
            <column name="bankmoskvy">NULL</column>
            <column name="raiffeisen">NULL</column>
            <column name="uralsib">NULL</column>
            <column name="rshb">NULL</column>
        </table>
        <table name="bank">
            <column name="id">3921</column>
            <column name="twitid">497969605617660000</column>
            <column name="date">1407560180</column>
            <column name="name">rokiwyxomimy</column>
            <column name="text">взять кредит в сбер банке http://t.co/tmXNr1OUKZ</column>
            <column name="sberbank">0</column>
            <column name="vtb">NULL</column>
            <column name="gazprom">NULL</column>
            <column name="alfabank">NULL</column>
            <column name="bankmoskvy">NULL</column>
            <column name="raiffeisen">NULL</column>
            <column name="uralsib">NULL</column>
            <column name="rshb">NULL</column>
        </table>
        <table name="bank">
            <column name="id">3922</column>
            <column name="twitid">497970135068860000</column>
            <column name="date">1407560306</column>
            <column name="name">hosyviny</column>
            <column name="text">Кредит наличными деньгами альфа банк http://t.co/DrJLOW3t6k</column>
            <column name="sberbank">NULL</column>
            <column name="vtb">NULL</column>
            <column name="gazprom">NULL</column>
            <column name="alfabank">0</column>
            <column name="bankmoskvy">NULL</column>
            <column name="raiffeisen">NULL</column>
            <column name="uralsib">NULL</column>
            <column name="rshb">NULL</column>
        </table>
        <table name="bank">
            <column name="id">3923</column>
            <column name="twitid">497970140668240000</column>
            <column name="date">1407560308</column>
            <column name="name">xufyhyrog</column>
            <column name="text">Партнеры по жилищному кредиту сбербанк http://t.co/ldnBBbQcX3</column>
            <column name="sberbank">0</column>
            <column name="vtb">NULL</column>
            <column name="gazprom">NULL</column>
            <column name="alfabank">NULL</column>
            <column name="bankmoskvy">NULL</column>
            <column name="raiffeisen">NULL</column>
            <column name="uralsib">NULL</column>
            <column name="rshb">NULL</column>
        </table>
        <table name="bank">
            <column name="id">3924</column>
            <column name="twitid">497970184209310000</column>
            <column name="date">1407560318</column>
            <column name="name">ekoneujkid</column>
            <column name="text">БАНК УРАЛСИБ получил Национальную банковскую премию</column>
            <column name="sberbank">NULL</column>
            <column name="vtb">NULL</column>
            <column name="gazprom">NULL</column>
            <column name="alfabank">NULL</column>
            <column name="bankmoskvy">NULL</column>
            <column name="raiffeisen">NULL</column>
            <column name="uralsib">1</column>
            <column name="rshb">NULL</column>
        </table>
        <table name="bank">
            <column name="id">3925</column>
            <column name="twitid">497970857357350000</column>
            <column name="date">1407560478</column>
            <column name="name">enasacfuper</column>
            <column name="text">кредит молодежный сбербанк http://t.co/4VcAPA2IUI</column>
            <column name="sberbank">0</column>
            <column name="vtb">NULL</column>
            <column name="gazprom">NULL</column>
            <column name="alfabank">NULL</column>
            <column name="bankmoskvy">NULL</column>
            <column name="raiffeisen">NULL</column>
            <column name="uralsib">NULL</column>
            <column name="rshb">NULL</column>
        </table>
        <table name="bank">
            <column name="id">3926</column>
            <column name="twitid">497971723896380000</column>
            <column name="date">1407560685</column>
            <column name="name">liaSideris</column>
            <column name="text">http://t.co/qhVRLN3qtI Взять кредит втб 24 банк хабаровск</column>
            <column name="sberbank">NULL</column>
            <column name="vtb">0</column>
            <column name="gazprom">NULL</column>
            <column name="alfabank">NULL</column>
            <column name="bankmoskvy">NULL</column>
            <column name="raiffeisen">NULL</column>
            <column name="uralsib">NULL</column>
            <column name="rshb">NULL</column>
        </table>
        <table name="bank">
            <column name="id">3927</column>
            <column name="twitid">497972338806520000</column>
            <column name="date">1407560832</column>
            <column name="name">ruvuvyvumahy</column>
            <column name="text">банк москвы подать заявку на кредит через интернет http://t.co/SN5qqQm2g5</column>
            <column name="sberbank">NULL</column>
            <column name="vtb">NULL</column>
            <column name="gazprom">NULL</column>
            <column name="alfabank">NULL</column>
            <column name="bankmoskvy">1</column>
            <column name="raiffeisen">NULL</column>
            <column name="uralsib">NULL</column>
            <column name="rshb">NULL</column>
        </table>
        <table name="bank">
            <column name="id">3928</column>
            <column name="twitid">497972814914540000</column>
            <column name="date">1407560945</column>
            <column name="name">ttoHutchin</column>
            <column name="text">банк втб 24 иваново ипотека http://t.co/EXQuTVvIbk</column>
            <column name="sberbank">NULL</column>
            <column name="vtb">0</column>
            <column name="gazprom">NULL</column>
            <column name="alfabank">NULL</column>
            <column name="bankmoskvy">NULL</column>
            <column name="raiffeisen">NULL</column>
            <column name="uralsib">NULL</column>
            <column name="rshb">NULL</column>
        </table>
        <table name="bank">
            <column name="id">3929</column>
            <column name="twitid">497973344097280000</column>
            <column name="date">1407561071</column>
            <column name="name">jeperyjijoji</column>
            <column name="text">банк втб 24 калькулятор потребительского кредита калькулятор http://t.co/DpSrgVfkdb</column>
            <column name="sberbank">NULL</column>
            <column name="vtb">0</column>
            <column name="gazprom">NULL</column>
            <column name="alfabank">NULL</column>
            <column name="bankmoskvy">NULL</column>
            <column name="raiffeisen">NULL</column>
            <column name="uralsib">NULL</column>
            <column name="rshb">NULL</column>
        </table>
        <table name="bank">
            <column name="id">3930</column>
            <column name="twitid">497973344898400000</column>
            <column name="date">1407561071</column>
            <column name="name">knyazevrus</column>
            <column name="text">Работа, Работа )) (@ Сбербанк России Дополнительный офис - @sberbank in город Москва) https://t.co/T3yHbdxw1X http://t.co/ig98iEFG7V</column>
            <column name="sberbank">1</column>
            <column name="vtb">NULL</column>
            <column name="gazprom">NULL</column>
            <column name="alfabank">NULL</column>
            <column name="bankmoskvy">NULL</column>
            <column name="raiffeisen">NULL</column>
            <column name="uralsib">NULL</column>
            <column name="rshb">NULL</column>
        </table>
        <table name="bank">
            <column name="id">3931</column>
            <column name="twitid">497974797109060000</column>
            <column name="date">1407561418</column>
            <column name="name">copuxymyfu</column>
            <column name="text">Наличный в кредит райффайзенбанк http://t.co/gcxMDvIw3P</column>
            <column name="sberbank">NULL</column>
            <column name="vtb">NULL</column>
            <column name="gazprom">NULL</column>
            <column name="alfabank">NULL</column>
            <column name="bankmoskvy">NULL</column>
            <column name="raiffeisen">0</column>
            <column name="uralsib">NULL</column>
            <column name="rshb">NULL</column>
        </table>
        <table name="bank">
            <column name="id">3932</column>
            <column name="twitid">497976585962930000</column>
            <column name="date">1407561844</column>
            <column name="name">tohizecahary</column>
            <column name="text">автокредит сбербанк в ижевске http://t.co/XdEpq0y0GA</column>
            <column name="sberbank">0</column>
            <column name="vtb">NULL</column>
            <column name="gazprom">NULL</column>
            <column name="alfabank">NULL</column>
            <column name="bankmoskvy">NULL</column>
            <column name="raiffeisen">NULL</column>
            <column name="uralsib">NULL</column>
            <column name="rshb">NULL</column>
        </table>
        <table name="bank">
            <column name="id">3933</column>
            <column name="twitid">497976668158710000</column>
            <column name="date">1407561864</column>
            <column name="name">covotti_loreena</column>
            <column name="text">банк втб 24 взять кредит с плохой графикой http://t.co/1YjVVmInfe</column>
            <column name="sberbank">NULL</column>
            <column name="vtb">--</column>
            <column name="gazprom">NULL</column>
            <column name="alfabank">NULL</column>
            <column name="bankmoskvy">NULL</column>
            <column name="raiffeisen">NULL</column>
            <column name="uralsib">NULL</column>
            <column name="rshb">NULL</column>
        </table>
        <table name="bank">
            <column name="id">3934</column>
            <column name="twitid">497977285845450000</column>
            <column name="date">1407562011</column>
            <column name="name">desireohotchkis</column>
            <column name="text">авто кредитный калькулятор сбербанк http://t.co/wz6XPayrWh</column>
            <column name="sberbank">0</column>
            <column name="vtb">NULL</column>
            <column name="gazprom">NULL</column>
            <column name="alfabank">NULL</column>
            <column name="bankmoskvy">NULL</column>
            <column name="raiffeisen">NULL</column>
            <column name="uralsib">NULL</column>
            <column name="rshb">NULL</column>
        </table>
        <table name="bank">
            <column name="id">3935</column>
            <column name="twitid">497977336906910000</column>
            <column name="date">1407562023</column>
            <column name="name">bytevumaxite</column>
            <column name="text">ипотечный кредит от втб 24 http://t.co/FdridOrQvW</column>
            <column name="sberbank">NULL</column>
            <column name="vtb">0</column>
            <column name="gazprom">NULL</column>
            <column name="alfabank">NULL</column>
            <column name="bankmoskvy">NULL</column>
            <column name="raiffeisen">NULL</column>
            <column name="uralsib">NULL</column>
            <column name="rshb">NULL</column>
        </table>
        <table name="bank">
            <column name="id">3936</column>
            <column name="twitid">497977731649630000</column>
            <column name="date">1407562117</column>
            <column name="name">vawosaqeg</column>
            <column name="text">Кредитный калькулятор по ипотеке втб 24 http://t.co/v1PA6SlFGw</column>
            <column name="sberbank">NULL</column>
            <column name="vtb">0</column>
            <column name="gazprom">NULL</column>
            <column name="alfabank">NULL</column>
            <column name="bankmoskvy">NULL</column>
            <column name="raiffeisen">NULL</column>
            <column name="uralsib">NULL</column>
            <column name="rshb">NULL</column>
        </table>
        <table name="bank">
            <column name="id">3937</column>
            <column name="twitid">497977821512610000</column>
            <column name="date">1407562139</column>
            <column name="name">wcbodimyn8</column>
            <column name="text">потребительский кредит от альфа банка http://t.co/kRYF0Vwh6B</column>
            <column name="sberbank">NULL</column>
            <column name="vtb">NULL</column>
            <column name="gazprom">NULL</column>
            <column name="alfabank">0</column>
            <column name="bankmoskvy">NULL</column>
            <column name="raiffeisen">NULL</column>
            <column name="uralsib">NULL</column>
            <column name="rshb">NULL</column>
        </table>
        <table name="bank">
            <column name="id">3938</column>
            <column name="twitid">497978349218990000</column>
            <column name="date">1407562265</column>
            <column name="name">eliceStr</column>
            <column name="text">http://t.co/YGRZQdTzKK Как получить справку в банке втб 24 что кредит погашен</column>
            <column name="sberbank">NULL</column>
            <column name="vtb">0</column>
            <column name="gazprom">NULL</column>
            <column name="alfabank">NULL</column>
            <column name="bankmoskvy">NULL</column>
            <column name="raiffeisen">NULL</column>
            <column name="uralsib">NULL</column>
            <column name="rshb">NULL</column>
        </table>
        <table name="bank">
            <column name="id">3939</column>
            <column name="twitid">497978534422650000</column>
            <column name="date">1407562309</column>
            <column name="name">vijaafexr</column>
            <column name="text">http://t.co/Bpn4V7kMwc Как взять кредит в россельхозбанк в котельниково</column>
            <column name="sberbank">NULL</column>
            <column name="vtb">NULL</column>
            <column name="gazprom">NULL</column>
            <column name="alfabank">NULL</column>
            <column name="bankmoskvy">NULL</column>
            <column name="raiffeisen">NULL</column>
            <column name="uralsib">NULL</column>
            <column name="rshb">0</column>
        </table>
        <table name="bank">
            <column name="id">3940</column>
            <column name="twitid">497978635387940000</column>
            <column name="date">1407562333</column>
            <column name="name">intercreditru</column>
            <column name="text">Reuters: Сбербанк не планирует привлечения нового акционерного капитала - http://t.co/wv6uzTWL0z #Финансы #Кредит #Банк</column>
            <column name="sberbank">0</column>
            <column name="vtb">NULL</column>
            <column name="gazprom">NULL</column>
            <column name="alfabank">NULL</column>
            <column name="bankmoskvy">NULL</column>
            <column name="raiffeisen">NULL</column>
            <column name="uralsib">NULL</column>
            <column name="rshb">NULL</column>
        </table>
        <table name="bank">
            <column name="id">3941</column>
            <column name="twitid">497978683878280000</column>
            <column name="date">1407562344</column>
            <column name="name">linyxawypywy</column>
            <column name="text">анкета на потребительский кредит без поручителя в втб 24 москва http://t.co/vI1Foshzna</column>
            <column name="sberbank">NULL</column>
            <column name="vtb">0</column>
            <column name="gazprom">NULL</column>
            <column name="alfabank">NULL</column>
            <column name="bankmoskvy">NULL</column>
            <column name="raiffeisen">NULL</column>
            <column name="uralsib">NULL</column>
            <column name="rshb">NULL</column>
        </table>
        <table name="bank">
            <column name="id">3942</column>
            <column name="twitid">497978774664000000</column>
            <column name="date">1407562366</column>
            <column name="name">nafixujyru</column>
            <column name="text">Газель в кредит в спб сбербанк http://t.co/FxzOeqI2Is</column>
            <column name="sberbank">0</column>
            <column name="vtb">NULL</column>
            <column name="gazprom">NULL</column>
            <column name="alfabank">NULL</column>
            <column name="bankmoskvy">NULL</column>
            <column name="raiffeisen">NULL</column>
            <column name="uralsib">NULL</column>
            <column name="rshb">NULL</column>
        </table>
        <table name="bank">
            <column name="id">3943</column>
            <column name="twitid">497978868368950000</column>
            <column name="date">1407562388</column>
            <column name="name">jyfuragomez</column>
            <column name="text">заявление на кредит в втб 24 через интернет http://t.co/qkG27J19zh</column>
            <column name="sberbank">NULL</column>
            <column name="vtb">1</column>
            <column name="gazprom">NULL</column>
            <column name="alfabank">NULL</column>
            <column name="bankmoskvy">NULL</column>
            <column name="raiffeisen">NULL</column>
            <column name="uralsib">NULL</column>
            <column name="rshb">NULL</column>
        </table>
        <table name="bank">
            <column name="id">3944</column>
            <column name="twitid">497979047608340000</column>
            <column name="date">1407562431</column>
            <column name="name">beDarbonne</column>
            <column name="text">http://t.co/dilJc2Hq1O Альфабанк полтавская область оформить кредит наличными</column>
            <column name="sberbank">NULL</column>
            <column name="vtb">NULL</column>
            <column name="gazprom">NULL</column>
            <column name="alfabank">0</column>
            <column name="bankmoskvy">NULL</column>
            <column name="raiffeisen">NULL</column>
            <column name="uralsib">NULL</column>
            <column name="rshb">NULL</column>
        </table>
        <table name="bank">
            <column name="id">3945</column>
            <column name="twitid">497979289888120000</column>
            <column name="date">1407562489</column>
            <column name="name">irghubnonx</column>
            <column name="text">денежный кредит в банке банк москвы http://t.co/7sQKnBeG9Z</column>
            <column name="sberbank">NULL</column>
            <column name="vtb">NULL</column>
            <column name="gazprom">NULL</column>
            <column name="alfabank">NULL</column>
            <column name="bankmoskvy">0</column>
            <column name="raiffeisen">NULL</column>
            <column name="uralsib">NULL</column>
            <column name="rshb">NULL</column>
        </table>
        <table name="bank">
            <column name="id">3946</column>
            <column name="twitid">497979384259960000</column>
            <column name="date">1407562511</column>
            <column name="name">ridymitazyqe</column>
            <column name="text">банк москвы новосибирск потребительский кредит калькулятор http://t.co/QvIWba9lLk</column>
            <column name="sberbank">NULL</column>
            <column name="vtb">NULL</column>
            <column name="gazprom">NULL</column>
            <column name="alfabank">NULL</column>
            <column name="bankmoskvy">0</column>
            <column name="raiffeisen">NULL</column>
            <column name="uralsib">NULL</column>
            <column name="rshb">NULL</column>
        </table>
        <table name="bank">
            <column name="id">3947</column>
            <column name="twitid">497980141067580000</column>
            <column name="date">1407562692</column>
            <column name="name">luisatkfbretz</column>
            <column name="text">вид кредитования сбербанк россии http://t.co/wKy3LJ2SXT</column>
            <column name="sberbank">0</column>
            <column name="vtb">NULL</column>
            <column name="gazprom">NULL</column>
            <column name="alfabank">NULL</column>
            <column name="bankmoskvy">NULL</column>
            <column name="raiffeisen">NULL</column>
            <column name="uralsib">NULL</column>
            <column name="rshb">NULL</column>
        </table>
        <table name="bank">
            <column name="id">3948</column>
            <column name="twitid">497981250553280000</column>
            <column name="date">1407562956</column>
            <column name="name">lamonicacxscrut</column>
            <column name="text">ипотечный кредит через сбербанк http://t.co/Ke6SQTSyTI</column>
            <column name="sberbank">0</column>
            <column name="vtb">NULL</column>
            <column name="gazprom">NULL</column>
            <column name="alfabank">NULL</column>
            <column name="bankmoskvy">NULL</column>
            <column name="raiffeisen">NULL</column>
            <column name="uralsib">NULL</column>
            <column name="rshb">NULL</column>
        </table>
        <table name="bank">
            <column name="id">3949</column>
            <column name="twitid">497981717802930000</column>
            <column name="date">1407563068</column>
            <column name="name">puseveputa</column>
            <column name="text">Кредиты под поручительство собственников сбербанк http://t.co/ZmPQTK04DV</column>
            <column name="sberbank">0</column>
            <column name="vtb">NULL</column>
            <column name="gazprom">NULL</column>
            <column name="alfabank">NULL</column>
            <column name="bankmoskvy">NULL</column>
            <column name="raiffeisen">NULL</column>
            <column name="uralsib">NULL</column>
            <column name="rshb">NULL</column>
        </table>
        <table name="bank">
            <column name="id">3950</column>
            <column name="twitid">497982827099870000</column>
            <column name="date">1407563332</column>
            <column name="name">waxoxomu</column>
            <column name="text">Райффайзенбанк потребительский кредит условия http://t.co/sSiXoto4Z0</column>
            <column name="sberbank">NULL</column>
            <column name="vtb">NULL</column>
            <column name="gazprom">NULL</column>
            <column name="alfabank">NULL</column>
            <column name="bankmoskvy">NULL</column>
            <column name="raiffeisen">0</column>
            <column name="uralsib">NULL</column>
            <column name="rshb">NULL</column>
        </table>
        <table name="bank">
            <column name="id">3951</column>
            <column name="twitid">497983210278900000</column>
            <column name="date">1407563424</column>
            <column name="name">dysuqubybom</column>
            <column name="text">Банк уралсиб вологда отдел розничного кредитования http://t.co/WwCsbOfPUD</column>
            <column name="sberbank">NULL</column>
            <column name="vtb">NULL</column>
            <column name="gazprom">NULL</column>
            <column name="alfabank">NULL</column>
            <column name="bankmoskvy">NULL</column>
            <column name="raiffeisen">NULL</column>
            <column name="uralsib">0</column>
            <column name="rshb">NULL</column>
        </table>
        <table name="bank">
            <column name="id">3952</column>
            <column name="twitid">497984719527870000</column>
            <column name="date">1407563783</column>
            <column name="name">zentbeyotc</column>
            <column name="text">банки втб 24 с кредитным калькулятором http://t.co/IGkeasVF2G</column>
            <column name="sberbank">NULL</column>
            <column name="vtb">0</column>
            <column name="gazprom">NULL</column>
            <column name="alfabank">NULL</column>
            <column name="bankmoskvy">NULL</column>
            <column name="raiffeisen">NULL</column>
            <column name="uralsib">NULL</column>
            <column name="rshb">NULL</column>
        </table>
        <table name="bank">
            <column name="id">3953</column>
            <column name="twitid">497985338380660000</column>
            <column name="date">1407563931</column>
            <column name="name">christeendedger</column>
            <column name="text">кредит сбербанк россии оренбургской области http://t.co/xiGCIZ2bw3</column>
            <column name="sberbank">0</column>
            <column name="vtb">NULL</column>
            <column name="gazprom">NULL</column>
            <column name="alfabank">NULL</column>
            <column name="bankmoskvy">NULL</column>
            <column name="raiffeisen">NULL</column>
            <column name="uralsib">NULL</column>
            <column name="rshb">NULL</column>
        </table>
        <table name="bank">
            <column name="id">3954</column>
            <column name="twitid">497986844026770000</column>
            <column name="date">1407564290</column>
            <column name="name">sotyqugomop</column>
            <column name="text">Заявление о получении кредита сбербанк http://t.co/9Vr9rVbmG7</column>
            <column name="sberbank">0</column>
            <column name="vtb">NULL</column>
            <column name="gazprom">NULL</column>
            <column name="alfabank">NULL</column>
            <column name="bankmoskvy">NULL</column>
            <column name="raiffeisen">NULL</column>
            <column name="uralsib">NULL</column>
            <column name="rshb">NULL</column>
        </table>
        <table name="bank">
            <column name="id">3955</column>
            <column name="twitid">497987699593450000</column>
            <column name="date">1407564494</column>
            <column name="name">pytpcitkorino</column>
            <column name="text">потребительский кредит в кемерово сбербанк http://t.co/FLuNCbbuJv</column>
            <column name="sberbank">0</column>
            <column name="vtb">NULL</column>
            <column name="gazprom">NULL</column>
            <column name="alfabank">NULL</column>
            <column name="bankmoskvy">NULL</column>
            <column name="raiffeisen">NULL</column>
            <column name="uralsib">NULL</column>
            <column name="rshb">NULL</column>
        </table>
        <table name="bank">
            <column name="id">3956</column>
            <column name="twitid">497987737665150000</column>
            <column name="date">1407564503</column>
            <column name="name">hofijogamove</column>
            <column name="text">RT @ridodemikuqe: автокредит втб 24 уфа революционная http://t.co/nHjMwEL1Ng</column>
            <column name="sberbank">NULL</column>
            <column name="vtb">0</column>
            <column name="gazprom">NULL</column>
            <column name="alfabank">NULL</column>
            <column name="bankmoskvy">NULL</column>
            <column name="raiffeisen">NULL</column>
            <column name="uralsib">NULL</column>
            <column name="rshb">NULL</column>
        </table>
        <table name="bank">
            <column name="id">3957</column>
            <column name="twitid">497988274938730000</column>
            <column name="date">1407564631</column>
            <column name="name">rebulezaty</column>
            <column name="text">В втб 24 не одобрили кредит http://t.co/JrRYTjmp4G</column>
            <column name="sberbank">NULL</column>
            <column name="vtb">-1</column>
            <column name="gazprom">NULL</column>
            <column name="alfabank">NULL</column>
            <column name="bankmoskvy">NULL</column>
            <column name="raiffeisen">NULL</column>
            <column name="uralsib">NULL</column>
            <column name="rshb">NULL</column>
        </table>
        <table name="bank">
            <column name="id">3958</column>
            <column name="twitid">497989208368510000</column>
            <column name="date">1407564854</column>
            <column name="name">ranegufyvamy</column>
            <column name="text">RT @berukyqenuc: альфа банк ипотека в украине http://t.co/h43uHz0gOw</column>
            <column name="sberbank">NULL</column>
            <column name="vtb">NULL</column>
            <column name="gazprom">NULL</column>
            <column name="alfabank">1</column>
            <column name="bankmoskvy">NULL</column>
            <column name="raiffeisen">NULL</column>
            <column name="uralsib">NULL</column>
            <column name="rshb">NULL</column>
        </table>
        <table name="bank">
            <column name="id">3959</column>
            <column name="twitid">497989259782280000</column>
            <column name="date">1407564866</column>
            <column name="name">shebapvbaylor</column>
            <column name="text">ответственность поручителей по кредиту сбербанк http://t.co/WWowtE2L0G</column>
            <column name="sberbank">0</column>
            <column name="vtb">NULL</column>
            <column name="gazprom">NULL</column>
            <column name="alfabank">NULL</column>
            <column name="bankmoskvy">NULL</column>
            <column name="raiffeisen">NULL</column>
            <column name="uralsib">NULL</column>
            <column name="rshb">NULL</column>
        </table>
        <table name="bank">
            <column name="id">3960</column>
            <column name="twitid">497989722787290000</column>
            <column name="date">1407564976</column>
            <column name="name">towohikusy</column>
            <column name="text">Ставки по кредиту втб 24 http://t.co/OhDh5mOR5Q</column>
            <column name="sberbank">NULL</column>
            <column name="vtb">0</column>
            <column name="gazprom">NULL</column>
            <column name="alfabank">NULL</column>
            <column name="bankmoskvy">NULL</column>
            <column name="raiffeisen">NULL</column>
            <column name="uralsib">NULL</column>
            <column name="rshb">NULL</column>
        </table>
        <table name="bank">
            <column name="id">3961</column>
            <column name="twitid">497989769436340000</column>
            <column name="date">1407564987</column>
            <column name="name">samathawnpvjacq</column>
            <column name="text">юго западный сбербанк кредит http://t.co/KiM9GBLeG9</column>
            <column name="sberbank">0</column>
            <column name="vtb">NULL</column>
            <column name="gazprom">NULL</column>
            <column name="alfabank">NULL</column>
            <column name="bankmoskvy">NULL</column>
            <column name="raiffeisen">NULL</column>
            <column name="uralsib">NULL</column>
            <column name="rshb">NULL</column>
        </table>
        <table name="bank">
            <column name="id">3962</column>
            <column name="twitid">497989809345150000</column>
            <column name="date">1407564997</column>
            <column name="name">zodaheha</column>
            <column name="text">Автокредит сбербанк россии калькулятор http://t.co/kFjjnBBX3h</column>
            <column name="sberbank">0</column>
            <column name="vtb">NULL</column>
            <column name="gazprom">NULL</column>
            <column name="alfabank">NULL</column>
            <column name="bankmoskvy">NULL</column>
            <column name="raiffeisen">NULL</column>
            <column name="uralsib">NULL</column>
            <column name="rshb">NULL</column>
        </table>
        <table name="bank">
            <column name="id">3963</column>
            <column name="twitid">497990074345460000</column>
            <column name="date">1407565060</column>
            <column name="name">Cinnamon_Bun</column>
            <column name="text">позвонила в поддержку райффазейна, уточнила насчет санкций: &quot;.. у банков, где содержится значительная доля гос капитала, газпромбанк, напр.&quot;</column>
            <column name="sberbank">NULL</column>
            <column name="vtb">NULL</column>
            <column name="gazprom">0</column>
            <column name="alfabank">NULL</column>
            <column name="bankmoskvy">NULL</column>
            <column name="raiffeisen">0</column>
            <column name="uralsib">NULL</column>
            <column name="rshb">NULL</column>
        </table>
        <table name="bank">
            <column name="id">3964</column>
            <column name="twitid">497991254639410000</column>
            <column name="date">1407565341</column>
            <column name="name">angulomwvelaine</column>
            <column name="text">жилье в кредит банк москвы http://t.co/kYZc4Wt3rP</column>
            <column name="sberbank">NULL</column>
            <column name="vtb">NULL</column>
            <column name="gazprom">NULL</column>
            <column name="alfabank">NULL</column>
            <column name="bankmoskvy">0</column>
            <column name="raiffeisen">NULL</column>
            <column name="uralsib">NULL</column>
            <column name="rshb">NULL</column>
        </table>
        <table name="bank">
            <column name="id">3965</column>
            <column name="twitid">497991303284920000</column>
            <column name="date">1407565353</column>
            <column name="name">VPetrovich16</column>
            <column name="text">Не продавайте за копьё ,нужны деньги возьмите кредитку в Сбер банке ..</column>
            <column name="sberbank">1</column>
            <column name="vtb">NULL</column>
            <column name="gazprom">NULL</column>
            <column name="alfabank">NULL</column>
            <column name="bankmoskvy">NULL</column>
            <column name="raiffeisen">NULL</column>
            <column name="uralsib">NULL</column>
            <column name="rshb">NULL</column>
        </table>
        <table name="bank">
            <column name="id">3966</column>
            <column name="twitid">497991304136390000</column>
            <column name="date">1407565353</column>
            <column name="name">picokapu</column>
            <column name="text">кредиты банка втб 24 потребительские http://t.co/pZ4FHW7ITh</column>
            <column name="sberbank">NULL</column>
            <column name="vtb">0</column>
            <column name="gazprom">NULL</column>
            <column name="alfabank">NULL</column>
            <column name="bankmoskvy">NULL</column>
            <column name="raiffeisen">NULL</column>
            <column name="uralsib">NULL</column>
            <column name="rshb">NULL</column>
        </table>
        <table name="bank">
            <column name="id">3967</column>
            <column name="twitid">497991307349220000</column>
            <column name="date">1407565354</column>
            <column name="name">fepywivotiq</column>
            <column name="text">кредит банке втб 24 ростов на дону http://t.co/Mkv5JnNPzH</column>
            <column name="sberbank">NULL</column>
            <column name="vtb">0</column>
            <column name="gazprom">NULL</column>
            <column name="alfabank">NULL</column>
            <column name="bankmoskvy">NULL</column>
            <column name="raiffeisen">NULL</column>
            <column name="uralsib">NULL</column>
            <column name="rshb">NULL</column>
        </table>
        <table name="bank">
            <column name="id">3968</column>
            <column name="twitid">497993328961790000</column>
            <column name="date">1407565836</column>
            <column name="name">veh22raynu</column>
            <column name="text">заплатить кредит в альфа банке http://t.co/ndIvfbEkWW</column>
            <column name="sberbank">NULL</column>
            <column name="vtb">NULL</column>
            <column name="gazprom">NULL</column>
            <column name="alfabank">0</column>
            <column name="bankmoskvy">NULL</column>
            <column name="raiffeisen">NULL</column>
            <column name="uralsib">NULL</column>
            <column name="rshb">NULL</column>
        </table>
        <table name="bank">
            <column name="id">3969</column>
            <column name="twitid">497993462927880000</column>
            <column name="date">1407565868</column>
            <column name="name">seudaponem</column>
            <column name="text">кредит без залога втб 24 http://t.co/Ff50cZJTAa</column>
            <column name="sberbank">NULL</column>
            <column name="vtb">0</column>
            <column name="gazprom">NULL</column>
            <column name="alfabank">NULL</column>
            <column name="bankmoskvy">NULL</column>
            <column name="raiffeisen">NULL</column>
            <column name="uralsib">NULL</column>
            <column name="rshb">NULL</column>
        </table>
        <table name="bank">
            <column name="id">3970</column>
            <column name="twitid">497995338373140000</column>
            <column name="date">1407566315</column>
            <column name="name">xefopogojo</column>
            <column name="text">Кредитные отделы банка втб 24 в иркутске http://t.co/x1zGXBeUPn</column>
            <column name="sberbank">NULL</column>
            <column name="vtb">0</column>
            <column name="gazprom">NULL</column>
            <column name="alfabank">NULL</column>
            <column name="bankmoskvy">NULL</column>
            <column name="raiffeisen">NULL</column>
            <column name="uralsib">NULL</column>
            <column name="rshb">NULL</column>
        </table>
        <table name="bank">
            <column name="id">3971</column>
            <column name="twitid">497995385865250000</column>
            <column name="date">1407566326</column>
            <column name="name">pilevosyzi</column>
            <column name="text">Кредиты втб 24 2014 год ставки http://t.co/fW7APvoKaI</column>
            <column name="sberbank">NULL</column>
            <column name="vtb">0</column>
            <column name="gazprom">NULL</column>
            <column name="alfabank">NULL</column>
            <column name="bankmoskvy">NULL</column>
            <column name="raiffeisen">NULL</column>
            <column name="uralsib">NULL</column>
            <column name="rshb">NULL</column>
        </table>
        <table name="bank">
            <column name="id">3972</column>
            <column name="twitid">497995427841870000</column>
            <column name="date">1407566336</column>
            <column name="name">pnaa93</column>
            <column name="text">погашения кредита альфа банк http://t.co/lUqVNzG6q7</column>
            <column name="sberbank">NULL</column>
            <column name="vtb">NULL</column>
            <column name="gazprom">NULL</column>
            <column name="alfabank">0</column>
            <column name="bankmoskvy">NULL</column>
            <column name="raiffeisen">NULL</column>
            <column name="uralsib">NULL</column>
            <column name="rshb">NULL</column>
        </table>
        <table name="bank">
            <column name="id">3973</column>
            <column name="twitid">497996781717060000</column>
            <column name="date">1407566659</column>
            <column name="name">pydekoroj</column>
            <column name="text">Погасить потребительский кредит в альфа банке http://t.co/X1k18Mdrkx</column>
            <column name="sberbank">NULL</column>
            <column name="vtb">NULL</column>
            <column name="gazprom">NULL</column>
            <column name="alfabank">0</column>
            <column name="bankmoskvy">NULL</column>
            <column name="raiffeisen">NULL</column>
            <column name="uralsib">NULL</column>
            <column name="rshb">NULL</column>
        </table>
        <table name="bank">
            <column name="id">3974</column>
            <column name="twitid">497999684753850000</column>
            <column name="date">1407567351</column>
            <column name="name">SmartMediaFX</column>
            <column name="text">ВТБ и Сбербанк сохранят прописку в фондовом индексе MSCI Russia. Провайдер индекса американская компания MSCI... http://t.co/AMyaRAiqnZ</column>
            <column name="sberbank">1</column>
            <column name="vtb">1</column>
            <column name="gazprom">NULL</column>
            <column name="alfabank">NULL</column>
            <column name="bankmoskvy">NULL</column>
            <column name="raiffeisen">NULL</column>
            <column name="uralsib">NULL</column>
            <column name="rshb">NULL</column>
        </table>
        <table name="bank">
            <column name="id">3975</column>
            <column name="twitid">498000425816460000</column>
            <column name="date">1407567528</column>
            <column name="name">sashko090491</column>
            <column name="text">Условия кредита лпх сбербанк http://t.co/3H4C2ZD05p</column>
            <column name="sberbank">0</column>
            <column name="vtb">NULL</column>
            <column name="gazprom">NULL</column>
            <column name="alfabank">NULL</column>
            <column name="bankmoskvy">NULL</column>
            <column name="raiffeisen">NULL</column>
            <column name="uralsib">NULL</column>
            <column name="rshb">NULL</column>
        </table>
        <table name="bank">
            <column name="id">3976</column>
            <column name="twitid">498000562684990000</column>
            <column name="date">1407567561</column>
            <column name="name">DiawestDnUa</column>
            <column name="text">Очереди в Сбербанк России в Макеевке. http://t.co/8HybYqdWyP</column>
            <column name="sberbank">0</column>
            <column name="vtb">NULL</column>
            <column name="gazprom">NULL</column>
            <column name="alfabank">NULL</column>
            <column name="bankmoskvy">NULL</column>
            <column name="raiffeisen">NULL</column>
            <column name="uralsib">NULL</column>
            <column name="rshb">NULL</column>
        </table>
        <table name="bank">
            <column name="id">3977</column>
            <column name="twitid">498000894139830000</column>
            <column name="date">1407567640</column>
            <column name="name">bexuwupuzibi</column>
            <column name="text">RT @xykehakeqoqy: как можно взять кредит в сбербанк ярославль http://t.co/kIrGPJHypE</column>
            <column name="sberbank">0</column>
            <column name="vtb">NULL</column>
            <column name="gazprom">NULL</column>
            <column name="alfabank">NULL</column>
            <column name="bankmoskvy">NULL</column>
            <column name="raiffeisen">NULL</column>
            <column name="uralsib">NULL</column>
            <column name="rshb">NULL</column>
        </table>
        <table name="bank">
            <column name="id">3978</column>
            <column name="twitid">498001866866060000</column>
            <column name="date">1407567872</column>
            <column name="name">straderdlmarcel</column>
            <column name="text">автокредитование в райфайзен банке http://t.co/5o1HBYQgt2</column>
            <column name="sberbank">NULL</column>
            <column name="vtb">NULL</column>
            <column name="gazprom">NULL</column>
            <column name="alfabank">NULL</column>
            <column name="bankmoskvy">NULL</column>
            <column name="raiffeisen">0</column>
            <column name="uralsib">NULL</column>
            <column name="rshb">NULL</column>
        </table>
        <table name="bank">
            <column name="id">3979</column>
            <column name="twitid">498001871563670000</column>
            <column name="date">1407567873</column>
            <column name="name">fizisoxe</column>
            <column name="text">Банк москвы потребительский кредит процент http://t.co/ApLOtZGX4g</column>
            <column name="sberbank">NULL</column>
            <column name="vtb">NULL</column>
            <column name="gazprom">NULL</column>
            <column name="alfabank">NULL</column>
            <column name="bankmoskvy">0</column>
            <column name="raiffeisen">NULL</column>
            <column name="uralsib">NULL</column>
            <column name="rshb">NULL</column>
        </table>
        <table name="bank">
            <column name="id">3980</column>
            <column name="twitid">498002464420150000</column>
            <column name="date">1407568014</column>
            <column name="name">georgineujbecht</column>
            <column name="text">кредитный калькулятор банка сбербанк http://t.co/RzFT5kNog3</column>
            <column name="sberbank">0</column>
            <column name="vtb">NULL</column>
            <column name="gazprom">NULL</column>
            <column name="alfabank">NULL</column>
            <column name="bankmoskvy">NULL</column>
            <column name="raiffeisen">NULL</column>
            <column name="uralsib">NULL</column>
            <column name="rshb">NULL</column>
        </table>
        <table name="bank">
            <column name="id">3981</column>
            <column name="twitid">498002822244610000</column>
            <column name="date">1407568099</column>
            <column name="name">NKrasnov13</column>
            <column name="text">Накануне в Москве произошла встреча врио губернатора Вологодской области с председателем правления ОАО «Россельхозбанк»</column>
            <column name="sberbank">NULL</column>
            <column name="vtb">NULL</column>
            <column name="gazprom">NULL</column>
            <column name="alfabank">NULL</column>
            <column name="bankmoskvy">NULL</column>
            <column name="raiffeisen">NULL</column>
            <column name="uralsib">NULL</column>
            <column name="rshb">0</column>
        </table>
        <table name="bank">
            <column name="id">3982</column>
            <column name="twitid">498003883273520000</column>
            <column name="date">1407568352</column>
            <column name="name">kozmodemyansk15</column>
            <column name="text">Автокредит банк москвы город находка http://t.co/RHPmfJNCsQ</column>
            <column name="sberbank">NULL</column>
            <column name="vtb">NULL</column>
            <column name="gazprom">NULL</column>
            <column name="alfabank">NULL</column>
            <column name="bankmoskvy">0</column>
            <column name="raiffeisen">NULL</column>
            <column name="uralsib">NULL</column>
            <column name="rshb">NULL</column>
        </table>
        <table name="bank">
            <column name="id">3983</column>
            <column name="twitid">498004956059020000</column>
            <column name="date">1407568608</column>
            <column name="name">NickPlotnikov</column>
            <column name="text">RT @olegtinkov: http://t.co/M4y99JShGD
Прости Михал Маратович, но мы чуть-чуть круче @alfabank_ru , так и будет
The best mobile app in Russ…</column>
            <column name="sberbank">NULL</column>
            <column name="vtb">NULL</column>
            <column name="gazprom">NULL</column>
            <column name="alfabank">0</column>
            <column name="bankmoskvy">NULL</column>
            <column name="raiffeisen">NULL</column>
            <column name="uralsib">NULL</column>
            <column name="rshb">NULL</column>
        </table>
        <table name="bank">
            <column name="id">3984</column>
            <column name="twitid">498005417507950000</column>
            <column name="date">1407568718</column>
            <column name="name">avilnoclov</column>
            <column name="text">кредитные ставки альфа банк http://t.co/pYamQtWFNM</column>
            <column name="sberbank">NULL</column>
            <column name="vtb">NULL</column>
            <column name="gazprom">NULL</column>
            <column name="alfabank">0</column>
            <column name="bankmoskvy">NULL</column>
            <column name="raiffeisen">NULL</column>
            <column name="uralsib">NULL</column>
            <column name="rshb">NULL</column>
        </table>
        <table name="bank">
            <column name="id">3985</column>
            <column name="twitid">498005857045850000</column>
            <column name="date">1407568823</column>
            <column name="name">nstonSaeg</column>
            <column name="text">RT @berukyqenuc: ипотечный кредит в махачкале сбербанк http://t.co/B2nkgCZLNe</column>
            <column name="sberbank">0</column>
            <column name="vtb">NULL</column>
            <column name="gazprom">NULL</column>
            <column name="alfabank">NULL</column>
            <column name="bankmoskvy">NULL</column>
            <column name="raiffeisen">NULL</column>
            <column name="uralsib">NULL</column>
            <column name="rshb">NULL</column>
        </table>
        <table name="bank">
            <column name="id">3986</column>
            <column name="twitid">498006306683650000</column>
            <column name="date">1407568930</column>
            <column name="name">josonasajug</column>
            <column name="text">RT @tekycosebeba: втб 24 банк онлайн заявка на кредит ярославль http://t.co/mInazjBGw8</column>
            <column name="sberbank">NULL</column>
            <column name="vtb">0</column>
            <column name="gazprom">NULL</column>
            <column name="alfabank">NULL</column>
            <column name="bankmoskvy">NULL</column>
            <column name="raiffeisen">NULL</column>
            <column name="uralsib">NULL</column>
            <column name="rshb">NULL</column>
        </table>
        <table name="bank">
            <column name="id">3987</column>
            <column name="twitid">498007059699230000</column>
            <column name="date">1407569110</column>
            <column name="name">lexacom</column>
            <column name="text">Райффайзен банк ипотека отзывы http://t.co/CI6JD9Da7k</column>
            <column name="sberbank">NULL</column>
            <column name="vtb">NULL</column>
            <column name="gazprom">NULL</column>
            <column name="alfabank">NULL</column>
            <column name="bankmoskvy">NULL</column>
            <column name="raiffeisen">0</column>
            <column name="uralsib">NULL</column>
            <column name="rshb">NULL</column>
        </table>
        <table name="bank">
            <column name="id">3988</column>
            <column name="twitid">498008395233120000</column>
            <column name="date">1407569428</column>
            <column name="name">DmitryMarlinsky</column>
            <column name="text">@alfa_bank звонок был в этот же день, меня уверили, что номер привязан. Однако, ситуация не изменилась.</column>
            <column name="sberbank">NULL</column>
            <column name="vtb">NULL</column>
            <column name="gazprom">NULL</column>
            <column name="alfabank">-1</column>
            <column name="bankmoskvy">NULL</column>
            <column name="raiffeisen">NULL</column>
            <column name="uralsib">NULL</column>
            <column name="rshb">NULL</column>
        </table>
        <table name="bank">
            <column name="id">3989</column>
            <column name="twitid">498009171292610000</column>
            <column name="date">1407569613</column>
            <column name="name">arsemyonov</column>
            <column name="text">@alfa_bank было решение больше меня не беспокоить, но ваше быдло продолжает звонить. Почему? Остаётся только твиттер, на публику. Охренели.</column>
            <column name="sberbank">NULL</column>
            <column name="vtb">NULL</column>
            <column name="gazprom">NULL</column>
            <column name="alfabank">-1</column>
            <column name="bankmoskvy">NULL</column>
            <column name="raiffeisen">NULL</column>
            <column name="uralsib">NULL</column>
            <column name="rshb">NULL</column>
        </table>
        <table name="bank">
            <column name="id">3990</column>
            <column name="twitid">498010949484560000</column>
            <column name="date">1407570037</column>
            <column name="name">deandrayrudolph</column>
            <column name="text">банк уралсиб магнитогорск кредит http://t.co/z9M28n5yPM</column>
            <column name="sberbank">NULL</column>
            <column name="vtb">NULL</column>
            <column name="gazprom">NULL</column>
            <column name="alfabank">NULL</column>
            <column name="bankmoskvy">NULL</column>
            <column name="raiffeisen">NULL</column>
            <column name="uralsib">0</column>
            <column name="rshb">NULL</column>
        </table>
        <table name="bank">
            <column name="id">3991</column>
            <column name="twitid">498010997421260000</column>
            <column name="date">1407570049</column>
            <column name="name">bachagov76</column>
            <column name="text">Потребительский кредит в альфа банке тюмени http://t.co/vgVpF1RWpV</column>
            <column name="sberbank">NULL</column>
            <column name="vtb">NULL</column>
            <column name="gazprom">NULL</column>
            <column name="alfabank">0</column>
            <column name="bankmoskvy">NULL</column>
            <column name="raiffeisen">NULL</column>
            <column name="uralsib">NULL</column>
            <column name="rshb">NULL</column>
        </table>
        <table name="bank">
            <column name="id">3992</column>
            <column name="twitid">498011039880200000</column>
            <column name="date">1407570059</column>
            <column name="name">ajh766n</column>
            <column name="text">потребительский кредит втб 24 в ставрополе http://t.co/CNS2QnSLnU</column>
            <column name="sberbank">NULL</column>
            <column name="vtb">0</column>
            <column name="gazprom">NULL</column>
            <column name="alfabank">NULL</column>
            <column name="bankmoskvy">NULL</column>
            <column name="raiffeisen">NULL</column>
            <column name="uralsib">NULL</column>
            <column name="rshb">NULL</column>
        </table>
        <table name="bank">
            <column name="id">3993</column>
            <column name="twitid">498012253463900000</column>
            <column name="date">1407570348</column>
            <column name="name">djsergeymalcev</column>
            <column name="text">Граффити к дню города @ Сбербанк России Дополнительный офис http://t.co/eF4IIbQpxa</column>
            <column name="sberbank">1</column>
            <column name="vtb">NULL</column>
            <column name="gazprom">NULL</column>
            <column name="alfabank">NULL</column>
            <column name="bankmoskvy">NULL</column>
            <column name="raiffeisen">NULL</column>
            <column name="uralsib">NULL</column>
            <column name="rshb">NULL</column>
        </table>
        <table name="bank">
            <column name="id">3994</column>
            <column name="twitid">498012522000430000</column>
            <column name="date">1407570412</column>
            <column name="name">nekosipohis</column>
            <column name="text">Сбербанк москвы кредиты наличными http://t.co/LoQVOchjO5</column>
            <column name="sberbank">0</column>
            <column name="vtb">NULL</column>
            <column name="gazprom">NULL</column>
            <column name="alfabank">NULL</column>
            <column name="bankmoskvy">0</column>
            <column name="raiffeisen">NULL</column>
            <column name="uralsib">NULL</column>
            <column name="rshb">NULL</column>
        </table>
        <table name="bank">
            <column name="id">3995</column>
            <column name="twitid">498014891051980000</column>
            <column name="date">1407570977</column>
            <column name="name">KorotikNext</column>
            <column name="text"># Сбербанк на 11 августа приостановит работу банкоматов</column>
            <column name="sberbank">-1</column>
            <column name="vtb">NULL</column>
            <column name="gazprom">NULL</column>
            <column name="alfabank">NULL</column>
            <column name="bankmoskvy">NULL</column>
            <column name="raiffeisen">NULL</column>
            <column name="uralsib">NULL</column>
            <column name="rshb">NULL</column>
        </table>
        <table name="bank">
            <column name="id">3996</column>
            <column name="twitid">498014891811160000</column>
            <column name="date">1407570977</column>
            <column name="name">tosha_shadrin</column>
            <column name="text">#финансы Сбербанк на 11 августа приостановит работу банкоматов: По словам представителя пресс-службы Сбербанка работа будет приостано...</column>
            <column name="sberbank">-1</column>
            <column name="vtb">NULL</column>
            <column name="gazprom">NULL</column>
            <column name="alfabank">NULL</column>
            <column name="bankmoskvy">NULL</column>
            <column name="raiffeisen">NULL</column>
            <column name="uralsib">NULL</column>
            <column name="rshb">NULL</column>
        </table>
        <table name="bank">
            <column name="id">3997</column>
            <column name="twitid">498014891815360000</column>
            <column name="date">1407570977</column>
            <column name="name">HrupikowaXenia</column>
            <column name="text">#fyseo_ru #финансы Сбербанк на 11 августа приостановит работу банкоматов: По словам представителя пресс...  #взаимный #читаю</column>
            <column name="sberbank">-1</column>
            <column name="vtb">NULL</column>
            <column name="gazprom">NULL</column>
            <column name="alfabank">NULL</column>
            <column name="bankmoskvy">NULL</column>
            <column name="raiffeisen">NULL</column>
            <column name="uralsib">NULL</column>
            <column name="rshb">NULL</column>
        </table>
        <table name="bank">
            <column name="id">3998</column>
            <column name="twitid">498017564992490000</column>
            <column name="date">1407571614</column>
            <column name="name">oytescrmpq</column>
            <column name="text">телефоны потребительский кредит газпромбанка http://t.co/c9EF6iN4uj</column>
            <column name="sberbank">NULL</column>
            <column name="vtb">NULL</column>
            <column name="gazprom">0</column>
            <column name="alfabank">NULL</column>
            <column name="bankmoskvy">NULL</column>
            <column name="raiffeisen">NULL</column>
            <column name="uralsib">NULL</column>
            <column name="rshb">NULL</column>
        </table>
        <table name="bank">
            <column name="id">3999</column>
            <column name="twitid">498017784488410000</column>
            <column name="date">1407571667</column>
            <column name="name">Petrozav</column>
            <column name="text">Сегодня ночью в Костомукше ограбили Сбербанк http://t.co/fDCKMo68en</column>
            <column name="sberbank">-1</column>
            <column name="vtb">NULL</column>
            <column name="gazprom">NULL</column>
            <column name="alfabank">NULL</column>
            <column name="bankmoskvy">NULL</column>
            <column name="raiffeisen">NULL</column>
            <column name="uralsib">NULL</column>
            <column name="rshb">NULL</column>
        </table>
        <table name="bank">
            <column name="id">4000</column>
            <column name="twitid">498019886724290000</column>
            <column name="date">1407572168</column>
            <column name="name">tadecijygef</column>
            <column name="text">RT @MadanTmg47: Сбербанк не будет публиковать декларации о доходах своего топ-менеджмента, в том числе президента и председателя правления …</column>
            <column name="sberbank">-1</column>
            <column name="vtb">NULL</column>
            <column name="gazprom">NULL</column>
            <column name="alfabank">NULL</column>
            <column name="bankmoskvy">NULL</column>
            <column name="raiffeisen">NULL</column>
            <column name="uralsib">NULL</column>
            <column name="rshb">NULL</column>
        </table>
    </database>
</pma_xml_export>