<?xml version="1.0" encoding="utf-8"?>
<!--
- phpMyAdmin XML Dump
- version 4.0.4.1
- http://www.phpmyadmin.net
-
- Хост: localhost
- Время создания: Окт 28 2014 г., 09:03
- Версия сервера: 5.6.12
- Версия PHP: 5.5.3
-->
<pma_xml_export version="1.0" xmlns:pma="http://www.phpmyadmin.net/some_doc_url/">
  <!--
    - Structure schemas
    -->
  <pma:structure_schemas>
    <pma:database name="Romip" collation="utf8_general_ci" charset="utf8">
      <pma:table name="bank">
                CREATE TABLE `bank` (
                  `id` int(11) NOT NULL AUTO_INCREMENT,
                  `twitid` bigint(32) NOT NULL DEFAULT '0',
                  `date` varchar(128) DEFAULT NULL,
                  `name` varchar(128) DEFAULT NULL,
                  `text` varchar(256) DEFAULT NULL,
                  `sberbank` int(11) DEFAULT NULL,
                  `vtb` int(11) DEFAULT NULL,
                  `gazprom` int(11) DEFAULT NULL,
                  `alfabank` int(11) DEFAULT NULL,
                  `bankmoskvy` int(11) DEFAULT NULL,
                  `raiffeisen` int(11) DEFAULT NULL,
                  `uralsib` int(11) DEFAULT NULL,
                  `rshb` int(11) DEFAULT NULL,
                  PRIMARY KEY (`id`),
                  UNIQUE KEY `id` (`twitid`)
                ) ENGINE=InnoDB AUTO_INCREMENT=7924 DEFAULT CHARSET=utf8;
            </pma:table>
    </pma:database>
  </pma:structure_schemas>
  <!--
    - База данных: 'Romip'
    -->
  <database name="Romip">
    <!-- Таблица bank -->
    <table name="bank">
      <column name="id">901</column>
      <column name="twitid">494015088899010000</column>
      <column name="date">1406617350</column>
      <column name="name">news_piterburg</column>
      <column name="text">СМИ: В список санкций ЕС будут включены Сбербанк и ВТБ: Санкции резко ограничит возможности крупнейших  россий... http://t.co/RhyVCkXf80</column>
      <column name="sberbank">-1</column>
      <column name="vtb">-1</column>
      <column name="gazprom">NULL</column>
      <column name="alfabank">NULL</column>
      <column name="bankmoskvy">NULL</column>
      <column name="raiffeisen">NULL</column>
      <column name="uralsib">NULL</column>
      <column name="rshb">NULL</column>
    </table>
    <table name="bank">
      <column name="id">902</column>
      <column name="twitid">494017909446810000</column>
      <column name="date">1406618022</column>
      <column name="name">dolgoprudny</column>
      <column name="text">Журнал Global Finance признал Сбербанк Онлайн лучшим розничным интернет-банком в России: По… http://t.co/FGVK5euQ3P</column>
      <column name="sberbank">1</column>
      <column name="vtb">NULL</column>
      <column name="gazprom">NULL</column>
      <column name="alfabank">NULL</column>
      <column name="bankmoskvy">NULL</column>
      <column name="raiffeisen">NULL</column>
      <column name="uralsib">NULL</column>
      <column name="rshb">NULL</column>
    </table>
    <table name="bank">
      <column name="id">903</column>
      <column name="twitid">494018564178060000</column>
      <column name="date">1406618178</column>
      <column name="name">Bite18155048</column>
      <column name="text">RT @Vinokurov12: Как ИТАР-ТАСС и Газета.ру включили Сбербанк и ВТБ в санкционнный список ЕС http://t.co/ckcyYmqLRF</column>
      <column name="sberbank">-1</column>
      <column name="vtb">-1</column>
      <column name="gazprom">NULL</column>
      <column name="alfabank">NULL</column>
      <column name="bankmoskvy">NULL</column>
      <column name="raiffeisen">NULL</column>
      <column name="uralsib">NULL</column>
      <column name="rshb">NULL</column>
    </table>
    <table name="bank">
      <column name="id">904</column>
      <column name="twitid">494018686408070000</column>
      <column name="date">1406618207</column>
      <column name="name">Kievportall</column>
      <column name="text">Ряд российских олигархов, Сбербанк и ВТБ-банк попадут под санкции ЕС  СМИ — Главный портал Киева http://t.co/HwY4zxRWuR</column>
      <column name="sberbank">-1</column>
      <column name="vtb">-1</column>
      <column name="gazprom">NULL</column>
      <column name="alfabank">NULL</column>
      <column name="bankmoskvy">NULL</column>
      <column name="raiffeisen">NULL</column>
      <column name="uralsib">NULL</column>
      <column name="rshb">NULL</column>
    </table>
    <table name="bank">
      <column name="id">905</column>
      <column name="twitid">494019645306060000</column>
      <column name="date">1406618436</column>
      <column name="name">zotfambo</column>
      <column name="text">http://t.co/rvKytwfJv9 Как взять кредит в россельхозбанке в нальчике</column>
      <column name="sberbank">NULL</column>
      <column name="vtb">NULL</column>
      <column name="gazprom">NULL</column>
      <column name="alfabank">NULL</column>
      <column name="bankmoskvy">NULL</column>
      <column name="raiffeisen">NULL</column>
      <column name="uralsib">NULL</column>
      <column name="rshb">0</column>
    </table>
    <table name="bank">
      <column name="id">906</column>
      <column name="twitid">494020347814220000</column>
      <column name="date">1406618604</column>
      <column name="name">the_prosto1</column>
      <column name="text">@sberbank Всё отлично, только вашим банком и пользуюсь при оплате услуг и коммунальных платежей. Ребят, пошаманьте пожалуйста над выпиской!</column>
      <column name="sberbank">1</column>
      <column name="vtb">NULL</column>
      <column name="gazprom">NULL</column>
      <column name="alfabank">NULL</column>
      <column name="bankmoskvy">NULL</column>
      <column name="raiffeisen">NULL</column>
      <column name="uralsib">NULL</column>
      <column name="rshb">NULL</column>
    </table>
    <table name="bank">
      <column name="id">907</column>
      <column name="twitid">494020396371700000</column>
      <column name="date">1406618615</column>
      <column name="name">yqleonisfe</column>
      <column name="text">http://t.co/iESiPn5Na7 Сбербанк кредит наличными оформить заявку</column>
      <column name="sberbank">0</column>
      <column name="vtb">NULL</column>
      <column name="gazprom">NULL</column>
      <column name="alfabank">NULL</column>
      <column name="bankmoskvy">NULL</column>
      <column name="raiffeisen">NULL</column>
      <column name="uralsib">NULL</column>
      <column name="rshb">NULL</column>
    </table>
    <table name="bank">
      <column name="id">908</column>
      <column name="twitid">494020528542190000</column>
      <column name="date">1406618647</column>
      <column name="name">buxnonge</column>
      <column name="text">бланк сбербанк россии http://t.co/dl6s0aJGut #россии #сбербанк</column>
      <column name="sberbank">0</column>
      <column name="vtb">NULL</column>
      <column name="gazprom">NULL</column>
      <column name="alfabank">NULL</column>
      <column name="bankmoskvy">NULL</column>
      <column name="raiffeisen">NULL</column>
      <column name="uralsib">NULL</column>
      <column name="rshb">NULL</column>
    </table>
    <table name="bank">
      <column name="id">909</column>
      <column name="twitid">494020566454930000</column>
      <column name="date">1406618656</column>
      <column name="name">5505599</column>
      <column name="text">RT @DeepSeaCaptain: ВЭБ, Газпромбанк и Роснефть воспользуются долгосрочными кредитами США (не понял?) http://t.co/UT5vB9blOh</column>
      <column name="sberbank">NULL</column>
      <column name="vtb">NULL</column>
      <column name="gazprom">0</column>
      <column name="alfabank">NULL</column>
      <column name="bankmoskvy">NULL</column>
      <column name="raiffeisen">NULL</column>
      <column name="uralsib">NULL</column>
      <column name="rshb">NULL</column>
    </table>
    <table name="bank">
      <column name="id">910</column>
      <column name="twitid">494021852432720000</column>
      <column name="date">1406618962</column>
      <column name="name">Leche_VS</column>
      <column name="text">@alfa_bank да, но мне не нужны валютные, все в rur</column>
      <column name="sberbank">NULL</column>
      <column name="vtb">NULL</column>
      <column name="gazprom">NULL</column>
      <column name="alfabank">0</column>
      <column name="bankmoskvy">NULL</column>
      <column name="raiffeisen">NULL</column>
      <column name="uralsib">NULL</column>
      <column name="rshb">NULL</column>
    </table>
    <table name="bank">
      <column name="id">911</column>
      <column name="twitid">494022117491770000</column>
      <column name="date">1406619025</column>
      <column name="name">yraqosho</column>
      <column name="text">http://t.co/yjFijIJ1iN Оформить виртуальную кредитную карту альфа банк</column>
      <column name="sberbank">NULL</column>
      <column name="vtb">NULL</column>
      <column name="gazprom">NULL</column>
      <column name="alfabank">0</column>
      <column name="bankmoskvy">NULL</column>
      <column name="raiffeisen">NULL</column>
      <column name="uralsib">NULL</column>
      <column name="rshb">NULL</column>
    </table>
    <table name="bank">
      <column name="id">912</column>
      <column name="twitid">494022203252300000</column>
      <column name="date">1406619046</column>
      <column name="name">LifeNewsAE</column>
      <column name="text">Евросоюз готовится включить в санкционный список Сбербанк - 
&amp;amp;#1042; ... - &amp;amp;#1042; ... - http://t.co/22XzwMKxIa http://t.co/GdHDqXNxlq</column>
      <column name="sberbank">-1</column>
      <column name="vtb">NULL</column>
      <column name="gazprom">NULL</column>
      <column name="alfabank">NULL</column>
      <column name="bankmoskvy">NULL</column>
      <column name="raiffeisen">NULL</column>
      <column name="uralsib">NULL</column>
      <column name="rshb">NULL</column>
    </table>
    <table name="bank">
      <column name="id">913</column>
      <column name="twitid">494026751140300000</column>
      <column name="date">1406620130</column>
      <column name="name">Rerukca</column>
      <column name="text">ЕС намерен внести Сбербанк и ВТБ в санкционный список, - СМИ</column>
      <column name="sberbank">-1</column>
      <column name="vtb">-1</column>
      <column name="gazprom">NULL</column>
      <column name="alfabank">NULL</column>
      <column name="bankmoskvy">NULL</column>
      <column name="raiffeisen">NULL</column>
      <column name="uralsib">NULL</column>
      <column name="rshb">NULL</column>
    </table>
    <table name="bank">
      <column name="id">914</column>
      <column name="twitid">494027228204650000</column>
      <column name="date">1406620244</column>
      <column name="name">PodgotovkaArt</column>
      <column name="text">Секретное оружие США; Меркель подарила китайцам новую карту; Сбербанк не</column>
      <column name="sberbank">--</column>
      <column name="vtb">NULL</column>
      <column name="gazprom">NULL</column>
      <column name="alfabank">NULL</column>
      <column name="bankmoskvy">NULL</column>
      <column name="raiffeisen">NULL</column>
      <column name="uralsib">NULL</column>
      <column name="rshb">NULL</column>
    </table>
    <table name="bank">
      <column name="id">915</column>
      <column name="twitid">494027403422100000</column>
      <column name="date">1406620286</column>
      <column name="name">vintor301</column>
      <column name="text">RT @onlinekpru: Российские СМИ исказили сообщение о санкциях против «Сбербанка» и ВТБ // KP.RU http://t.co/BrVrnRQp6I #Сбербанк #ВТБ</column>
      <column name="sberbank">0</column>
      <column name="vtb">0</column>
      <column name="gazprom">NULL</column>
      <column name="alfabank">NULL</column>
      <column name="bankmoskvy">NULL</column>
      <column name="raiffeisen">NULL</column>
      <column name="uralsib">NULL</column>
      <column name="rshb">NULL</column>
    </table>
    <table name="bank">
      <column name="id">916</column>
      <column name="twitid">494027541486010000</column>
      <column name="date">1406620319</column>
      <column name="name">Leche_VS</column>
      <column name="text">@alfa_bank я правильно понял: у меня счет в rur в росс. Альфе, у человека тоже. Но перечислить деньги он мне не может ?</column>
      <column name="sberbank">NULL</column>
      <column name="vtb">NULL</column>
      <column name="gazprom">NULL</column>
      <column name="alfabank">0</column>
      <column name="bankmoskvy">NULL</column>
      <column name="raiffeisen">NULL</column>
      <column name="uralsib">NULL</column>
      <column name="rshb">NULL</column>
    </table>
    <table name="bank">
      <column name="id">917</column>
      <column name="twitid">494028202139200000</column>
      <column name="date">1406620476</column>
      <column name="name">AlexAppakov</column>
      <column name="text">RT @reuters_russia: Газпромбанк ищет признания инвесторов в Сеуле после санкций США http://t.co/QnsFGJ50j2 http://t.co/C92yRISnUX</column>
      <column name="sberbank">NULL</column>
      <column name="vtb">NULL</column>
      <column name="gazprom">0</column>
      <column name="alfabank">NULL</column>
      <column name="bankmoskvy">NULL</column>
      <column name="raiffeisen">NULL</column>
      <column name="uralsib">NULL</column>
      <column name="rshb">NULL</column>
    </table>
    <table name="bank">
      <column name="id">918</column>
      <column name="twitid">494028736397080000</column>
      <column name="date">1406620604</column>
      <column name="name">kurseuro1</column>
      <column name="text">курс евро в банках Уфы  /  / Банк Москвы 47,30  48,15  / ФК Открытие (бывш. НОМОС-Банк) 47,00  48,00  / Росэнер.. http://t.co/ZOWvXpOHBG</column>
      <column name="sberbank">NULL</column>
      <column name="vtb">NULL</column>
      <column name="gazprom">NULL</column>
      <column name="alfabank">NULL</column>
      <column name="bankmoskvy">0</column>
      <column name="raiffeisen">NULL</column>
      <column name="uralsib">NULL</column>
      <column name="rshb">NULL</column>
    </table>
    <table name="bank">
      <column name="id">919</column>
      <column name="twitid">494030413505900000</column>
      <column name="date">1406621003</column>
      <column name="name">tisyniweha</column>
      <column name="text">ЕС намерен наложить санкции на Сбербанк и ВТБ: Европейский союз добавит в список санкций против России две ком... http://t.co/P6xeTOXg4t</column>
      <column name="sberbank">-1</column>
      <column name="vtb">-1</column>
      <column name="gazprom">NULL</column>
      <column name="alfabank">NULL</column>
      <column name="bankmoskvy">NULL</column>
      <column name="raiffeisen">NULL</column>
      <column name="uralsib">NULL</column>
      <column name="rshb">NULL</column>
    </table>
    <table name="bank">
      <column name="id">920</column>
      <column name="twitid">494032655026230000</column>
      <column name="date">1406621538</column>
      <column name="name">LMaslov32</column>
      <column name="text">В новый список санкций ЕС выйдут Сбербанк и ВТБ.Европейский союз включит в список санкций против России две компании и пятерых граждан.

С</column>
      <column name="sberbank">-1</column>
      <column name="vtb">-1</column>
      <column name="gazprom">NULL</column>
      <column name="alfabank">NULL</column>
      <column name="bankmoskvy">NULL</column>
      <column name="raiffeisen">NULL</column>
      <column name="uralsib">NULL</column>
      <column name="rshb">NULL</column>
    </table>
    <table name="bank">
      <column name="id">921</column>
      <column name="twitid">494034237994320000</column>
      <column name="date">1406621915</column>
      <column name="name">MErmolaev51</column>
      <column name="text">Включив в санкционный список Сбербанк и ВТБ.. Запад нашел новый способ давления на Путина</column>
      <column name="sberbank">-1</column>
      <column name="vtb">-1</column>
      <column name="gazprom">NULL</column>
      <column name="alfabank">NULL</column>
      <column name="bankmoskvy">NULL</column>
      <column name="raiffeisen">NULL</column>
      <column name="uralsib">NULL</column>
      <column name="rshb">NULL</column>
    </table>
    <table name="bank">
      <column name="id">922</column>
      <column name="twitid">494034501991810000</column>
      <column name="date">1406621978</column>
      <column name="name">MaksTodorski</column>
      <column name="text">СМИ обрушили на Сбербанк и ВТБ выдуманные санкции</column>
      <column name="sberbank">1</column>
      <column name="vtb">1</column>
      <column name="gazprom">NULL</column>
      <column name="alfabank">NULL</column>
      <column name="bankmoskvy">NULL</column>
      <column name="raiffeisen">NULL</column>
      <column name="uralsib">NULL</column>
      <column name="rshb">NULL</column>
    </table>
    <table name="bank">
      <column name="id">923</column>
      <column name="twitid">494034985234330000</column>
      <column name="date">1406622093</column>
      <column name="name">RoninBola</column>
      <column name="text">Ряд российских олигархов, Сбербанк и ВТБ-банк попадут под санкции ЕС СМИ — Главный портал Киева http://t.co/OwdbSoJNaa</column>
      <column name="sberbank">-1</column>
      <column name="vtb">-1</column>
      <column name="gazprom">NULL</column>
      <column name="alfabank">NULL</column>
      <column name="bankmoskvy">NULL</column>
      <column name="raiffeisen">NULL</column>
      <column name="uralsib">NULL</column>
      <column name="rshb">NULL</column>
    </table>
    <table name="bank">
      <column name="id">924</column>
      <column name="twitid">494038261363640000</column>
      <column name="date">1406622874</column>
      <column name="name">Smirnovtricepzo</column>
      <column name="text">RT @annwoodMit: Сбербанк России и ВТБ могут попасть под санкции ЕС</column>
      <column name="sberbank">-1</column>
      <column name="vtb">-1</column>
      <column name="gazprom">NULL</column>
      <column name="alfabank">NULL</column>
      <column name="bankmoskvy">NULL</column>
      <column name="raiffeisen">NULL</column>
      <column name="uralsib">NULL</column>
      <column name="rshb">NULL</column>
    </table>
    <table name="bank">
      <column name="id">925</column>
      <column name="twitid">494038923836790000</column>
      <column name="date">1406623032</column>
      <column name="name">cuydeywe</column>
      <column name="text">#Crimea Новые санкции ЕС могут коснуться крупнейших российских банков - Сбербанк и ВТБ.: Европейский союз готовится добавить в новый ...</column>
      <column name="sberbank">-1</column>
      <column name="vtb">-1</column>
      <column name="gazprom">NULL</column>
      <column name="alfabank">NULL</column>
      <column name="bankmoskvy">NULL</column>
      <column name="raiffeisen">NULL</column>
      <column name="uralsib">NULL</column>
      <column name="rshb">NULL</column>
    </table>
    <table name="bank">
      <column name="id">926</column>
      <column name="twitid">494040194488620000</column>
      <column name="date">1406623335</column>
      <column name="name">coegesigduc1987</column>
      <column name="text">Несмотря на введенные США санкции, Внешэкономбанк, Газпромбанк, «Роснефть» и «Новатэк» смогут воспользоваться ранее открытыми долгосрочными</column>
      <column name="sberbank">NULL</column>
      <column name="vtb">NULL</column>
      <column name="gazprom">1</column>
      <column name="alfabank">NULL</column>
      <column name="bankmoskvy">NULL</column>
      <column name="raiffeisen">NULL</column>
      <column name="uralsib">NULL</column>
      <column name="rshb">NULL</column>
    </table>
    <table name="bank">
      <column name="id">927</column>
      <column name="twitid">494041771861880000</column>
      <column name="date">1406623711</column>
      <column name="name">mobist242</column>
      <column name="text">RT @agatacrysty: Позвонила в очередной раз в @sberbank узнать насчет треклятой справки, вопрос-  а вы запрос руками приносили? Ногами!</column>
      <column name="sberbank">-1</column>
      <column name="vtb">NULL</column>
      <column name="gazprom">NULL</column>
      <column name="alfabank">NULL</column>
      <column name="bankmoskvy">NULL</column>
      <column name="raiffeisen">NULL</column>
      <column name="uralsib">NULL</column>
      <column name="rshb">NULL</column>
    </table>
    <table name="bank">
      <column name="id">928</column>
      <column name="twitid">494043021814820000</column>
      <column name="date">1406624009</column>
      <column name="name">PIDigest_rus</column>
      <column name="text">Наши доблестные СМИ перевели статью @WSJ по диагонали. Ни @vtb, ни @sberbank в санкционных списках нет. http://t.co/JQdP8CPcxi</column>
      <column name="sberbank">0</column>
      <column name="vtb">0</column>
      <column name="gazprom">NULL</column>
      <column name="alfabank">NULL</column>
      <column name="bankmoskvy">NULL</column>
      <column name="raiffeisen">NULL</column>
      <column name="uralsib">NULL</column>
      <column name="rshb">NULL</column>
    </table>
    <table name="bank">
      <column name="id">929</column>
      <column name="twitid">494043449122100000</column>
      <column name="date">1406624111</column>
      <column name="name">banknn_ru</column>
      <column name="text">@sberbank
Сбербанк вновь выразит «Признание» кировским СМИ
http://t.co/6JdCYQs9Jj
#news #новости</column>
      <column name="sberbank">0</column>
      <column name="vtb">NULL</column>
      <column name="gazprom">NULL</column>
      <column name="alfabank">NULL</column>
      <column name="bankmoskvy">NULL</column>
      <column name="raiffeisen">NULL</column>
      <column name="uralsib">NULL</column>
      <column name="rshb">NULL</column>
    </table>
    <table name="bank">
      <column name="id">930</column>
      <column name="twitid">494045221035200000</column>
      <column name="date">1406624534</column>
      <column name="name">Kulikovainuaten</column>
      <column name="text">Сбербанк и ВТБ попадут в санкционный список ЕС Сбербанк и ВТБ могут попасть в санкционный список Евросоюза из-за ситуации на Украине далее</column>
      <column name="sberbank">-1</column>
      <column name="vtb">-1</column>
      <column name="gazprom">NULL</column>
      <column name="alfabank">NULL</column>
      <column name="bankmoskvy">NULL</column>
      <column name="raiffeisen">NULL</column>
      <column name="uralsib">NULL</column>
      <column name="rshb">NULL</column>
    </table>
    <table name="bank">
      <column name="id">931</column>
      <column name="twitid">494045455832350000</column>
      <column name="date">1406624590</column>
      <column name="name">ARubtzov47</column>
      <column name="text">Россельхозбанк направил на реализацию госпрограмм развития АПК 2,5 трлн рублей</column>
      <column name="sberbank">NULL</column>
      <column name="vtb">NULL</column>
      <column name="gazprom">NULL</column>
      <column name="alfabank">NULL</column>
      <column name="bankmoskvy">NULL</column>
      <column name="raiffeisen">NULL</column>
      <column name="uralsib">NULL</column>
      <column name="rshb">1</column>
    </table>
    <table name="bank">
      <column name="id">932</column>
      <column name="twitid">494049270048520000</column>
      <column name="date">1406625499</column>
      <column name="name">jstimusic</column>
      <column name="text">RT @rozhkovsky: ВТБ и Сбербанк в списке санкций Брюсселя. Headshot :)</column>
      <column name="sberbank">-1</column>
      <column name="vtb">-1</column>
      <column name="gazprom">NULL</column>
      <column name="alfabank">NULL</column>
      <column name="bankmoskvy">NULL</column>
      <column name="raiffeisen">NULL</column>
      <column name="uralsib">NULL</column>
      <column name="rshb">NULL</column>
    </table>
    <table name="bank">
      <column name="id">933</column>
      <column name="twitid">494049703424950000</column>
      <column name="date">1406625602</column>
      <column name="name">Pik2nik</column>
      <column name="text">Повторит ли Йеллен ошибку Гринспена?, - Аналитики Райффайзенбанка</column>
      <column name="sberbank">NULL</column>
      <column name="vtb">NULL</column>
      <column name="gazprom">NULL</column>
      <column name="alfabank">NULL</column>
      <column name="bankmoskvy">NULL</column>
      <column name="raiffeisen">--</column>
      <column name="uralsib">NULL</column>
      <column name="rshb">NULL</column>
    </table>
    <table name="bank">
      <column name="id">934</column>
      <column name="twitid">494049887080560000</column>
      <column name="date">1406625646</column>
      <column name="name">properm_ru</column>
      <column name="text">СМИ неправильно поняли сообщение о санкциях и Сбербанке: Сбербанк и ВТБ не попадут в «черный списо... http://t.co/TathKvzasB #пермь</column>
      <column name="sberbank">0</column>
      <column name="vtb">0</column>
      <column name="gazprom">NULL</column>
      <column name="alfabank">NULL</column>
      <column name="bankmoskvy">NULL</column>
      <column name="raiffeisen">NULL</column>
      <column name="uralsib">NULL</column>
      <column name="rshb">NULL</column>
    </table>
    <table name="bank">
      <column name="id">935</column>
      <column name="twitid">494050215163620000</column>
      <column name="date">1406625724</column>
      <column name="name">PKazakov58</column>
      <column name="text">Включив в санкционный список Сбербанк и ВТБ.</column>
      <column name="sberbank">-1</column>
      <column name="vtb">-1</column>
      <column name="gazprom">NULL</column>
      <column name="alfabank">NULL</column>
      <column name="bankmoskvy">NULL</column>
      <column name="raiffeisen">NULL</column>
      <column name="uralsib">NULL</column>
      <column name="rshb">NULL</column>
    </table>
    <table name="bank">
      <column name="id">936</column>
      <column name="twitid">494053246391300000</column>
      <column name="date">1406626447</column>
      <column name="name">Sezin_Ford</column>
      <column name="text">Он в сбер пришел! Вместо того что бы мыться, покупать еду и спать, он сидит в сбере и ждет очереди!! http://t.co/AvxtqTpLaj</column>
      <column name="sberbank">-1</column>
      <column name="vtb">NULL</column>
      <column name="gazprom">NULL</column>
      <column name="alfabank">NULL</column>
      <column name="bankmoskvy">NULL</column>
      <column name="raiffeisen">NULL</column>
      <column name="uralsib">NULL</column>
      <column name="rshb">NULL</column>
    </table>
    <table name="bank">
      <column name="id">937</column>
      <column name="twitid">494053655310770000</column>
      <column name="date">1406626545</column>
      <column name="name">evTwifor</column>
      <column name="text">http://t.co/E3LFKqC7Ba Может ли взять кредит в россельхозбанке пенсионер</column>
      <column name="sberbank">NULL</column>
      <column name="vtb">NULL</column>
      <column name="gazprom">NULL</column>
      <column name="alfabank">NULL</column>
      <column name="bankmoskvy">NULL</column>
      <column name="raiffeisen">NULL</column>
      <column name="uralsib">NULL</column>
      <column name="rshb">0</column>
    </table>
    <table name="bank">
      <column name="id">938</column>
      <column name="twitid">494055994448970000</column>
      <column name="date">1406627102</column>
      <column name="name">eronymusHi</column>
      <column name="text">http://t.co/h89fPhr95l Хочу взять кредит в сбербанк россии</column>
      <column name="sberbank">0</column>
      <column name="vtb">NULL</column>
      <column name="gazprom">NULL</column>
      <column name="alfabank">NULL</column>
      <column name="bankmoskvy">NULL</column>
      <column name="raiffeisen">NULL</column>
      <column name="uralsib">NULL</column>
      <column name="rshb">NULL</column>
    </table>
    <table name="bank">
      <column name="id">939</column>
      <column name="twitid">494056038828890000</column>
      <column name="date">1406627113</column>
      <column name="name">v_maksym</column>
      <column name="text">RT @sasha_sotnik: Если в ближайшее время под санкции подпадут Сбербанк и ВТБ - уже ничто не поможет... http://t.co/XCvyFvj7GQ</column>
      <column name="sberbank">-1</column>
      <column name="vtb">-1</column>
      <column name="gazprom">NULL</column>
      <column name="alfabank">NULL</column>
      <column name="bankmoskvy">NULL</column>
      <column name="raiffeisen">NULL</column>
      <column name="uralsib">NULL</column>
      <column name="rshb">NULL</column>
    </table>
    <table name="bank">
      <column name="id">940</column>
      <column name="twitid">494056391808540000</column>
      <column name="date">1406627197</column>
      <column name="name">agatacrysty</column>
      <column name="text">@ladv707 @sberbank мы по договору можем работать только со сбером и ВТБ)</column>
      <column name="sberbank">1</column>
      <column name="vtb">1</column>
      <column name="gazprom">NULL</column>
      <column name="alfabank">NULL</column>
      <column name="bankmoskvy">NULL</column>
      <column name="raiffeisen">NULL</column>
      <column name="uralsib">NULL</column>
      <column name="rshb">NULL</column>
    </table>
    <table name="bank">
      <column name="id">941</column>
      <column name="twitid">494056656758910000</column>
      <column name="date">1406627260</column>
      <column name="name">amcomhomo1983</column>
      <column name="text">Журнал Global Finance признал Сбербанк Онлайн лучшим розничным интернет-банком в России.Кроме того, Сбербанк победил еще в трех номинациях.</column>
      <column name="sberbank">1</column>
      <column name="vtb">NULL</column>
      <column name="gazprom">NULL</column>
      <column name="alfabank">NULL</column>
      <column name="bankmoskvy">NULL</column>
      <column name="raiffeisen">NULL</column>
      <column name="uralsib">NULL</column>
      <column name="rshb">NULL</column>
    </table>
    <table name="bank">
      <column name="id">942</column>
      <column name="twitid">494058424846790000</column>
      <column name="date">1406627682</column>
      <column name="name">bunitabl</column>
      <column name="text">http://t.co/Z6dwdjWVzu Хочу взять кредит в банке сбербанк улан удэ</column>
      <column name="sberbank">0</column>
      <column name="vtb">NULL</column>
      <column name="gazprom">NULL</column>
      <column name="alfabank">NULL</column>
      <column name="bankmoskvy">NULL</column>
      <column name="raiffeisen">NULL</column>
      <column name="uralsib">NULL</column>
      <column name="rshb">NULL</column>
    </table>
    <table name="bank">
      <column name="id">943</column>
      <column name="twitid">494060349633870000</column>
      <column name="date">1406628141</column>
      <column name="name">APotapov29</column>
      <column name="text">ЕС может внести в санкционный список Сбербанк и ВТБ.Европейский союз готовится добавить еще 5 человек и две компании в антироссийский санкц</column>
      <column name="sberbank">-1</column>
      <column name="vtb">-1</column>
      <column name="gazprom">NULL</column>
      <column name="alfabank">NULL</column>
      <column name="bankmoskvy">NULL</column>
      <column name="raiffeisen">NULL</column>
      <column name="uralsib">NULL</column>
      <column name="rshb">NULL</column>
    </table>
    <table name="bank">
      <column name="id">944</column>
      <column name="twitid">494060489333560000</column>
      <column name="date">1406628174</column>
      <column name="name">Niketas</column>
      <column name="text">@sberbank например, абсурдные попытки по-быстрому сделать дела в Сбербанке</column>
      <column name="sberbank">-1</column>
      <column name="vtb">NULL</column>
      <column name="gazprom">NULL</column>
      <column name="alfabank">NULL</column>
      <column name="bankmoskvy">NULL</column>
      <column name="raiffeisen">NULL</column>
      <column name="uralsib">NULL</column>
      <column name="rshb">NULL</column>
    </table>
    <table name="bank">
      <column name="id">945</column>
      <column name="twitid">494063179585300000</column>
      <column name="date">1406628815</column>
      <column name="name">anber_ru</column>
      <column name="text">@mr_ozio боюсь, что сбербанк меня на хуй пошлёт с попыткой перевода с зарубежной карты.</column>
      <column name="sberbank">-1</column>
      <column name="vtb">NULL</column>
      <column name="gazprom">NULL</column>
      <column name="alfabank">NULL</column>
      <column name="bankmoskvy">NULL</column>
      <column name="raiffeisen">NULL</column>
      <column name="uralsib">NULL</column>
      <column name="rshb">NULL</column>
    </table>
    <table name="bank">
      <column name="id">946</column>
      <column name="twitid">494063647640290000</column>
      <column name="date">1406628927</column>
      <column name="name">netstrannik</column>
      <column name="text">Уточнение новости про СБЕР и ВТБ  http://t.co/CX8iv8GGCC</column>
      <column name="sberbank">0</column>
      <column name="vtb">0</column>
      <column name="gazprom">NULL</column>
      <column name="alfabank">NULL</column>
      <column name="bankmoskvy">NULL</column>
      <column name="raiffeisen">NULL</column>
      <column name="uralsib">NULL</column>
      <column name="rshb">NULL</column>
    </table>
    <table name="bank">
      <column name="id">947</column>
      <column name="twitid">494065061837960000</column>
      <column name="date">1406629264</column>
      <column name="name">DBondarenko54</column>
      <column name="text">Райффайзенбанк сменит приоритет работы в России. ВЕНА, 29 июля. /ИТАР-ТАСС/. Райффайзенбанк сменит приоритет работы в России, сделав акцент</column>
      <column name="sberbank">NULL</column>
      <column name="vtb">NULL</column>
      <column name="gazprom">NULL</column>
      <column name="alfabank">NULL</column>
      <column name="bankmoskvy">NULL</column>
      <column name="raiffeisen">0</column>
      <column name="uralsib">NULL</column>
      <column name="rshb">NULL</column>
    </table>
    <table name="bank">
      <column name="id">948</column>
      <column name="twitid">494066093359500000</column>
      <column name="date">1406629510</column>
      <column name="name">Marilass</column>
      <column name="text">Райффайзенбанк сменит приоритет работы в России</column>
      <column name="sberbank">NULL</column>
      <column name="vtb">NULL</column>
      <column name="gazprom">NULL</column>
      <column name="alfabank">NULL</column>
      <column name="bankmoskvy">NULL</column>
      <column name="raiffeisen">0</column>
      <column name="uralsib">NULL</column>
      <column name="rshb">NULL</column>
    </table>
    <table name="bank">
      <column name="id">949</column>
      <column name="twitid">494067442000590000</column>
      <column name="date">1406629832</column>
      <column name="name">ZViktorovich13</column>
      <column name="text">Инновационные продукты для бизнеса представил Сбербанк на IT-Форуме в Вологде.Инновационные бизнес-продукты представили специалисты вологод</column>
      <column name="sberbank">0</column>
      <column name="vtb">NULL</column>
      <column name="gazprom">NULL</column>
      <column name="alfabank">NULL</column>
      <column name="bankmoskvy">NULL</column>
      <column name="raiffeisen">NULL</column>
      <column name="uralsib">NULL</column>
      <column name="rshb">NULL</column>
    </table>
    <table name="bank">
      <column name="id">950</column>
      <column name="twitid">494068035171670000</column>
      <column name="date">1406629973</column>
      <column name="name">Timofeevwolfcie</column>
      <column name="text">Евросоюз готовит новый санкционный список. Сбербанк и ВТБ могут попасть под санкции США</column>
      <column name="sberbank">-1</column>
      <column name="vtb">-1</column>
      <column name="gazprom">NULL</column>
      <column name="alfabank">NULL</column>
      <column name="bankmoskvy">NULL</column>
      <column name="raiffeisen">NULL</column>
      <column name="uralsib">NULL</column>
      <column name="rshb">NULL</column>
    </table>
    <table name="bank">
      <column name="id">951</column>
      <column name="twitid">494068751638470000</column>
      <column name="date">1406630144</column>
      <column name="name">malMckittr</column>
      <column name="text">http://t.co/CgDdcfghep Взять кредит от альфа банк</column>
      <column name="sberbank">NULL</column>
      <column name="vtb">NULL</column>
      <column name="gazprom">NULL</column>
      <column name="alfabank">0</column>
      <column name="bankmoskvy">NULL</column>
      <column name="raiffeisen">NULL</column>
      <column name="uralsib">NULL</column>
      <column name="rshb">NULL</column>
    </table>
    <table name="bank">
      <column name="id">952</column>
      <column name="twitid">494069407761830000</column>
      <column name="date">1406630300</column>
      <column name="name">IStepanenko40</column>
      <column name="text">В ноябре Сбербанк выдал вологжанам кредитов на сумму 1,75 млрд. рублей.Северный банк Сбербанка России выдал 26,5 тыс. розничных кредитов на</column>
      <column name="sberbank">0</column>
      <column name="vtb">NULL</column>
      <column name="gazprom">NULL</column>
      <column name="alfabank">NULL</column>
      <column name="bankmoskvy">NULL</column>
      <column name="raiffeisen">NULL</column>
      <column name="uralsib">NULL</column>
      <column name="rshb">NULL</column>
    </table>
    <table name="bank">
      <column name="id">953</column>
      <column name="twitid">494069920297390000</column>
      <column name="date">1406630423</column>
      <column name="name">SKolesnikov22</column>
      <column name="text">По новой банковской программе вологжане могут избежать выплаты неустоек.1 ноября 2013 года Сбербанк России запустил программу, в рамках кот</column>
      <column name="sberbank">1</column>
      <column name="vtb">NULL</column>
      <column name="gazprom">NULL</column>
      <column name="alfabank">NULL</column>
      <column name="bankmoskvy">NULL</column>
      <column name="raiffeisen">NULL</column>
      <column name="uralsib">NULL</column>
      <column name="rshb">NULL</column>
    </table>
    <table name="bank">
      <column name="id">954</column>
      <column name="twitid">494071181734330000</column>
      <column name="date">1406630723</column>
      <column name="name">makeyourmoney77</column>
      <column name="text">&quot;Ростелеком&quot; откроет кредитные линии в ВТБ и Россельхозбанке на 8 млрд рублей</column>
      <column name="sberbank">NULL</column>
      <column name="vtb">0</column>
      <column name="gazprom">NULL</column>
      <column name="alfabank">NULL</column>
      <column name="bankmoskvy">NULL</column>
      <column name="raiffeisen">NULL</column>
      <column name="uralsib">NULL</column>
      <column name="rshb">0</column>
    </table>
    <table name="bank">
      <column name="id">955</column>
      <column name="twitid">494072624851740000</column>
      <column name="date">1406631067</column>
      <column name="name">alex_dronow</column>
      <column name="text">RT @fokctrot: Санкции? Санкции! ВЭБ, Газпромбанк и Роснефть воспользуются долгосрочными кредитами США-http://t.co/ciNMTKiesm]</column>
      <column name="sberbank">NULL</column>
      <column name="vtb">NULL</column>
      <column name="gazprom">1</column>
      <column name="alfabank">NULL</column>
      <column name="bankmoskvy">NULL</column>
      <column name="raiffeisen">NULL</column>
      <column name="uralsib">NULL</column>
      <column name="rshb">NULL</column>
    </table>
    <table name="bank">
      <column name="id">956</column>
      <column name="twitid">494075405532670000</column>
      <column name="date">1406631730</column>
      <column name="name">ndonerEdel</column>
      <column name="text">http://t.co/bEC19OVscz Как можно взять кредит во внешторгбанк у</column>
      <column name="sberbank">NULL</column>
      <column name="vtb">0</column>
      <column name="gazprom">NULL</column>
      <column name="alfabank">NULL</column>
      <column name="bankmoskvy">NULL</column>
      <column name="raiffeisen">NULL</column>
      <column name="uralsib">NULL</column>
      <column name="rshb">NULL</column>
    </table>
    <table name="bank">
      <column name="id">957</column>
      <column name="twitid">494075536394580000</column>
      <column name="date">1406631762</column>
      <column name="name">RuZorro</column>
      <column name="text">Evraz собрался привлечь деньги азиатских банков - Интерфакс http://t.co/1T7h59Uv6x Сбербанк пойдет этим же путем</column>
      <column name="sberbank">0</column>
      <column name="vtb">NULL</column>
      <column name="gazprom">NULL</column>
      <column name="alfabank">NULL</column>
      <column name="bankmoskvy">NULL</column>
      <column name="raiffeisen">NULL</column>
      <column name="uralsib">NULL</column>
      <column name="rshb">NULL</column>
    </table>
    <table name="bank">
      <column name="id">958</column>
      <column name="twitid">494077652945630000</column>
      <column name="date">1406632266</column>
      <column name="name">EPetrenko13</column>
      <column name="text">Глава Райффайзенбанка: санкции против Москвы ударят не только по РФ, но и по Украине и ЕС. &quot;Вся восточная Украина экономически полностью ор</column>
      <column name="sberbank">NULL</column>
      <column name="vtb">NULL</column>
      <column name="gazprom">NULL</column>
      <column name="alfabank">NULL</column>
      <column name="bankmoskvy">NULL</column>
      <column name="raiffeisen">0</column>
      <column name="uralsib">NULL</column>
      <column name="rshb">NULL</column>
    </table>
    <table name="bank">
      <column name="id">959</column>
      <column name="twitid">494077833468470000</column>
      <column name="date">1406632309</column>
      <column name="name">amber92006</column>
      <column name="text">RT @itass: Райффайзенбанк сменит приоритет работы в России в сторону розничного сектора http://t.co/0YKJO96EYs</column>
      <column name="sberbank">NULL</column>
      <column name="vtb">NULL</column>
      <column name="gazprom">NULL</column>
      <column name="alfabank">NULL</column>
      <column name="bankmoskvy">NULL</column>
      <column name="raiffeisen">0</column>
      <column name="uralsib">NULL</column>
      <column name="rshb">NULL</column>
    </table>
    <table name="bank">
      <column name="id">960</column>
      <column name="twitid">494081428431180000</column>
      <column name="date">1406633166</column>
      <column name="name">gennadijyusufo1</column>
      <column name="text">#novosti Сбербанк и ВТБ попадут под санкции ЕС http://t.co/d7XNhTQcJQ #Україна</column>
      <column name="sberbank">-1</column>
      <column name="vtb">-1</column>
      <column name="gazprom">NULL</column>
      <column name="alfabank">NULL</column>
      <column name="bankmoskvy">NULL</column>
      <column name="raiffeisen">NULL</column>
      <column name="uralsib">NULL</column>
      <column name="rshb">NULL</column>
    </table>
    <table name="bank">
      <column name="id">961</column>
      <column name="twitid">494081428460540000</column>
      <column name="date">1406633166</column>
      <column name="name">vasymyxihibo</column>
      <column name="text">#новостиДня Сбербанк и ВТБ попадут под санкции ЕС http://t.co/aGg1IvlPO7 #ua</column>
      <column name="sberbank">-1</column>
      <column name="vtb">-1</column>
      <column name="gazprom">NULL</column>
      <column name="alfabank">NULL</column>
      <column name="bankmoskvy">NULL</column>
      <column name="raiffeisen">NULL</column>
      <column name="uralsib">NULL</column>
      <column name="rshb">NULL</column>
    </table>
    <table name="bank">
      <column name="id">962</column>
      <column name="twitid">494081475856180000</column>
      <column name="date">1406633178</column>
      <column name="name">cegocaqekiqy</column>
      <column name="text">#сегодня Сбербанк и ВТБ попадут под санкции ЕС: Члены ЕС решили расширить список российских компаний,... http://t.co/gzcyYMu0yR #Украина</column>
      <column name="sberbank">-1</column>
      <column name="vtb">-1</column>
      <column name="gazprom">NULL</column>
      <column name="alfabank">NULL</column>
      <column name="bankmoskvy">NULL</column>
      <column name="raiffeisen">NULL</column>
      <column name="uralsib">NULL</column>
      <column name="rshb">NULL</column>
    </table>
    <table name="bank">
      <column name="id">963</column>
      <column name="twitid">494082773976880000</column>
      <column name="date">1406633487</column>
      <column name="name">fogexg81</column>
      <column name="text">http://t.co/cGXGKKazYb Получить кредитную карту в альфа банке</column>
      <column name="sberbank">NULL</column>
      <column name="vtb">NULL</column>
      <column name="gazprom">NULL</column>
      <column name="alfabank">0</column>
      <column name="bankmoskvy">NULL</column>
      <column name="raiffeisen">NULL</column>
      <column name="uralsib">NULL</column>
      <column name="rshb">NULL</column>
    </table>
    <table name="bank">
      <column name="id">964</column>
      <column name="twitid">494083051597870000</column>
      <column name="date">1406633553</column>
      <column name="name">hlilSill</column>
      <column name="text">http://t.co/30SL0hRyPf Сбербанк как взять кредит наличными</column>
      <column name="sberbank">0</column>
      <column name="vtb">NULL</column>
      <column name="gazprom">NULL</column>
      <column name="alfabank">NULL</column>
      <column name="bankmoskvy">NULL</column>
      <column name="raiffeisen">NULL</column>
      <column name="uralsib">NULL</column>
      <column name="rshb">NULL</column>
    </table>
    <table name="bank">
      <column name="id">965</column>
      <column name="twitid">494084155073110000</column>
      <column name="date">1406633816</column>
      <column name="name">AlexIT</column>
      <column name="text">RT @Sandy_mustache: Во глубине сибирских руд
Храните ваши сбереженья,
Пока Сбербанк и ВТБ...
Стоят в неловком положении.</column>
      <column name="sberbank">-1</column>
      <column name="vtb">-1</column>
      <column name="gazprom">NULL</column>
      <column name="alfabank">NULL</column>
      <column name="bankmoskvy">NULL</column>
      <column name="raiffeisen">NULL</column>
      <column name="uralsib">NULL</column>
      <column name="rshb">NULL</column>
    </table>
    <table name="bank">
      <column name="id">966</column>
      <column name="twitid">494085597926270000</column>
      <column name="date">1406634160</column>
      <column name="name">rraAntonio</column>
      <column name="text">http://t.co/mcO30m0EgK Взять кредит в россельхозбанк в уфе</column>
      <column name="sberbank">NULL</column>
      <column name="vtb">NULL</column>
      <column name="gazprom">NULL</column>
      <column name="alfabank">NULL</column>
      <column name="bankmoskvy">NULL</column>
      <column name="raiffeisen">NULL</column>
      <column name="uralsib">NULL</column>
      <column name="rshb">0</column>
    </table>
    <table name="bank">
      <column name="id">967</column>
      <column name="twitid">494085777379570000</column>
      <column name="date">1406634203</column>
      <column name="name">ehucpligi</column>
      <column name="text">http://t.co/69CDMDLWHY Взять кредит через интернет в альфа банке</column>
      <column name="sberbank">NULL</column>
      <column name="vtb">NULL</column>
      <column name="gazprom">NULL</column>
      <column name="alfabank">0</column>
      <column name="bankmoskvy">NULL</column>
      <column name="raiffeisen">NULL</column>
      <column name="uralsib">NULL</column>
      <column name="rshb">NULL</column>
    </table>
    <table name="bank">
      <column name="id">968</column>
      <column name="twitid">494088305500500000</column>
      <column name="date">1406634806</column>
      <column name="name">nashbryansk_ru</column>
      <column name="text">Более миллиона клиентов Среднерусского банка активно используют Сбербанк Онл@йн http://t.co/gEMKkFN0y0</column>
      <column name="sberbank">1</column>
      <column name="vtb">NULL</column>
      <column name="gazprom">NULL</column>
      <column name="alfabank">NULL</column>
      <column name="bankmoskvy">NULL</column>
      <column name="raiffeisen">NULL</column>
      <column name="uralsib">NULL</column>
      <column name="rshb">NULL</column>
    </table>
    <table name="bank">
      <column name="id">969</column>
      <column name="twitid">494088623948850000</column>
      <column name="date">1406634882</column>
      <column name="name">teiaSteinl</column>
      <column name="text">http://t.co/EEV38d2DE0 Как оформить кредит в сбер банке</column>
      <column name="sberbank">0</column>
      <column name="vtb">NULL</column>
      <column name="gazprom">NULL</column>
      <column name="alfabank">NULL</column>
      <column name="bankmoskvy">NULL</column>
      <column name="raiffeisen">NULL</column>
      <column name="uralsib">NULL</column>
      <column name="rshb">NULL</column>
    </table>
    <table name="bank">
      <column name="id">970</column>
      <column name="twitid">494089037804990000</column>
      <column name="date">1406634981</column>
      <column name="name">wemetfoffi</column>
      <column name="text">http://t.co/CrEdrHU0RR Как взять кредит в банке втб 24 рассчитать</column>
      <column name="sberbank">NULL</column>
      <column name="vtb">0</column>
      <column name="gazprom">NULL</column>
      <column name="alfabank">NULL</column>
      <column name="bankmoskvy">NULL</column>
      <column name="raiffeisen">NULL</column>
      <column name="uralsib">NULL</column>
      <column name="rshb">NULL</column>
    </table>
    <table name="bank">
      <column name="id">971</column>
      <column name="twitid">494091177986380000</column>
      <column name="date">1406635491</column>
      <column name="name">ADanilov37</column>
      <column name="text">Под санкции Евросоюза попадает Сбербанк и ВТБ.  </column>
      <column name="sberbank">-1</column>
      <column name="vtb">-1</column>
      <column name="gazprom">NULL</column>
      <column name="alfabank">NULL</column>
      <column name="bankmoskvy">NULL</column>
      <column name="raiffeisen">NULL</column>
      <column name="uralsib">NULL</column>
      <column name="rshb">NULL</column>
    </table>
    <table name="bank">
      <column name="id">972</column>
      <column name="twitid">494091634544760000</column>
      <column name="date">1406635600</column>
      <column name="name">ndonerEdel</column>
      <column name="text">http://t.co/vsVFdM18Be Взять кредит наличными в втб 24 онлайн заявка</column>
      <column name="sberbank">NULL</column>
      <column name="vtb">0</column>
      <column name="gazprom">NULL</column>
      <column name="alfabank">NULL</column>
      <column name="bankmoskvy">NULL</column>
      <column name="raiffeisen">NULL</column>
      <column name="uralsib">NULL</column>
      <column name="rshb">NULL</column>
    </table>
    <table name="bank">
      <column name="id">973</column>
      <column name="twitid">494092669225040000</column>
      <column name="date">1406635846</column>
      <column name="name">malMckittr</column>
      <column name="text">http://t.co/zaRZGGdRLK Хочу взять кредитную карту альфа банка</column>
      <column name="sberbank">NULL</column>
      <column name="vtb">NULL</column>
      <column name="gazprom">NULL</column>
      <column name="alfabank">0</column>
      <column name="bankmoskvy">NULL</column>
      <column name="raiffeisen">NULL</column>
      <column name="uralsib">NULL</column>
      <column name="rshb">NULL</column>
    </table>
    <table name="bank">
      <column name="id">974</column>
      <column name="twitid">494093414229890000</column>
      <column name="date">1406636024</column>
      <column name="name">a__shar</column>
      <column name="text">RT @lDarthVader: RT Сбербанк России не будет работать в Крыму и Севастополе http://t.co/Nl1u4yl4w7</column>
      <column name="sberbank">-1</column>
      <column name="vtb">NULL</column>
      <column name="gazprom">NULL</column>
      <column name="alfabank">NULL</column>
      <column name="bankmoskvy">NULL</column>
      <column name="raiffeisen">NULL</column>
      <column name="uralsib">NULL</column>
      <column name="rshb">NULL</column>
    </table>
    <table name="bank">
      <column name="id">975</column>
      <column name="twitid">494093969769240000</column>
      <column name="date">1406636156</column>
      <column name="name">sonikxx9</column>
      <column name="text">RT @sberbank: «Только те, кто предпринимают абсурдные попытки, смогут достичь невозможного» (Альберт Эйнштейн)</column>
      <column name="sberbank">--</column>
      <column name="vtb">NULL</column>
      <column name="gazprom">NULL</column>
      <column name="alfabank">NULL</column>
      <column name="bankmoskvy">NULL</column>
      <column name="raiffeisen">NULL</column>
      <column name="uralsib">NULL</column>
      <column name="rshb">NULL</column>
    </table>
    <table name="bank">
      <column name="id">976</column>
      <column name="twitid">494095627471820000</column>
      <column name="date">1406636552</column>
      <column name="name">ymared</column>
      <column name="text">@AlfabankBY я напишу на почту</column>
      <column name="sberbank">NULL</column>
      <column name="vtb">NULL</column>
      <column name="gazprom">NULL</column>
      <column name="alfabank">--</column>
      <column name="bankmoskvy">NULL</column>
      <column name="raiffeisen">NULL</column>
      <column name="uralsib">NULL</column>
      <column name="rshb">NULL</column>
    </table>
    <table name="bank">
      <column name="id">977</column>
      <column name="twitid">494096898534700000</column>
      <column name="date">1406636855</column>
      <column name="name">fogexg81</column>
      <column name="text">http://t.co/IXBQ5tH3oj Банк втб 24 в туле взять кредит 50000</column>
      <column name="sberbank">NULL</column>
      <column name="vtb">0</column>
      <column name="gazprom">NULL</column>
      <column name="alfabank">NULL</column>
      <column name="bankmoskvy">NULL</column>
      <column name="raiffeisen">NULL</column>
      <column name="uralsib">NULL</column>
      <column name="rshb">NULL</column>
    </table>
    <table name="bank">
      <column name="id">978</column>
      <column name="twitid">494096941182370000</column>
      <column name="date">1406636865</column>
      <column name="name">Duckas</column>
      <column name="text">@AlfabankBY внести платеж по кредиту до выставления задолженности через кэшин и ерип я так понимаю нельзя?</column>
      <column name="sberbank">NULL</column>
      <column name="vtb">NULL</column>
      <column name="gazprom">NULL</column>
      <column name="alfabank">-1</column>
      <column name="bankmoskvy">NULL</column>
      <column name="raiffeisen">NULL</column>
      <column name="uralsib">NULL</column>
      <column name="rshb">NULL</column>
    </table>
    <table name="bank">
      <column name="id">979</column>
      <column name="twitid">494097168819440000</column>
      <column name="date">1406636919</column>
      <column name="name">Graggas</column>
      <column name="text">ЕС планирует добавить Сбербанк и ВТБ в санкционный список</column>
      <column name="sberbank">-1</column>
      <column name="vtb">-1</column>
      <column name="gazprom">NULL</column>
      <column name="alfabank">NULL</column>
      <column name="bankmoskvy">NULL</column>
      <column name="raiffeisen">NULL</column>
      <column name="uralsib">NULL</column>
      <column name="rshb">NULL</column>
    </table>
    <table name="bank">
      <column name="id">980</column>
      <column name="twitid">494098469192500000</column>
      <column name="date">1406637229</column>
      <column name="name">WODITEL_RU</column>
      <column name="text">@Chumikov @pro100card @sberbank в Сбербанк онлайн про100 работает, точно также как и для других МПС</column>
      <column name="sberbank">1</column>
      <column name="vtb">NULL</column>
      <column name="gazprom">NULL</column>
      <column name="alfabank">NULL</column>
      <column name="bankmoskvy">NULL</column>
      <column name="raiffeisen">NULL</column>
      <column name="uralsib">NULL</column>
      <column name="rshb">NULL</column>
    </table>
    <table name="bank">
      <column name="id">981</column>
      <column name="twitid">494099656415380000</column>
      <column name="date">1406637512</column>
      <column name="name">quxqocchin</column>
      <column name="text">http://t.co/31OhAaMR4n Как взять денежный кредит в альфа банке</column>
      <column name="sberbank">NULL</column>
      <column name="vtb">NULL</column>
      <column name="gazprom">NULL</column>
      <column name="alfabank">0</column>
      <column name="bankmoskvy">NULL</column>
      <column name="raiffeisen">NULL</column>
      <column name="uralsib">NULL</column>
      <column name="rshb">NULL</column>
    </table>
    <table name="bank">
      <column name="id">982</column>
      <column name="twitid">494103595726700000</column>
      <column name="date">1406638451</column>
      <column name="name">pigggglet</column>
      <column name="text">Два дня и четыре человека понадобилось альфабанку, чтоб узнать, что их служба безопасности запретила смены пинкодов на новых карточках!</column>
      <column name="sberbank">NULL</column>
      <column name="vtb">NULL</column>
      <column name="gazprom">NULL</column>
      <column name="alfabank">-1</column>
      <column name="bankmoskvy">NULL</column>
      <column name="raiffeisen">NULL</column>
      <column name="uralsib">NULL</column>
      <column name="rshb">NULL</column>
    </table>
    <table name="bank">
      <column name="id">983</column>
      <column name="twitid">494107753649290000</column>
      <column name="date">1406639443</column>
      <column name="name">DiNellodip</column>
      <column name="text">ЕС может включить в черный список Сбербанк и ВТБ</column>
      <column name="sberbank">-1</column>
      <column name="vtb">-1</column>
      <column name="gazprom">NULL</column>
      <column name="alfabank">NULL</column>
      <column name="bankmoskvy">NULL</column>
      <column name="raiffeisen">NULL</column>
      <column name="uralsib">NULL</column>
      <column name="rshb">NULL</column>
    </table>
    <table name="bank">
      <column name="id">984</column>
      <column name="twitid">494109694340770000</column>
      <column name="date">1406639905</column>
      <column name="name">vasilyesmanov</column>
      <column name="text">А кому альфабанк на мастеркардовские карты смски счастья о блокировке прислал?</column>
      <column name="sberbank">NULL</column>
      <column name="vtb">NULL</column>
      <column name="gazprom">NULL</column>
      <column name="alfabank">-1</column>
      <column name="bankmoskvy">NULL</column>
      <column name="raiffeisen">NULL</column>
      <column name="uralsib">NULL</column>
      <column name="rshb">NULL</column>
    </table>
    <table name="bank">
      <column name="id">985</column>
      <column name="twitid">494110982198010000</column>
      <column name="date">1406640212</column>
      <column name="name">MAntonova58</column>
      <column name="text">Журнал Global Finance признал Сбербанк Онлайн лучшим розничным интернет-банком в России</column>
      <column name="sberbank">1</column>
      <column name="vtb">NULL</column>
      <column name="gazprom">NULL</column>
      <column name="alfabank">NULL</column>
      <column name="bankmoskvy">NULL</column>
      <column name="raiffeisen">NULL</column>
      <column name="uralsib">NULL</column>
      <column name="rshb">NULL</column>
    </table>
    <table name="bank">
      <column name="id">986</column>
      <column name="twitid">494116279587190000</column>
      <column name="date">1406641475</column>
      <column name="name">orleotengui1982</column>
      <column name="text">Sberbank CIB снизил оценку GDR ПИКа на 28%, но оставил рейтинг &quot;покупать&quot;</column>
      <column name="sberbank">0</column>
      <column name="vtb">NULL</column>
      <column name="gazprom">NULL</column>
      <column name="alfabank">NULL</column>
      <column name="bankmoskvy">NULL</column>
      <column name="raiffeisen">NULL</column>
      <column name="uralsib">NULL</column>
      <column name="rshb">NULL</column>
    </table>
    <table name="bank">
      <column name="id">987</column>
      <column name="twitid">494119524388860000</column>
      <column name="date">1406642249</column>
      <column name="name">wemetfoffi</column>
      <column name="text">http://t.co/FOJy2gVuoe Взять кредит сбербанк 50000 руб</column>
      <column name="sberbank">0</column>
      <column name="vtb">NULL</column>
      <column name="gazprom">NULL</column>
      <column name="alfabank">NULL</column>
      <column name="bankmoskvy">NULL</column>
      <column name="raiffeisen">NULL</column>
      <column name="uralsib">NULL</column>
      <column name="rshb">NULL</column>
    </table>
    <table name="bank">
      <column name="id">988</column>
      <column name="twitid">494121684043980000</column>
      <column name="date">1406642764</column>
      <column name="name">BelPortal</column>
      <column name="text">ВТБ увеличил ресурсную базу: Ресурсная База ЗАО Банк ВТБ (Беларусь) по итогам января-июня нынешнего года увели... http://t.co/tYSSwDTC92</column>
      <column name="sberbank">NULL</column>
      <column name="vtb">1</column>
      <column name="gazprom">NULL</column>
      <column name="alfabank">NULL</column>
      <column name="bankmoskvy">NULL</column>
      <column name="raiffeisen">NULL</column>
      <column name="uralsib">NULL</column>
      <column name="rshb">NULL</column>
    </table>
    <table name="bank">
      <column name="id">989</column>
      <column name="twitid">494125370602710000</column>
      <column name="date">1406643643</column>
      <column name="name">ymared</column>
      <column name="text">@AlfabankBY ясно</column>
      <column name="sberbank">NULL</column>
      <column name="vtb">NULL</column>
      <column name="gazprom">NULL</column>
      <column name="alfabank">--</column>
      <column name="bankmoskvy">NULL</column>
      <column name="raiffeisen">NULL</column>
      <column name="uralsib">NULL</column>
      <column name="rshb">NULL</column>
    </table>
    <table name="bank">
      <column name="id">990</column>
      <column name="twitid">494125848531080000</column>
      <column name="date">1406643757</column>
      <column name="name">VGordeeva25</column>
      <column name="text">СМИ: Евросоюз намерен внести в санкционный список Сбербанк и ВТБ.Возможные санкции значительно ограничат возможности крупнейших российских</column>
      <column name="sberbank">-1</column>
      <column name="vtb">-1</column>
      <column name="gazprom">NULL</column>
      <column name="alfabank">NULL</column>
      <column name="bankmoskvy">NULL</column>
      <column name="raiffeisen">NULL</column>
      <column name="uralsib">NULL</column>
      <column name="rshb">NULL</column>
    </table>
    <table name="bank">
      <column name="id">991</column>
      <column name="twitid">494128473896940000</column>
      <column name="date">1406644383</column>
      <column name="name">inphacevan1980</column>
      <column name="text">Обзор финансово-экономической прессы: В список санкций ЕС будут включены Сбербанк и ВТБ</column>
      <column name="sberbank">-1</column>
      <column name="vtb">-1</column>
      <column name="gazprom">NULL</column>
      <column name="alfabank">NULL</column>
      <column name="bankmoskvy">NULL</column>
      <column name="raiffeisen">NULL</column>
      <column name="uralsib">NULL</column>
      <column name="rshb">NULL</column>
    </table>
    <table name="bank">
      <column name="id">992</column>
      <column name="twitid">494131217667980000</column>
      <column name="date">1406645037</column>
      <column name="name">epitnabus1974</column>
      <column name="text">Более миллиона клиентов Среднерусского банка активно используют Сбербанк Онл@йн</column>
      <column name="sberbank">1</column>
      <column name="vtb">NULL</column>
      <column name="gazprom">NULL</column>
      <column name="alfabank">NULL</column>
      <column name="bankmoskvy">NULL</column>
      <column name="raiffeisen">NULL</column>
      <column name="uralsib">NULL</column>
      <column name="rshb">NULL</column>
    </table>
    <table name="bank">
      <column name="id">993</column>
      <column name="twitid">494132822849110000</column>
      <column name="date">1406645420</column>
      <column name="name">entinesf</column>
      <column name="text">RT @sofroniyab183: Кредитные карты Альфа банка в Ижевске http://t.co/zOX0rFA4Im</column>
      <column name="sberbank">NULL</column>
      <column name="vtb">NULL</column>
      <column name="gazprom">NULL</column>
      <column name="alfabank">0</column>
      <column name="bankmoskvy">NULL</column>
      <column name="raiffeisen">NULL</column>
      <column name="uralsib">NULL</column>
      <column name="rshb">NULL</column>
    </table>
    <table name="bank">
      <column name="id">994</column>
      <column name="twitid">494135165133010000</column>
      <column name="date">1406645978</column>
      <column name="name">seapvlid26</column>
      <column name="text">http://t.co/V13Z1uSqia Альфа банк как оформить кредит на покупку</column>
      <column name="sberbank">NULL</column>
      <column name="vtb">NULL</column>
      <column name="gazprom">NULL</column>
      <column name="alfabank">0</column>
      <column name="bankmoskvy">NULL</column>
      <column name="raiffeisen">NULL</column>
      <column name="uralsib">NULL</column>
      <column name="rshb">NULL</column>
    </table>
    <table name="bank">
      <column name="id">995</column>
      <column name="twitid">494137144244720000</column>
      <column name="date">1406646450</column>
      <column name="name">irerywhfar</column>
      <column name="text">http://t.co/KkDmqIcvW7 Взять кредит в втб 24 в вологде</column>
      <column name="sberbank">NULL</column>
      <column name="vtb">0</column>
      <column name="gazprom">NULL</column>
      <column name="alfabank">NULL</column>
      <column name="bankmoskvy">NULL</column>
      <column name="raiffeisen">NULL</column>
      <column name="uralsib">NULL</column>
      <column name="rshb">NULL</column>
    </table>
    <table name="bank">
      <column name="id">996</column>
      <column name="twitid">494138316615590000</column>
      <column name="date">1406646730</column>
      <column name="name">Chernetzovfipes</column>
      <column name="text">RT @alekc53kuzya: Сбербанк и ВТБ могут попасть в санкционный список ЕС</column>
      <column name="sberbank">-1</column>
      <column name="vtb">-1</column>
      <column name="gazprom">NULL</column>
      <column name="alfabank">NULL</column>
      <column name="bankmoskvy">NULL</column>
      <column name="raiffeisen">NULL</column>
      <column name="uralsib">NULL</column>
      <column name="rshb">NULL</column>
    </table>
    <table name="bank">
      <column name="id">997</column>
      <column name="twitid">494144947348860000</column>
      <column name="date">1406648310</column>
      <column name="name">AmburCunha</column>
      <column name="text">http://t.co/qB8tgPQKaZ Взять кредит через интернет в альфа банке</column>
      <column name="sberbank">NULL</column>
      <column name="vtb">NULL</column>
      <column name="gazprom">NULL</column>
      <column name="alfabank">0</column>
      <column name="bankmoskvy">NULL</column>
      <column name="raiffeisen">NULL</column>
      <column name="uralsib">NULL</column>
      <column name="rshb">NULL</column>
    </table>
    <table name="bank">
      <column name="id">998</column>
      <column name="twitid">494147554826000000</column>
      <column name="date">1406648932</column>
      <column name="name">PievaEkaterina</column>
      <column name="text">RT @petrlauder: Внешторгбанк это конечно открытип века просто</column>
      <column name="sberbank">NULL</column>
      <column name="vtb">0</column>
      <column name="gazprom">NULL</column>
      <column name="alfabank">NULL</column>
      <column name="bankmoskvy">NULL</column>
      <column name="raiffeisen">NULL</column>
      <column name="uralsib">NULL</column>
      <column name="rshb">NULL</column>
    </table>
    <table name="bank">
      <column name="id">999</column>
      <column name="twitid">494153274854240000</column>
      <column name="date">1406650296</column>
      <column name="name">wibinlfast</column>
      <column name="text">http://t.co/OHvDcdMk3b Получить кредит в альфа банке кемерово</column>
      <column name="sberbank">NULL</column>
      <column name="vtb">NULL</column>
      <column name="gazprom">NULL</column>
      <column name="alfabank">0</column>
      <column name="bankmoskvy">NULL</column>
      <column name="raiffeisen">NULL</column>
      <column name="uralsib">NULL</column>
      <column name="rshb">NULL</column>
    </table>
    <table name="bank">
      <column name="id">1000</column>
      <column name="twitid">494157963079470000</column>
      <column name="date">1406651414</column>
      <column name="name">PhotoBarnaul</column>
      <column name="text">Мой любимый и прекрасный #альфабанк </column>
      <column name="sberbank">NULL</column>
      <column name="vtb">NULL</column>
      <column name="gazprom">NULL</column>
      <column name="alfabank">1</column>
      <column name="bankmoskvy">NULL</column>
      <column name="raiffeisen">NULL</column>
      <column name="uralsib">NULL</column>
      <column name="rshb">NULL</column>
    </table>
  </database>
</pma_xml_export>
