<?xml version="1.0" encoding="utf-8"?>
<!--
- phpMyAdmin XML Dump
- version 4.0.4.1
- http://www.phpmyadmin.net
-
- Хост: localhost
- Время создания: Окт 28 2014 г., 09:04
- Версия сервера: 5.6.12
- Версия PHP: 5.5.3
-->

<pma_xml_export version="1.0" xmlns:pma="http://www.phpmyadmin.net/some_doc_url/">
    <!--
    - Structure schemas
    -->
    <pma:structure_schemas>
        <pma:database name="Romip" collation="utf8_general_ci" charset="utf8">
            <pma:table name="bank">
                CREATE TABLE `bank` (
                  `id` int(11) NOT NULL AUTO_INCREMENT,
                  `twitid` bigint(32) NOT NULL DEFAULT '0',
                  `date` varchar(128) DEFAULT NULL,
                  `name` varchar(128) DEFAULT NULL,
                  `text` varchar(256) DEFAULT NULL,
                  `sberbank` int(11) DEFAULT NULL,
                  `vtb` int(11) DEFAULT NULL,
                  `gazprom` int(11) DEFAULT NULL,
                  `alfabank` int(11) DEFAULT NULL,
                  `bankmoskvy` int(11) DEFAULT NULL,
                  `raiffeisen` int(11) DEFAULT NULL,
                  `uralsib` int(11) DEFAULT NULL,
                  `rshb` int(11) DEFAULT NULL,
                  PRIMARY KEY (`id`),
                  UNIQUE KEY `id` (`twitid`)
                ) ENGINE=InnoDB AUTO_INCREMENT=7924 DEFAULT CHARSET=utf8;
            </pma:table>
        </pma:database>
    </pma:structure_schemas>

    <!--
    - База данных: 'Romip'
    -->
    <database name="Romip">
        <!-- Таблица bank -->
        <table name="bank">
            <column name="id">2501</column>
            <column name="twitid">495216696496370000</column>
            <column name="date">1406903835</column>
            <column name="name">rodabwindwar8</column>
            <column name="text">#Санкции #Евросоюза затронули #Сбербанк, #Газпромбанк, #ВТБ, #Россельхозбанк и #ВЭБ (53)   #follow</column>
            <column name="sberbank">-1</column>
            <column name="vtb">-1</column>
            <column name="gazprom">-1</column>
            <column name="alfabank">NULL</column>
            <column name="bankmoskvy">NULL</column>
            <column name="raiffeisen">NULL</column>
            <column name="uralsib">NULL</column>
            <column name="rshb">-1</column>
        </table>
        <table name="bank">
            <column name="id">2502</column>
            <column name="twitid">495217216154270000</column>
            <column name="date">1406903959</column>
            <column name="name">peraneptu1979</column>
            <column name="text">Россельхозбанк провел в Краснодаре «Открытый диалог» с предпринимателями</column>
            <column name="sberbank">NULL</column>
            <column name="vtb">NULL</column>
            <column name="gazprom">NULL</column>
            <column name="alfabank">NULL</column>
            <column name="bankmoskvy">NULL</column>
            <column name="raiffeisen">NULL</column>
            <column name="uralsib">NULL</column>
            <column name="rshb">0</column>
        </table>
        <table name="bank">
            <column name="id">2503</column>
            <column name="twitid">495220641902360000</column>
            <column name="date">1406904776</column>
            <column name="name">khodov_v</column>
            <column name="text">Конечно уровень обслуживания в альфа банке или в ВТБ, очень радует!</column>
            <column name="sberbank">NULL</column>
            <column name="vtb">1</column>
            <column name="gazprom">NULL</column>
            <column name="alfabank">1</column>
            <column name="bankmoskvy">NULL</column>
            <column name="raiffeisen">NULL</column>
            <column name="uralsib">NULL</column>
            <column name="rshb">NULL</column>
        </table>
        <table name="bank">
            <column name="id">2504</column>
            <column name="twitid">495226370977720000</column>
            <column name="date">1406906142</column>
            <column name="name">ganimarina</column>
            <column name="text">@PresnetsovaKate @max_katz  Заголовок --  московская гопница отжала у прохожего деньги  для Каца. Сбербанк содействовал :)</column>
            <column name="sberbank">-1</column>
            <column name="vtb">NULL</column>
            <column name="gazprom">NULL</column>
            <column name="alfabank">NULL</column>
            <column name="bankmoskvy">NULL</column>
            <column name="raiffeisen">NULL</column>
            <column name="uralsib">NULL</column>
            <column name="rshb">NULL</column>
        </table>
        <table name="bank">
            <column name="id">2505</column>
            <column name="twitid">495227399626580000</column>
            <column name="date">1406906387</column>
            <column name="name">NinaRumyantseva</column>
            <column name="text">RT @kondrashov_t: Сбербанк дарит слабовидящим детям специальные рельефные книги</column>
            <column name="sberbank">1</column>
            <column name="vtb">NULL</column>
            <column name="gazprom">NULL</column>
            <column name="alfabank">NULL</column>
            <column name="bankmoskvy">NULL</column>
            <column name="raiffeisen">NULL</column>
            <column name="uralsib">NULL</column>
            <column name="rshb">NULL</column>
        </table>
        <table name="bank">
            <column name="id">2506</column>
            <column name="twitid">495229365681000000</column>
            <column name="date">1406906856</column>
            <column name="name">Tenerezza27</column>
            <column name="text">Новости банков: Сбербанк в Нижегородской области в 1,5 раза увеличил оборот по брокерским счетам  #банки #кредиты</column>
            <column name="sberbank">0</column>
            <column name="vtb">NULL</column>
            <column name="gazprom">NULL</column>
            <column name="alfabank">NULL</column>
            <column name="bankmoskvy">NULL</column>
            <column name="raiffeisen">NULL</column>
            <column name="uralsib">NULL</column>
            <column name="rshb">NULL</column>
        </table>
        <table name="bank">
            <column name="id">2507</column>
            <column name="twitid">495229368147260000</column>
            <column name="date">1406906856</column>
            <column name="name">Tenerezza27</column>
            <column name="text">Новости банков: Рейтинги российского Открытого акционерного общества «БАНК УРАЛСИБ» подтверждены на уровн...  #банки #кредиты</column>
            <column name="sberbank">NULL</column>
            <column name="vtb">NULL</column>
            <column name="gazprom">NULL</column>
            <column name="alfabank">NULL</column>
            <column name="bankmoskvy">NULL</column>
            <column name="raiffeisen">NULL</column>
            <column name="uralsib">1</column>
            <column name="rshb">NULL</column>
        </table>
        <table name="bank">
            <column name="id">2508</column>
            <column name="twitid">495231420038930000</column>
            <column name="date">1406907346</column>
            <column name="name">lin_kim</column>
            <column name="text">1,5 года назад пыталась сделать карту со своим дизайном от @sberbank на сайте,так и не перезвонили,в отделении толком ничо не смогли сказать</column>
            <column name="sberbank">-1</column>
            <column name="vtb">NULL</column>
            <column name="gazprom">NULL</column>
            <column name="alfabank">NULL</column>
            <column name="bankmoskvy">NULL</column>
            <column name="raiffeisen">NULL</column>
            <column name="uralsib">NULL</column>
            <column name="rshb">NULL</column>
        </table>
        <table name="bank">
            <column name="id">2509</column>
            <column name="twitid">495233029414330000</column>
            <column name="date">1406907729</column>
            <column name="name">pybifejuh</column>
            <column name="text">Кредитование фермерского хозяйства в россельхозбанке http://t.co/Fg0GGKFFlX</column>
            <column name="sberbank">NULL</column>
            <column name="vtb">NULL</column>
            <column name="gazprom">NULL</column>
            <column name="alfabank">NULL</column>
            <column name="bankmoskvy">NULL</column>
            <column name="raiffeisen">NULL</column>
            <column name="uralsib">NULL</column>
            <column name="rshb">0</column>
        </table>
        <table name="bank">
            <column name="id">2510</column>
            <column name="twitid">495237019522830000</column>
            <column name="date">1406908681</column>
            <column name="name">flotanonin</column>
            <column name="text">Кредит наличными без справок и поручителей сбербанк http://t.co/c2qz9kPnHZ</column>
            <column name="sberbank">0</column>
            <column name="vtb">NULL</column>
            <column name="gazprom">NULL</column>
            <column name="alfabank">NULL</column>
            <column name="bankmoskvy">NULL</column>
            <column name="raiffeisen">NULL</column>
            <column name="uralsib">NULL</column>
            <column name="rshb">NULL</column>
        </table>
        <table name="bank">
            <column name="id">2511</column>
            <column name="twitid">495241687380530000</column>
            <column name="date">1406909794</column>
            <column name="name">cirafuter</column>
            <column name="text">Начальник отдела кредитования россельхозбанк новосибирск http://t.co/2xoSdAhAd2</column>
            <column name="sberbank">NULL</column>
            <column name="vtb">NULL</column>
            <column name="gazprom">NULL</column>
            <column name="alfabank">NULL</column>
            <column name="bankmoskvy">NULL</column>
            <column name="raiffeisen">NULL</column>
            <column name="uralsib">NULL</column>
            <column name="rshb">0</column>
        </table>
        <table name="bank">
            <column name="id">2512</column>
            <column name="twitid">495247150943840000</column>
            <column name="date">1406911096</column>
            <column name="name">harriettwxnshav</column>
            <column name="text">Банк уралсиб потребительский кредит вологда http://t.co/HJKxpwY3aH</column>
            <column name="sberbank">NULL</column>
            <column name="vtb">NULL</column>
            <column name="gazprom">NULL</column>
            <column name="alfabank">NULL</column>
            <column name="bankmoskvy">NULL</column>
            <column name="raiffeisen">NULL</column>
            <column name="uralsib">0</column>
            <column name="rshb">NULL</column>
        </table>
        <table name="bank">
            <column name="id">2513</column>
            <column name="twitid">495247775341490000</column>
            <column name="date">1406911245</column>
            <column name="name">medabzzpbrake</column>
            <column name="text">Кредитные карты газпромбанка заказ он лайн http://t.co/1Az9vBV5Oz</column>
            <column name="sberbank">NULL</column>
            <column name="vtb">NULL</column>
            <column name="gazprom">0</column>
            <column name="alfabank">NULL</column>
            <column name="bankmoskvy">NULL</column>
            <column name="raiffeisen">NULL</column>
            <column name="uralsib">NULL</column>
            <column name="rshb">NULL</column>
        </table>
        <table name="bank">
            <column name="id">2514</column>
            <column name="twitid">495249220342120000</column>
            <column name="date">1406911590</column>
            <column name="name">wawecojime</column>
            <column name="text">Ставки по авто кредитам сбербанк http://t.co/iXUvXxJTMw</column>
            <column name="sberbank">0</column>
            <column name="vtb">NULL</column>
            <column name="gazprom">NULL</column>
            <column name="alfabank">NULL</column>
            <column name="bankmoskvy">NULL</column>
            <column name="raiffeisen">NULL</column>
            <column name="uralsib">NULL</column>
            <column name="rshb">NULL</column>
        </table>
        <table name="bank">
            <column name="id">2515</column>
            <column name="twitid">495249221373950000</column>
            <column name="date">1406911590</column>
            <column name="name">geracavypa</column>
            <column name="text">Сотовые телефоны в кредит альфа банк http://t.co/Bu1IHYB35M</column>
            <column name="sberbank">NULL</column>
            <column name="vtb">NULL</column>
            <column name="gazprom">NULL</column>
            <column name="alfabank">0</column>
            <column name="bankmoskvy">NULL</column>
            <column name="raiffeisen">NULL</column>
            <column name="uralsib">NULL</column>
            <column name="rshb">NULL</column>
        </table>
        <table name="bank">
            <column name="id">2516</column>
            <column name="twitid">495250750113870000</column>
            <column name="date">1406911954</column>
            <column name="name">liadynkopb</column>
            <column name="text">Оставить заявку на кредит в сбербанк http://t.co/OMjDOmU6ld</column>
            <column name="sberbank">0</column>
            <column name="vtb">NULL</column>
            <column name="gazprom">NULL</column>
            <column name="alfabank">NULL</column>
            <column name="bankmoskvy">NULL</column>
            <column name="raiffeisen">NULL</column>
            <column name="uralsib">NULL</column>
            <column name="rshb">NULL</column>
        </table>
        <table name="bank">
            <column name="id">2517</column>
            <column name="twitid">495250793235480000</column>
            <column name="date">1406911965</column>
            <column name="name">vibidyvoxu</column>
            <column name="text">Замена зарплатной кредитки фамилии банк москвы http://t.co/nQ1PGgHVXZ</column>
            <column name="sberbank">NULL</column>
            <column name="vtb">NULL</column>
            <column name="gazprom">NULL</column>
            <column name="alfabank">NULL</column>
            <column name="bankmoskvy">0</column>
            <column name="raiffeisen">NULL</column>
            <column name="uralsib">NULL</column>
            <column name="rshb">NULL</column>
        </table>
        <table name="bank">
            <column name="id">2518</column>
            <column name="twitid">495254826868290000</column>
            <column name="date">1406912926</column>
            <column name="name">rirylihocor</column>
            <column name="text">Формула подсчета кредита сбербанк http://t.co/76WTS1865a</column>
            <column name="sberbank">0</column>
            <column name="vtb">NULL</column>
            <column name="gazprom">NULL</column>
            <column name="alfabank">NULL</column>
            <column name="bankmoskvy">NULL</column>
            <column name="raiffeisen">NULL</column>
            <column name="uralsib">NULL</column>
            <column name="rshb">NULL</column>
        </table>
        <table name="bank">
            <column name="id">2519</column>
            <column name="twitid">495256151140110000</column>
            <column name="date">1406913242</column>
            <column name="name">autreyzjakizzie</column>
            <column name="text">Банк москвы официальный сайт кредитный калькулятор http://t.co/PFlCrzzhxh</column>
            <column name="sberbank">NULL</column>
            <column name="vtb">NULL</column>
            <column name="gazprom">NULL</column>
            <column name="alfabank">NULL</column>
            <column name="bankmoskvy">0</column>
            <column name="raiffeisen">NULL</column>
            <column name="uralsib">NULL</column>
            <column name="rshb">NULL</column>
        </table>
        <table name="bank">
            <column name="id">2520</column>
            <column name="twitid">495257711031110000</column>
            <column name="date">1406913614</column>
            <column name="name">onklawy521</column>
            <column name="text">Автокредит в альфа банк тюмени http://t.co/Ai1ka9Lty7</column>
            <column name="sberbank">NULL</column>
            <column name="vtb">NULL</column>
            <column name="gazprom">NULL</column>
            <column name="alfabank">0</column>
            <column name="bankmoskvy">NULL</column>
            <column name="raiffeisen">NULL</column>
            <column name="uralsib">NULL</column>
            <column name="rshb">NULL</column>
        </table>
        <table name="bank">
            <column name="id">2521</column>
            <column name="twitid">495257750444990000</column>
            <column name="date">1406913623</column>
            <column name="name">zutawige</column>
            <column name="text">Какие документы надо для жилищного кредита сбербанк http://t.co/HPwVofY1KU</column>
            <column name="sberbank">0</column>
            <column name="vtb">NULL</column>
            <column name="gazprom">NULL</column>
            <column name="alfabank">NULL</column>
            <column name="bankmoskvy">NULL</column>
            <column name="raiffeisen">NULL</column>
            <column name="uralsib">NULL</column>
            <column name="rshb">NULL</column>
        </table>
        <table name="bank">
            <column name="id">2522</column>
            <column name="twitid">495262743680020000</column>
            <column name="date">1406914814</column>
            <column name="name">xodafuko</column>
            <column name="text">Кредитная карта банк уралсиб заказать онлайн http://t.co/SYeYEHYt7V</column>
            <column name="sberbank">NULL</column>
            <column name="vtb">NULL</column>
            <column name="gazprom">NULL</column>
            <column name="alfabank">NULL</column>
            <column name="bankmoskvy">NULL</column>
            <column name="raiffeisen">NULL</column>
            <column name="uralsib">0</column>
            <column name="rshb">NULL</column>
        </table>
        <table name="bank">
            <column name="id">2523</column>
            <column name="twitid">495266091648970000</column>
            <column name="date">1406915612</column>
            <column name="name">plusdaga</column>
            <column name="text">Банк Москвы не увидел угрозы для своего бизнеса от введенных санкций</column>
            <column name="sberbank">NULL</column>
            <column name="vtb">NULL</column>
            <column name="gazprom">NULL</column>
            <column name="alfabank">NULL</column>
            <column name="bankmoskvy">1</column>
            <column name="raiffeisen">NULL</column>
            <column name="uralsib">NULL</column>
            <column name="rshb">NULL</column>
        </table>
        <table name="bank">
            <column name="id">2524</column>
            <column name="twitid">495269460819730000</column>
            <column name="date">1406916415</column>
            <column name="name">svaluev</column>
            <column name="text">Санкции возмутили Сбербанк http://t.co/JlIiWimXxf с помощью @gazetaru</column>
            <column name="sberbank">0</column>
            <column name="vtb">NULL</column>
            <column name="gazprom">NULL</column>
            <column name="alfabank">NULL</column>
            <column name="bankmoskvy">NULL</column>
            <column name="raiffeisen">NULL</column>
            <column name="uralsib">NULL</column>
            <column name="rshb">NULL</column>
        </table>
        <table name="bank">
            <column name="id">2525</column>
            <column name="twitid">495269831848240000</column>
            <column name="date">1406916504</column>
            <column name="name">kuschev</column>
            <column name="text">посмеялся @pdidenko над смертью человека, критику не вынес и заблокировал меня. официальная позиция @alfa_bank неподвластна критике...(((</column>
            <column name="sberbank">NULL</column>
            <column name="vtb">NULL</column>
            <column name="gazprom">NULL</column>
            <column name="alfabank">-1</column>
            <column name="bankmoskvy">NULL</column>
            <column name="raiffeisen">NULL</column>
            <column name="uralsib">NULL</column>
            <column name="rshb">NULL</column>
        </table>
        <table name="bank">
            <column name="id">2526</column>
            <column name="twitid">495271322268990000</column>
            <column name="date">1406916859</column>
            <column name="name">donenicezi</column>
            <column name="text">Ипотечный кредит в втб 24 на покупку жилья http://t.co/f8BG8Us0TY</column>
            <column name="sberbank">NULL</column>
            <column name="vtb">0</column>
            <column name="gazprom">NULL</column>
            <column name="alfabank">NULL</column>
            <column name="bankmoskvy">NULL</column>
            <column name="raiffeisen">NULL</column>
            <column name="uralsib">NULL</column>
            <column name="rshb">NULL</column>
        </table>
        <table name="bank">
            <column name="id">2527</column>
            <column name="twitid">495272509143410000</column>
            <column name="date">1406917142</column>
            <column name="name">hashtagrussia</column>
            <column name="text">Санкции возмутили Сбербанк http://t.co/TZJ9yPloa1</column>
            <column name="sberbank">0</column>
            <column name="vtb">NULL</column>
            <column name="gazprom">NULL</column>
            <column name="alfabank">NULL</column>
            <column name="bankmoskvy">NULL</column>
            <column name="raiffeisen">NULL</column>
            <column name="uralsib">NULL</column>
            <column name="rshb">NULL</column>
        </table>
        <table name="bank">
            <column name="id">2528</column>
            <column name="twitid">495277308769760000</column>
            <column name="date">1406918286</column>
            <column name="name">NemedvediZZa</column>
            <column name="text">@nphrt @Raiffeisen_Ru сегодня день лиха, что ли?</column>
            <column name="sberbank">NULL</column>
            <column name="vtb">NULL</column>
            <column name="gazprom">NULL</column>
            <column name="alfabank">NULL</column>
            <column name="bankmoskvy">NULL</column>
            <column name="raiffeisen">-1</column>
            <column name="uralsib">NULL</column>
            <column name="rshb">NULL</column>
        </table>
        <table name="bank">
            <column name="id">2529</column>
            <column name="twitid">495280153765760000</column>
            <column name="date">1406918965</column>
            <column name="name">EStolyarov46</column>
            <column name="text">Платежная система Visa отказалась блокировать карты ВТБ, Банка Москвы и Россельхозбанка.Об этом сообщили представители российского представ</column>
            <column name="sberbank">NULL</column>
            <column name="vtb">1</column>
            <column name="gazprom">NULL</column>
            <column name="alfabank">NULL</column>
            <column name="bankmoskvy">1</column>
            <column name="raiffeisen">NULL</column>
            <column name="uralsib">NULL</column>
            <column name="rshb">1</column>
        </table>
        <table name="bank">
            <column name="id">2530</column>
            <column name="twitid">495280517622020000</column>
            <column name="date">1406919051</column>
            <column name="name">detalaefun1977</column>
            <column name="text">Евросоюз наказал за Украину Сбербанк и еще 4 банка из РФ.Евросоюз ограничил доступ к европейским рынкам капитала пяти российским банкам с г</column>
            <column name="sberbank">-1</column>
            <column name="vtb">NULL</column>
            <column name="gazprom">NULL</column>
            <column name="alfabank">NULL</column>
            <column name="bankmoskvy">NULL</column>
            <column name="raiffeisen">NULL</column>
            <column name="uralsib">NULL</column>
            <column name="rshb">NULL</column>
        </table>
        <table name="bank">
            <column name="id">2531</column>
            <column name="twitid">495281857194640000</column>
            <column name="date">1406919371</column>
            <column name="name">YaKuznetzova13</column>
            <column name="text">Мы сейчас в приюте. Да,это сбербанк России.Мне сегодня дали эти реквизиты...Может через терминал получится..</column>
            <column name="sberbank">0</column>
            <column name="vtb">NULL</column>
            <column name="gazprom">NULL</column>
            <column name="alfabank">NULL</column>
            <column name="bankmoskvy">NULL</column>
            <column name="raiffeisen">NULL</column>
            <column name="uralsib">NULL</column>
            <column name="rshb">NULL</column>
        </table>
        <table name="bank">
            <column name="id">2532</column>
            <column name="twitid">495283992526980000</column>
            <column name="date">1406919880</column>
            <column name="name">lexacom</column>
            <column name="text">Банкоматы втб 24 екатеринбург http://t.co/17kHQ6QW4C</column>
            <column name="sberbank">NULL</column>
            <column name="vtb">0</column>
            <column name="gazprom">NULL</column>
            <column name="alfabank">NULL</column>
            <column name="bankmoskvy">NULL</column>
            <column name="raiffeisen">NULL</column>
            <column name="uralsib">NULL</column>
            <column name="rshb">NULL</column>
        </table>
        <table name="bank">
            <column name="id">2533</column>
            <column name="twitid">495287486223230000</column>
            <column name="date">1406920713</column>
            <column name="name">ackraj590</column>
            <column name="text">Банк втб 24 отзывы по ипотечному кредиту http://t.co/rEtW1x8YAX</column>
            <column name="sberbank">NULL</column>
            <column name="vtb">0</column>
            <column name="gazprom">NULL</column>
            <column name="alfabank">NULL</column>
            <column name="bankmoskvy">NULL</column>
            <column name="raiffeisen">NULL</column>
            <column name="uralsib">NULL</column>
            <column name="rshb">NULL</column>
        </table>
        <table name="bank">
            <column name="id">2534</column>
            <column name="twitid">495288991982160000</column>
            <column name="date">1406921072</column>
            <column name="name">cfbacgudio14</column>
            <column name="text">RT @njuncdiamow: В черный список вошли &quot;Сбербанк&quot;, ВТБ, &quot;Газромбанк&quot;, &quot;Внешэкономбанк&quot;, &quot;Россельхозбанк&quot;. Ограничительные меры имеют срок д…</column>
            <column name="sberbank">-1</column>
            <column name="vtb">-1</column>
            <column name="gazprom">-1</column>
            <column name="alfabank">NULL</column>
            <column name="bankmoskvy">NULL</column>
            <column name="raiffeisen">NULL</column>
            <column name="uralsib">NULL</column>
            <column name="rshb">-1</column>
        </table>
        <table name="bank">
            <column name="id">2535</column>
            <column name="twitid">495290403260600000</column>
            <column name="date">1406921408</column>
            <column name="name">VoiceWallz</column>
            <column name="text">http://t.co/ygIsCS6ug3 сбербанк россии кредиты калькулятор</column>
            <column name="sberbank">0</column>
            <column name="vtb">NULL</column>
            <column name="gazprom">NULL</column>
            <column name="alfabank">NULL</column>
            <column name="bankmoskvy">NULL</column>
            <column name="raiffeisen">NULL</column>
            <column name="uralsib">NULL</column>
            <column name="rshb">NULL</column>
        </table>
        <table name="bank">
            <column name="id">2536</column>
            <column name="twitid">495291682867660000</column>
            <column name="date">1406921713</column>
            <column name="name">VIsaeva58</column>
            <column name="text">Да это Сбербанк и еду я за 500 км - разберёмся. Тут вопрос принципа.</column>
            <column name="sberbank">0</column>
            <column name="vtb">NULL</column>
            <column name="gazprom">NULL</column>
            <column name="alfabank">NULL</column>
            <column name="bankmoskvy">NULL</column>
            <column name="raiffeisen">NULL</column>
            <column name="uralsib">NULL</column>
            <column name="rshb">NULL</column>
        </table>
        <table name="bank">
            <column name="id">2537</column>
            <column name="twitid">495293015922320000</column>
            <column name="date">1406922031</column>
            <column name="name">kthulpamer</column>
            <column name="text">Перечень документов на ипотечный кредит сбербанк рф http://t.co/jaC9pu35Ni</column>
            <column name="sberbank">0</column>
            <column name="vtb">NULL</column>
            <column name="gazprom">NULL</column>
            <column name="alfabank">NULL</column>
            <column name="bankmoskvy">NULL</column>
            <column name="raiffeisen">NULL</column>
            <column name="uralsib">NULL</column>
            <column name="rshb">NULL</column>
        </table>
        <table name="bank">
            <column name="id">2538</column>
            <column name="twitid">495296007543230000</column>
            <column name="date">1406922745</column>
            <column name="name">nik_volokitin</column>
            <column name="text">Кредит сбер банк новороссийск http://t.co/uvLR44m7c2</column>
            <column name="sberbank">0</column>
            <column name="vtb">NULL</column>
            <column name="gazprom">NULL</column>
            <column name="alfabank">NULL</column>
            <column name="bankmoskvy">NULL</column>
            <column name="raiffeisen">NULL</column>
            <column name="uralsib">NULL</column>
            <column name="rshb">NULL</column>
        </table>
        <table name="bank">
            <column name="id">2539</column>
            <column name="twitid">495296008105230000</column>
            <column name="date">1406922745</column>
            <column name="name">sharylwelliott</column>
            <column name="text">Банк москвы взять кредит http://t.co/buNcvxsgV8</column>
            <column name="sberbank">NULL</column>
            <column name="vtb">NULL</column>
            <column name="gazprom">NULL</column>
            <column name="alfabank">NULL</column>
            <column name="bankmoskvy">0</column>
            <column name="raiffeisen">NULL</column>
            <column name="uralsib">NULL</column>
            <column name="rshb">NULL</column>
        </table>
        <table name="bank">
            <column name="id">2540</column>
            <column name="twitid">495297617434520000</column>
            <column name="date">1406923128</column>
            <column name="name">MChirkov23</column>
            <column name="text">Да там какая-то неопределенность была с доступом. Сбербанк и еще какой-то софт ругались, что мол рут-доступ, но у меня его не было.</column>
            <column name="sberbank">--</column>
            <column name="vtb">NULL</column>
            <column name="gazprom">NULL</column>
            <column name="alfabank">NULL</column>
            <column name="bankmoskvy">NULL</column>
            <column name="raiffeisen">NULL</column>
            <column name="uralsib">NULL</column>
            <column name="rshb">NULL</column>
        </table>
        <table name="bank">
            <column name="id">2541</column>
            <column name="twitid">495298990892930000</column>
            <column name="date">1406923456</column>
            <column name="name">katheryngtrrood</column>
            <column name="text">Платить ли досрочно кредит газпромбанку http://t.co/Ljcw07bHXN</column>
            <column name="sberbank">NULL</column>
            <column name="vtb">NULL</column>
            <column name="gazprom">0</column>
            <column name="alfabank">NULL</column>
            <column name="bankmoskvy">NULL</column>
            <column name="raiffeisen">NULL</column>
            <column name="uralsib">NULL</column>
            <column name="rshb">NULL</column>
        </table>
        <table name="bank">
            <column name="id">2542</column>
            <column name="twitid">495300333665400000</column>
            <column name="date">1406923776</column>
            <column name="name">alyBulluc</column>
            <column name="text">http://t.co/AemPysYJwb со скольки лет дают кредит в альфа банке</column>
            <column name="sberbank">NULL</column>
            <column name="vtb">NULL</column>
            <column name="gazprom">NULL</column>
            <column name="alfabank">0</column>
            <column name="bankmoskvy">NULL</column>
            <column name="raiffeisen">NULL</column>
            <column name="uralsib">NULL</column>
            <column name="rshb">NULL</column>
        </table>
        <table name="bank">
            <column name="id">2543</column>
            <column name="twitid">495304171181320000</column>
            <column name="date">1406924691</column>
            <column name="name">AKuliev29</column>
            <column name="text">Августовские санкции к российским госбанкам не должны отразиться на их клиентах. Хотя Сбербанк с сожалением воспринимает факт введения санк</column>
            <column name="sberbank">0</column>
            <column name="vtb">NULL</column>
            <column name="gazprom">NULL</column>
            <column name="alfabank">NULL</column>
            <column name="bankmoskvy">NULL</column>
            <column name="raiffeisen">NULL</column>
            <column name="uralsib">NULL</column>
            <column name="rshb">NULL</column>
        </table>
        <table name="bank">
            <column name="id">2544</column>
            <column name="twitid">495307592986800000</column>
            <column name="date">1406925507</column>
            <column name="name">keithalzohare</column>
            <column name="text">Автокредит у зао райффайзенбанк http://t.co/ur6sztnQt4</column>
            <column name="sberbank">NULL</column>
            <column name="vtb">NULL</column>
            <column name="gazprom">NULL</column>
            <column name="alfabank">NULL</column>
            <column name="bankmoskvy">NULL</column>
            <column name="raiffeisen">0</column>
            <column name="uralsib">NULL</column>
            <column name="rshb">NULL</column>
        </table>
        <table name="bank">
            <column name="id">2545</column>
            <column name="twitid">495309928769130000</column>
            <column name="date">1406926064</column>
            <column name="name">lishiabisha_24</column>
            <column name="text">Удачно сходили на экскурсию в Россельхозбанк</column>
            <column name="sberbank">NULL</column>
            <column name="vtb">NULL</column>
            <column name="gazprom">NULL</column>
            <column name="alfabank">NULL</column>
            <column name="bankmoskvy">NULL</column>
            <column name="raiffeisen">NULL</column>
            <column name="uralsib">NULL</column>
            <column name="rshb">1</column>
        </table>
        <table name="bank">
            <column name="id">2546</column>
            <column name="twitid">495314886571070000</column>
            <column name="date">1406927246</column>
            <column name="name">mpryor59</column>
            <column name="text">Под новые санкции ЕС попадают Сбербанк ВТБ Газпромбанк Внешэкономбанк Россельхозбанк</column>
            <column name="sberbank">-1</column>
            <column name="vtb">-1</column>
            <column name="gazprom">-1</column>
            <column name="alfabank">NULL</column>
            <column name="bankmoskvy">NULL</column>
            <column name="raiffeisen">NULL</column>
            <column name="uralsib">NULL</column>
            <column name="rshb">-1</column>
        </table>
        <table name="bank">
            <column name="id">2547</column>
            <column name="twitid">495317049691080000</column>
            <column name="date">1406927761</column>
            <column name="name">dysuqubybom</column>
            <column name="text">Как погасить кредит через терминал втб 24 http://t.co/9expMDCG0O</column>
            <column name="sberbank">NULL</column>
            <column name="vtb">0</column>
            <column name="gazprom">NULL</column>
            <column name="alfabank">NULL</column>
            <column name="bankmoskvy">NULL</column>
            <column name="raiffeisen">NULL</column>
            <column name="uralsib">NULL</column>
            <column name="rshb">NULL</column>
        </table>
        <table name="bank">
            <column name="id">2548</column>
            <column name="twitid">495325184027800000</column>
            <column name="date">1406929701</column>
            <column name="name">dakanohut</column>
            <column name="text">Авто в кредит россельхозбанк http://t.co/XDFbI8o1jM</column>
            <column name="sberbank">NULL</column>
            <column name="vtb">NULL</column>
            <column name="gazprom">NULL</column>
            <column name="alfabank">NULL</column>
            <column name="bankmoskvy">NULL</column>
            <column name="raiffeisen">NULL</column>
            <column name="uralsib">NULL</column>
            <column name="rshb">0</column>
        </table>
        <table name="bank">
            <column name="id">2549</column>
            <column name="twitid">495326681960550000</column>
            <column name="date">1406930058</column>
            <column name="name">givirehab</column>
            <column name="text">Как взять кредит на авто в спб сбербанк http://t.co/CdD8azWTqu</column>
            <column name="sberbank">0</column>
            <column name="vtb">NULL</column>
            <column name="gazprom">NULL</column>
            <column name="alfabank">NULL</column>
            <column name="bankmoskvy">NULL</column>
            <column name="raiffeisen">NULL</column>
            <column name="uralsib">NULL</column>
            <column name="rshb">NULL</column>
        </table>
        <table name="bank">
            <column name="id">2550</column>
            <column name="twitid">495328651760910000</column>
            <column name="date">1406930528</column>
            <column name="name">riscre</column>
            <column name="text">Заявление анкета на получение кредитного продукта сбербанк заполнить http://t.co/Qv0n4IL4nY</column>
            <column name="sberbank">0</column>
            <column name="vtb">NULL</column>
            <column name="gazprom">NULL</column>
            <column name="alfabank">NULL</column>
            <column name="bankmoskvy">NULL</column>
            <column name="raiffeisen">NULL</column>
            <column name="uralsib">NULL</column>
            <column name="rshb">NULL</column>
        </table>
        <table name="bank">
            <column name="id">2551</column>
            <column name="twitid">495333347410070000</column>
            <column name="date">1406931647</column>
            <column name="name">qucewiga</column>
            <column name="text">Взять кредит в ао сбербанк в павлодаре http://t.co/XsFPI4dxqt</column>
            <column name="sberbank">0</column>
            <column name="vtb">NULL</column>
            <column name="gazprom">NULL</column>
            <column name="alfabank">NULL</column>
            <column name="bankmoskvy">NULL</column>
            <column name="raiffeisen">NULL</column>
            <column name="uralsib">NULL</column>
            <column name="rshb">NULL</column>
        </table>
        <table name="bank">
            <column name="id">2552</column>
            <column name="twitid">495338235770700000</column>
            <column name="date">1406932813</column>
            <column name="name">medabzzpbrake</column>
            <column name="text">Шляхи вдосконалення кредитнои дояльносто пат райффайзен банк аваль http://t.co/0soHP29LxK</column>
            <column name="sberbank">NULL</column>
            <column name="vtb">NULL</column>
            <column name="gazprom">NULL</column>
            <column name="alfabank">NULL</column>
            <column name="bankmoskvy">NULL</column>
            <column name="raiffeisen">--</column>
            <column name="uralsib">NULL</column>
            <column name="rshb">NULL</column>
        </table>
        <table name="bank">
            <column name="id">2553</column>
            <column name="twitid">495342902458190000</column>
            <column name="date">1406933925</column>
            <column name="name">stephanielamcgu</column>
            <column name="text">Кредитные карты сбербанк новости http://t.co/nHzgmeaL1j</column>
            <column name="sberbank">0</column>
            <column name="vtb">NULL</column>
            <column name="gazprom">NULL</column>
            <column name="alfabank">NULL</column>
            <column name="bankmoskvy">NULL</column>
            <column name="raiffeisen">NULL</column>
            <column name="uralsib">NULL</column>
            <column name="rshb">NULL</column>
        </table>
        <table name="bank">
            <column name="id">2554</column>
            <column name="twitid">495352816249350000</column>
            <column name="date">1406936289</column>
            <column name="name">duhajemyla</column>
            <column name="text">Кредит в россельхозбанке 2014 http://t.co/TDXS0tGX01</column>
            <column name="sberbank">NULL</column>
            <column name="vtb">NULL</column>
            <column name="gazprom">NULL</column>
            <column name="alfabank">NULL</column>
            <column name="bankmoskvy">NULL</column>
            <column name="raiffeisen">NULL</column>
            <column name="uralsib">NULL</column>
            <column name="rshb">0</column>
        </table>
        <table name="bank">
            <column name="id">2555</column>
            <column name="twitid">495356982103390000</column>
            <column name="date">1406937282</column>
            <column name="name">Rept1le78</column>
            <column name="text">Потребительский кредит банк москвы ростов на дону http://t.co/ZESA8yt9Lw</column>
            <column name="sberbank">NULL</column>
            <column name="vtb">NULL</column>
            <column name="gazprom">NULL</column>
            <column name="alfabank">NULL</column>
            <column name="bankmoskvy">0</column>
            <column name="raiffeisen">NULL</column>
            <column name="uralsib">NULL</column>
            <column name="rshb">NULL</column>
        </table>
        <table name="bank">
            <column name="id">2556</column>
            <column name="twitid">495358908262000000</column>
            <column name="date">1406937741</column>
            <column name="name">hetohicygap</column>
            <column name="text">Кредит на квартиру от сбер банк http://t.co/bwa97hudpB</column>
            <column name="sberbank">0</column>
            <column name="vtb">NULL</column>
            <column name="gazprom">NULL</column>
            <column name="alfabank">NULL</column>
            <column name="bankmoskvy">NULL</column>
            <column name="raiffeisen">NULL</column>
            <column name="uralsib">NULL</column>
            <column name="rshb">NULL</column>
        </table>
        <table name="bank">
            <column name="id">2557</column>
            <column name="twitid">495363457508970000</column>
            <column name="date">1406938826</column>
            <column name="name">fonikureli</column>
            <column name="text">Взять кредит онлайн быстро сбербанк http://t.co/vAtCptiAy8</column>
            <column name="sberbank">0</column>
            <column name="vtb">NULL</column>
            <column name="gazprom">NULL</column>
            <column name="alfabank">NULL</column>
            <column name="bankmoskvy">NULL</column>
            <column name="raiffeisen">NULL</column>
            <column name="uralsib">NULL</column>
            <column name="rshb">NULL</column>
        </table>
        <table name="bank">
            <column name="id">2558</column>
            <column name="twitid">495369440830430000</column>
            <column name="date">1406940252</column>
            <column name="name">Temekabdfh</column>
            <column name="text">Кредит в втб 24 на 300 тыс http://t.co/cpj2uyxLga</column>
            <column name="sberbank">NULL</column>
            <column name="vtb">0</column>
            <column name="gazprom">NULL</column>
            <column name="alfabank">NULL</column>
            <column name="bankmoskvy">NULL</column>
            <column name="raiffeisen">NULL</column>
            <column name="uralsib">NULL</column>
            <column name="rshb">NULL</column>
        </table>
        <table name="bank">
            <column name="id">2559</column>
            <column name="twitid">495369664260620000</column>
            <column name="date">1406940306</column>
            <column name="name">AprilMo07173600</column>
            <column name="text">http://t.co/LTjgfmwpXF Сбербанк выступил генеральным партнером хакатона мобильных финансовых&amp;amp;#8230;</column>
            <column name="sberbank">0</column>
            <column name="vtb">NULL</column>
            <column name="gazprom">NULL</column>
            <column name="alfabank">NULL</column>
            <column name="bankmoskvy">NULL</column>
            <column name="raiffeisen">NULL</column>
            <column name="uralsib">NULL</column>
            <column name="rshb">NULL</column>
        </table>
        <table name="bank">
            <column name="id">2560</column>
            <column name="twitid">495369985838300000</column>
            <column name="date">1406940382</column>
            <column name="name">yakimenko050481</column>
            <column name="text">Потребительские кредиты втб 24 в г туле http://t.co/HDhXJ3QoR8</column>
            <column name="sberbank">NULL</column>
            <column name="vtb">0</column>
            <column name="gazprom">NULL</column>
            <column name="alfabank">NULL</column>
            <column name="bankmoskvy">NULL</column>
            <column name="raiffeisen">NULL</column>
            <column name="uralsib">NULL</column>
            <column name="rshb">NULL</column>
        </table>
        <table name="bank">
            <column name="id">2561</column>
            <column name="twitid">495369991806800000</column>
            <column name="date">1406940384</column>
            <column name="name">zigobukiqe</column>
            <column name="text">Условия кредита в альфа банке http://t.co/MfgUxsh9TR</column>
            <column name="sberbank">NULL</column>
            <column name="vtb">NULL</column>
            <column name="gazprom">NULL</column>
            <column name="alfabank">0</column>
            <column name="bankmoskvy">NULL</column>
            <column name="raiffeisen">NULL</column>
            <column name="uralsib">NULL</column>
            <column name="rshb">NULL</column>
        </table>
        <table name="bank">
            <column name="id">2562</column>
            <column name="twitid">495371515664530000</column>
            <column name="date">1406940747</column>
            <column name="name">karlysuhreilly</column>
            <column name="text">Банк уралсиб саратов кредит калькулятор http://t.co/Ngu3bZA6Gi</column>
            <column name="sberbank">NULL</column>
            <column name="vtb">NULL</column>
            <column name="gazprom">NULL</column>
            <column name="alfabank">NULL</column>
            <column name="bankmoskvy">NULL</column>
            <column name="raiffeisen">NULL</column>
            <column name="uralsib">0</column>
            <column name="rshb">NULL</column>
        </table>
        <table name="bank">
            <column name="id">2563</column>
            <column name="twitid">495371516755060000</column>
            <column name="date">1406940747</column>
            <column name="name">ryvekalekun</column>
            <column name="text">Кредит на покупку земельного участка в россельхозбанке http://t.co/hzhxXEzs3K</column>
            <column name="sberbank">NULL</column>
            <column name="vtb">NULL</column>
            <column name="gazprom">NULL</column>
            <column name="alfabank">NULL</column>
            <column name="bankmoskvy">NULL</column>
            <column name="raiffeisen">NULL</column>
            <column name="uralsib">NULL</column>
            <column name="rshb">0</column>
        </table>
        <table name="bank">
            <column name="id">2564</column>
            <column name="twitid">495371521163280000</column>
            <column name="date">1406940748</column>
            <column name="name">eperjr</column>
            <column name="text">Получение автокредита сбербанк краснодар http://t.co/t4LWFyoe8e</column>
            <column name="sberbank">0</column>
            <column name="vtb">NULL</column>
            <column name="gazprom">NULL</column>
            <column name="alfabank">NULL</column>
            <column name="bankmoskvy">NULL</column>
            <column name="raiffeisen">NULL</column>
            <column name="uralsib">NULL</column>
            <column name="rshb">NULL</column>
        </table>
        <table name="bank">
            <column name="id">2565</column>
            <column name="twitid">495373052616900000</column>
            <column name="date">1406941113</column>
            <column name="name">jennetterwtcarr</column>
            <column name="text">Как оформить кредит под залог автомобиля сбербанк http://t.co/gdultHIJzY</column>
            <column name="sberbank">0</column>
            <column name="vtb">NULL</column>
            <column name="gazprom">NULL</column>
            <column name="alfabank">NULL</column>
            <column name="bankmoskvy">NULL</column>
            <column name="raiffeisen">NULL</column>
            <column name="uralsib">NULL</column>
            <column name="rshb">NULL</column>
        </table>
        <table name="bank">
            <column name="id">2566</column>
            <column name="twitid">495376001699160000</column>
            <column name="date">1406941817</column>
            <column name="name">migejizy</column>
            <column name="text">Как перекредитоваться в альфа банке http://t.co/u3wLBdNg0A</column>
            <column name="sberbank">NULL</column>
            <column name="vtb">NULL</column>
            <column name="gazprom">NULL</column>
            <column name="alfabank">0</column>
            <column name="bankmoskvy">NULL</column>
            <column name="raiffeisen">NULL</column>
            <column name="uralsib">NULL</column>
            <column name="rshb">NULL</column>
        </table>
        <table name="bank">
            <column name="id">2567</column>
            <column name="twitid">495379595882160000</column>
            <column name="date">1406942674</column>
            <column name="name">qypenybyzuk</column>
            <column name="text">Поручительство по кредитам оао россельхозбанк http://t.co/PPkwhxkPSD</column>
            <column name="sberbank">NULL</column>
            <column name="vtb">NULL</column>
            <column name="gazprom">NULL</column>
            <column name="alfabank">NULL</column>
            <column name="bankmoskvy">NULL</column>
            <column name="raiffeisen">NULL</column>
            <column name="uralsib">NULL</column>
            <column name="rshb">0</column>
        </table>
        <table name="bank">
            <column name="id">2568</column>
            <column name="twitid">495381134474490000</column>
            <column name="date">1406943040</column>
            <column name="name">izumvig</column>
            <column name="text">Кредит под залог недвижимости в альфа банке http://t.co/Ys2QaeEY4j</column>
            <column name="sberbank">NULL</column>
            <column name="vtb">NULL</column>
            <column name="gazprom">NULL</column>
            <column name="alfabank">0</column>
            <column name="bankmoskvy">NULL</column>
            <column name="raiffeisen">NULL</column>
            <column name="uralsib">NULL</column>
            <column name="rshb">NULL</column>
        </table>
        <table name="bank">
            <column name="id">2569</column>
            <column name="twitid">495382546818280000</column>
            <column name="date">1406943377</column>
            <column name="name">anayarvonnie</column>
            <column name="text">Центр ипотечного кредитования сбербанк преображенская http://t.co/BwHIIE3qTN</column>
            <column name="sberbank">0</column>
            <column name="vtb">NULL</column>
            <column name="gazprom">NULL</column>
            <column name="alfabank">NULL</column>
            <column name="bankmoskvy">NULL</column>
            <column name="raiffeisen">NULL</column>
            <column name="uralsib">NULL</column>
            <column name="rshb">NULL</column>
        </table>
        <table name="bank">
            <column name="id">2570</column>
            <column name="twitid">495383639728080000</column>
            <column name="date">1406943638</column>
            <column name="name">amylnikov</column>
            <column name="text">ВТБ, «Банк Москвы», «Рос... http://t.co/CPx8W0EszH</column>
            <column name="sberbank">NULL</column>
            <column name="vtb">0</column>
            <column name="gazprom">NULL</column>
            <column name="alfabank">NULL</column>
            <column name="bankmoskvy">0</column>
            <column name="raiffeisen">NULL</column>
            <column name="uralsib">NULL</column>
            <column name="rshb">NULL</column>
        </table>
        <table name="bank">
            <column name="id">2571</column>
            <column name="twitid">495383861212100000</column>
            <column name="date">1406943690</column>
            <column name="name">mabinaqteh</column>
            <column name="text">RT @ligrtspywn: ЦБ РФ поддержит попавшие под санкции ВТБ, РСХБ и Банк Москвы</column>
            <column name="sberbank">NULL</column>
            <column name="vtb">1</column>
            <column name="gazprom">NULL</column>
            <column name="alfabank">NULL</column>
            <column name="bankmoskvy">1</column>
            <column name="raiffeisen">NULL</column>
            <column name="uralsib">NULL</column>
            <column name="rshb">1</column>
        </table>
        <table name="bank">
            <column name="id">2572</column>
            <column name="twitid">495388629494020000</column>
            <column name="date">1406944827</column>
            <column name="name">pracgenta</column>
            <column name="text">ВТБ, «Банк Москвы», «Россельхозбанк» попали под санкции США</column>
            <column name="sberbank">NULL</column>
            <column name="vtb">-1</column>
            <column name="gazprom">NULL</column>
            <column name="alfabank">NULL</column>
            <column name="bankmoskvy">-1</column>
            <column name="raiffeisen">NULL</column>
            <column name="uralsib">NULL</column>
            <column name="rshb">-1</column>
        </table>
        <table name="bank">
            <column name="id">2573</column>
            <column name="twitid">495389299693870000</column>
            <column name="date">1406944987</column>
            <column name="name">terfmortrearate</column>
            <column name="text">http://t.co/K1hn02L3DE сбербанк кредит на неотложные нужды</column>
            <column name="sberbank">0</column>
            <column name="vtb">NULL</column>
            <column name="gazprom">NULL</column>
            <column name="alfabank">NULL</column>
            <column name="bankmoskvy">NULL</column>
            <column name="raiffeisen">NULL</column>
            <column name="uralsib">NULL</column>
            <column name="rshb">NULL</column>
        </table>
        <table name="bank">
            <column name="id">2574</column>
            <column name="twitid">495389847150790000</column>
            <column name="date">1406945118</column>
            <column name="name">worldnewsday</column>
            <column name="text">Я.Новости | Финансы: Сбербанк и ВТБ попали под санкции ЕС http://t.co/telEdNZvgN</column>
            <column name="sberbank">-1</column>
            <column name="vtb">-1</column>
            <column name="gazprom">NULL</column>
            <column name="alfabank">NULL</column>
            <column name="bankmoskvy">NULL</column>
            <column name="raiffeisen">NULL</column>
            <column name="uralsib">NULL</column>
            <column name="rshb">NULL</column>
        </table>
        <table name="bank">
            <column name="id">2575</column>
            <column name="twitid">495392192131630000</column>
            <column name="date">1406945677</column>
            <column name="name">lohyregcy</column>
            <column name="text">руководство россельхозбанка в новосибирске http://t.co/SvAQivUBLk #россельхозбанка</column>
            <column name="sberbank">NULL</column>
            <column name="vtb">NULL</column>
            <column name="gazprom">NULL</column>
            <column name="alfabank">NULL</column>
            <column name="bankmoskvy">NULL</column>
            <column name="raiffeisen">NULL</column>
            <column name="uralsib">NULL</column>
            <column name="rshb">0</column>
        </table>
        <table name="bank">
            <column name="id">2576</column>
            <column name="twitid">495393551908600000</column>
            <column name="date">1406946001</column>
            <column name="name">oshdilreli</column>
            <column name="text">Способы погашения кредита райффайзенбанк http://t.co/OoVSUBl8SD</column>
            <column name="sberbank">NULL</column>
            <column name="vtb">NULL</column>
            <column name="gazprom">NULL</column>
            <column name="alfabank">NULL</column>
            <column name="bankmoskvy">NULL</column>
            <column name="raiffeisen">0</column>
            <column name="uralsib">NULL</column>
            <column name="rshb">NULL</column>
        </table>
        <table name="bank">
            <column name="id">2577</column>
            <column name="twitid">495396807124330000</column>
            <column name="date">1406946777</column>
            <column name="name">VoiceWallz</column>
            <column name="text">http://t.co/LLBfsM9DlD втб 24 кредит юридическим лицам</column>
            <column name="sberbank">NULL</column>
            <column name="vtb">0</column>
            <column name="gazprom">NULL</column>
            <column name="alfabank">NULL</column>
            <column name="bankmoskvy">NULL</column>
            <column name="raiffeisen">NULL</column>
            <column name="uralsib">NULL</column>
            <column name="rshb">NULL</column>
        </table>
        <table name="bank">
            <column name="id">2578</column>
            <column name="twitid">495403633497080000</column>
            <column name="date">1406948405</column>
            <column name="name">stjee51pro</column>
            <column name="text">RT @oswaltetvalmeda: http://t.co/sK8tjVXZHC Сбербанк аккредитовал первую очередь ЖК Skandi Klubb</column>
            <column name="sberbank">0</column>
            <column name="vtb">NULL</column>
            <column name="gazprom">NULL</column>
            <column name="alfabank">NULL</column>
            <column name="bankmoskvy">NULL</column>
            <column name="raiffeisen">NULL</column>
            <column name="uralsib">NULL</column>
            <column name="rshb">NULL</column>
        </table>
        <table name="bank">
            <column name="id">2579</column>
            <column name="twitid">495404228035500000</column>
            <column name="date">1406948546</column>
            <column name="name">tuvykin1992</column>
            <column name="text">Райффайзенбанк кредитование бизнеса документы http://t.co/Q110mIn4iF</column>
            <column name="sberbank">NULL</column>
            <column name="vtb">NULL</column>
            <column name="gazprom">NULL</column>
            <column name="alfabank">NULL</column>
            <column name="bankmoskvy">NULL</column>
            <column name="raiffeisen">0</column>
            <column name="uralsib">NULL</column>
            <column name="rshb">NULL</column>
        </table>
        <table name="bank">
            <column name="id">2580</column>
            <column name="twitid">495405107823910000</column>
            <column name="date">1406948756</column>
            <column name="name">gibbokiltida</column>
            <column name="text">http://t.co/tX21oDgS5A втб 24 рефинансирование кредитов других банков калькулятор</column>
            <column name="sberbank">NULL</column>
            <column name="vtb">0</column>
            <column name="gazprom">NULL</column>
            <column name="alfabank">NULL</column>
            <column name="bankmoskvy">NULL</column>
            <column name="raiffeisen">NULL</column>
            <column name="uralsib">NULL</column>
            <column name="rshb">NULL</column>
        </table>
        <table name="bank">
            <column name="id">2581</column>
            <column name="twitid">495409317450100000</column>
            <column name="date">1406949760</column>
            <column name="name">rogutonun</column>
            <column name="text">Согласие на кредит в втб 24 форма документа http://t.co/alzOk9MqWb</column>
            <column name="sberbank">NULL</column>
            <column name="vtb">0</column>
            <column name="gazprom">NULL</column>
            <column name="alfabank">NULL</column>
            <column name="bankmoskvy">NULL</column>
            <column name="raiffeisen">NULL</column>
            <column name="uralsib">NULL</column>
            <column name="rshb">NULL</column>
        </table>
        <table name="bank">
            <column name="id">2582</column>
            <column name="twitid">495409317752080000</column>
            <column name="date">1406949760</column>
            <column name="name">arenbilpse</column>
            <column name="text">Расчитать кредитный платеж втб 24 http://t.co/z7PIFZkMNX</column>
            <column name="sberbank">NULL</column>
            <column name="vtb">0</column>
            <column name="gazprom">NULL</column>
            <column name="alfabank">NULL</column>
            <column name="bankmoskvy">NULL</column>
            <column name="raiffeisen">NULL</column>
            <column name="uralsib">NULL</column>
            <column name="rshb">NULL</column>
        </table>
        <table name="bank">
            <column name="id">2583</column>
            <column name="twitid">495410295595340000</column>
            <column name="date">1406949993</column>
            <column name="name">olg842</column>
            <column name="text">RT @Svetlanaa001: #Сбербанк финансирует карательную операцию Киева? #пятаяколонна #националпредатели #Война http://t.co/ZGndmo7M2r</column>
            <column name="sberbank">-1</column>
            <column name="vtb">NULL</column>
            <column name="gazprom">NULL</column>
            <column name="alfabank">NULL</column>
            <column name="bankmoskvy">NULL</column>
            <column name="raiffeisen">NULL</column>
            <column name="uralsib">NULL</column>
            <column name="rshb">NULL</column>
        </table>
        <table name="bank">
            <column name="id">2584</column>
            <column name="twitid">495410846580100000</column>
            <column name="date">1406950124</column>
            <column name="name">ywiqinkole</column>
            <column name="text">Как узнать долг по кредиту в альфа банке http://t.co/ODxbj14Yok</column>
            <column name="sberbank">NULL</column>
            <column name="vtb">NULL</column>
            <column name="gazprom">NULL</column>
            <column name="alfabank">0</column>
            <column name="bankmoskvy">NULL</column>
            <column name="raiffeisen">NULL</column>
            <column name="uralsib">NULL</column>
            <column name="rshb">NULL</column>
        </table>
        <table name="bank">
            <column name="id">2585</column>
            <column name="twitid">495412269204120000</column>
            <column name="date">1406950463</column>
            <column name="name">viniminarez</column>
            <column name="text">Тихоокеанский внешторгбанк оформить кредитную карту http://t.co/0avQvgWhBp</column>
            <column name="sberbank">NULL</column>
            <column name="vtb">0</column>
            <column name="gazprom">NULL</column>
            <column name="alfabank">NULL</column>
            <column name="bankmoskvy">NULL</column>
            <column name="raiffeisen">NULL</column>
            <column name="uralsib">NULL</column>
            <column name="rshb">NULL</column>
        </table>
        <table name="bank">
            <column name="id">2586</column>
            <column name="twitid">495413825278330000</column>
            <column name="date">1406950834</column>
            <column name="name">bolehody</column>
            <column name="text">Открыть кредитную карту втб 24 http://t.co/oL6C8MRupR</column>
            <column name="sberbank">NULL</column>
            <column name="vtb">0</column>
            <column name="gazprom">NULL</column>
            <column name="alfabank">NULL</column>
            <column name="bankmoskvy">NULL</column>
            <column name="raiffeisen">NULL</column>
            <column name="uralsib">NULL</column>
            <column name="rshb">NULL</column>
        </table>
        <table name="bank">
            <column name="id">2587</column>
            <column name="twitid">495420785889400000</column>
            <column name="date">1406952494</column>
            <column name="name">kalaxazyw</column>
            <column name="text">Кредит втб 24 схема расчета кредита авто экспрес http://t.co/rQIXi9eq0A</column>
            <column name="sberbank">NULL</column>
            <column name="vtb">0</column>
            <column name="gazprom">NULL</column>
            <column name="alfabank">NULL</column>
            <column name="bankmoskvy">NULL</column>
            <column name="raiffeisen">NULL</column>
            <column name="uralsib">NULL</column>
            <column name="rshb">NULL</column>
        </table>
        <table name="bank">
            <column name="id">2588</column>
            <column name="twitid">495421528583180000</column>
            <column name="date">1406952671</column>
            <column name="name">wubanafasif</column>
            <column name="text">RT @worldnewsday: Я.Новости | Экономика: США ввели санкции против ВТБ, Россельхозбанка и Банка Москвы http://t.co/1p4Ek9WmYm</column>
            <column name="sberbank">NULL</column>
            <column name="vtb">-1</column>
            <column name="gazprom">NULL</column>
            <column name="alfabank">NULL</column>
            <column name="bankmoskvy">-1</column>
            <column name="raiffeisen">NULL</column>
            <column name="uralsib">NULL</column>
            <column name="rshb">-1</column>
        </table>
        <table name="bank">
            <column name="id">2589</column>
            <column name="twitid">495423157751540000</column>
            <column name="date">1406953059</column>
            <column name="name">OVolkova42</column>
            <column name="text">В настоящее время на территории соседней страны работают филиалы и дочерние структуры таких компаний, как Сбербанк РФ, ВТБ и «ЛУКОЙЛ».</column>
            <column name="sberbank">0</column>
            <column name="vtb">0</column>
            <column name="gazprom">NULL</column>
            <column name="alfabank">NULL</column>
            <column name="bankmoskvy">NULL</column>
            <column name="raiffeisen">NULL</column>
            <column name="uralsib">NULL</column>
            <column name="rshb">NULL</column>
        </table>
        <table name="bank">
            <column name="id">2590</column>
            <column name="twitid">495426036352300000</column>
            <column name="date">1406953746</column>
            <column name="name">acdenisgeta</column>
            <column name="text">http://t.co/MoZCubCikq калькулятор расчета кредита россельхозбанк</column>
            <column name="sberbank">NULL</column>
            <column name="vtb">NULL</column>
            <column name="gazprom">NULL</column>
            <column name="alfabank">NULL</column>
            <column name="bankmoskvy">NULL</column>
            <column name="raiffeisen">NULL</column>
            <column name="uralsib">NULL</column>
            <column name="rshb">0</column>
        </table>
        <table name="bank">
            <column name="id">2591</column>
            <column name="twitid">495428288890690000</column>
            <column name="date">1406954283</column>
            <column name="name">odgrassL</column>
            <column name="text">http://t.co/DsaXUP1m4p втб 24 потребительский кредит под залог недвижимости</column>
            <column name="sberbank">NULL</column>
            <column name="vtb">0</column>
            <column name="gazprom">NULL</column>
            <column name="alfabank">NULL</column>
            <column name="bankmoskvy">NULL</column>
            <column name="raiffeisen">NULL</column>
            <column name="uralsib">NULL</column>
            <column name="rshb">NULL</column>
        </table>
        <table name="bank">
            <column name="id">2592</column>
            <column name="twitid">495430118920450000</column>
            <column name="date">1406954719</column>
            <column name="name">Saltus1121</column>
            <column name="text">банк москвы кредитная карта по почте http://t.co/aORiGTZxbB</column>
            <column name="sberbank">NULL</column>
            <column name="vtb">NULL</column>
            <column name="gazprom">NULL</column>
            <column name="alfabank">NULL</column>
            <column name="bankmoskvy">0</column>
            <column name="raiffeisen">NULL</column>
            <column name="uralsib">NULL</column>
            <column name="rshb">NULL</column>
        </table>
        <table name="bank">
            <column name="id">2593</column>
            <column name="twitid">495433814832070000</column>
            <column name="date">1406955600</column>
            <column name="name">melaniajogosavo</column>
            <column name="text">Оцнка кредитного ризику райффайзен аваль http://t.co/B9SYKwpdy0</column>
            <column name="sberbank">NULL</column>
            <column name="vtb">NULL</column>
            <column name="gazprom">NULL</column>
            <column name="alfabank">NULL</column>
            <column name="bankmoskvy">NULL</column>
            <column name="raiffeisen">0</column>
            <column name="uralsib">NULL</column>
            <column name="rshb">NULL</column>
        </table>
        <table name="bank">
            <column name="id">2594</column>
            <column name="twitid">495435398064380000</column>
            <column name="date">1406955978</column>
            <column name="name">uraevmpabl</column>
            <column name="text">Мой кредит в альфа банке http://t.co/vg4fLyHBmD</column>
            <column name="sberbank">NULL</column>
            <column name="vtb">NULL</column>
            <column name="gazprom">NULL</column>
            <column name="alfabank">0</column>
            <column name="bankmoskvy">NULL</column>
            <column name="raiffeisen">NULL</column>
            <column name="uralsib">NULL</column>
            <column name="rshb">NULL</column>
        </table>
        <table name="bank">
            <column name="id">2595</column>
            <column name="twitid">495435463071900000</column>
            <column name="date">1406955993</column>
            <column name="name">doreathaxofitch</column>
            <column name="text">Поднимет ли ставки сбербанк по выданным ранее кредитам http://t.co/GKJSttosTI</column>
            <column name="sberbank">0</column>
            <column name="vtb">NULL</column>
            <column name="gazprom">NULL</column>
            <column name="alfabank">NULL</column>
            <column name="bankmoskvy">NULL</column>
            <column name="raiffeisen">NULL</column>
            <column name="uralsib">NULL</column>
            <column name="rshb">NULL</column>
        </table>
        <table name="bank">
            <column name="id">2596</column>
            <column name="twitid">495435619951450000</column>
            <column name="date">1406956031</column>
            <column name="name">ACTV_AGENCY</column>
            <column name="text">#RT сбербанк россии туры в кредит</column>
            <column name="sberbank">0</column>
            <column name="vtb">NULL</column>
            <column name="gazprom">NULL</column>
            <column name="alfabank">NULL</column>
            <column name="bankmoskvy">NULL</column>
            <column name="raiffeisen">NULL</column>
            <column name="uralsib">NULL</column>
            <column name="rshb">NULL</column>
        </table>
        <table name="bank">
            <column name="id">2597</column>
            <column name="twitid">495440423192890000</column>
            <column name="date">1406957176</column>
            <column name="name">vkprokopievsk</column>
            <column name="text">Прокопьевск взял кредит в 100 миллионов / Сбербанк предоставил Прокопьевску 100 000 000 рублей на покрытие дефицит.. http://t.co/sU1Sko2bUB</column>
            <column name="sberbank">--</column>
            <column name="vtb">NULL</column>
            <column name="gazprom">NULL</column>
            <column name="alfabank">NULL</column>
            <column name="bankmoskvy">NULL</column>
            <column name="raiffeisen">NULL</column>
            <column name="uralsib">NULL</column>
            <column name="rshb">NULL</column>
        </table>
        <table name="bank">
            <column name="id">2598</column>
            <column name="twitid">495443543935440000</column>
            <column name="date">1406957920</column>
            <column name="name">annikalsyjonas</column>
            <column name="text">Перекредитование кредита втб 24 http://t.co/fi1moFNFdR</column>
            <column name="sberbank">NULL</column>
            <column name="vtb">0</column>
            <column name="gazprom">NULL</column>
            <column name="alfabank">NULL</column>
            <column name="bankmoskvy">NULL</column>
            <column name="raiffeisen">NULL</column>
            <column name="uralsib">NULL</column>
            <column name="rshb">NULL</column>
        </table>
        <table name="bank">
            <column name="id">2599</column>
            <column name="twitid">495445216418340000</column>
            <column name="date">1406958319</column>
            <column name="name">kumard1968</column>
            <column name="text">RT @VladPyatov: оформить кредитную карту в райффайзен банке http://t.co/7wom4aCqIJ</column>
            <column name="sberbank">NULL</column>
            <column name="vtb">NULL</column>
            <column name="gazprom">NULL</column>
            <column name="alfabank">NULL</column>
            <column name="bankmoskvy">NULL</column>
            <column name="raiffeisen">0</column>
            <column name="uralsib">NULL</column>
            <column name="rshb">NULL</column>
        </table>
        <table name="bank">
            <column name="id">2600</column>
            <column name="twitid">495446695187340000</column>
            <column name="date">1406958671</column>
            <column name="name">LMakarov19</column>
            <column name="text">Visa и MasterCard не будут блокировать карты ВТБ, Банка Москвы и Россельхозбанка</column>
            <column name="sberbank">NULL</column>
            <column name="vtb">1</column>
            <column name="gazprom">NULL</column>
            <column name="alfabank">NULL</column>
            <column name="bankmoskvy">1</column>
            <column name="raiffeisen">NULL</column>
            <column name="uralsib">NULL</column>
            <column name="rshb">1</column>
        </table>
    </database>
</pma_xml_export>