<?xml version="1.0" encoding="utf-8"?>
<!--
- phpMyAdmin XML Dump
- version 4.0.4.1
- http://www.phpmyadmin.net
-
- Хост: localhost
- Время создания: Окт 28 2014 г., 09:04
- Версия сервера: 5.6.12
- Версия PHP: 5.5.3
-->

<pma_xml_export version="1.0" xmlns:pma="http://www.phpmyadmin.net/some_doc_url/">
    <!--
    - Structure schemas
    -->
    <pma:structure_schemas>
        <pma:database name="Romip" collation="utf8_general_ci" charset="utf8">
            <pma:table name="bank">
                CREATE TABLE `bank` (
                  `id` int(11) NOT NULL AUTO_INCREMENT,
                  `twitid` bigint(32) NOT NULL DEFAULT '0',
                  `date` varchar(128) DEFAULT NULL,
                  `name` varchar(128) DEFAULT NULL,
                  `text` varchar(256) DEFAULT NULL,
                  `sberbank` int(11) DEFAULT NULL,
                  `vtb` int(11) DEFAULT NULL,
                  `gazprom` int(11) DEFAULT NULL,
                  `alfabank` int(11) DEFAULT NULL,
                  `bankmoskvy` int(11) DEFAULT NULL,
                  `raiffeisen` int(11) DEFAULT NULL,
                  `uralsib` int(11) DEFAULT NULL,
                  `rshb` int(11) DEFAULT NULL,
                  PRIMARY KEY (`id`),
                  UNIQUE KEY `id` (`twitid`)
                ) ENGINE=InnoDB AUTO_INCREMENT=7924 DEFAULT CHARSET=utf8;
            </pma:table>
        </pma:database>
    </pma:structure_schemas>

    <!--
    - База данных: 'Romip'
    -->
    <database name="Romip">
        <!-- Таблица bank -->
        <table name="bank">
            <column name="id">4201</column>
            <column name="twitid">498261069111260000</column>
            <column name="date">1407629670</column>
            <column name="name">ritparew</column>
            <column name="text">RT @migaothtr: альфа банк кредит наличными в кемерово http://t.co/qrmI7chgr8</column>
            <column name="sberbank">NULL</column>
            <column name="vtb">NULL</column>
            <column name="gazprom">NULL</column>
            <column name="alfabank">0</column>
            <column name="bankmoskvy">NULL</column>
            <column name="raiffeisen">NULL</column>
            <column name="uralsib">NULL</column>
            <column name="rshb">NULL</column>
        </table>
        <table name="bank">
            <column name="id">4202</column>
            <column name="twitid">498261550906740000</column>
            <column name="date">1407629785</column>
            <column name="name">kellyuvbobohn</column>
            <column name="text">выплата кредита в банке втб 24 http://t.co/kFht2ylUgi</column>
            <column name="sberbank">NULL</column>
            <column name="vtb">0</column>
            <column name="gazprom">NULL</column>
            <column name="alfabank">NULL</column>
            <column name="bankmoskvy">NULL</column>
            <column name="raiffeisen">NULL</column>
            <column name="uralsib">NULL</column>
            <column name="rshb">NULL</column>
        </table>
        <table name="bank">
            <column name="id">4203</column>
            <column name="twitid">498261639704350000</column>
            <column name="date">1407629806</column>
            <column name="name">xoctocysty</column>
            <column name="text">кредит банка втб 24 ростов на дону http://t.co/fQkoK3VUYR</column>
            <column name="sberbank">NULL</column>
            <column name="vtb">0</column>
            <column name="gazprom">NULL</column>
            <column name="alfabank">NULL</column>
            <column name="bankmoskvy">NULL</column>
            <column name="raiffeisen">NULL</column>
            <column name="uralsib">NULL</column>
            <column name="rshb">NULL</column>
        </table>
        <table name="bank">
            <column name="id">4204</column>
            <column name="twitid">498262622933120000</column>
            <column name="date">1407630041</column>
            <column name="name">nupypilijo</column>
            <column name="text">Как платить кредит в альфа банке http://t.co/HQE84WqsiI</column>
            <column name="sberbank">NULL</column>
            <column name="vtb">NULL</column>
            <column name="gazprom">NULL</column>
            <column name="alfabank">0</column>
            <column name="bankmoskvy">NULL</column>
            <column name="raiffeisen">NULL</column>
            <column name="uralsib">NULL</column>
            <column name="rshb">NULL</column>
        </table>
        <table name="bank">
            <column name="id">4205</column>
            <column name="twitid">498264115560060000</column>
            <column name="date">1407630397</column>
            <column name="name">lorenaemewhitac</column>
            <column name="text">кредиты для малого втб 24 http://t.co/AcIeQAh3AB</column>
            <column name="sberbank">NULL</column>
            <column name="vtb">0</column>
            <column name="gazprom">NULL</column>
            <column name="alfabank">NULL</column>
            <column name="bankmoskvy">NULL</column>
            <column name="raiffeisen">NULL</column>
            <column name="uralsib">NULL</column>
            <column name="rshb">NULL</column>
        </table>
        <table name="bank">
            <column name="id">4206</column>
            <column name="twitid">498264160774660000</column>
            <column name="date">1407630407</column>
            <column name="name">judazizuq</column>
            <column name="text">Райффайзенбанк потребительский кредит в златоусте http://t.co/RqbONW2P7e</column>
            <column name="sberbank">NULL</column>
            <column name="vtb">NULL</column>
            <column name="gazprom">NULL</column>
            <column name="alfabank">NULL</column>
            <column name="bankmoskvy">NULL</column>
            <column name="raiffeisen">0</column>
            <column name="uralsib">NULL</column>
            <column name="rshb">NULL</column>
        </table>
        <table name="bank">
            <column name="id">4207</column>
            <column name="twitid">498264507886870000</column>
            <column name="date">1407630490</column>
            <column name="name">sehazajisyqu</column>
            <column name="text">RT @EstelaMartill: анкета на ипотечный кредит втб 24 екатеринбург http://t.co/dZppJlQ8Z9</column>
            <column name="sberbank">NULL</column>
            <column name="vtb">0</column>
            <column name="gazprom">NULL</column>
            <column name="alfabank">NULL</column>
            <column name="bankmoskvy">NULL</column>
            <column name="raiffeisen">NULL</column>
            <column name="uralsib">NULL</column>
            <column name="rshb">NULL</column>
        </table>
        <table name="bank">
            <column name="id">4208</column>
            <column name="twitid">498265342662410000</column>
            <column name="date">1407630689</column>
            <column name="name">harriettwxnshav</column>
            <column name="text">кредитная ставка банк уралсиб http://t.co/RadaYvtHJv</column>
            <column name="sberbank">NULL</column>
            <column name="vtb">NULL</column>
            <column name="gazprom">NULL</column>
            <column name="alfabank">NULL</column>
            <column name="bankmoskvy">NULL</column>
            <column name="raiffeisen">NULL</column>
            <column name="uralsib">0</column>
            <column name="rshb">NULL</column>
        </table>
        <table name="bank">
            <column name="id">4209</column>
            <column name="twitid">498265782548440000</column>
            <column name="date">1407630794</column>
            <column name="name">zentbeyotc</column>
            <column name="text">кредит под залог комнаты сбербанк http://t.co/AZ4ihATj0n</column>
            <column name="sberbank">0</column>
            <column name="vtb">NULL</column>
            <column name="gazprom">NULL</column>
            <column name="alfabank">NULL</column>
            <column name="bankmoskvy">NULL</column>
            <column name="raiffeisen">NULL</column>
            <column name="uralsib">NULL</column>
            <column name="rshb">NULL</column>
        </table>
        <table name="bank">
            <column name="id">4210</column>
            <column name="twitid">498265919605730000</column>
            <column name="date">1407630827</column>
            <column name="name">tukimewelab</column>
            <column name="text">RT @buribedixuk: Банк Москвы не видит угрозы в санкциях со стороны США</column>
            <column name="sberbank">NULL</column>
            <column name="vtb">NULL</column>
            <column name="gazprom">NULL</column>
            <column name="alfabank">NULL</column>
            <column name="bankmoskvy">1</column>
            <column name="raiffeisen">NULL</column>
            <column name="uralsib">NULL</column>
            <column name="rshb">NULL</column>
        </table>
        <table name="bank">
            <column name="id">4211</column>
            <column name="twitid">498266496666450000</column>
            <column name="date">1407630964</column>
            <column name="name">belka2806</column>
            <column name="text">RT @Antoshka15: Доверенность в сбербанк от юридического лица образец http://t.co/3mK1qXRPvh</column>
            <column name="sberbank">0</column>
            <column name="vtb">NULL</column>
            <column name="gazprom">NULL</column>
            <column name="alfabank">NULL</column>
            <column name="bankmoskvy">NULL</column>
            <column name="raiffeisen">NULL</column>
            <column name="uralsib">NULL</column>
            <column name="rshb">NULL</column>
        </table>
        <table name="bank">
            <column name="id">4212</column>
            <column name="twitid">498267553840790000</column>
            <column name="date">1407631216</column>
            <column name="name">qodenymo</column>
            <column name="text">Рассчитать потребительский кредит втб 24 http://t.co/zwgbN5EELS</column>
            <column name="sberbank">NULL</column>
            <column name="vtb">0</column>
            <column name="gazprom">NULL</column>
            <column name="alfabank">NULL</column>
            <column name="bankmoskvy">NULL</column>
            <column name="raiffeisen">NULL</column>
            <column name="uralsib">NULL</column>
            <column name="rshb">NULL</column>
        </table>
        <table name="bank">
            <column name="id">4213</column>
            <column name="twitid">498267554448950000</column>
            <column name="date">1407631217</column>
            <column name="name">qyquwafujif</column>
            <column name="text">Получить кредит сбербанк ачинск поручитель http://t.co/K5ZDdChdUt</column>
            <column name="sberbank">0</column>
            <column name="vtb">NULL</column>
            <column name="gazprom">NULL</column>
            <column name="alfabank">NULL</column>
            <column name="bankmoskvy">NULL</column>
            <column name="raiffeisen">NULL</column>
            <column name="uralsib">NULL</column>
            <column name="rshb">NULL</column>
        </table>
        <table name="bank">
            <column name="id">4214</column>
            <column name="twitid">498267733449270000</column>
            <column name="date">1407631259</column>
            <column name="name">xokycaqaqom</column>
            <column name="text">Потребительский кредит сбербанк онлайн заявка http://t.co/tCSzQtUN8y</column>
            <column name="sberbank">0</column>
            <column name="vtb">NULL</column>
            <column name="gazprom">NULL</column>
            <column name="alfabank">NULL</column>
            <column name="bankmoskvy">NULL</column>
            <column name="raiffeisen">NULL</column>
            <column name="uralsib">NULL</column>
            <column name="rshb">NULL</column>
        </table>
        <table name="bank">
            <column name="id">4215</column>
            <column name="twitid">498268588625900000</column>
            <column name="date">1407631463</column>
            <column name="name">zvybormbor</column>
            <column name="text">http://t.co/CHXadDDfpG Райффайзенбанк запорожье можно взять кредит на ремонт</column>
            <column name="sberbank">NULL</column>
            <column name="vtb">NULL</column>
            <column name="gazprom">NULL</column>
            <column name="alfabank">NULL</column>
            <column name="bankmoskvy">NULL</column>
            <column name="raiffeisen">0</column>
            <column name="uralsib">NULL</column>
            <column name="rshb">NULL</column>
        </table>
        <table name="bank">
            <column name="id">4216</column>
            <column name="twitid">498269026502860000</column>
            <column name="date">1407631567</column>
            <column name="name">GNosov53</column>
            <column name="text">Прокат велосипедов в Москве. В мае 2013 года в Москве появятся первые 100 пунктов проката велосипедов.Банк Москвы приобретает около одной т</column>
            <column name="sberbank">NULL</column>
            <column name="vtb">NULL</column>
            <column name="gazprom">NULL</column>
            <column name="alfabank">NULL</column>
            <column name="bankmoskvy">0</column>
            <column name="raiffeisen">NULL</column>
            <column name="uralsib">NULL</column>
            <column name="rshb">NULL</column>
        </table>
        <table name="bank">
            <column name="id">4217</column>
            <column name="twitid">498269603177690000</column>
            <column name="date">1407631705</column>
            <column name="name">bettinalqclack</column>
            <column name="text">кредит малому бизнесу условия сбербанк http://t.co/miedgVK80Z</column>
            <column name="sberbank">0</column>
            <column name="vtb">NULL</column>
            <column name="gazprom">NULL</column>
            <column name="alfabank">NULL</column>
            <column name="bankmoskvy">NULL</column>
            <column name="raiffeisen">NULL</column>
            <column name="uralsib">NULL</column>
            <column name="rshb">NULL</column>
        </table>
        <table name="bank">
            <column name="id">4218</column>
            <column name="twitid">498269654864130000</column>
            <column name="date">1407631717</column>
            <column name="name">zodaheha</column>
            <column name="text">Восточно сибирский сбербанк кредиты http://t.co/CPdHHvF3di</column>
            <column name="sberbank">0</column>
            <column name="vtb">NULL</column>
            <column name="gazprom">NULL</column>
            <column name="alfabank">NULL</column>
            <column name="bankmoskvy">NULL</column>
            <column name="raiffeisen">NULL</column>
            <column name="uralsib">NULL</column>
            <column name="rshb">NULL</column>
        </table>
        <table name="bank">
            <column name="id">4219</column>
            <column name="twitid">498269739991710000</column>
            <column name="date">1407631738</column>
            <column name="name">marquettadkrpat</column>
            <column name="text">кредитные калькуляторы втб 24 в уфе http://t.co/gin8QA4Nik</column>
            <column name="sberbank">NULL</column>
            <column name="vtb">0</column>
            <column name="gazprom">NULL</column>
            <column name="alfabank">NULL</column>
            <column name="bankmoskvy">NULL</column>
            <column name="raiffeisen">NULL</column>
            <column name="uralsib">NULL</column>
            <column name="rshb">NULL</column>
        </table>
        <table name="bank">
            <column name="id">4220</column>
            <column name="twitid">498270005143020000</column>
            <column name="date">1407631801</column>
            <column name="name">riyaDesha</column>
            <column name="text">http://t.co/FarIoQMy96 Сбербанк россии в запорожье взять кредит наличные</column>
            <column name="sberbank">0</column>
            <column name="vtb">NULL</column>
            <column name="gazprom">NULL</column>
            <column name="alfabank">NULL</column>
            <column name="bankmoskvy">NULL</column>
            <column name="raiffeisen">NULL</column>
            <column name="uralsib">NULL</column>
            <column name="rshb">NULL</column>
        </table>
        <table name="bank">
            <column name="id">4221</column>
            <column name="twitid">498270733253220000</column>
            <column name="date">1407631974</column>
            <column name="name">xoctocysty</column>
            <column name="text">должники по кредиту альфа банка http://t.co/U6dX6VOjaQ</column>
            <column name="sberbank">NULL</column>
            <column name="vtb">NULL</column>
            <column name="gazprom">NULL</column>
            <column name="alfabank">0</column>
            <column name="bankmoskvy">NULL</column>
            <column name="raiffeisen">NULL</column>
            <column name="uralsib">NULL</column>
            <column name="rshb">NULL</column>
        </table>
        <table name="bank">
            <column name="id">4222</column>
            <column name="twitid">498271033280200000</column>
            <column name="date">1407632046</column>
            <column name="name">fuzonarepaby</column>
            <column name="text">RT @baryqafebeto: где сбербанк в твери http://t.co/kAVVJjECmO</column>
            <column name="sberbank">0</column>
            <column name="vtb">NULL</column>
            <column name="gazprom">NULL</column>
            <column name="alfabank">NULL</column>
            <column name="bankmoskvy">NULL</column>
            <column name="raiffeisen">NULL</column>
            <column name="uralsib">NULL</column>
            <column name="rshb">NULL</column>
        </table>
        <table name="bank">
            <column name="id">4223</column>
            <column name="twitid">498271600694010000</column>
            <column name="date">1407632181</column>
            <column name="name">cydijuqepoci</column>
            <column name="text">RT @vakidokyjij: Сбербанк допустил повышение ставок по кредитам</column>
            <column name="sberbank">-1</column>
            <column name="vtb">NULL</column>
            <column name="gazprom">NULL</column>
            <column name="alfabank">NULL</column>
            <column name="bankmoskvy">NULL</column>
            <column name="raiffeisen">NULL</column>
            <column name="uralsib">NULL</column>
            <column name="rshb">NULL</column>
        </table>
        <table name="bank">
            <column name="id">4224</column>
            <column name="twitid">498271630381320000</column>
            <column name="date">1407632188</column>
            <column name="name">ridodemikuqe</column>
            <column name="text">RT @JornTarakini: банк втб 24 екатеринбург кредиты онлайн заявка http://t.co/O8jvKHH32P</column>
            <column name="sberbank">NULL</column>
            <column name="vtb">0</column>
            <column name="gazprom">NULL</column>
            <column name="alfabank">NULL</column>
            <column name="bankmoskvy">NULL</column>
            <column name="raiffeisen">NULL</column>
            <column name="uralsib">NULL</column>
            <column name="rshb">NULL</column>
        </table>
        <table name="bank">
            <column name="id">4225</column>
            <column name="twitid">498272852202630000</column>
            <column name="date">1407632480</column>
            <column name="name">MbI_CAMAPCKIE</column>
            <column name="text">Поволжский Сбербанк проведет семинар по брокерскому обслуживанию - АиФ Самара http://t.co/0w9uROgh6z #vk</column>
            <column name="sberbank">0</column>
            <column name="vtb">NULL</column>
            <column name="gazprom">NULL</column>
            <column name="alfabank">NULL</column>
            <column name="bankmoskvy">NULL</column>
            <column name="raiffeisen">NULL</column>
            <column name="uralsib">NULL</column>
            <column name="rshb">NULL</column>
        </table>
        <table name="bank">
            <column name="id">4226</column>
            <column name="twitid">498274266107090000</column>
            <column name="date">1407632817</column>
            <column name="name">caigyfaler</column>
            <column name="text">кредиты малому предпринимательству сбербанк http://t.co/CwsAsDNzuu</column>
            <column name="sberbank">0</column>
            <column name="vtb">NULL</column>
            <column name="gazprom">NULL</column>
            <column name="alfabank">NULL</column>
            <column name="bankmoskvy">NULL</column>
            <column name="raiffeisen">NULL</column>
            <column name="uralsib">NULL</column>
            <column name="rshb">NULL</column>
        </table>
        <table name="bank">
            <column name="id">4227</column>
            <column name="twitid">498274803414220000</column>
            <column name="date">1407632945</column>
            <column name="name">caghan_leszek</column>
            <column name="text">RT @ravirififinu: банк москвы кредит наличными в хабаровске http://t.co/CIwOaG2PaS</column>
            <column name="sberbank">NULL</column>
            <column name="vtb">NULL</column>
            <column name="gazprom">NULL</column>
            <column name="alfabank">NULL</column>
            <column name="bankmoskvy">0</column>
            <column name="raiffeisen">NULL</column>
            <column name="uralsib">NULL</column>
            <column name="rshb">NULL</column>
        </table>
        <table name="bank">
            <column name="id">4228</column>
            <column name="twitid">498275367753630000</column>
            <column name="date">1407633079</column>
            <column name="name">lixowodenim</column>
            <column name="text">RT @betuwuqojox: альфа банк украина ужгород http://t.co/KcT7vYr1ic</column>
            <column name="sberbank">NULL</column>
            <column name="vtb">NULL</column>
            <column name="gazprom">NULL</column>
            <column name="alfabank">0</column>
            <column name="bankmoskvy">NULL</column>
            <column name="raiffeisen">NULL</column>
            <column name="uralsib">NULL</column>
            <column name="rshb">NULL</column>
        </table>
        <table name="bank">
            <column name="id">4229</column>
            <column name="twitid">498275945388970000</column>
            <column name="date">1407633217</column>
            <column name="name">vijaafexr</column>
            <column name="text">http://t.co/5gV2v5gpMZ Взять кредит в банке газпромбанк</column>
            <column name="sberbank">NULL</column>
            <column name="vtb">NULL</column>
            <column name="gazprom">0</column>
            <column name="alfabank">NULL</column>
            <column name="bankmoskvy">NULL</column>
            <column name="raiffeisen">NULL</column>
            <column name="uralsib">NULL</column>
            <column name="rshb">NULL</column>
        </table>
        <table name="bank">
            <column name="id">4230</column>
            <column name="twitid">498276525058590000</column>
            <column name="date">1407633355</column>
            <column name="name">kevoqytinoky</column>
            <column name="text">Согласен, но только сбер самый легендарный )</column>
            <column name="sberbank">1</column>
            <column name="vtb">NULL</column>
            <column name="gazprom">NULL</column>
            <column name="alfabank">NULL</column>
            <column name="bankmoskvy">NULL</column>
            <column name="raiffeisen">NULL</column>
            <column name="uralsib">NULL</column>
            <column name="rshb">NULL</column>
        </table>
        <table name="bank">
            <column name="id">4231</column>
            <column name="twitid">498276604372870000</column>
            <column name="date">1407633374</column>
            <column name="name">lagixijofan</column>
            <column name="text">RT @habudakoqoq: втб 24 кредит в перми и пермского края http://t.co/yE5sMp2T7v</column>
            <column name="sberbank">NULL</column>
            <column name="vtb">0</column>
            <column name="gazprom">NULL</column>
            <column name="alfabank">NULL</column>
            <column name="bankmoskvy">NULL</column>
            <column name="raiffeisen">NULL</column>
            <column name="uralsib">NULL</column>
            <column name="rshb">NULL</column>
        </table>
        <table name="bank">
            <column name="id">4232</column>
            <column name="twitid">498278098698530000</column>
            <column name="date">1407633730</column>
            <column name="name">tnibkiljvu</column>
            <column name="text">http://t.co/o60f74af5a Получить кредит в газпромбанке</column>
            <column name="sberbank">NULL</column>
            <column name="vtb">NULL</column>
            <column name="gazprom">0</column>
            <column name="alfabank">NULL</column>
            <column name="bankmoskvy">NULL</column>
            <column name="raiffeisen">NULL</column>
            <column name="uralsib">NULL</column>
            <column name="rshb">NULL</column>
        </table>
        <table name="bank">
            <column name="id">4233</column>
            <column name="twitid">498278190922480000</column>
            <column name="date">1407633752</column>
            <column name="name">BrebanYard</column>
            <column name="text">http://t.co/V03PGVf0ZU Взять кредит в альфа банке г ишимбай</column>
            <column name="sberbank">NULL</column>
            <column name="vtb">NULL</column>
            <column name="gazprom">NULL</column>
            <column name="alfabank">0</column>
            <column name="bankmoskvy">NULL</column>
            <column name="raiffeisen">NULL</column>
            <column name="uralsib">NULL</column>
            <column name="rshb">NULL</column>
        </table>
        <table name="bank">
            <column name="id">4234</column>
            <column name="twitid">498280067764870000</column>
            <column name="date">1407634200</column>
            <column name="name">riyaDesha</column>
            <column name="text">http://t.co/Zb0VfhLHzA Со скольки лет можно взять кредит в райффайзен банке</column>
            <column name="sberbank">NULL</column>
            <column name="vtb">NULL</column>
            <column name="gazprom">NULL</column>
            <column name="alfabank">NULL</column>
            <column name="bankmoskvy">NULL</column>
            <column name="raiffeisen">0</column>
            <column name="uralsib">NULL</column>
            <column name="rshb">NULL</column>
        </table>
        <table name="bank">
            <column name="id">4235</column>
            <column name="twitid">498280812593170000</column>
            <column name="date">1407634377</column>
            <column name="name">lexacom</column>
            <column name="text">Банки втб 24 http://t.co/PoTsQZUBno</column>
            <column name="sberbank">NULL</column>
            <column name="vtb">0</column>
            <column name="gazprom">NULL</column>
            <column name="alfabank">NULL</column>
            <column name="bankmoskvy">NULL</column>
            <column name="raiffeisen">NULL</column>
            <column name="uralsib">NULL</column>
            <column name="rshb">NULL</column>
        </table>
        <table name="bank">
            <column name="id">4236</column>
            <column name="twitid">498281691694510000</column>
            <column name="date">1407634587</column>
            <column name="name">fymyloriwuru</column>
            <column name="text">RT @dexaberyqin: анкета на получение кредита в россельхозбанке рассчитать http://t.co/BkPZZoI6JS</column>
            <column name="sberbank">NULL</column>
            <column name="vtb">NULL</column>
            <column name="gazprom">NULL</column>
            <column name="alfabank">NULL</column>
            <column name="bankmoskvy">NULL</column>
            <column name="raiffeisen">NULL</column>
            <column name="uralsib">NULL</column>
            <column name="rshb">0</column>
        </table>
        <table name="bank">
            <column name="id">4237</column>
            <column name="twitid">498282564415950000</column>
            <column name="date">1407634795</column>
            <column name="name">ysorpmey</column>
            <column name="text">http://t.co/emr3D7fxft Получить кредит наличными в райфайзенк аваль</column>
            <column name="sberbank">NULL</column>
            <column name="vtb">NULL</column>
            <column name="gazprom">NULL</column>
            <column name="alfabank">NULL</column>
            <column name="bankmoskvy">NULL</column>
            <column name="raiffeisen">0</column>
            <column name="uralsib">NULL</column>
            <column name="rshb">NULL</column>
        </table>
        <table name="bank">
            <column name="id">4238</column>
            <column name="twitid">498282646397800000</column>
            <column name="date">1407634815</column>
            <column name="name">diwabehokiwo</column>
            <column name="text">RT @gugulacopof: втб 24 льготная ипотека http://t.co/X23YlNiGco</column>
            <column name="sberbank">NULL</column>
            <column name="vtb">0</column>
            <column name="gazprom">NULL</column>
            <column name="alfabank">NULL</column>
            <column name="bankmoskvy">NULL</column>
            <column name="raiffeisen">NULL</column>
            <column name="uralsib">NULL</column>
            <column name="rshb">NULL</column>
        </table>
        <table name="bank">
            <column name="id">4239</column>
            <column name="twitid">498283891506310000</column>
            <column name="date">1407635112</column>
            <column name="name">fimitazukepi</column>
            <column name="text">RT @dispapaod: газпромбанк заявка на кредит наличными казань http://t.co/mbJC72fhcX</column>
            <column name="sberbank">NULL</column>
            <column name="vtb">NULL</column>
            <column name="gazprom">0</column>
            <column name="alfabank">NULL</column>
            <column name="bankmoskvy">NULL</column>
            <column name="raiffeisen">NULL</column>
            <column name="uralsib">NULL</column>
            <column name="rshb">NULL</column>
        </table>
        <table name="bank">
            <column name="id">4240</column>
            <column name="twitid">498284964748620000</column>
            <column name="date">1407635367</column>
            <column name="name">risomaticin</column>
            <column name="text">RT @AudraLe7: взять кредит с 19 лет сбербанк онлайн http://t.co/o2VYEW1ZcL</column>
            <column name="sberbank">0</column>
            <column name="vtb">NULL</column>
            <column name="gazprom">NULL</column>
            <column name="alfabank">NULL</column>
            <column name="bankmoskvy">NULL</column>
            <column name="raiffeisen">NULL</column>
            <column name="uralsib">NULL</column>
            <column name="rshb">NULL</column>
        </table>
        <table name="bank">
            <column name="id">4241</column>
            <column name="twitid">498290403305860000</column>
            <column name="date">1407636664</column>
            <column name="name">vonneStein</column>
            <column name="text">RT @suhysaliqip: втб 24 краснодар потребительские кредиты калькулятор http://t.co/vUIkuPg1r6</column>
            <column name="sberbank">NULL</column>
            <column name="vtb">0</column>
            <column name="gazprom">NULL</column>
            <column name="alfabank">NULL</column>
            <column name="bankmoskvy">NULL</column>
            <column name="raiffeisen">NULL</column>
            <column name="uralsib">NULL</column>
            <column name="rshb">NULL</column>
        </table>
        <table name="bank">
            <column name="id">4242</column>
            <column name="twitid">498292161914630000</column>
            <column name="date">1407637083</column>
            <column name="name">capuzywyreh</column>
            <column name="text">RT @sobaledapid: альфа банк заблокировать карту http://t.co/Q3uM1mpzzx</column>
            <column name="sberbank">NULL</column>
            <column name="vtb">NULL</column>
            <column name="gazprom">NULL</column>
            <column name="alfabank">0</column>
            <column name="bankmoskvy">NULL</column>
            <column name="raiffeisen">NULL</column>
            <column name="uralsib">NULL</column>
            <column name="rshb">NULL</column>
        </table>
        <table name="bank">
            <column name="id">4243</column>
            <column name="twitid">498293700511140000</column>
            <column name="date">1407637450</column>
            <column name="name">gikafatyxaq</column>
            <column name="text">RT @rycufecykabo: альфа банк украина кредит на авто екатеринбург http://t.co/y0oYoQ4zif</column>
            <column name="sberbank">NULL</column>
            <column name="vtb">NULL</column>
            <column name="gazprom">NULL</column>
            <column name="alfabank">0</column>
            <column name="bankmoskvy">NULL</column>
            <column name="raiffeisen">NULL</column>
            <column name="uralsib">NULL</column>
            <column name="rshb">NULL</column>
        </table>
        <table name="bank">
            <column name="id">4244</column>
            <column name="twitid">498300826599710000</column>
            <column name="date">1407639149</column>
            <column name="name">ifadeichev1</column>
            <column name="text">Не банк, а говно. #АльфаБанк #Афоризмы</column>
            <column name="sberbank">NULL</column>
            <column name="vtb">NULL</column>
            <column name="gazprom">NULL</column>
            <column name="alfabank">-1</column>
            <column name="bankmoskvy">NULL</column>
            <column name="raiffeisen">NULL</column>
            <column name="uralsib">NULL</column>
            <column name="rshb">NULL</column>
        </table>
        <table name="bank">
            <column name="id">4245</column>
            <column name="twitid">498301069613860000</column>
            <column name="date">1407639207</column>
            <column name="name">tnibkiljvu</column>
            <column name="text">http://t.co/EclhNsHrHE Взять потреб кредит в райффайзенбанке</column>
            <column name="sberbank">NULL</column>
            <column name="vtb">NULL</column>
            <column name="gazprom">NULL</column>
            <column name="alfabank">NULL</column>
            <column name="bankmoskvy">NULL</column>
            <column name="raiffeisen">0</column>
            <column name="uralsib">NULL</column>
            <column name="rshb">NULL</column>
        </table>
        <table name="bank">
            <column name="id">4246</column>
            <column name="twitid">498301549085750000</column>
            <column name="date">1407639321</column>
            <column name="name">wygiqohucavu</column>
            <column name="text">RT @GuadalupeAlewin: Оплатить визу в США через ВТБ 24 теперь нельзя</column>
            <column name="sberbank">NULL</column>
            <column name="vtb">-1</column>
            <column name="gazprom">NULL</column>
            <column name="alfabank">NULL</column>
            <column name="bankmoskvy">NULL</column>
            <column name="raiffeisen">NULL</column>
            <column name="uralsib">NULL</column>
            <column name="rshb">NULL</column>
        </table>
        <table name="bank">
            <column name="id">4247</column>
            <column name="twitid">498301822910870000</column>
            <column name="date">1407639387</column>
            <column name="name">cinugewusite</column>
            <column name="text">RT @IMorshead: альфа банк в омске кредит калькулятор http://t.co/ZQVaTlQlzO</column>
            <column name="sberbank">NULL</column>
            <column name="vtb">NULL</column>
            <column name="gazprom">NULL</column>
            <column name="alfabank">0</column>
            <column name="bankmoskvy">NULL</column>
            <column name="raiffeisen">NULL</column>
            <column name="uralsib">NULL</column>
            <column name="rshb">NULL</column>
        </table>
        <table name="bank">
            <column name="id">4248</column>
            <column name="twitid">498304789068130000</column>
            <column name="date">1407640094</column>
            <column name="name">licujufodeca</column>
            <column name="text">RT @licyvotenoje: дает сбербанк кредит пенсионерам процентная ставка http://t.co/Dc3vnt43KS</column>
            <column name="sberbank">0</column>
            <column name="vtb">NULL</column>
            <column name="gazprom">NULL</column>
            <column name="alfabank">NULL</column>
            <column name="bankmoskvy">NULL</column>
            <column name="raiffeisen">NULL</column>
            <column name="uralsib">NULL</column>
            <column name="rshb">NULL</column>
        </table>
        <table name="bank">
            <column name="id">4249</column>
            <column name="twitid">498305118287460000</column>
            <column name="date">1407640172</column>
            <column name="name">fiwetyvewaq</column>
            <column name="text">RT @mosebekizag: взять кредит в альфа банке без справок и поручителей 600000 http://t.co/KBhDwFsckA</column>
            <column name="sberbank">NULL</column>
            <column name="vtb">NULL</column>
            <column name="gazprom">NULL</column>
            <column name="alfabank">0</column>
            <column name="bankmoskvy">NULL</column>
            <column name="raiffeisen">NULL</column>
            <column name="uralsib">NULL</column>
            <column name="rshb">NULL</column>
        </table>
        <table name="bank">
            <column name="id">4250</column>
            <column name="twitid">498307856970840000</column>
            <column name="date">1407640825</column>
            <column name="name">nivejamofody</column>
            <column name="text">RT @hinufutufis: автокредит райффайзенбанк http://t.co/KTkPor7JAV</column>
            <column name="sberbank">NULL</column>
            <column name="vtb">NULL</column>
            <column name="gazprom">NULL</column>
            <column name="alfabank">NULL</column>
            <column name="bankmoskvy">NULL</column>
            <column name="raiffeisen">0</column>
            <column name="uralsib">NULL</column>
            <column name="rshb">NULL</column>
        </table>
        <table name="bank">
            <column name="id">4251</column>
            <column name="twitid">498309305532440000</column>
            <column name="date">1407641171</column>
            <column name="name">desteny888</column>
            <column name="text">RT @lili59294037: Образец предварительного договора купли продажи сбербанк http://t.co/kOHUjApLES</column>
            <column name="sberbank">0</column>
            <column name="vtb">NULL</column>
            <column name="gazprom">NULL</column>
            <column name="alfabank">NULL</column>
            <column name="bankmoskvy">NULL</column>
            <column name="raiffeisen">NULL</column>
            <column name="uralsib">NULL</column>
            <column name="rshb">NULL</column>
        </table>
        <table name="bank">
            <column name="id">4252</column>
            <column name="twitid">498309651340210000</column>
            <column name="date">1407641253</column>
            <column name="name">sireahTi</column>
            <column name="text">http://t.co/ZJfsb9HVzh Взять кредит райффайзенбанк кострома</column>
            <column name="sberbank">NULL</column>
            <column name="vtb">NULL</column>
            <column name="gazprom">NULL</column>
            <column name="alfabank">NULL</column>
            <column name="bankmoskvy">NULL</column>
            <column name="raiffeisen">0</column>
            <column name="uralsib">NULL</column>
            <column name="rshb">NULL</column>
        </table>
        <table name="bank">
            <column name="id">4253</column>
            <column name="twitid">498310047403750000</column>
            <column name="date">1407641348</column>
            <column name="name">XeniaYackubova</column>
            <column name="text">#news Сбербанк на 11 августа приостановит работу банкоматов #читаю #ru_ff #seo</column>
            <column name="sberbank">-1</column>
            <column name="vtb">NULL</column>
            <column name="gazprom">NULL</column>
            <column name="alfabank">NULL</column>
            <column name="bankmoskvy">NULL</column>
            <column name="raiffeisen">NULL</column>
            <column name="uralsib">NULL</column>
            <column name="rshb">NULL</column>
        </table>
        <table name="bank">
            <column name="id">4254</column>
            <column name="twitid">498310845433390000</column>
            <column name="date">1407641538</column>
            <column name="name">zvybormbor</column>
            <column name="text">http://t.co/jv2YeFLF4w Как взять кредит в россельхозбанке тюменском филиале</column>
            <column name="sberbank">NULL</column>
            <column name="vtb">NULL</column>
            <column name="gazprom">NULL</column>
            <column name="alfabank">NULL</column>
            <column name="bankmoskvy">NULL</column>
            <column name="raiffeisen">NULL</column>
            <column name="uralsib">NULL</column>
            <column name="rshb">0</column>
        </table>
        <table name="bank">
            <column name="id">4255</column>
            <column name="twitid">498312933223720000</column>
            <column name="date">1407642036</column>
            <column name="name">eliceStr</column>
            <column name="text">http://t.co/5aupwJ74pJ Взять кредит сбербанк условия</column>
            <column name="sberbank">0</column>
            <column name="vtb">NULL</column>
            <column name="gazprom">NULL</column>
            <column name="alfabank">NULL</column>
            <column name="bankmoskvy">NULL</column>
            <column name="raiffeisen">NULL</column>
            <column name="uralsib">NULL</column>
            <column name="rshb">NULL</column>
        </table>
        <table name="bank">
            <column name="id">4256</column>
            <column name="twitid">498314112796220000</column>
            <column name="date">1407642317</column>
            <column name="name">synopuqegiv</column>
            <column name="text">RT @tohizecahary: автокредит сбербанк в ижевске http://t.co/XdEpq0y0GA</column>
            <column name="sberbank">0</column>
            <column name="vtb">NULL</column>
            <column name="gazprom">NULL</column>
            <column name="alfabank">NULL</column>
            <column name="bankmoskvy">NULL</column>
            <column name="raiffeisen">NULL</column>
            <column name="uralsib">NULL</column>
            <column name="rshb">NULL</column>
        </table>
        <table name="bank">
            <column name="id">4257</column>
            <column name="twitid">498314443886170000</column>
            <column name="date">1407642396</column>
            <column name="name">Petrovmensniave</column>
            <column name="text">RT @lneveti49: Сбербанк предупреждает своих клиентов о том, что интернет-банк, банкоматы и терминалы прекратят работу в ночь на 11-е август…</column>
            <column name="sberbank">-1</column>
            <column name="vtb">NULL</column>
            <column name="gazprom">NULL</column>
            <column name="alfabank">NULL</column>
            <column name="bankmoskvy">NULL</column>
            <column name="raiffeisen">NULL</column>
            <column name="uralsib">NULL</column>
            <column name="rshb">NULL</column>
        </table>
        <table name="bank">
            <column name="id">4258</column>
            <column name="twitid">498315245245690000</column>
            <column name="date">1407642587</column>
            <column name="name">V_Omarov16</column>
            <column name="text">Так даже Сбербанк не идёт в Крым. Гопоту только и рос шелупонь мелкого бизнеса туда гонят.</column>
            <column name="sberbank">0</column>
            <column name="vtb">NULL</column>
            <column name="gazprom">NULL</column>
            <column name="alfabank">NULL</column>
            <column name="bankmoskvy">NULL</column>
            <column name="raiffeisen">NULL</column>
            <column name="uralsib">NULL</column>
            <column name="rshb">NULL</column>
        </table>
        <table name="bank">
            <column name="id">4259</column>
            <column name="twitid">498316428957990000</column>
            <column name="date">1407642869</column>
            <column name="name">erdreStor</column>
            <column name="text">http://t.co/3j1e2K5ncK Получить кредитную карту альфа банка</column>
            <column name="sberbank">NULL</column>
            <column name="vtb">NULL</column>
            <column name="gazprom">NULL</column>
            <column name="alfabank">0</column>
            <column name="bankmoskvy">NULL</column>
            <column name="raiffeisen">NULL</column>
            <column name="uralsib">NULL</column>
            <column name="rshb">NULL</column>
        </table>
        <table name="bank">
            <column name="id">4260</column>
            <column name="twitid">498316916742970000</column>
            <column name="date">1407642985</column>
            <column name="name">taqadabilixa</column>
            <column name="text">RT @gapumejexyze: втб 24 санкт петербург автокредитование http://t.co/H6pNXuy838</column>
            <column name="sberbank">NULL</column>
            <column name="vtb">0</column>
            <column name="gazprom">NULL</column>
            <column name="alfabank">NULL</column>
            <column name="bankmoskvy">NULL</column>
            <column name="raiffeisen">NULL</column>
            <column name="uralsib">NULL</column>
            <column name="rshb">NULL</column>
        </table>
        <table name="bank">
            <column name="id">4261</column>
            <column name="twitid">498318806914450000</column>
            <column name="date">1407643436</column>
            <column name="name">ysorpmey</column>
            <column name="text">http://t.co/8eeXkY9XRL Взять потребительский кредит в втб 24 в барнауле</column>
            <column name="sberbank">NULL</column>
            <column name="vtb">0</column>
            <column name="gazprom">NULL</column>
            <column name="alfabank">NULL</column>
            <column name="bankmoskvy">NULL</column>
            <column name="raiffeisen">NULL</column>
            <column name="uralsib">NULL</column>
            <column name="rshb">NULL</column>
        </table>
        <table name="bank">
            <column name="id">4262</column>
            <column name="twitid">498320635404510000</column>
            <column name="date">1407643872</column>
            <column name="name">hybabeqyvahi</column>
            <column name="text">RT @pysasegytic: взять кредит 1 миллион россельхозбанк 12% http://t.co/EoHTOrpddr</column>
            <column name="sberbank">NULL</column>
            <column name="vtb">NULL</column>
            <column name="gazprom">NULL</column>
            <column name="alfabank">NULL</column>
            <column name="bankmoskvy">NULL</column>
            <column name="raiffeisen">NULL</column>
            <column name="uralsib">NULL</column>
            <column name="rshb">0</column>
        </table>
        <table name="bank">
            <column name="id">4263</column>
            <column name="twitid">498321080231430000</column>
            <column name="date">1407643978</column>
            <column name="name">GeeeGel</column>
            <column name="text">RT @sd0107: В 87 г. бабуля открыла на меня счёт на 1000 руб. В 2014 году я счастливый обладатель 3089.26 руб. Спасибо, @sberbank http://t.c…</column>
            <column name="sberbank">-1</column>
            <column name="vtb">NULL</column>
            <column name="gazprom">NULL</column>
            <column name="alfabank">NULL</column>
            <column name="bankmoskvy">NULL</column>
            <column name="raiffeisen">NULL</column>
            <column name="uralsib">NULL</column>
            <column name="rshb">NULL</column>
        </table>
        <table name="bank">
            <column name="id">4264</column>
            <column name="twitid">498321941993120000</column>
            <column name="date">1407644184</column>
            <column name="name">gaqoporadawa</column>
            <column name="text">RT @rufavelerusa: втб 24 сургут потребительский кредит условия http://t.co/A12hKSMJ5G</column>
            <column name="sberbank">NULL</column>
            <column name="vtb">0</column>
            <column name="gazprom">NULL</column>
            <column name="alfabank">NULL</column>
            <column name="bankmoskvy">NULL</column>
            <column name="raiffeisen">NULL</column>
            <column name="uralsib">NULL</column>
            <column name="rshb">NULL</column>
        </table>
        <table name="bank">
            <column name="id">4265</column>
            <column name="twitid">498325103013540000</column>
            <column name="date">1407644937</column>
            <column name="name">agipaoyuvg</column>
            <column name="text">http://t.co/8EYIhIQcNd Где оформить онлаен кредит альфа банк</column>
            <column name="sberbank">NULL</column>
            <column name="vtb">NULL</column>
            <column name="gazprom">NULL</column>
            <column name="alfabank">0</column>
            <column name="bankmoskvy">NULL</column>
            <column name="raiffeisen">NULL</column>
            <column name="uralsib">NULL</column>
            <column name="rshb">NULL</column>
        </table>
        <table name="bank">
            <column name="id">4266</column>
            <column name="twitid">498326880182100000</column>
            <column name="date">1407645361</column>
            <column name="name">topaqlasui</column>
            <column name="text">http://t.co/d9s3VN9rJ3 Сложно ли получить кредит в втб 24 банке</column>
            <column name="sberbank">NULL</column>
            <column name="vtb">0</column>
            <column name="gazprom">NULL</column>
            <column name="alfabank">NULL</column>
            <column name="bankmoskvy">NULL</column>
            <column name="raiffeisen">NULL</column>
            <column name="uralsib">NULL</column>
            <column name="rshb">NULL</column>
        </table>
        <table name="bank">
            <column name="id">4267</column>
            <column name="twitid">498328976956590000</column>
            <column name="date">1407645861</column>
            <column name="name">tnibkiljvu</column>
            <column name="text">http://t.co/z18QZQioeD Альфа банк уфа оформить кредит онлайн</column>
            <column name="sberbank">NULL</column>
            <column name="vtb">NULL</column>
            <column name="gazprom">NULL</column>
            <column name="alfabank">0</column>
            <column name="bankmoskvy">NULL</column>
            <column name="raiffeisen">NULL</column>
            <column name="uralsib">NULL</column>
            <column name="rshb">NULL</column>
        </table>
        <table name="bank">
            <column name="id">4268</column>
            <column name="twitid">498332461060070000</column>
            <column name="date">1407646691</column>
            <column name="name">bahchevan777</column>
            <column name="text">RT @dvoinishnikovau: Образец заполнения анкеты втб 24 http://t.co/TASovCYFZK</column>
            <column name="sberbank">NULL</column>
            <column name="vtb">0</column>
            <column name="gazprom">NULL</column>
            <column name="alfabank">NULL</column>
            <column name="bankmoskvy">NULL</column>
            <column name="raiffeisen">NULL</column>
            <column name="uralsib">NULL</column>
            <column name="rshb">NULL</column>
        </table>
        <table name="bank">
            <column name="id">4269</column>
            <column name="twitid">498333197051370000</column>
            <column name="date">1407646867</column>
            <column name="name">krantinessdmilw</column>
            <column name="text">RT @InnaHwFF: Сбербанк России остановил работу в зоне АТО</column>
            <column name="sberbank">-1</column>
            <column name="vtb">NULL</column>
            <column name="gazprom">NULL</column>
            <column name="alfabank">NULL</column>
            <column name="bankmoskvy">NULL</column>
            <column name="raiffeisen">NULL</column>
            <column name="uralsib">NULL</column>
            <column name="rshb">NULL</column>
        </table>
        <table name="bank">
            <column name="id">4270</column>
            <column name="twitid">498333958602760000</column>
            <column name="date">1407647048</column>
            <column name="name">KZaharov35</column>
            <column name="text">В День строителя. Москва – Сбербанк и «Сбербанк Лизинг» развивают поддержку строительной отрасли. С 10 августа по 10 сентября ЗАО «Сбербанк</column>
            <column name="sberbank">0</column>
            <column name="vtb">NULL</column>
            <column name="gazprom">NULL</column>
            <column name="alfabank">NULL</column>
            <column name="bankmoskvy">NULL</column>
            <column name="raiffeisen">NULL</column>
            <column name="uralsib">NULL</column>
            <column name="rshb">NULL</column>
        </table>
        <table name="bank">
            <column name="id">4271</column>
            <column name="twitid">498335001394820000</column>
            <column name="date">1407647297</column>
            <column name="name">hegejizosahy</column>
            <column name="text">RT @KristyIuculano: заполнить заявку на кредит в альфа банке рассчитать http://t.co/YkfdyTnmw9</column>
            <column name="sberbank">NULL</column>
            <column name="vtb">NULL</column>
            <column name="gazprom">NULL</column>
            <column name="alfabank">0</column>
            <column name="bankmoskvy">NULL</column>
            <column name="raiffeisen">NULL</column>
            <column name="uralsib">NULL</column>
            <column name="rshb">NULL</column>
        </table>
        <table name="bank">
            <column name="id">4272</column>
            <column name="twitid">498338245814410000</column>
            <column name="date">1407648071</column>
            <column name="name">olegrikubo</column>
            <column name="text">RT @usivaluzo: Сбербанк заблокирует все банкоматы</column>
            <column name="sberbank">-1</column>
            <column name="vtb">NULL</column>
            <column name="gazprom">NULL</column>
            <column name="alfabank">NULL</column>
            <column name="bankmoskvy">NULL</column>
            <column name="raiffeisen">NULL</column>
            <column name="uralsib">NULL</column>
            <column name="rshb">NULL</column>
        </table>
        <table name="bank">
            <column name="id">4273</column>
            <column name="twitid">498339202107700000</column>
            <column name="date">1407648299</column>
            <column name="name">upalaqex</column>
            <column name="text">http://t.co/WLd9xLRTdF Казахстанский бта банк и Сбербанк обсуждают совместные проекты&amp;amp;#8230;</column>
            <column name="sberbank">0</column>
            <column name="vtb">NULL</column>
            <column name="gazprom">NULL</column>
            <column name="alfabank">NULL</column>
            <column name="bankmoskvy">NULL</column>
            <column name="raiffeisen">NULL</column>
            <column name="uralsib">NULL</column>
            <column name="rshb">NULL</column>
        </table>
        <table name="bank">
            <column name="id">4274</column>
            <column name="twitid">498344565901120000</column>
            <column name="date">1407649577</column>
            <column name="name">LOreshkina13</column>
            <column name="text">СМИ: Россельхозбанк и Газпромбанк попросили о господдержке из-за санкций</column>
            <column name="sberbank">NULL</column>
            <column name="vtb">NULL</column>
            <column name="gazprom">-1</column>
            <column name="alfabank">NULL</column>
            <column name="bankmoskvy">NULL</column>
            <column name="raiffeisen">NULL</column>
            <column name="uralsib">NULL</column>
            <column name="rshb">-1</column>
        </table>
        <table name="bank">
            <column name="id">4275</column>
            <column name="twitid">498344699699410000</column>
            <column name="date">1407649609</column>
            <column name="name">riyaDesha</column>
            <column name="text">http://t.co/pgHxLiloSQ Сбербанк взять кредит деньги</column>
            <column name="sberbank">0</column>
            <column name="vtb">NULL</column>
            <column name="gazprom">NULL</column>
            <column name="alfabank">NULL</column>
            <column name="bankmoskvy">NULL</column>
            <column name="raiffeisen">NULL</column>
            <column name="uralsib">NULL</column>
            <column name="rshb">NULL</column>
        </table>
        <table name="bank">
            <column name="id">4276</column>
            <column name="twitid">498346855219340000</column>
            <column name="date">1407650123</column>
            <column name="name">jososonicyxi</column>
            <column name="text">RT @kamyvojafepi: как получить потребительский кредит в газпромбанке условия http://t.co/ss5e71nkR6</column>
            <column name="sberbank">NULL</column>
            <column name="vtb">NULL</column>
            <column name="gazprom">0</column>
            <column name="alfabank">NULL</column>
            <column name="bankmoskvy">NULL</column>
            <column name="raiffeisen">NULL</column>
            <column name="uralsib">NULL</column>
            <column name="rshb">NULL</column>
        </table>
        <table name="bank">
            <column name="id">4277</column>
            <column name="twitid">498349189852840000</column>
            <column name="date">1407650680</column>
            <column name="name">qyggrumik</column>
            <column name="text">http://t.co/o2xur54eog Взять кредит в альфа банке саратов</column>
            <column name="sberbank">NULL</column>
            <column name="vtb">NULL</column>
            <column name="gazprom">NULL</column>
            <column name="alfabank">0</column>
            <column name="bankmoskvy">NULL</column>
            <column name="raiffeisen">NULL</column>
            <column name="uralsib">NULL</column>
            <column name="rshb">NULL</column>
        </table>
        <table name="bank">
            <column name="id">4278</column>
            <column name="twitid">498349417905530000</column>
            <column name="date">1407650734</column>
            <column name="name">liaSideris</column>
            <column name="text">http://t.co/KzjkkFWJ6q Получить кредитную карту альфа банк</column>
            <column name="sberbank">NULL</column>
            <column name="vtb">NULL</column>
            <column name="gazprom">NULL</column>
            <column name="alfabank">0</column>
            <column name="bankmoskvy">NULL</column>
            <column name="raiffeisen">NULL</column>
            <column name="uralsib">NULL</column>
            <column name="rshb">NULL</column>
        </table>
        <table name="bank">
            <column name="id">4279</column>
            <column name="twitid">498356466865410000</column>
            <column name="date">1407652415</column>
            <column name="name">myfacubawige</column>
            <column name="text">Альфу и райффайзен попробуй. Но мне кажется все теже проблемы, только в другом виде. Ну и, конечно, Связной.</column>
            <column name="sberbank">NULL</column>
            <column name="vtb">NULL</column>
            <column name="gazprom">NULL</column>
            <column name="alfabank">-1</column>
            <column name="bankmoskvy">NULL</column>
            <column name="raiffeisen">-1</column>
            <column name="uralsib">NULL</column>
            <column name="rshb">NULL</column>
        </table>
        <table name="bank">
            <column name="id">4280</column>
            <column name="twitid">498357096103290000</column>
            <column name="date">1407652565</column>
            <column name="name">tifibovokyko</column>
            <column name="text">RT @jijuhunisila: Сбербанк начал выпуск карт на базе платежной системы ПРО100.</column>
            <column name="sberbank">0</column>
            <column name="vtb">NULL</column>
            <column name="gazprom">NULL</column>
            <column name="alfabank">NULL</column>
            <column name="bankmoskvy">NULL</column>
            <column name="raiffeisen">NULL</column>
            <column name="uralsib">NULL</column>
            <column name="rshb">NULL</column>
        </table>
        <table name="bank">
            <column name="id">4281</column>
            <column name="twitid">498365186982820000</column>
            <column name="date">1407654494</column>
            <column name="name">togycufoxeve</column>
            <column name="text">RT @woveneqywyho: альфа банк кредит наличными для пенсионеров http://t.co/6sHiBsID4y</column>
            <column name="sberbank">NULL</column>
            <column name="vtb">NULL</column>
            <column name="gazprom">NULL</column>
            <column name="alfabank">0</column>
            <column name="bankmoskvy">NULL</column>
            <column name="raiffeisen">NULL</column>
            <column name="uralsib">NULL</column>
            <column name="rshb">NULL</column>
        </table>
        <table name="bank">
            <column name="id">4282</column>
            <column name="twitid">498373732277450000</column>
            <column name="date">1407656531</column>
            <column name="name">zusa_esgate</column>
            <column name="text">RT @vabipuzijozo: анкета для кредита втб 24 http://t.co/ji7mjdvcRB</column>
            <column name="sberbank">NULL</column>
            <column name="vtb">0</column>
            <column name="gazprom">NULL</column>
            <column name="alfabank">NULL</column>
            <column name="bankmoskvy">NULL</column>
            <column name="raiffeisen">NULL</column>
            <column name="uralsib">NULL</column>
            <column name="rshb">NULL</column>
        </table>
        <table name="bank">
            <column name="id">4283</column>
            <column name="twitid">498374979956660000</column>
            <column name="date">1407656829</column>
            <column name="name">GodJoker0</column>
            <column name="text">http://t.co/lGCoZPObVr МАЙНКРАФТ РАЙФАЙЗЕНБАНК</column>
            <column name="sberbank">NULL</column>
            <column name="vtb">NULL</column>
            <column name="gazprom">NULL</column>
            <column name="alfabank">NULL</column>
            <column name="bankmoskvy">NULL</column>
            <column name="raiffeisen">0</column>
            <column name="uralsib">NULL</column>
            <column name="rshb">NULL</column>
        </table>
        <table name="bank">
            <column name="id">4284</column>
            <column name="twitid">498379570865660000</column>
            <column name="date">1407657923</column>
            <column name="name">ryannaSidd</column>
            <column name="text">бизнес сбербанк видео инструкция http://t.co/KWjkq76Lwy #видео #инструкция</column>
            <column name="sberbank">0</column>
            <column name="vtb">NULL</column>
            <column name="gazprom">NULL</column>
            <column name="alfabank">NULL</column>
            <column name="bankmoskvy">NULL</column>
            <column name="raiffeisen">NULL</column>
            <column name="uralsib">NULL</column>
            <column name="rshb">NULL</column>
        </table>
        <table name="bank">
            <column name="id">4285</column>
            <column name="twitid">498382335277270000</column>
            <column name="date">1407658582</column>
            <column name="name">havuhipedoh</column>
            <column name="text">RT @fogaquhetim: банковский кредит сбербанк ярославль http://t.co/fOGmumSkXy</column>
            <column name="sberbank">0</column>
            <column name="vtb">NULL</column>
            <column name="gazprom">NULL</column>
            <column name="alfabank">NULL</column>
            <column name="bankmoskvy">NULL</column>
            <column name="raiffeisen">NULL</column>
            <column name="uralsib">NULL</column>
            <column name="rshb">NULL</column>
        </table>
        <table name="bank">
            <column name="id">4286</column>
            <column name="twitid">498393130572320000</column>
            <column name="date">1407661156</column>
            <column name="name">lexacom</column>
            <column name="text">Райффайзен банк уфа http://t.co/cBqx7IQaiH</column>
            <column name="sberbank">NULL</column>
            <column name="vtb">NULL</column>
            <column name="gazprom">NULL</column>
            <column name="alfabank">NULL</column>
            <column name="bankmoskvy">NULL</column>
            <column name="raiffeisen">0</column>
            <column name="uralsib">NULL</column>
            <column name="rshb">NULL</column>
        </table>
        <table name="bank">
            <column name="id">4287</column>
            <column name="twitid">498400981743570000</column>
            <column name="date">1407663028</column>
            <column name="name">worldnewsday</column>
            <column name="text">Я.Новости | Финансы: За 7 месяцев текущего года Сбербанк заработал 222, 1 млрд рублей http://t.co/yMmGPz54oo</column>
            <column name="sberbank">0</column>
            <column name="vtb">NULL</column>
            <column name="gazprom">NULL</column>
            <column name="alfabank">NULL</column>
            <column name="bankmoskvy">NULL</column>
            <column name="raiffeisen">NULL</column>
            <column name="uralsib">NULL</column>
            <column name="rshb">NULL</column>
        </table>
        <table name="bank">
            <column name="id">4288</column>
            <column name="twitid">498403402318370000</column>
            <column name="date">1407663605</column>
            <column name="name">hmaryzaiz</column>
            <column name="text">RT @koduqagojoji: взять кредит в банке сбербанк ярославль http://t.co/ROyO46fFUS</column>
            <column name="sberbank">0</column>
            <column name="vtb">NULL</column>
            <column name="gazprom">NULL</column>
            <column name="alfabank">NULL</column>
            <column name="bankmoskvy">NULL</column>
            <column name="raiffeisen">NULL</column>
            <column name="uralsib">NULL</column>
            <column name="rshb">NULL</column>
        </table>
        <table name="bank">
            <column name="id">4289</column>
            <column name="twitid">498411234036050000</column>
            <column name="date">1407665472</column>
            <column name="name">mafaxecaqup</column>
            <column name="text">RT @suvanygihij: в каком банке дают кредит до 70 лет сбербанк http://t.co/wmOCDL1Zj3</column>
            <column name="sberbank">0</column>
            <column name="vtb">NULL</column>
            <column name="gazprom">NULL</column>
            <column name="alfabank">NULL</column>
            <column name="bankmoskvy">NULL</column>
            <column name="raiffeisen">NULL</column>
            <column name="uralsib">NULL</column>
            <column name="rshb">NULL</column>
        </table>
        <table name="bank">
            <column name="id">4290</column>
            <column name="twitid">498411235751510000</column>
            <column name="date">1407665473</column>
            <column name="name">Anton_Etmanov</column>
            <column name="text">RT @sberbank: По техническим причинам 11.08.14 с 00:00 по 05:40 мск будет недоступен ряд операций с использованием карт Сбербанка http://t.…</column>
            <column name="sberbank">-1</column>
            <column name="vtb">NULL</column>
            <column name="gazprom">NULL</column>
            <column name="alfabank">NULL</column>
            <column name="bankmoskvy">NULL</column>
            <column name="raiffeisen">NULL</column>
            <column name="uralsib">NULL</column>
            <column name="rshb">NULL</column>
        </table>
        <table name="bank">
            <column name="id">4291</column>
            <column name="twitid">498411501364200000</column>
            <column name="date">1407665536</column>
            <column name="name">SOFIA_LIFE</column>
            <column name="text">Это НЕ забота о клиенте, это ИЗДЕВАТЕЛЬСТВО над клиентами  #Альфабанкгадость</column>
            <column name="sberbank">NULL</column>
            <column name="vtb">NULL</column>
            <column name="gazprom">NULL</column>
            <column name="alfabank">-1</column>
            <column name="bankmoskvy">NULL</column>
            <column name="raiffeisen">NULL</column>
            <column name="uralsib">NULL</column>
            <column name="rshb">NULL</column>
        </table>
        <table name="bank">
            <column name="id">4292</column>
            <column name="twitid">498418219875860000</column>
            <column name="date">1407667138</column>
            <column name="name">Elenka_Yarkieva</column>
            <column name="text">@SOFIA_LIFE я с их &quot;сервисом&quot; столкнулась года 3 назад) больше туда не ногой))) #Альфабанкгадость</column>
            <column name="sberbank">NULL</column>
            <column name="vtb">NULL</column>
            <column name="gazprom">NULL</column>
            <column name="alfabank">-1</column>
            <column name="bankmoskvy">NULL</column>
            <column name="raiffeisen">NULL</column>
            <column name="uralsib">NULL</column>
            <column name="rshb">NULL</column>
        </table>
        <table name="bank">
            <column name="id">4293</column>
            <column name="twitid">498420594032250000</column>
            <column name="date">1407667704</column>
            <column name="name">coxekyqeryk</column>
            <column name="text">RT @jyhixatamysy: ипотека сбербанк 24 калькулятор http://t.co/yn2hFhWLCB</column>
            <column name="sberbank">0</column>
            <column name="vtb">NULL</column>
            <column name="gazprom">NULL</column>
            <column name="alfabank">NULL</column>
            <column name="bankmoskvy">NULL</column>
            <column name="raiffeisen">NULL</column>
            <column name="uralsib">NULL</column>
            <column name="rshb">NULL</column>
        </table>
        <table name="bank">
            <column name="id">4294</column>
            <column name="twitid">498426298667380000</column>
            <column name="date">1407669064</column>
            <column name="name">ajilkin</column>
            <column name="text">@vovakasko @goldorda888 @sberbank Давно уже реализуем.</column>
            <column name="sberbank">--</column>
            <column name="vtb">NULL</column>
            <column name="gazprom">NULL</column>
            <column name="alfabank">NULL</column>
            <column name="bankmoskvy">NULL</column>
            <column name="raiffeisen">NULL</column>
            <column name="uralsib">NULL</column>
            <column name="rshb">NULL</column>
        </table>
        <table name="bank">
            <column name="id">4295</column>
            <column name="twitid">498426913342620000</column>
            <column name="date">1407669211</column>
            <column name="name">vovakasko</column>
            <column name="text">RT @goldorda888: @vovakasko @ajilkin @sberbank Да! Конечно! В настоящее время она даже есть у меня на руках!</column>
            <column name="sberbank">--</column>
            <column name="vtb">NULL</column>
            <column name="gazprom">NULL</column>
            <column name="alfabank">NULL</column>
            <column name="bankmoskvy">NULL</column>
            <column name="raiffeisen">NULL</column>
            <column name="uralsib">NULL</column>
            <column name="rshb">NULL</column>
        </table>
        <table name="bank">
            <column name="id">4296</column>
            <column name="twitid">498429032636370000</column>
            <column name="date">1407669716</column>
            <column name="name">gosagasameg</column>
            <column name="text">Бля, вот переведут мне деньги, вот погашу кредит Альфабанку, который пришлось открыть для оплаты перевеса багажа — тогда и начну хавать</column>
            <column name="sberbank">NULL</column>
            <column name="vtb">NULL</column>
            <column name="gazprom">NULL</column>
            <column name="alfabank">0</column>
            <column name="bankmoskvy">NULL</column>
            <column name="raiffeisen">NULL</column>
            <column name="uralsib">NULL</column>
            <column name="rshb">NULL</column>
        </table>
        <table name="bank">
            <column name="id">4297</column>
            <column name="twitid">498429131668090000</column>
            <column name="date">1407669740</column>
            <column name="name">jejeludimode</column>
            <column name="text">RT @ofohiheg: втб потребительский кредит калькулятор сбербанк потребительский кредит http://t.co/gRL4pfQyNk</column>
            <column name="sberbank">0</column>
            <column name="vtb">0</column>
            <column name="gazprom">NULL</column>
            <column name="alfabank">NULL</column>
            <column name="bankmoskvy">NULL</column>
            <column name="raiffeisen">NULL</column>
            <column name="uralsib">NULL</column>
            <column name="rshb">NULL</column>
        </table>
        <table name="bank">
            <column name="id">4298</column>
            <column name="twitid">498442641587990000</column>
            <column name="date">1407672961</column>
            <column name="name">MbI_CAMAPCKIE</column>
            <column name="text">Поволжский Сбербанк проведет семинар по брокерскому обслуживанию - АиФ Самара http://t.co/F4uNgMzcZq #vk</column>
            <column name="sberbank">0</column>
            <column name="vtb">NULL</column>
            <column name="gazprom">NULL</column>
            <column name="alfabank">NULL</column>
            <column name="bankmoskvy">NULL</column>
            <column name="raiffeisen">NULL</column>
            <column name="uralsib">NULL</column>
            <column name="rshb">NULL</column>
        </table>
        <table name="bank">
            <column name="id">4299</column>
            <column name="twitid">498445205784530000</column>
            <column name="date">1407673572</column>
            <column name="name">pozuqufyqody</column>
            <column name="text">RT @fahevujijoh: Сбербанк банк клиент инструкция http://t.co/pUyVzYd2EN</column>
            <column name="sberbank">0</column>
            <column name="vtb">NULL</column>
            <column name="gazprom">NULL</column>
            <column name="alfabank">NULL</column>
            <column name="bankmoskvy">NULL</column>
            <column name="raiffeisen">NULL</column>
            <column name="uralsib">NULL</column>
            <column name="rshb">NULL</column>
        </table>
        <table name="bank">
            <column name="id">4300</column>
            <column name="twitid">498459947282500000</column>
            <column name="date">1407677087</column>
            <column name="name">MoscowPushka</column>
            <column name="text">Санкции? Сбер не перестает радовать))) #москва http://t.co/zDQbkptnTb</column>
            <column name="sberbank">+-</column>
            <column name="vtb">NULL</column>
            <column name="gazprom">NULL</column>
            <column name="alfabank">NULL</column>
            <column name="bankmoskvy">NULL</column>
            <column name="raiffeisen">NULL</column>
            <column name="uralsib">NULL</column>
            <column name="rshb">NULL</column>
        </table>
    </database>
</pma_xml_export>