<?xml version="1.0" encoding="utf-8"?>
<!--
- phpMyAdmin XML Dump
- version 4.0.4.1
- http://www.phpmyadmin.net
-
- Хост: localhost
- Время создания: Окт 28 2014 г., 09:04
- Версия сервера: 5.6.12
- Версия PHP: 5.5.3
-->

<pma_xml_export version="1.0" xmlns:pma="http://www.phpmyadmin.net/some_doc_url/">
    <!--
    - Structure schemas
    -->
    <pma:structure_schemas>
        <pma:database name="Romip" collation="utf8_general_ci" charset="utf8">
            <pma:table name="bank">
                CREATE TABLE `bank` (
                  `id` int(11) NOT NULL AUTO_INCREMENT,
                  `twitid` bigint(32) NOT NULL DEFAULT '0',
                  `date` varchar(128) DEFAULT NULL,
                  `name` varchar(128) DEFAULT NULL,
                  `text` varchar(256) DEFAULT NULL,
                  `sberbank` int(11) DEFAULT NULL,
                  `vtb` int(11) DEFAULT NULL,
                  `gazprom` int(11) DEFAULT NULL,
                  `alfabank` int(11) DEFAULT NULL,
                  `bankmoskvy` int(11) DEFAULT NULL,
                  `raiffeisen` int(11) DEFAULT NULL,
                  `uralsib` int(11) DEFAULT NULL,
                  `rshb` int(11) DEFAULT NULL,
                  PRIMARY KEY (`id`),
                  UNIQUE KEY `id` (`twitid`)
                ) ENGINE=InnoDB AUTO_INCREMENT=7924 DEFAULT CHARSET=utf8;
            </pma:table>
        </pma:database>
    </pma:structure_schemas>

    <!--
    - База данных: 'Romip'
    -->
    <database name="Romip">
        <!-- Таблица bank -->
        <table name="bank">
            <column name="id">3801</column>
            <column name="twitid">497923596749370000</column>
            <column name="date">1407549211</column>
            <column name="name">llinsPowel</column>
            <column name="text">http://t.co/5TZQA9ttda Втб 24 как взять кредит кредит</column>
            <column name="sberbank">NULL</column>
            <column name="vtb">0</column>
            <column name="gazprom">NULL</column>
            <column name="alfabank">NULL</column>
            <column name="bankmoskvy">NULL</column>
            <column name="raiffeisen">NULL</column>
            <column name="uralsib">NULL</column>
            <column name="rshb">NULL</column>
        </table>
        <table name="bank">
            <column name="id">3802</column>
            <column name="twitid">497923991890580000</column>
            <column name="date">1407549305</column>
            <column name="name">IvisonBradey</column>
            <column name="text">банк уралсиб санкт петербург ипотека http://t.co/BBcUn0gg6r</column>
            <column name="sberbank">NULL</column>
            <column name="vtb">NULL</column>
            <column name="gazprom">NULL</column>
            <column name="alfabank">NULL</column>
            <column name="bankmoskvy">NULL</column>
            <column name="raiffeisen">NULL</column>
            <column name="uralsib">0</column>
            <column name="rshb">NULL</column>
        </table>
        <table name="bank">
            <column name="id">3803</column>
            <column name="twitid">497924247877330000</column>
            <column name="date">1407549366</column>
            <column name="name">usinNorman</column>
            <column name="text">выгодный кредит в россельхозбанке молодая семья http://t.co/oA0HnN95Sy</column>
            <column name="sberbank">NULL</column>
            <column name="vtb">NULL</column>
            <column name="gazprom">NULL</column>
            <column name="alfabank">NULL</column>
            <column name="bankmoskvy">NULL</column>
            <column name="raiffeisen">NULL</column>
            <column name="uralsib">NULL</column>
            <column name="rshb">1</column>
        </table>
        <table name="bank">
            <column name="id">3804</column>
            <column name="twitid">497926299156240000</column>
            <column name="date">1407549855</column>
            <column name="name">sharylwelliott</column>
            <column name="text">кредиты сбербанк россии г москва http://t.co/knHAMEXqCv</column>
            <column name="sberbank">0</column>
            <column name="vtb">NULL</column>
            <column name="gazprom">NULL</column>
            <column name="alfabank">NULL</column>
            <column name="bankmoskvy">NULL</column>
            <column name="raiffeisen">NULL</column>
            <column name="uralsib">NULL</column>
            <column name="rshb">NULL</column>
        </table>
        <table name="bank">
            <column name="id">3805</column>
            <column name="twitid">497926299412080000</column>
            <column name="date">1407549855</column>
            <column name="name">icocej6</column>
            <column name="text">купить квартиру в кредит сбербанк омск http://t.co/PhZrBXobFd</column>
            <column name="sberbank">0</column>
            <column name="vtb">NULL</column>
            <column name="gazprom">NULL</column>
            <column name="alfabank">NULL</column>
            <column name="bankmoskvy">NULL</column>
            <column name="raiffeisen">NULL</column>
            <column name="uralsib">NULL</column>
            <column name="rshb">NULL</column>
        </table>
        <table name="bank">
            <column name="id">3806</column>
            <column name="twitid">497927113111260000</column>
            <column name="date">1407550049</column>
            <column name="name">zvybormbor</column>
            <column name="text">http://t.co/JGm1ub0MI6 Как взять кредит в россельхозбанке</column>
            <column name="sberbank">NULL</column>
            <column name="vtb">NULL</column>
            <column name="gazprom">NULL</column>
            <column name="alfabank">NULL</column>
            <column name="bankmoskvy">NULL</column>
            <column name="raiffeisen">NULL</column>
            <column name="uralsib">NULL</column>
            <column name="rshb">0</column>
        </table>
        <table name="bank">
            <column name="id">3807</column>
            <column name="twitid">497927290664540000</column>
            <column name="date">1407550091</column>
            <column name="name">AVereshagina52</column>
            <column name="text">Сбербанк не видит необходимости менять вес акций в биржевых индексах. &amp;amp;quot;В связи с изложенным Сбербанк не видит оснований для изменения</column>
            <column name="sberbank">0</column>
            <column name="vtb">NULL</column>
            <column name="gazprom">NULL</column>
            <column name="alfabank">NULL</column>
            <column name="bankmoskvy">NULL</column>
            <column name="raiffeisen">NULL</column>
            <column name="uralsib">NULL</column>
            <column name="rshb">NULL</column>
        </table>
        <table name="bank">
            <column name="id">3808</column>
            <column name="twitid">497927327670880000</column>
            <column name="date">1407550100</column>
            <column name="name">kycofetanicy</column>
            <column name="text">банк москвы кредиты физическим лицам 9 9 http://t.co/s89mvnILUQ</column>
            <column name="sberbank">NULL</column>
            <column name="vtb">NULL</column>
            <column name="gazprom">NULL</column>
            <column name="alfabank">NULL</column>
            <column name="bankmoskvy">0</column>
            <column name="raiffeisen">NULL</column>
            <column name="uralsib">NULL</column>
            <column name="rshb">NULL</column>
        </table>
        <table name="bank">
            <column name="id">3809</column>
            <column name="twitid">497927819893440000</column>
            <column name="date">1407550217</column>
            <column name="name">wuwupaxe</column>
            <column name="text">Райффайзенбанк одностороннее изменение процента по кредиту http://t.co/anwUk2tjgm</column>
            <column name="sberbank">NULL</column>
            <column name="vtb">NULL</column>
            <column name="gazprom">NULL</column>
            <column name="alfabank">NULL</column>
            <column name="bankmoskvy">NULL</column>
            <column name="raiffeisen">0</column>
            <column name="uralsib">NULL</column>
            <column name="rshb">NULL</column>
        </table>
        <table name="bank">
            <column name="id">3810</column>
            <column name="twitid">497927821189460000</column>
            <column name="date">1407550218</column>
            <column name="name">VborodixinaA</column>
            <column name="text">Отделения Сбербанк Санкт-Петербург адреса, телефоны схемы проезда. http://t.co/jCbF3LmtVp</column>
            <column name="sberbank">0</column>
            <column name="vtb">NULL</column>
            <column name="gazprom">NULL</column>
            <column name="alfabank">NULL</column>
            <column name="bankmoskvy">NULL</column>
            <column name="raiffeisen">NULL</column>
            <column name="uralsib">NULL</column>
            <column name="rshb">NULL</column>
        </table>
        <table name="bank">
            <column name="id">3811</column>
            <column name="twitid">497927854404170000</column>
            <column name="date">1407550226</column>
            <column name="name">dcee8wch</column>
            <column name="text">образец анкеты на кредит сбербанк http://t.co/HSBP65tGVb</column>
            <column name="sberbank">0</column>
            <column name="vtb">NULL</column>
            <column name="gazprom">NULL</column>
            <column name="alfabank">NULL</column>
            <column name="bankmoskvy">NULL</column>
            <column name="raiffeisen">NULL</column>
            <column name="uralsib">NULL</column>
            <column name="rshb">NULL</column>
        </table>
        <table name="bank">
            <column name="id">3812</column>
            <column name="twitid">497927854672610000</column>
            <column name="date">1407550226</column>
            <column name="name">ollEpling</column>
            <column name="text">анкета на потребительский кредит втб 24 хабаровск http://t.co/HeYSqO9XOT</column>
            <column name="sberbank">NULL</column>
            <column name="vtb">0</column>
            <column name="gazprom">NULL</column>
            <column name="alfabank">NULL</column>
            <column name="bankmoskvy">NULL</column>
            <column name="raiffeisen">NULL</column>
            <column name="uralsib">NULL</column>
            <column name="rshb">NULL</column>
        </table>
        <table name="bank">
            <column name="id">3813</column>
            <column name="twitid">497928042879400000</column>
            <column name="date">1407550271</column>
            <column name="name">ismanBarcl</column>
            <column name="text">ипотечный кредит в банк москвы на сегодня http://t.co/8JBXfZ1obL</column>
            <column name="sberbank">NULL</column>
            <column name="vtb">NULL</column>
            <column name="gazprom">NULL</column>
            <column name="alfabank">NULL</column>
            <column name="bankmoskvy">0</column>
            <column name="raiffeisen">NULL</column>
            <column name="uralsib">NULL</column>
            <column name="rshb">NULL</column>
        </table>
        <table name="bank">
            <column name="id">3814</column>
            <column name="twitid">497929344460010000</column>
            <column name="date">1407550581</column>
            <column name="name">CollenKlossek</column>
            <column name="text">банк втб 24 кредиты в ачинске для инвалиду 1 группы http://t.co/GyK6IIPZeP</column>
            <column name="sberbank">NULL</column>
            <column name="vtb">0</column>
            <column name="gazprom">NULL</column>
            <column name="alfabank">NULL</column>
            <column name="bankmoskvy">NULL</column>
            <column name="raiffeisen">NULL</column>
            <column name="uralsib">NULL</column>
            <column name="rshb">NULL</column>
        </table>
        <table name="bank">
            <column name="id">3815</column>
            <column name="twitid">497929823411790000</column>
            <column name="date">1407550695</column>
            <column name="name">luisatkfbretz</column>
            <column name="text">оао банк москвы проценты по кредитам http://t.co/mKSehmwTUv</column>
            <column name="sberbank">NULL</column>
            <column name="vtb">NULL</column>
            <column name="gazprom">NULL</column>
            <column name="alfabank">NULL</column>
            <column name="bankmoskvy">0</column>
            <column name="raiffeisen">NULL</column>
            <column name="uralsib">NULL</column>
            <column name="rshb">NULL</column>
        </table>
        <table name="bank">
            <column name="id">3816</column>
            <column name="twitid">497929826989510000</column>
            <column name="date">1407550696</column>
            <column name="name">hihyxinup</column>
            <column name="text">Кредит физ лицам втб 24 http://t.co/i5r3mZwXLx</column>
            <column name="sberbank">NULL</column>
            <column name="vtb">0</column>
            <column name="gazprom">NULL</column>
            <column name="alfabank">NULL</column>
            <column name="bankmoskvy">NULL</column>
            <column name="raiffeisen">NULL</column>
            <column name="uralsib">NULL</column>
            <column name="rshb">NULL</column>
        </table>
        <table name="bank">
            <column name="id">3817</column>
            <column name="twitid">497929878013250000</column>
            <column name="date">1407550708</column>
            <column name="name">wizowabuqaf</column>
            <column name="text">Авто в кредит сбербанк http://t.co/I22IBNkFNv</column>
            <column name="sberbank">0</column>
            <column name="vtb">NULL</column>
            <column name="gazprom">NULL</column>
            <column name="alfabank">NULL</column>
            <column name="bankmoskvy">NULL</column>
            <column name="raiffeisen">NULL</column>
            <column name="uralsib">NULL</column>
            <column name="rshb">NULL</column>
        </table>
        <table name="bank">
            <column name="id">3818</column>
            <column name="twitid">497929916554690000</column>
            <column name="date">1407550717</column>
            <column name="name">shauntaudcswart</column>
            <column name="text">кредит в сбер банк россии http://t.co/p0Ai0Chz9K</column>
            <column name="sberbank">0</column>
            <column name="vtb">NULL</column>
            <column name="gazprom">NULL</column>
            <column name="alfabank">NULL</column>
            <column name="bankmoskvy">NULL</column>
            <column name="raiffeisen">NULL</column>
            <column name="uralsib">NULL</column>
            <column name="rshb">NULL</column>
        </table>
        <table name="bank">
            <column name="id">3819</column>
            <column name="twitid">497930038348890000</column>
            <column name="date">1407550746</column>
            <column name="name">apsheron</column>
            <column name="text">@Woldani @olegtinkov @alfabank_ru @tcsbank только денег на до востребования не положить. Только 150 можно снять без комиссии. Смысл теряется</column>
            <column name="sberbank">NULL</column>
            <column name="vtb">NULL</column>
            <column name="gazprom">NULL</column>
            <column name="alfabank">-1</column>
            <column name="bankmoskvy">NULL</column>
            <column name="raiffeisen">NULL</column>
            <column name="uralsib">NULL</column>
            <column name="rshb">NULL</column>
        </table>
        <table name="bank">
            <column name="id">3820</column>
            <column name="twitid">497930598473030000</column>
            <column name="date">1407550880</column>
            <column name="name">ricyrihomecu</column>
            <column name="text">банк сбербанк в спб яндекс http://t.co/JybcdqWuUg</column>
            <column name="sberbank">0</column>
            <column name="vtb">NULL</column>
            <column name="gazprom">NULL</column>
            <column name="alfabank">NULL</column>
            <column name="bankmoskvy">NULL</column>
            <column name="raiffeisen">NULL</column>
            <column name="uralsib">NULL</column>
            <column name="rshb">NULL</column>
        </table>
        <table name="bank">
            <column name="id">3821</column>
            <column name="twitid">497930780593900000</column>
            <column name="date">1407550923</column>
            <column name="name">wywewaqaryk</column>
            <column name="text">банк втб 24 кредиты тюмень екатеринбург http://t.co/QUBChs8Cz7</column>
            <column name="sberbank">NULL</column>
            <column name="vtb">0</column>
            <column name="gazprom">NULL</column>
            <column name="alfabank">NULL</column>
            <column name="bankmoskvy">NULL</column>
            <column name="raiffeisen">NULL</column>
            <column name="uralsib">NULL</column>
            <column name="rshb">NULL</column>
        </table>
        <table name="bank">
            <column name="id">3822</column>
            <column name="twitid">497930867369840000</column>
            <column name="date">1407550944</column>
            <column name="name">makycilityp</column>
            <column name="text">банк втб 24 екатеринбург кредиты онлайн заявка http://t.co/tYDRlaBTzd</column>
            <column name="sberbank">NULL</column>
            <column name="vtb">0</column>
            <column name="gazprom">NULL</column>
            <column name="alfabank">NULL</column>
            <column name="bankmoskvy">NULL</column>
            <column name="raiffeisen">NULL</column>
            <column name="uralsib">NULL</column>
            <column name="rshb">NULL</column>
        </table>
        <table name="bank">
            <column name="id">3823</column>
            <column name="twitid">497931314763670000</column>
            <column name="date">1407551051</column>
            <column name="name">VNetzid17</column>
            <column name="text">Посольство США прекратило прием визового сбора через банк ВТБ 24. Посольство США подтвердило, что больше не принимает консульские сборы за</column>
            <column name="sberbank">NULL</column>
            <column name="vtb">-1</column>
            <column name="gazprom">NULL</column>
            <column name="alfabank">NULL</column>
            <column name="bankmoskvy">NULL</column>
            <column name="raiffeisen">NULL</column>
            <column name="uralsib">NULL</column>
            <column name="rshb">NULL</column>
        </table>
        <table name="bank">
            <column name="id">3824</column>
            <column name="twitid">497931485501210000</column>
            <column name="date">1407551091</column>
            <column name="name">kahowigiq</column>
            <column name="text">сочи сбербанк кредит карта http://t.co/kYav9JuG1d</column>
            <column name="sberbank">0</column>
            <column name="vtb">NULL</column>
            <column name="gazprom">NULL</column>
            <column name="alfabank">NULL</column>
            <column name="bankmoskvy">NULL</column>
            <column name="raiffeisen">NULL</column>
            <column name="uralsib">NULL</column>
            <column name="rshb">NULL</column>
        </table>
        <table name="bank">
            <column name="id">3825</column>
            <column name="twitid">497932051652570000</column>
            <column name="date">1407551226</column>
            <column name="name">tufiwycugoma</column>
            <column name="text">банк москвы украина кредит наличными http://t.co/mgNGhjQAPB</column>
            <column name="sberbank">NULL</column>
            <column name="vtb">NULL</column>
            <column name="gazprom">NULL</column>
            <column name="alfabank">NULL</column>
            <column name="bankmoskvy">0</column>
            <column name="raiffeisen">NULL</column>
            <column name="uralsib">NULL</column>
            <column name="rshb">NULL</column>
        </table>
        <table name="bank">
            <column name="id">3826</column>
            <column name="twitid">497932480725670000</column>
            <column name="date">1407551329</column>
            <column name="name">sireahTi</column>
            <column name="text">http://t.co/JvuKAsxGnp Как оформить кредит сбербанк г пермь</column>
            <column name="sberbank">0</column>
            <column name="vtb">NULL</column>
            <column name="gazprom">NULL</column>
            <column name="alfabank">NULL</column>
            <column name="bankmoskvy">NULL</column>
            <column name="raiffeisen">NULL</column>
            <column name="uralsib">NULL</column>
            <column name="rshb">NULL</column>
        </table>
        <table name="bank">
            <column name="id">3827</column>
            <column name="twitid">497932881583680000</column>
            <column name="date">1407551424</column>
            <column name="name">zsemenovskaya1</column>
            <column name="text">Проценты по кредитам сбербанк в кандалакше http://t.co/eplHRU7bmz</column>
            <column name="sberbank">0</column>
            <column name="vtb">NULL</column>
            <column name="gazprom">NULL</column>
            <column name="alfabank">NULL</column>
            <column name="bankmoskvy">NULL</column>
            <column name="raiffeisen">NULL</column>
            <column name="uralsib">NULL</column>
            <column name="rshb">NULL</column>
        </table>
        <table name="bank">
            <column name="id">3828</column>
            <column name="twitid">497934073239990000</column>
            <column name="date">1407551708</column>
            <column name="name">nesulkovskiy</column>
            <column name="text">RT @Voproskin: Львовянки собрали кружевное белье для россиянок, которое хотят передать через Сбербанк в российские города и села ... http:/…</column>
            <column name="sberbank">0</column>
            <column name="vtb">NULL</column>
            <column name="gazprom">NULL</column>
            <column name="alfabank">NULL</column>
            <column name="bankmoskvy">NULL</column>
            <column name="raiffeisen">NULL</column>
            <column name="uralsib">NULL</column>
            <column name="rshb">NULL</column>
        </table>
        <table name="bank">
            <column name="id">3829</column>
            <column name="twitid">497934191359570000</column>
            <column name="date">1407551737</column>
            <column name="name">stapravda</column>
            <column name="text">Штрих-коды от Сбербанка позволят совершать платежи быстро и без ошибок: Сбербанк совместно с некоммерческим па... http://t.co/cKUhD1V4w3</column>
            <column name="sberbank">1</column>
            <column name="vtb">NULL</column>
            <column name="gazprom">NULL</column>
            <column name="alfabank">NULL</column>
            <column name="bankmoskvy">NULL</column>
            <column name="raiffeisen">NULL</column>
            <column name="uralsib">NULL</column>
            <column name="rshb">NULL</column>
        </table>
        <table name="bank">
            <column name="id">3830</column>
            <column name="twitid">497934849240760000</column>
            <column name="date">1407551893</column>
            <column name="name">atdeee5vsf</column>
            <column name="text">кредит втб 24 в г омске http://t.co/rkQzs9ZUkW</column>
            <column name="sberbank">NULL</column>
            <column name="vtb">0</column>
            <column name="gazprom">NULL</column>
            <column name="alfabank">NULL</column>
            <column name="bankmoskvy">NULL</column>
            <column name="raiffeisen">NULL</column>
            <column name="uralsib">NULL</column>
            <column name="rshb">NULL</column>
        </table>
        <table name="bank">
            <column name="id">3831</column>
            <column name="twitid">497934894333710000</column>
            <column name="date">1407551904</column>
            <column name="name">lenavolmui</column>
            <column name="text">вклады и кредиты альфа банк http://t.co/jDqQ3d4BuE</column>
            <column name="sberbank">NULL</column>
            <column name="vtb">NULL</column>
            <column name="gazprom">NULL</column>
            <column name="alfabank">0</column>
            <column name="bankmoskvy">NULL</column>
            <column name="raiffeisen">NULL</column>
            <column name="uralsib">NULL</column>
            <column name="rshb">NULL</column>
        </table>
        <table name="bank">
            <column name="id">3832</column>
            <column name="twitid">497934941649670000</column>
            <column name="date">1407551915</column>
            <column name="name">xoctocysty</column>
            <column name="text">за невыплату кредита банк втб http://t.co/ynWrCBtR4F</column>
            <column name="sberbank">NULL</column>
            <column name="vtb">0</column>
            <column name="gazprom">NULL</column>
            <column name="alfabank">NULL</column>
            <column name="bankmoskvy">NULL</column>
            <column name="raiffeisen">NULL</column>
            <column name="uralsib">NULL</column>
            <column name="rshb">NULL</column>
        </table>
        <table name="bank">
            <column name="id">3833</column>
            <column name="twitid">497934942593370000</column>
            <column name="date">1407551916</column>
            <column name="name">aguedatvudahl</column>
            <column name="text">автомобиль в кредит в уралсиб банк http://t.co/UPf6dVhjF7</column>
            <column name="sberbank">NULL</column>
            <column name="vtb">NULL</column>
            <column name="gazprom">NULL</column>
            <column name="alfabank">NULL</column>
            <column name="bankmoskvy">NULL</column>
            <column name="raiffeisen">NULL</column>
            <column name="uralsib">0</column>
            <column name="rshb">NULL</column>
        </table>
        <table name="bank">
            <column name="id">3834</column>
            <column name="twitid">497935023249830000</column>
            <column name="date">1407551935</column>
            <column name="name">ormilale</column>
            <column name="text">банк втб 24 кредит коммерсант http://t.co/3AE2Bo11w7</column>
            <column name="sberbank">NULL</column>
            <column name="vtb">0</column>
            <column name="gazprom">NULL</column>
            <column name="alfabank">NULL</column>
            <column name="bankmoskvy">NULL</column>
            <column name="raiffeisen">NULL</column>
            <column name="uralsib">NULL</column>
            <column name="rshb">NULL</column>
        </table>
        <table name="bank">
            <column name="id">3835</column>
            <column name="twitid">497935384685210000</column>
            <column name="date">1407552021</column>
            <column name="name">licyvotenoje</column>
            <column name="text">дает сбербанк кредит пенсионерам процентная ставка http://t.co/Dc3vnt43KS</column>
            <column name="sberbank">0</column>
            <column name="vtb">NULL</column>
            <column name="gazprom">NULL</column>
            <column name="alfabank">NULL</column>
            <column name="bankmoskvy">NULL</column>
            <column name="raiffeisen">NULL</column>
            <column name="uralsib">NULL</column>
            <column name="rshb">NULL</column>
        </table>
        <table name="bank">
            <column name="id">3836</column>
            <column name="twitid">497935429979890000</column>
            <column name="date">1407552032</column>
            <column name="name">kaxicozobol</column>
            <column name="text">взять кредит в банке сбербанк ярославль http://t.co/nNUFLzMrrV</column>
            <column name="sberbank">0</column>
            <column name="vtb">NULL</column>
            <column name="gazprom">NULL</column>
            <column name="alfabank">NULL</column>
            <column name="bankmoskvy">NULL</column>
            <column name="raiffeisen">NULL</column>
            <column name="uralsib">NULL</column>
            <column name="rshb">NULL</column>
        </table>
        <table name="bank">
            <column name="id">3837</column>
            <column name="twitid">497936429478330000</column>
            <column name="date">1407552270</column>
            <column name="name">vyjfucinsk</column>
            <column name="text">ипотечный калькулятор сбербанк уфа http://t.co/fll88bQFRC</column>
            <column name="sberbank">0</column>
            <column name="vtb">NULL</column>
            <column name="gazprom">NULL</column>
            <column name="alfabank">NULL</column>
            <column name="bankmoskvy">NULL</column>
            <column name="raiffeisen">NULL</column>
            <column name="uralsib">NULL</column>
            <column name="rshb">NULL</column>
        </table>
        <table name="bank">
            <column name="id">3838</column>
            <column name="twitid">497936430094900000</column>
            <column name="date">1407552270</column>
            <column name="name">mewymikukupo</column>
            <column name="text">банк москвы рассчитать кредит онлайн http://t.co/cz0yVeSIXx</column>
            <column name="sberbank">NULL</column>
            <column name="vtb">NULL</column>
            <column name="gazprom">NULL</column>
            <column name="alfabank">NULL</column>
            <column name="bankmoskvy">0</column>
            <column name="raiffeisen">NULL</column>
            <column name="uralsib">NULL</column>
            <column name="rshb">NULL</column>
        </table>
        <table name="bank">
            <column name="id">3839</column>
            <column name="twitid">497936472570610000</column>
            <column name="date">1407552280</column>
            <column name="name">tfpoidower</column>
            <column name="text">Кредитная карта сбербанк респект http://t.co/5Nk4PFTLHE</column>
            <column name="sberbank">0</column>
            <column name="vtb">NULL</column>
            <column name="gazprom">NULL</column>
            <column name="alfabank">NULL</column>
            <column name="bankmoskvy">NULL</column>
            <column name="raiffeisen">NULL</column>
            <column name="uralsib">NULL</column>
            <column name="rshb">NULL</column>
        </table>
        <table name="bank">
            <column name="id">3840</column>
            <column name="twitid">497936515369280000</column>
            <column name="date">1407552291</column>
            <column name="name">laxorynaqeb</column>
            <column name="text">Банк москвы кредитная карта по почте http://t.co/YIVAPAQcrn</column>
            <column name="sberbank">NULL</column>
            <column name="vtb">NULL</column>
            <column name="gazprom">NULL</column>
            <column name="alfabank">NULL</column>
            <column name="bankmoskvy">0</column>
            <column name="raiffeisen">NULL</column>
            <column name="uralsib">NULL</column>
            <column name="rshb">NULL</column>
        </table>
        <table name="bank">
            <column name="id">3841</column>
            <column name="twitid">497936651994540000</column>
            <column name="date">1407552323</column>
            <column name="name">buwyrorajuba</column>
            <column name="text">ипотечный калькулятор в россельхозбанке http://t.co/f6bXxNVepG</column>
            <column name="sberbank">NULL</column>
            <column name="vtb">NULL</column>
            <column name="gazprom">NULL</column>
            <column name="alfabank">NULL</column>
            <column name="bankmoskvy">NULL</column>
            <column name="raiffeisen">NULL</column>
            <column name="uralsib">NULL</column>
            <column name="rshb">0</column>
        </table>
        <table name="bank">
            <column name="id">3842</column>
            <column name="twitid">497937389470620000</column>
            <column name="date">1407552499</column>
            <column name="name">tailor_howis</column>
            <column name="text">автокредит втб 24 проценты http://t.co/kLdtMtXKxn</column>
            <column name="sberbank">NULL</column>
            <column name="vtb">0</column>
            <column name="gazprom">NULL</column>
            <column name="alfabank">NULL</column>
            <column name="bankmoskvy">NULL</column>
            <column name="raiffeisen">NULL</column>
            <column name="uralsib">NULL</column>
            <column name="rshb">NULL</column>
        </table>
        <table name="bank">
            <column name="id">3843</column>
            <column name="twitid">497938548256150000</column>
            <column name="date">1407552775</column>
            <column name="name">rrunchymer</column>
            <column name="text">ростове на дону втб 24 потребительский кредит http://t.co/9lzd1mt7fB</column>
            <column name="sberbank">NULL</column>
            <column name="vtb">0</column>
            <column name="gazprom">NULL</column>
            <column name="alfabank">NULL</column>
            <column name="bankmoskvy">NULL</column>
            <column name="raiffeisen">NULL</column>
            <column name="uralsib">NULL</column>
            <column name="rshb">NULL</column>
        </table>
        <table name="bank">
            <column name="id">3844</column>
            <column name="twitid">497939861492760000</column>
            <column name="date">1407553088</column>
            <column name="name">erdreStor</column>
            <column name="text">http://t.co/PAoyiCjvCd Как получить кредит втб 24 банке</column>
            <column name="sberbank">NULL</column>
            <column name="vtb">0</column>
            <column name="gazprom">NULL</column>
            <column name="alfabank">NULL</column>
            <column name="bankmoskvy">NULL</column>
            <column name="raiffeisen">NULL</column>
            <column name="uralsib">NULL</column>
            <column name="rshb">NULL</column>
        </table>
        <table name="bank">
            <column name="id">3845</column>
            <column name="twitid">497940437123210000</column>
            <column name="date">1407553226</column>
            <column name="name">esortynban</column>
            <column name="text">Банк москвы возможнось получения кредита http://t.co/Bo8T1WbaVG</column>
            <column name="sberbank">NULL</column>
            <column name="vtb">NULL</column>
            <column name="gazprom">NULL</column>
            <column name="alfabank">NULL</column>
            <column name="bankmoskvy">0</column>
            <column name="raiffeisen">NULL</column>
            <column name="uralsib">NULL</column>
            <column name="rshb">NULL</column>
        </table>
        <table name="bank">
            <column name="id">3846</column>
            <column name="twitid">497940482354600000</column>
            <column name="date">1407553236</column>
            <column name="name">mycivodiwyh</column>
            <column name="text">Оао альфа банк справка для получения кредита http://t.co/G2sSyQdEB3</column>
            <column name="sberbank">NULL</column>
            <column name="vtb">NULL</column>
            <column name="gazprom">NULL</column>
            <column name="alfabank">0</column>
            <column name="bankmoskvy">NULL</column>
            <column name="raiffeisen">NULL</column>
            <column name="uralsib">NULL</column>
            <column name="rshb">NULL</column>
        </table>
        <table name="bank">
            <column name="id">3847</column>
            <column name="twitid">497940565611520000</column>
            <column name="date">1407553256</column>
            <column name="name">soqucyfanun</column>
            <column name="text">Кредитные карты втб 24 в казани http://t.co/DeKod5674J</column>
            <column name="sberbank">NULL</column>
            <column name="vtb">0</column>
            <column name="gazprom">NULL</column>
            <column name="alfabank">NULL</column>
            <column name="bankmoskvy">NULL</column>
            <column name="raiffeisen">NULL</column>
            <column name="uralsib">NULL</column>
            <column name="rshb">NULL</column>
        </table>
        <table name="bank">
            <column name="id">3848</column>
            <column name="twitid">497940566890780000</column>
            <column name="date">1407553257</column>
            <column name="name">kyhafoti</column>
            <column name="text">Срочный кредит банк москвы http://t.co/lJFnKl38Kw</column>
            <column name="sberbank">NULL</column>
            <column name="vtb">NULL</column>
            <column name="gazprom">NULL</column>
            <column name="alfabank">NULL</column>
            <column name="bankmoskvy">0</column>
            <column name="raiffeisen">NULL</column>
            <column name="uralsib">NULL</column>
            <column name="rshb">NULL</column>
        </table>
        <table name="bank">
            <column name="id">3849</column>
            <column name="twitid">497940571559040000</column>
            <column name="date">1407553258</column>
            <column name="name">qyguqugadok</column>
            <column name="text">Сайт сбербанк кредит на недвижимость http://t.co/3nioxZXyTS</column>
            <column name="sberbank">0</column>
            <column name="vtb">NULL</column>
            <column name="gazprom">NULL</column>
            <column name="alfabank">NULL</column>
            <column name="bankmoskvy">NULL</column>
            <column name="raiffeisen">NULL</column>
            <column name="uralsib">NULL</column>
            <column name="rshb">NULL</column>
        </table>
        <table name="bank">
            <column name="id">3850</column>
            <column name="twitid">497940606787030000</column>
            <column name="date">1407553266</column>
            <column name="name">qeduwovoraj</column>
            <column name="text">Райффайзен банк автокредиты в санкт петербурге http://t.co/vLE5Q20quf</column>
            <column name="sberbank">NULL</column>
            <column name="vtb">NULL</column>
            <column name="gazprom">NULL</column>
            <column name="alfabank">NULL</column>
            <column name="bankmoskvy">NULL</column>
            <column name="raiffeisen">0</column>
            <column name="uralsib">NULL</column>
            <column name="rshb">NULL</column>
        </table>
        <table name="bank">
            <column name="id">3851</column>
            <column name="twitid">497942202216360000</column>
            <column name="date">1407553646</column>
            <column name="name">ralunurufyzuh</column>
            <column name="text">заполнить заявку на кредит в альфа банке рассчитать http://t.co/qEZEnvQlOX</column>
            <column name="sberbank">NULL</column>
            <column name="vtb">NULL</column>
            <column name="gazprom">NULL</column>
            <column name="alfabank">0</column>
            <column name="bankmoskvy">NULL</column>
            <column name="raiffeisen">NULL</column>
            <column name="uralsib">NULL</column>
            <column name="rshb">NULL</column>
        </table>
        <table name="bank">
            <column name="id">3852</column>
            <column name="twitid">497942432231990000</column>
            <column name="date">1407553701</column>
            <column name="name">voputuryfem</column>
            <column name="text">Формула пересчёта процентов по кредиту сбербанк http://t.co/WeuZfrfhL8</column>
            <column name="sberbank">0</column>
            <column name="vtb">NULL</column>
            <column name="gazprom">NULL</column>
            <column name="alfabank">NULL</column>
            <column name="bankmoskvy">NULL</column>
            <column name="raiffeisen">NULL</column>
            <column name="uralsib">NULL</column>
            <column name="rshb">NULL</column>
        </table>
        <table name="bank">
            <column name="id">3853</column>
            <column name="twitid">497942563496950000</column>
            <column name="date">1407553733</column>
            <column name="name">ottnyropar</column>
            <column name="text">заморозили кредит сбербанк россий http://t.co/PitVGgdJcV</column>
            <column name="sberbank">1</column>
            <column name="vtb">NULL</column>
            <column name="gazprom">NULL</column>
            <column name="alfabank">NULL</column>
            <column name="bankmoskvy">NULL</column>
            <column name="raiffeisen">NULL</column>
            <column name="uralsib">NULL</column>
            <column name="rshb">NULL</column>
        </table>
        <table name="bank">
            <column name="id">3854</column>
            <column name="twitid">497942645332000000</column>
            <column name="date">1407553752</column>
            <column name="name">fenSwanne</column>
            <column name="text">как в сбербанк бизнес онлайн распечатать выписку http://t.co/kkPRjgJR8V</column>
            <column name="sberbank">0</column>
            <column name="vtb">NULL</column>
            <column name="gazprom">NULL</column>
            <column name="alfabank">NULL</column>
            <column name="bankmoskvy">NULL</column>
            <column name="raiffeisen">NULL</column>
            <column name="uralsib">NULL</column>
            <column name="rshb">NULL</column>
        </table>
        <table name="bank">
            <column name="id">3855</column>
            <column name="twitid">497942646749690000</column>
            <column name="date">1407553752</column>
            <column name="name">ypuplopu</column>
            <column name="text">банки тюмени сбербанк http://t.co/t5OXtLb969</column>
            <column name="sberbank">0</column>
            <column name="vtb">NULL</column>
            <column name="gazprom">NULL</column>
            <column name="alfabank">NULL</column>
            <column name="bankmoskvy">NULL</column>
            <column name="raiffeisen">NULL</column>
            <column name="uralsib">NULL</column>
            <column name="rshb">NULL</column>
        </table>
        <table name="bank">
            <column name="id">3856</column>
            <column name="twitid">497943170039440000</column>
            <column name="date">1407553877</column>
            <column name="name">myqycidyjem</column>
            <column name="text">банк москвы кредиты малому бизнесу хабаровск http://t.co/SPPu3QkquF</column>
            <column name="sberbank">NULL</column>
            <column name="vtb">NULL</column>
            <column name="gazprom">NULL</column>
            <column name="alfabank">NULL</column>
            <column name="bankmoskvy">0</column>
            <column name="raiffeisen">NULL</column>
            <column name="uralsib">NULL</column>
            <column name="rshb">NULL</column>
        </table>
        <table name="bank">
            <column name="id">3857</column>
            <column name="twitid">497944006186530000</column>
            <column name="date">1407554077</column>
            <column name="name">bunaa3</column>
            <column name="text">проценты потребительский кредит сбербанк http://t.co/PgahkhMDTZ</column>
            <column name="sberbank">0</column>
            <column name="vtb">NULL</column>
            <column name="gazprom">NULL</column>
            <column name="alfabank">NULL</column>
            <column name="bankmoskvy">NULL</column>
            <column name="raiffeisen">NULL</column>
            <column name="uralsib">NULL</column>
            <column name="rshb">NULL</column>
        </table>
        <table name="bank">
            <column name="id">3858</column>
            <column name="twitid">497944409456250000</column>
            <column name="date">1407554173</column>
            <column name="name">kofysegopemi</column>
            <column name="text">банк сбербанк зеленоград http://t.co/8LF99kqKhr</column>
            <column name="sberbank">0</column>
            <column name="vtb">NULL</column>
            <column name="gazprom">NULL</column>
            <column name="alfabank">NULL</column>
            <column name="bankmoskvy">NULL</column>
            <column name="raiffeisen">NULL</column>
            <column name="uralsib">NULL</column>
            <column name="rshb">NULL</column>
        </table>
        <table name="bank">
            <column name="id">3859</column>
            <column name="twitid">497944454540850000</column>
            <column name="date">1407554183</column>
            <column name="name">gededyzasok</column>
            <column name="text">автокредит хоум кредит онлайн сбербанк http://t.co/NRKPsVvOGB</column>
            <column name="sberbank">0</column>
            <column name="vtb">NULL</column>
            <column name="gazprom">NULL</column>
            <column name="alfabank">NULL</column>
            <column name="bankmoskvy">NULL</column>
            <column name="raiffeisen">NULL</column>
            <column name="uralsib">NULL</column>
            <column name="rshb">NULL</column>
        </table>
        <table name="bank">
            <column name="id">3860</column>
            <column name="twitid">497944971350380000</column>
            <column name="date">1407554307</column>
            <column name="name">pesonuwigeb</column>
            <column name="text">анкета на кредит в сбербанк ярославль http://t.co/8NPEFnzu48</column>
            <column name="sberbank">0</column>
            <column name="vtb">NULL</column>
            <column name="gazprom">NULL</column>
            <column name="alfabank">NULL</column>
            <column name="bankmoskvy">NULL</column>
            <column name="raiffeisen">NULL</column>
            <column name="uralsib">NULL</column>
            <column name="rshb">NULL</column>
        </table>
        <table name="bank">
            <column name="id">3861</column>
            <column name="twitid">497945628992100000</column>
            <column name="date">1407554463</column>
            <column name="name">sisapebyfaz</column>
            <column name="text">как взять кредит в альфа банке http://t.co/VyoKSyUgie</column>
            <column name="sberbank">NULL</column>
            <column name="vtb">NULL</column>
            <column name="gazprom">NULL</column>
            <column name="alfabank">0</column>
            <column name="bankmoskvy">NULL</column>
            <column name="raiffeisen">NULL</column>
            <column name="uralsib">NULL</column>
            <column name="rshb">NULL</column>
        </table>
        <table name="bank">
            <column name="id">3862</column>
            <column name="twitid">497945986732660000</column>
            <column name="date">1407554549</column>
            <column name="name">fmartinin</column>
            <column name="text">Изменение ставок по кредитам сбербанк http://t.co/QAVk9ulBEs</column>
            <column name="sberbank">0</column>
            <column name="vtb">NULL</column>
            <column name="gazprom">NULL</column>
            <column name="alfabank">NULL</column>
            <column name="bankmoskvy">NULL</column>
            <column name="raiffeisen">NULL</column>
            <column name="uralsib">NULL</column>
            <column name="rshb">NULL</column>
        </table>
        <table name="bank">
            <column name="id">3863</column>
            <column name="twitid">497946083428160000</column>
            <column name="date">1407554572</column>
            <column name="name">bolehody</column>
            <column name="text">Как взять кредит сбербанк http://t.co/qd8OvFcpnX</column>
            <column name="sberbank">0</column>
            <column name="vtb">NULL</column>
            <column name="gazprom">NULL</column>
            <column name="alfabank">NULL</column>
            <column name="bankmoskvy">NULL</column>
            <column name="raiffeisen">NULL</column>
            <column name="uralsib">NULL</column>
            <column name="rshb">NULL</column>
        </table>
        <table name="bank">
            <column name="id">3864</column>
            <column name="twitid">497946399204320000</column>
            <column name="date">1407554647</column>
            <column name="name">newsbild_ru</column>
            <column name="text">Банк Москвы выпустил для банков-партнеров миллион платежных карт http://t.co/h09NAnzgBG</column>
            <column name="sberbank">NULL</column>
            <column name="vtb">NULL</column>
            <column name="gazprom">NULL</column>
            <column name="alfabank">NULL</column>
            <column name="bankmoskvy">1</column>
            <column name="raiffeisen">NULL</column>
            <column name="uralsib">NULL</column>
            <column name="rshb">NULL</column>
        </table>
        <table name="bank">
            <column name="id">3865</column>
            <column name="twitid">497946438882840000</column>
            <column name="date">1407554657</column>
            <column name="name">dubemilatadym</column>
            <column name="text">ипотечный кредит от втб 24 http://t.co/D1IkjlwRQB</column>
            <column name="sberbank">NULL</column>
            <column name="vtb">0</column>
            <column name="gazprom">NULL</column>
            <column name="alfabank">NULL</column>
            <column name="bankmoskvy">NULL</column>
            <column name="raiffeisen">NULL</column>
            <column name="uralsib">NULL</column>
            <column name="rshb">NULL</column>
        </table>
        <table name="bank">
            <column name="id">3866</column>
            <column name="twitid">497946484495900000</column>
            <column name="date">1407554667</column>
            <column name="name">cojemowizeg</column>
            <column name="text">ипотека под материнский капитал в втб 24 http://t.co/Bm46IbV7Re</column>
            <column name="sberbank">NULL</column>
            <column name="vtb">0</column>
            <column name="gazprom">NULL</column>
            <column name="alfabank">NULL</column>
            <column name="bankmoskvy">NULL</column>
            <column name="raiffeisen">NULL</column>
            <column name="uralsib">NULL</column>
            <column name="rshb">NULL</column>
        </table>
        <table name="bank">
            <column name="id">3867</column>
            <column name="twitid">497947077578880000</column>
            <column name="date">1407554809</column>
            <column name="name">PPDDoS</column>
            <column name="text">@alfa_bank НУБЫ,ВАШЕ БУДУЩЕЕ http://t.co/9cahPwC2Vy</column>
            <column name="sberbank">NULL</column>
            <column name="vtb">NULL</column>
            <column name="gazprom">NULL</column>
            <column name="alfabank">--</column>
            <column name="bankmoskvy">NULL</column>
            <column name="raiffeisen">NULL</column>
            <column name="uralsib">NULL</column>
            <column name="rshb">NULL</column>
        </table>
        <table name="bank">
            <column name="id">3868</column>
            <column name="twitid">497948031090970000</column>
            <column name="date">1407555036</column>
            <column name="name">bigiceruqyj</column>
            <column name="text">Кредитный отдел сбербанк ленина 70 кемерово http://t.co/P0wtqWrigy</column>
            <column name="sberbank">0</column>
            <column name="vtb">NULL</column>
            <column name="gazprom">NULL</column>
            <column name="alfabank">NULL</column>
            <column name="bankmoskvy">NULL</column>
            <column name="raiffeisen">NULL</column>
            <column name="uralsib">NULL</column>
            <column name="rshb">NULL</column>
        </table>
        <table name="bank">
            <column name="id">3869</column>
            <column name="twitid">497948074220990000</column>
            <column name="date">1407555046</column>
            <column name="name">sharilynahitaka</column>
            <column name="text">кредитная ставка банк уралсиб http://t.co/HowSFJsCsW</column>
            <column name="sberbank">NULL</column>
            <column name="vtb">NULL</column>
            <column name="gazprom">NULL</column>
            <column name="alfabank">NULL</column>
            <column name="bankmoskvy">NULL</column>
            <column name="raiffeisen">NULL</column>
            <column name="uralsib">0</column>
            <column name="rshb">NULL</column>
        </table>
        <table name="bank">
            <column name="id">3870</column>
            <column name="twitid">497948155770830000</column>
            <column name="date">1407555066</column>
            <column name="name">anayarvonnie</column>
            <column name="text">банк москвы автокредит в красноярске http://t.co/UCT37BsKYv</column>
            <column name="sberbank">NULL</column>
            <column name="vtb">NULL</column>
            <column name="gazprom">NULL</column>
            <column name="alfabank">NULL</column>
            <column name="bankmoskvy">0</column>
            <column name="raiffeisen">NULL</column>
            <column name="uralsib">NULL</column>
            <column name="rshb">NULL</column>
        </table>
        <table name="bank">
            <column name="id">3871</column>
            <column name="twitid">497948397765410000</column>
            <column name="date">1407555124</column>
            <column name="name">digyrovodaja</column>
            <column name="text">ипотека в банке райффайзен http://t.co/0J5QvltmJB</column>
            <column name="sberbank">NULL</column>
            <column name="vtb">NULL</column>
            <column name="gazprom">NULL</column>
            <column name="alfabank">NULL</column>
            <column name="bankmoskvy">NULL</column>
            <column name="raiffeisen">0</column>
            <column name="uralsib">NULL</column>
            <column name="rshb">NULL</column>
        </table>
        <table name="bank">
            <column name="id">3872</column>
            <column name="twitid">497948665391370000</column>
            <column name="date">1407555187</column>
            <column name="name">ismanBarcl</column>
            <column name="text">автокредит в новосибирске сбербанк ярославль http://t.co/bEkVO9qWAc</column>
            <column name="sberbank">0</column>
            <column name="vtb">NULL</column>
            <column name="gazprom">NULL</column>
            <column name="alfabank">NULL</column>
            <column name="bankmoskvy">NULL</column>
            <column name="raiffeisen">NULL</column>
            <column name="uralsib">NULL</column>
            <column name="rshb">NULL</column>
        </table>
        <table name="bank">
            <column name="id">3873</column>
            <column name="twitid">497949429903930000</column>
            <column name="date">1407555370</column>
            <column name="name">byqacarazin</column>
            <column name="text">автокредит газпромбанк тюмень http://t.co/WlHXdrVXZs</column>
            <column name="sberbank">NULL</column>
            <column name="vtb">NULL</column>
            <column name="gazprom">0</column>
            <column name="alfabank">NULL</column>
            <column name="bankmoskvy">NULL</column>
            <column name="raiffeisen">NULL</column>
            <column name="uralsib">NULL</column>
            <column name="rshb">NULL</column>
        </table>
        <table name="bank">
            <column name="id">3874</column>
            <column name="twitid">497949603145470000</column>
            <column name="date">1407555411</column>
            <column name="name">zizuduxeqo</column>
            <column name="text">Кредит за 1 день сбербанк http://t.co/OJ3RYLlj5v</column>
            <column name="sberbank">0</column>
            <column name="vtb">NULL</column>
            <column name="gazprom">NULL</column>
            <column name="alfabank">NULL</column>
            <column name="bankmoskvy">NULL</column>
            <column name="raiffeisen">NULL</column>
            <column name="uralsib">NULL</column>
            <column name="rshb">NULL</column>
        </table>
        <table name="bank">
            <column name="id">3875</column>
            <column name="twitid">497949604873530000</column>
            <column name="date">1407555411</column>
            <column name="name">neldalyread</column>
            <column name="text">Потребительский кредит сбербанк россии тюмень http://t.co/etuOXswZVu</column>
            <column name="sberbank">0</column>
            <column name="vtb">NULL</column>
            <column name="gazprom">NULL</column>
            <column name="alfabank">NULL</column>
            <column name="bankmoskvy">NULL</column>
            <column name="raiffeisen">NULL</column>
            <column name="uralsib">NULL</column>
            <column name="rshb">NULL</column>
        </table>
        <table name="bank">
            <column name="id">3876</column>
            <column name="twitid">497949605397820000</column>
            <column name="date">1407555412</column>
            <column name="name">doreathaxofitch</column>
            <column name="text">не платить кредит в альфабанке http://t.co/h58QmyeTUT</column>
            <column name="sberbank">NULL</column>
            <column name="vtb">NULL</column>
            <column name="gazprom">NULL</column>
            <column name="alfabank">0</column>
            <column name="bankmoskvy">NULL</column>
            <column name="raiffeisen">NULL</column>
            <column name="uralsib">NULL</column>
            <column name="rshb">NULL</column>
        </table>
        <table name="bank">
            <column name="id">3877</column>
            <column name="twitid">497950485698350000</column>
            <column name="date">1407555621</column>
            <column name="name">kymuvadujeco</column>
            <column name="text">автомобильный кредит втб 24 http://t.co/prXfMSXzcG</column>
            <column name="sberbank">NULL</column>
            <column name="vtb">0</column>
            <column name="gazprom">NULL</column>
            <column name="alfabank">NULL</column>
            <column name="bankmoskvy">NULL</column>
            <column name="raiffeisen">NULL</column>
            <column name="uralsib">NULL</column>
            <column name="rshb">NULL</column>
        </table>
        <table name="bank">
            <column name="id">3878</column>
            <column name="twitid">497950841635340000</column>
            <column name="date">1407555706</column>
            <column name="name">L_Shadrina50</column>
            <column name="text">В число компаний, против которых Евросоюз договорился ввести санкции из-за ситуации на Украине, попали Сбербанк и ВТБ. Об этом пишет в поне</column>
            <column name="sberbank">-1</column>
            <column name="vtb">-1</column>
            <column name="gazprom">NULL</column>
            <column name="alfabank">NULL</column>
            <column name="bankmoskvy">NULL</column>
            <column name="raiffeisen">NULL</column>
            <column name="uralsib">NULL</column>
            <column name="rshb">NULL</column>
        </table>
        <table name="bank">
            <column name="id">3879</column>
            <column name="twitid">497950987592930000</column>
            <column name="date">1407555741</column>
            <column name="name">kywonunakuh</column>
            <column name="text">Досрочное погашение кредита в россельхозбанке http://t.co/uBYYHBnQ66</column>
            <column name="sberbank">NULL</column>
            <column name="vtb">NULL</column>
            <column name="gazprom">NULL</column>
            <column name="alfabank">NULL</column>
            <column name="bankmoskvy">NULL</column>
            <column name="raiffeisen">NULL</column>
            <column name="uralsib">NULL</column>
            <column name="rshb">0</column>
        </table>
        <table name="bank">
            <column name="id">3880</column>
            <column name="twitid">497951032576850000</column>
            <column name="date">1407555752</column>
            <column name="name">rykuhotiz</column>
            <column name="text">банк втб 24 санкт петербург автокредит http://t.co/AvyhD17UnE</column>
            <column name="sberbank">NULL</column>
            <column name="vtb">0</column>
            <column name="gazprom">NULL</column>
            <column name="alfabank">NULL</column>
            <column name="bankmoskvy">NULL</column>
            <column name="raiffeisen">NULL</column>
            <column name="uralsib">NULL</column>
            <column name="rshb">NULL</column>
        </table>
        <table name="bank">
            <column name="id">3881</column>
            <column name="twitid">497951075425850000</column>
            <column name="date">1407555762</column>
            <column name="name">terpnora</column>
            <column name="text">Ипотечный кредит великий новгород сбербанк http://t.co/PhHRgeOSOx</column>
            <column name="sberbank">0</column>
            <column name="vtb">NULL</column>
            <column name="gazprom">NULL</column>
            <column name="alfabank">NULL</column>
            <column name="bankmoskvy">NULL</column>
            <column name="raiffeisen">NULL</column>
            <column name="uralsib">NULL</column>
            <column name="rshb">NULL</column>
        </table>
        <table name="bank">
            <column name="id">3882</column>
            <column name="twitid">497952488159740000</column>
            <column name="date">1407556099</column>
            <column name="name">godonify</column>
            <column name="text">какие проценты по кредиту уралсиб банк http://t.co/s58xRJitaJ</column>
            <column name="sberbank">NULL</column>
            <column name="vtb">NULL</column>
            <column name="gazprom">NULL</column>
            <column name="alfabank">NULL</column>
            <column name="bankmoskvy">NULL</column>
            <column name="raiffeisen">NULL</column>
            <column name="uralsib">0</column>
            <column name="rshb">NULL</column>
        </table>
        <table name="bank">
            <column name="id">3883</column>
            <column name="twitid">497953987677930000</column>
            <column name="date">1407556456</column>
            <column name="name">foxucukywoqy</column>
            <column name="text">взять кредит в воронеже сбербанк онлайн http://t.co/56sIMzwy7M</column>
            <column name="sberbank">0</column>
            <column name="vtb">NULL</column>
            <column name="gazprom">NULL</column>
            <column name="alfabank">NULL</column>
            <column name="bankmoskvy">NULL</column>
            <column name="raiffeisen">NULL</column>
            <column name="uralsib">NULL</column>
            <column name="rshb">NULL</column>
        </table>
        <table name="bank">
            <column name="id">3884</column>
            <column name="twitid">497954263872860000</column>
            <column name="date">1407556522</column>
            <column name="name">jubekibotet</column>
            <column name="text">взять кредит в втб 24 для юридических лиц москва http://t.co/dPtC7Ps5Ox</column>
            <column name="sberbank">NULL</column>
            <column name="vtb">0</column>
            <column name="gazprom">NULL</column>
            <column name="alfabank">NULL</column>
            <column name="bankmoskvy">NULL</column>
            <column name="raiffeisen">NULL</column>
            <column name="uralsib">NULL</column>
            <column name="rshb">NULL</column>
        </table>
        <table name="bank">
            <column name="id">3885</column>
            <column name="twitid">497954268662740000</column>
            <column name="date">1407556523</column>
            <column name="name">jyzyzidojib</column>
            <column name="text">банк россельхозбанк кредит наличными http://t.co/GHjh43CtwT</column>
            <column name="sberbank">NULL</column>
            <column name="vtb">NULL</column>
            <column name="gazprom">NULL</column>
            <column name="alfabank">NULL</column>
            <column name="bankmoskvy">NULL</column>
            <column name="raiffeisen">NULL</column>
            <column name="uralsib">NULL</column>
            <column name="rshb">0</column>
        </table>
        <table name="bank">
            <column name="id">3886</column>
            <column name="twitid">497954497927610000</column>
            <column name="date">1407556578</column>
            <column name="name">punatywenyf</column>
            <column name="text">Снижение процентных ставок по кредитам сбербанк http://t.co/cNFJZlBaHQ</column>
            <column name="sberbank">1</column>
            <column name="vtb">NULL</column>
            <column name="gazprom">NULL</column>
            <column name="alfabank">NULL</column>
            <column name="bankmoskvy">NULL</column>
            <column name="raiffeisen">NULL</column>
            <column name="uralsib">NULL</column>
            <column name="rshb">NULL</column>
        </table>
        <table name="bank">
            <column name="id">3887</column>
            <column name="twitid">497954589296310000</column>
            <column name="date">1407556600</column>
            <column name="name">jacobsenlanfati</column>
            <column name="text">кредит потребительский сбербанк форум http://t.co/gwMDQkbJQ0</column>
            <column name="sberbank">0</column>
            <column name="vtb">NULL</column>
            <column name="gazprom">NULL</column>
            <column name="alfabank">NULL</column>
            <column name="bankmoskvy">NULL</column>
            <column name="raiffeisen">NULL</column>
            <column name="uralsib">NULL</column>
            <column name="rshb">NULL</column>
        </table>
        <table name="bank">
            <column name="id">3888</column>
            <column name="twitid">497954638172130000</column>
            <column name="date">1407556611</column>
            <column name="name">fanedoqupuzi</column>
            <column name="text">RT @sohidinonesi: Банк Москвы продает белорусскую «дочку»</column>
            <column name="sberbank">NULL</column>
            <column name="vtb">NULL</column>
            <column name="gazprom">NULL</column>
            <column name="alfabank">NULL</column>
            <column name="bankmoskvy">0</column>
            <column name="raiffeisen">NULL</column>
            <column name="uralsib">NULL</column>
            <column name="rshb">NULL</column>
        </table>
        <table name="bank">
            <column name="id">3889</column>
            <column name="twitid">497955050812380000</column>
            <column name="date">1407556710</column>
            <column name="name">mekyvyzu</column>
            <column name="text">уралсиб банк кредит рб http://t.co/01m8F9U5Rt</column>
            <column name="sberbank">NULL</column>
            <column name="vtb">NULL</column>
            <column name="gazprom">NULL</column>
            <column name="alfabank">NULL</column>
            <column name="bankmoskvy">NULL</column>
            <column name="raiffeisen">NULL</column>
            <column name="uralsib">0</column>
            <column name="rshb">NULL</column>
        </table>
        <table name="bank">
            <column name="id">3890</column>
            <column name="twitid">497955557626490000</column>
            <column name="date">1407556831</column>
            <column name="name">VAndryushin25</column>
            <column name="text">В ночь на 11 августа Сбербанк отключит банкоматы, терминалы и остановит работу интернет-банка. Это продлится чуть более 5 часов. Сбербанк п</column>
            <column name="sberbank">-1</column>
            <column name="vtb">NULL</column>
            <column name="gazprom">NULL</column>
            <column name="alfabank">NULL</column>
            <column name="bankmoskvy">NULL</column>
            <column name="raiffeisen">NULL</column>
            <column name="uralsib">NULL</column>
            <column name="rshb">NULL</column>
        </table>
        <table name="bank">
            <column name="id">3891</column>
            <column name="twitid">497956058355470000</column>
            <column name="date">1407556950</column>
            <column name="name">kellyuvbobohn</column>
            <column name="text">ставки кредит сбербанк россии 15 http://t.co/QkQaDq6JcQ</column>
            <column name="sberbank">0</column>
            <column name="vtb">NULL</column>
            <column name="gazprom">NULL</column>
            <column name="alfabank">NULL</column>
            <column name="bankmoskvy">NULL</column>
            <column name="raiffeisen">NULL</column>
            <column name="uralsib">NULL</column>
            <column name="rshb">NULL</column>
        </table>
        <table name="bank">
            <column name="id">3892</column>
            <column name="twitid">497956142463860000</column>
            <column name="date">1407556970</column>
            <column name="name">vyjypised</column>
            <column name="text">Банк москвы улучшил условия кредитования http://t.co/O5FIhX5N3J</column>
            <column name="sberbank">NULL</column>
            <column name="vtb">NULL</column>
            <column name="gazprom">NULL</column>
            <column name="alfabank">NULL</column>
            <column name="bankmoskvy">1</column>
            <column name="raiffeisen">NULL</column>
            <column name="uralsib">NULL</column>
            <column name="rshb">NULL</column>
        </table>
        <table name="bank">
            <column name="id">3893</column>
            <column name="twitid">497956186726340000</column>
            <column name="date">1407556981</column>
            <column name="name">boqizedag</column>
            <column name="text">Кредитные операции коммерческого банка втб 24 http://t.co/DrGgLtBkph</column>
            <column name="sberbank">NULL</column>
            <column name="vtb">0</column>
            <column name="gazprom">NULL</column>
            <column name="alfabank">NULL</column>
            <column name="bankmoskvy">NULL</column>
            <column name="raiffeisen">NULL</column>
            <column name="uralsib">NULL</column>
            <column name="rshb">NULL</column>
        </table>
        <table name="bank">
            <column name="id">3894</column>
            <column name="twitid">497957732952320000</column>
            <column name="date">1407557349</column>
            <column name="name">topogijanyji</column>
            <column name="text">как подать заявку на кредит в втб 24 ярославль http://t.co/Hiq2O6m6sW</column>
            <column name="sberbank">NULL</column>
            <column name="vtb">0</column>
            <column name="gazprom">NULL</column>
            <column name="alfabank">NULL</column>
            <column name="bankmoskvy">NULL</column>
            <column name="raiffeisen">NULL</column>
            <column name="uralsib">NULL</column>
            <column name="rshb">NULL</column>
        </table>
        <table name="bank">
            <column name="id">3895</column>
            <column name="twitid">497957823859680000</column>
            <column name="date">1407557371</column>
            <column name="name">quxopenagor</column>
            <column name="text">банк москвы в ростове на дону потребительский кредит 14 5 http://t.co/ga3DN8CIqF</column>
            <column name="sberbank">NULL</column>
            <column name="vtb">NULL</column>
            <column name="gazprom">NULL</column>
            <column name="alfabank">NULL</column>
            <column name="bankmoskvy">0</column>
            <column name="raiffeisen">NULL</column>
            <column name="uralsib">NULL</column>
            <column name="rshb">NULL</column>
        </table>
        <table name="bank">
            <column name="id">3896</column>
            <column name="twitid">497958086221760000</column>
            <column name="date">1407557434</column>
            <column name="name">musacegot</column>
            <column name="text">Уменьшение ставок ипотечный кредит сбербанк http://t.co/kyqdYj4a5a</column>
            <column name="sberbank">1</column>
            <column name="vtb">NULL</column>
            <column name="gazprom">NULL</column>
            <column name="alfabank">NULL</column>
            <column name="bankmoskvy">NULL</column>
            <column name="raiffeisen">NULL</column>
            <column name="uralsib">NULL</column>
            <column name="rshb">NULL</column>
        </table>
        <table name="bank">
            <column name="id">3897</column>
            <column name="twitid">497958086758650000</column>
            <column name="date">1407557434</column>
            <column name="name">oritikane</column>
            <column name="text">банк москвы процентная ставка по кредитам http://t.co/2jnYcgU7OY</column>
            <column name="sberbank">NULL</column>
            <column name="vtb">NULL</column>
            <column name="gazprom">NULL</column>
            <column name="alfabank">NULL</column>
            <column name="bankmoskvy">0</column>
            <column name="raiffeisen">NULL</column>
            <column name="uralsib">NULL</column>
            <column name="rshb">NULL</column>
        </table>
        <table name="bank">
            <column name="id">3898</column>
            <column name="twitid">497958256376310000</column>
            <column name="date">1407557474</column>
            <column name="name">vypusefuvus</column>
            <column name="text">быстрый кредит в новосибирске сбербанк http://t.co/zDYUFDHSBM</column>
            <column name="sberbank">1</column>
            <column name="vtb">NULL</column>
            <column name="gazprom">NULL</column>
            <column name="alfabank">NULL</column>
            <column name="bankmoskvy">NULL</column>
            <column name="raiffeisen">NULL</column>
            <column name="uralsib">NULL</column>
            <column name="rshb">NULL</column>
        </table>
        <table name="bank">
            <column name="id">3899</column>
            <column name="twitid">497960052909940000</column>
            <column name="date">1407557902</column>
            <column name="name">dunipewurefo</column>
            <column name="text">бланк справка для оформления кредита сбербанк бланк http://t.co/hMaYoXIKpy</column>
            <column name="sberbank">0</column>
            <column name="vtb">NULL</column>
            <column name="gazprom">NULL</column>
            <column name="alfabank">NULL</column>
            <column name="bankmoskvy">NULL</column>
            <column name="raiffeisen">NULL</column>
            <column name="uralsib">NULL</column>
            <column name="rshb">NULL</column>
        </table>
        <table name="bank">
            <column name="id">3900</column>
            <column name="twitid">497961394273540000</column>
            <column name="date">1407558222</column>
            <column name="name">liaSideris</column>
            <column name="text">http://t.co/wfcJPqjp7X Как оформить кредит в газпромбанке нижний новгород</column>
            <column name="sberbank">NULL</column>
            <column name="vtb">NULL</column>
            <column name="gazprom">0</column>
            <column name="alfabank">NULL</column>
            <column name="bankmoskvy">NULL</column>
            <column name="raiffeisen">NULL</column>
            <column name="uralsib">NULL</column>
            <column name="rshb">NULL</column>
        </table>
    </database>
</pma_xml_export>