<?xml version="1.0" encoding="utf-8"?>
<!--
- phpMyAdmin XML Dump
- version 4.0.4.1
- http://www.phpmyadmin.net
-
- Хост: localhost
- Время создания: Окт 28 2014 г., 09:04
- Версия сервера: 5.6.12
- Версия PHP: 5.5.3
-->

<pma_xml_export version="1.0" xmlns:pma="http://www.phpmyadmin.net/some_doc_url/">
    <!--
    - Structure schemas
    -->
    <pma:structure_schemas>
        <pma:database name="Romip" collation="utf8_general_ci" charset="utf8">
            <pma:table name="bank">
                CREATE TABLE `bank` (
                  `id` int(11) NOT NULL AUTO_INCREMENT,
                  `twitid` bigint(32) NOT NULL DEFAULT '0',
                  `date` varchar(128) DEFAULT NULL,
                  `name` varchar(128) DEFAULT NULL,
                  `text` varchar(256) DEFAULT NULL,
                  `sberbank` int(11) DEFAULT NULL,
                  `vtb` int(11) DEFAULT NULL,
                  `gazprom` int(11) DEFAULT NULL,
                  `alfabank` int(11) DEFAULT NULL,
                  `bankmoskvy` int(11) DEFAULT NULL,
                  `raiffeisen` int(11) DEFAULT NULL,
                  `uralsib` int(11) DEFAULT NULL,
                  `rshb` int(11) DEFAULT NULL,
                  PRIMARY KEY (`id`),
                  UNIQUE KEY `id` (`twitid`)
                ) ENGINE=InnoDB AUTO_INCREMENT=7924 DEFAULT CHARSET=utf8;
            </pma:table>
        </pma:database>
    </pma:structure_schemas>

    <!--
    - База данных: 'Romip'
    -->
    <database name="Romip">
        <!-- Таблица bank -->
        <table name="bank">
            <column name="id">4001</column>
            <column name="twitid">498019965757580000</column>
            <column name="date">1407572187</column>
            <column name="name">hixutotifyh</column>
            <column name="text">RT @OpheliaMccue: автокредит в альфа банке харьков http://t.co/TxnrFEEkDo</column>
            <column name="sberbank">NULL</column>
            <column name="vtb">NULL</column>
            <column name="gazprom">NULL</column>
            <column name="alfabank">0</column>
            <column name="bankmoskvy">NULL</column>
            <column name="raiffeisen">NULL</column>
            <column name="uralsib">NULL</column>
            <column name="rshb">NULL</column>
        </table>
        <table name="bank">
            <column name="id">4002</column>
            <column name="twitid">498020589903540000</column>
            <column name="date">1407572336</column>
            <column name="name">nytidohyzef</column>
            <column name="text">Кредиты для предпринимателей райффайзенбанк http://t.co/8wytYWZ9tq</column>
            <column name="sberbank">NULL</column>
            <column name="vtb">NULL</column>
            <column name="gazprom">NULL</column>
            <column name="alfabank">NULL</column>
            <column name="bankmoskvy">NULL</column>
            <column name="raiffeisen">0</column>
            <column name="uralsib">NULL</column>
            <column name="rshb">NULL</column>
        </table>
        <table name="bank">
            <column name="id">4003</column>
            <column name="twitid">498021993414160000</column>
            <column name="date">1407572670</column>
            <column name="name">jagetaquz</column>
            <column name="text">райффайзенбанк кредиты в екатеринбурге http://t.co/2aeE3fFj55</column>
            <column name="sberbank">NULL</column>
            <column name="vtb">NULL</column>
            <column name="gazprom">NULL</column>
            <column name="alfabank">NULL</column>
            <column name="bankmoskvy">NULL</column>
            <column name="raiffeisen">0</column>
            <column name="uralsib">NULL</column>
            <column name="rshb">NULL</column>
        </table>
        <table name="bank">
            <column name="id">4004</column>
            <column name="twitid">498023080468700000</column>
            <column name="date">1407572929</column>
            <column name="name">TKoroleva18</column>
            <column name="text">Сбербанк выпустил обновленную версию интернет-банка Сбербанк Онлайн с более простым и удобным интерфейсом.</column>
            <column name="sberbank">0</column>
            <column name="vtb">NULL</column>
            <column name="gazprom">NULL</column>
            <column name="alfabank">NULL</column>
            <column name="bankmoskvy">NULL</column>
            <column name="raiffeisen">NULL</column>
            <column name="uralsib">NULL</column>
            <column name="rshb">NULL</column>
        </table>
        <table name="bank">
            <column name="id">4005</column>
            <column name="twitid">498023927751670000</column>
            <column name="date">1407573131</column>
            <column name="name">hejubifynete</column>
            <column name="text">RT @widohimagos: взять кредит 300000 рублей сбербанк http://t.co/YJojJ6CRNu</column>
            <column name="sberbank">0</column>
            <column name="vtb">NULL</column>
            <column name="gazprom">NULL</column>
            <column name="alfabank">NULL</column>
            <column name="bankmoskvy">NULL</column>
            <column name="raiffeisen">NULL</column>
            <column name="uralsib">NULL</column>
            <column name="rshb">NULL</column>
        </table>
        <table name="bank">
            <column name="id">4006</column>
            <column name="twitid">498023928842190000</column>
            <column name="date">1407573132</column>
            <column name="name">colaisTan</column>
            <column name="text">RT @towytoleluh: взять кредит в омске сбербанк http://t.co/Szrmfrhj9b</column>
            <column name="sberbank">0</column>
            <column name="vtb">NULL</column>
            <column name="gazprom">NULL</column>
            <column name="alfabank">NULL</column>
            <column name="bankmoskvy">NULL</column>
            <column name="raiffeisen">NULL</column>
            <column name="uralsib">NULL</column>
            <column name="rshb">NULL</column>
        </table>
        <table name="bank">
            <column name="id">4007</column>
            <column name="twitid">498024016024970000</column>
            <column name="date">1407573152</column>
            <column name="name">enjo863qen</column>
            <column name="text">кредиты сбербанк россии спб http://t.co/OhLwasvwDE</column>
            <column name="sberbank">0</column>
            <column name="vtb">NULL</column>
            <column name="gazprom">NULL</column>
            <column name="alfabank">NULL</column>
            <column name="bankmoskvy">NULL</column>
            <column name="raiffeisen">NULL</column>
            <column name="uralsib">NULL</column>
            <column name="rshb">NULL</column>
        </table>
        <table name="bank">
            <column name="id">4008</column>
            <column name="twitid">498024664879210000</column>
            <column name="date">1407573307</column>
            <column name="name">datavetiquv</column>
            <column name="text">как можно взять кредит в сбербанк ярославль</column>
            <column name="sberbank">0</column>
            <column name="vtb">NULL</column>
            <column name="gazprom">NULL</column>
            <column name="alfabank">NULL</column>
            <column name="bankmoskvy">NULL</column>
            <column name="raiffeisen">NULL</column>
            <column name="uralsib">NULL</column>
            <column name="rshb">NULL</column>
        </table>
        <table name="bank">
            <column name="id">4009</column>
            <column name="twitid">498026942030180000</column>
            <column name="date">1407573850</column>
            <column name="name">loruxecuvoge</column>
            <column name="text">RT @vumerovidyw: банки москвы взять кредит сбербанк http://t.co/jCU8SNABMA</column>
            <column name="sberbank">0</column>
            <column name="vtb">NULL</column>
            <column name="gazprom">NULL</column>
            <column name="alfabank">NULL</column>
            <column name="bankmoskvy">NULL</column>
            <column name="raiffeisen">NULL</column>
            <column name="uralsib">NULL</column>
            <column name="rshb">NULL</column>
        </table>
        <table name="bank">
            <column name="id">4010</column>
            <column name="twitid">498027027434600000</column>
            <column name="date">1407573870</column>
            <column name="name">gosafomyfe</column>
            <column name="text">Банк москвы кредит за 30 минут http://t.co/ygUmEkmZT3</column>
            <column name="sberbank">NULL</column>
            <column name="vtb">NULL</column>
            <column name="gazprom">NULL</column>
            <column name="alfabank">NULL</column>
            <column name="bankmoskvy">0</column>
            <column name="raiffeisen">NULL</column>
            <column name="uralsib">NULL</column>
            <column name="rshb">NULL</column>
        </table>
        <table name="bank">
            <column name="id">4011</column>
            <column name="twitid">498028068112730000</column>
            <column name="date">1407574119</column>
            <column name="name">karlysuhreilly</column>
            <column name="text">программа кредитная фабрика сбербанк http://t.co/H2DwTHuspF</column>
            <column name="sberbank">0</column>
            <column name="vtb">NULL</column>
            <column name="gazprom">NULL</column>
            <column name="alfabank">NULL</column>
            <column name="bankmoskvy">NULL</column>
            <column name="raiffeisen">NULL</column>
            <column name="uralsib">NULL</column>
            <column name="rshb">NULL</column>
        </table>
        <table name="bank">
            <column name="id">4012</column>
            <column name="twitid">498029543186510000</column>
            <column name="date">1407574470</column>
            <column name="name">sswzryqcci</column>
            <column name="text">ставки по кредиту россельхозбанк http://t.co/cAqRRIbO3B</column>
            <column name="sberbank">NULL</column>
            <column name="vtb">NULL</column>
            <column name="gazprom">NULL</column>
            <column name="alfabank">NULL</column>
            <column name="bankmoskvy">NULL</column>
            <column name="raiffeisen">NULL</column>
            <column name="uralsib">NULL</column>
            <column name="rshb">0</column>
        </table>
        <table name="bank">
            <column name="id">4013</column>
            <column name="twitid">498029985647840000</column>
            <column name="date">1407574576</column>
            <column name="name">kepywaguride</column>
            <column name="text">RT @qafukimemah: как взять кредит в втб 24 http://t.co/ePcJyewd5A</column>
            <column name="sberbank">NULL</column>
            <column name="vtb">0</column>
            <column name="gazprom">NULL</column>
            <column name="alfabank">NULL</column>
            <column name="bankmoskvy">NULL</column>
            <column name="raiffeisen">NULL</column>
            <column name="uralsib">NULL</column>
            <column name="rshb">NULL</column>
        </table>
        <table name="bank">
            <column name="id">4014</column>
            <column name="twitid">498032264153140000</column>
            <column name="date">1407575119</column>
            <column name="name">Karella0408A</column>
            <column name="text">калининский район новосибирск сбербанк http://t.co/q51VjJPdsN</column>
            <column name="sberbank">0</column>
            <column name="vtb">NULL</column>
            <column name="gazprom">NULL</column>
            <column name="alfabank">NULL</column>
            <column name="bankmoskvy">NULL</column>
            <column name="raiffeisen">NULL</column>
            <column name="uralsib">NULL</column>
            <column name="rshb">NULL</column>
        </table>
        <table name="bank">
            <column name="id">4015</column>
            <column name="twitid">498033978461670000</column>
            <column name="date">1407575528</column>
            <column name="name">dydunatiqyc</column>
            <column name="text">RT @mezyhymibani: ВТБ 24 прекратил прием платежей за оплату визы США</column>
            <column name="sberbank">NULL</column>
            <column name="vtb">-1</column>
            <column name="gazprom">NULL</column>
            <column name="alfabank">NULL</column>
            <column name="bankmoskvy">NULL</column>
            <column name="raiffeisen">NULL</column>
            <column name="uralsib">NULL</column>
            <column name="rshb">NULL</column>
        </table>
        <table name="bank">
            <column name="id">4016</column>
            <column name="twitid">498034112620680000</column>
            <column name="date">1407575560</column>
            <column name="name">atdeee5vsf</column>
            <column name="text">кредит в сбербанк г ярославль http://t.co/w21hHKC7jL</column>
            <column name="sberbank">0</column>
            <column name="vtb">NULL</column>
            <column name="gazprom">NULL</column>
            <column name="alfabank">NULL</column>
            <column name="bankmoskvy">NULL</column>
            <column name="raiffeisen">NULL</column>
            <column name="uralsib">NULL</column>
            <column name="rshb">NULL</column>
        </table>
        <table name="bank">
            <column name="id">4017</column>
            <column name="twitid">498034159273930000</column>
            <column name="date">1407575571</column>
            <column name="name">ocxhdockp</column>
            <column name="text">ставки по кредитам сбер банка http://t.co/QD0iq0ufDJ</column>
            <column name="sberbank">0</column>
            <column name="vtb">NULL</column>
            <column name="gazprom">NULL</column>
            <column name="alfabank">NULL</column>
            <column name="bankmoskvy">NULL</column>
            <column name="raiffeisen">NULL</column>
            <column name="uralsib">NULL</column>
            <column name="rshb">NULL</column>
        </table>
        <table name="bank">
            <column name="id">4018</column>
            <column name="twitid">498036498424670000</column>
            <column name="date">1407576129</column>
            <column name="name">loranleh</column>
            <column name="text">RT @roxuhobadag: ипотечный калькулятор сбербанк новосибирск http://t.co/g6rN2o6BBy</column>
            <column name="sberbank">0</column>
            <column name="vtb">NULL</column>
            <column name="gazprom">NULL</column>
            <column name="alfabank">NULL</column>
            <column name="bankmoskvy">NULL</column>
            <column name="raiffeisen">NULL</column>
            <column name="uralsib">NULL</column>
            <column name="rshb">NULL</column>
        </table>
        <table name="bank">
            <column name="id">4019</column>
            <column name="twitid">498036638862550000</column>
            <column name="date">1407576162</column>
            <column name="name">lorileevmatney</column>
            <column name="text">кредит по двум документам в райффайзенбанке http://t.co/uELU19W5rU</column>
            <column name="sberbank">NULL</column>
            <column name="vtb">NULL</column>
            <column name="gazprom">NULL</column>
            <column name="alfabank">NULL</column>
            <column name="bankmoskvy">NULL</column>
            <column name="raiffeisen">0</column>
            <column name="uralsib">NULL</column>
            <column name="rshb">NULL</column>
        </table>
        <table name="bank">
            <column name="id">4020</column>
            <column name="twitid">498038709233920000</column>
            <column name="date">1407576656</column>
            <column name="name">krystinactrash</column>
            <column name="text">должники по кредитам альфа банк http://t.co/JyTaejVSJr</column>
            <column name="sberbank">NULL</column>
            <column name="vtb">NULL</column>
            <column name="gazprom">NULL</column>
            <column name="alfabank">0</column>
            <column name="bankmoskvy">NULL</column>
            <column name="raiffeisen">NULL</column>
            <column name="uralsib">NULL</column>
            <column name="rshb">NULL</column>
        </table>
        <table name="bank">
            <column name="id">4021</column>
            <column name="twitid">498039086721290000</column>
            <column name="date">1407576746</column>
            <column name="name">likuzecogaxy</column>
            <column name="text">RT @piheruwapej: банк ренессанс кредит в томске сбербанк http://t.co/XIqeaeAk3d</column>
            <column name="sberbank">0</column>
            <column name="vtb">NULL</column>
            <column name="gazprom">NULL</column>
            <column name="alfabank">NULL</column>
            <column name="bankmoskvy">NULL</column>
            <column name="raiffeisen">NULL</column>
            <column name="uralsib">NULL</column>
            <column name="rshb">NULL</column>
        </table>
        <table name="bank">
            <column name="id">4022</column>
            <column name="twitid">498039844560710000</column>
            <column name="date">1407576926</column>
            <column name="name">nk891511993501</column>
            <column name="text">@KYevgeni Кафельников рекламирует ОАО Банк Москвы он фотомодель класса люкс</column>
            <column name="sberbank">NULL</column>
            <column name="vtb">NULL</column>
            <column name="gazprom">NULL</column>
            <column name="alfabank">NULL</column>
            <column name="bankmoskvy">0</column>
            <column name="raiffeisen">NULL</column>
            <column name="uralsib">NULL</column>
            <column name="rshb">NULL</column>
        </table>
        <table name="bank">
            <column name="id">4023</column>
            <column name="twitid">498042634091660000</column>
            <column name="date">1407577591</column>
            <column name="name">ocxhdockp</column>
            <column name="text">кредитование физических лиц в газпромбанке http://t.co/vn4Dcxrl0h</column>
            <column name="sberbank">NULL</column>
            <column name="vtb">NULL</column>
            <column name="gazprom">0</column>
            <column name="alfabank">NULL</column>
            <column name="bankmoskvy">NULL</column>
            <column name="raiffeisen">NULL</column>
            <column name="uralsib">NULL</column>
            <column name="rshb">NULL</column>
        </table>
        <table name="bank">
            <column name="id">4024</column>
            <column name="twitid">498043647888470000</column>
            <column name="date">1407577833</column>
            <column name="name">bokoxedahen</column>
            <column name="text">Кредиты в тюмени сбербанк процен тура http://t.co/AUCvzBZqLG</column>
            <column name="sberbank">0</column>
            <column name="vtb">NULL</column>
            <column name="gazprom">NULL</column>
            <column name="alfabank">NULL</column>
            <column name="bankmoskvy">NULL</column>
            <column name="raiffeisen">NULL</column>
            <column name="uralsib">NULL</column>
            <column name="rshb">NULL</column>
        </table>
        <table name="bank">
            <column name="id">4025</column>
            <column name="twitid">498044836726210000</column>
            <column name="date">1407578116</column>
            <column name="name">muwizynovon</column>
            <column name="text">RT @rriHunley: газпромбанк кредит онлайн альфа банк http://t.co/jQiniiWxsh</column>
            <column name="sberbank">NULL</column>
            <column name="vtb">NULL</column>
            <column name="gazprom">0</column>
            <column name="alfabank">0</column>
            <column name="bankmoskvy">NULL</column>
            <column name="raiffeisen">NULL</column>
            <column name="uralsib">NULL</column>
            <column name="rshb">NULL</column>
        </table>
        <table name="bank">
            <column name="id">4026</column>
            <column name="twitid">498045058919440000</column>
            <column name="date">1407578169</column>
            <column name="name">EKuznetzova38</column>
            <column name="text">За 7 месяцев текущего года Сбербанк заработал 222, 1 млрд рублей. Как указано в пресс-релизе кредитной организации, чистый процентный доход</column>
            <column name="sberbank">0</column>
            <column name="vtb">NULL</column>
            <column name="gazprom">NULL</column>
            <column name="alfabank">NULL</column>
            <column name="bankmoskvy">NULL</column>
            <column name="raiffeisen">NULL</column>
            <column name="uralsib">NULL</column>
            <column name="rshb">NULL</column>
        </table>
        <table name="bank">
            <column name="id">4027</column>
            <column name="twitid">498045617734970000</column>
            <column name="date">1407578303</column>
            <column name="name">sywuckee08</column>
            <column name="text">кредит рефинансирования банк втб 24 http://t.co/hfVueCmjRG</column>
            <column name="sberbank">NULL</column>
            <column name="vtb">0</column>
            <column name="gazprom">NULL</column>
            <column name="alfabank">NULL</column>
            <column name="bankmoskvy">NULL</column>
            <column name="raiffeisen">NULL</column>
            <column name="uralsib">NULL</column>
            <column name="rshb">NULL</column>
        </table>
        <table name="bank">
            <column name="id">4028</column>
            <column name="twitid">498045753911430000</column>
            <column name="date">1407578335</column>
            <column name="name">sashrt071179</column>
            <column name="text">Кредиты на ремонт сбербанк http://t.co/gEPGd3HSWt</column>
            <column name="sberbank">0</column>
            <column name="vtb">NULL</column>
            <column name="gazprom">NULL</column>
            <column name="alfabank">NULL</column>
            <column name="bankmoskvy">NULL</column>
            <column name="raiffeisen">NULL</column>
            <column name="uralsib">NULL</column>
            <column name="rshb">NULL</column>
        </table>
        <table name="bank">
            <column name="id">4029</column>
            <column name="twitid">498047588311270000</column>
            <column name="date">1407578772</column>
            <column name="name">siqinufag</column>
            <column name="text">Кредит на неотложные нужды сбербанк россии http://t.co/U10RyoYJiQ</column>
            <column name="sberbank">0</column>
            <column name="vtb">NULL</column>
            <column name="gazprom">NULL</column>
            <column name="alfabank">NULL</column>
            <column name="bankmoskvy">NULL</column>
            <column name="raiffeisen">NULL</column>
            <column name="uralsib">NULL</column>
            <column name="rshb">NULL</column>
        </table>
        <table name="bank">
            <column name="id">4030</column>
            <column name="twitid">498049204607280000</column>
            <column name="date">1407579158</column>
            <column name="name">tacepigip</column>
            <column name="text">Как платить кредит сбербанк http://t.co/8pkuayUXCx</column>
            <column name="sberbank">0</column>
            <column name="vtb">NULL</column>
            <column name="gazprom">NULL</column>
            <column name="alfabank">NULL</column>
            <column name="bankmoskvy">NULL</column>
            <column name="raiffeisen">NULL</column>
            <column name="uralsib">NULL</column>
            <column name="rshb">NULL</column>
        </table>
        <table name="bank">
            <column name="id">4031</column>
            <column name="twitid">498050250343330000</column>
            <column name="date">1407579407</column>
            <column name="name">boqederagiwi</column>
            <column name="text">Электронная торговая площадка Газпромбанка подв.</column>
            <column name="sberbank">NULL</column>
            <column name="vtb">NULL</column>
            <column name="gazprom">0</column>
            <column name="alfabank">NULL</column>
            <column name="bankmoskvy">NULL</column>
            <column name="raiffeisen">NULL</column>
            <column name="uralsib">NULL</column>
            <column name="rshb">NULL</column>
        </table>
        <table name="bank">
            <column name="id">4032</column>
            <column name="twitid">498050428668740000</column>
            <column name="date">1407579450</column>
            <column name="name">ramzysheri</column>
            <column name="text">http://t.co/I4UE2lO0iJ minecraft ПОРТАЛ В РАЙФАЙЗЕН</column>
            <column name="sberbank">NULL</column>
            <column name="vtb">NULL</column>
            <column name="gazprom">NULL</column>
            <column name="alfabank">NULL</column>
            <column name="bankmoskvy">NULL</column>
            <column name="raiffeisen">0</column>
            <column name="uralsib">NULL</column>
            <column name="rshb">NULL</column>
        </table>
        <table name="bank">
            <column name="id">4033</column>
            <column name="twitid">498050644276950000</column>
            <column name="date">1407579501</column>
            <column name="name">zahyqucakec</column>
            <column name="text">RT @cucamukygup: автокредит сбербанк самара http://t.co/M8pJ4ab6bz</column>
            <column name="sberbank">0</column>
            <column name="vtb">NULL</column>
            <column name="gazprom">NULL</column>
            <column name="alfabank">NULL</column>
            <column name="bankmoskvy">NULL</column>
            <column name="raiffeisen">NULL</column>
            <column name="uralsib">NULL</column>
            <column name="rshb">NULL</column>
        </table>
        <table name="bank">
            <column name="id">4034</column>
            <column name="twitid">498052970882550000</column>
            <column name="date">1407580056</column>
            <column name="name">khalaltsk</column>
            <column name="text">Захотел утром (~8 часов назад) перекинуть деньги с карты на карту в @sberbank. С карты деньги списались, а на другой так и не появились )))</column>
            <column name="sberbank">-1</column>
            <column name="vtb">NULL</column>
            <column name="gazprom">NULL</column>
            <column name="alfabank">NULL</column>
            <column name="bankmoskvy">NULL</column>
            <column name="raiffeisen">NULL</column>
            <column name="uralsib">NULL</column>
            <column name="rshb">NULL</column>
        </table>
        <table name="bank">
            <column name="id">4035</column>
            <column name="twitid">498057415099960000</column>
            <column name="date">1407581115</column>
            <column name="name">downhimbeauma</column>
            <column name="text">dk12k: услышал краем уха, что сбер купил какой-то швейцарский банк dk12k: теперь там тоже будут очереди и бабушки?</column>
            <column name="sberbank">-1</column>
            <column name="vtb">NULL</column>
            <column name="gazprom">NULL</column>
            <column name="alfabank">NULL</column>
            <column name="bankmoskvy">NULL</column>
            <column name="raiffeisen">NULL</column>
            <column name="uralsib">NULL</column>
            <column name="rshb">NULL</column>
        </table>
        <table name="bank">
            <column name="id">4036</column>
            <column name="twitid">498058699538440000</column>
            <column name="date">1407581422</column>
            <column name="name">cupokuso</column>
            <column name="text">кредиты в банке райфайзен банк аваль http://t.co/mzLriPo0Zn</column>
            <column name="sberbank">NULL</column>
            <column name="vtb">NULL</column>
            <column name="gazprom">NULL</column>
            <column name="alfabank">NULL</column>
            <column name="bankmoskvy">NULL</column>
            <column name="raiffeisen">0</column>
            <column name="uralsib">NULL</column>
            <column name="rshb">NULL</column>
        </table>
        <table name="bank">
            <column name="id">4037</column>
            <column name="twitid">498058887090950000</column>
            <column name="date">1407581466</column>
            <column name="name">koshurnikovbory</column>
            <column name="text">Альфа банк москвы погашение кредита http://t.co/mTp39jd2RV</column>
            <column name="sberbank">NULL</column>
            <column name="vtb">NULL</column>
            <column name="gazprom">NULL</column>
            <column name="alfabank">0</column>
            <column name="bankmoskvy">0</column>
            <column name="raiffeisen">NULL</column>
            <column name="uralsib">NULL</column>
            <column name="rshb">NULL</column>
        </table>
        <table name="bank">
            <column name="id">4038</column>
            <column name="twitid">498061982633700000</column>
            <column name="date">1407582204</column>
            <column name="name">ZarinaGodun</column>
            <column name="text">Сенсация!!! Оплата Через Сбербанк Онлайн – Оплатить Кредит Онлайн http://t.co/i28YaavnlS</column>
            <column name="sberbank">0</column>
            <column name="vtb">NULL</column>
            <column name="gazprom">NULL</column>
            <column name="alfabank">NULL</column>
            <column name="bankmoskvy">NULL</column>
            <column name="raiffeisen">NULL</column>
            <column name="uralsib">NULL</column>
            <column name="rshb">NULL</column>
        </table>
        <table name="bank">
            <column name="id">4039</column>
            <column name="twitid">498061983577430000</column>
            <column name="date">1407582205</column>
            <column name="name">ZarinaGodun</column>
            <column name="text">Подключение услуги Сбербанк он лайн. http://t.co/fbJT4XXBx7</column>
            <column name="sberbank">0</column>
            <column name="vtb">NULL</column>
            <column name="gazprom">NULL</column>
            <column name="alfabank">NULL</column>
            <column name="bankmoskvy">NULL</column>
            <column name="raiffeisen">NULL</column>
            <column name="uralsib">NULL</column>
            <column name="rshb">NULL</column>
        </table>
        <table name="bank">
            <column name="id">4040</column>
            <column name="twitid">498065417034690000</column>
            <column name="date">1407583023</column>
            <column name="name">KarenGo11827701</column>
            <column name="text">RT @JenNels00747623: Сбербанк начал выпуск карт на базе российской платежной системы ПРО100</column>
            <column name="sberbank">0</column>
            <column name="vtb">NULL</column>
            <column name="gazprom">NULL</column>
            <column name="alfabank">NULL</column>
            <column name="bankmoskvy">NULL</column>
            <column name="raiffeisen">NULL</column>
            <column name="uralsib">NULL</column>
            <column name="rshb">NULL</column>
        </table>
        <table name="bank">
            <column name="id">4041</column>
            <column name="twitid">498065775199270000</column>
            <column name="date">1407583109</column>
            <column name="name">capuzywyreh</column>
            <column name="text">RT @cudusepyzyt: банк газпром автокредит 8 процентов http://t.co/MMG6DJZYiI</column>
            <column name="sberbank">NULL</column>
            <column name="vtb">NULL</column>
            <column name="gazprom">0</column>
            <column name="alfabank">NULL</column>
            <column name="bankmoskvy">NULL</column>
            <column name="raiffeisen">NULL</column>
            <column name="uralsib">NULL</column>
            <column name="rshb">NULL</column>
        </table>
        <table name="bank">
            <column name="id">4042</column>
            <column name="twitid">498067547187870000</column>
            <column name="date">1407583531</column>
            <column name="name">nusiwyraguwe</column>
            <column name="text">RT @CharoKlamm: http://t.co/mEj7xLa0nS Сбербанк конвертирует субординированный кредит ВЭБа в &quot;вечные бонды&quot;</column>
            <column name="sberbank">0</column>
            <column name="vtb">NULL</column>
            <column name="gazprom">NULL</column>
            <column name="alfabank">NULL</column>
            <column name="bankmoskvy">NULL</column>
            <column name="raiffeisen">NULL</column>
            <column name="uralsib">NULL</column>
            <column name="rshb">NULL</column>
        </table>
        <table name="bank">
            <column name="id">4043</column>
            <column name="twitid">498068360090090000</column>
            <column name="date">1407583725</column>
            <column name="name">naidiNAsevere</column>
            <column name="text">RT @sberbank: Штрих-коды от Сбербанка позволят совершать платежи быстро и без ошибок http://t.co/WrDTBAIG5X</column>
            <column name="sberbank">1</column>
            <column name="vtb">NULL</column>
            <column name="gazprom">NULL</column>
            <column name="alfabank">NULL</column>
            <column name="bankmoskvy">NULL</column>
            <column name="raiffeisen">NULL</column>
            <column name="uralsib">NULL</column>
            <column name="rshb">NULL</column>
        </table>
        <table name="bank">
            <column name="id">4044</column>
            <column name="twitid">498069304009440000</column>
            <column name="date">1407583950</column>
            <column name="name">zohytuwikiby</column>
            <column name="text">http://t.co/qWcBB29O2R Сбербанк предупредил о почти шестичасовых техработах  в ночь на понедельник</column>
            <column name="sberbank">-1</column>
            <column name="vtb">NULL</column>
            <column name="gazprom">NULL</column>
            <column name="alfabank">NULL</column>
            <column name="bankmoskvy">NULL</column>
            <column name="raiffeisen">NULL</column>
            <column name="uralsib">NULL</column>
            <column name="rshb">NULL</column>
        </table>
        <table name="bank">
            <column name="id">4045</column>
            <column name="twitid">498070814525520000</column>
            <column name="date">1407584310</column>
            <column name="name">eeknem</column>
            <column name="text">автокредит сбербанк льготный условия http://t.co/W9Kav0WLnA</column>
            <column name="sberbank">0</column>
            <column name="vtb">NULL</column>
            <column name="gazprom">NULL</column>
            <column name="alfabank">NULL</column>
            <column name="bankmoskvy">NULL</column>
            <column name="raiffeisen">NULL</column>
            <column name="uralsib">NULL</column>
            <column name="rshb">NULL</column>
        </table>
        <table name="bank">
            <column name="id">4046</column>
            <column name="twitid">498070905327980000</column>
            <column name="date">1407584332</column>
            <column name="name">gadutybyk</column>
            <column name="text">как неплатить кредиты в сбербанк http://t.co/hWrhnB7AAL</column>
            <column name="sberbank">0</column>
            <column name="vtb">NULL</column>
            <column name="gazprom">NULL</column>
            <column name="alfabank">NULL</column>
            <column name="bankmoskvy">NULL</column>
            <column name="raiffeisen">NULL</column>
            <column name="uralsib">NULL</column>
            <column name="rshb">NULL</column>
        </table>
        <table name="bank">
            <column name="id">4047</column>
            <column name="twitid">498073770838740000</column>
            <column name="date">1407585015</column>
            <column name="name">inaca650pa</column>
            <column name="text">кредит на неотложные нужды сбербанк россии http://t.co/zLa6ieqXrq</column>
            <column name="sberbank">0</column>
            <column name="vtb">NULL</column>
            <column name="gazprom">NULL</column>
            <column name="alfabank">NULL</column>
            <column name="bankmoskvy">NULL</column>
            <column name="raiffeisen">NULL</column>
            <column name="uralsib">NULL</column>
            <column name="rshb">NULL</column>
        </table>
        <table name="bank">
            <column name="id">4048</column>
            <column name="twitid">498073946185790000</column>
            <column name="date">1407585057</column>
            <column name="name">ocxhdockp</column>
            <column name="text">оформление кредитной карты альфа банк http://t.co/Nueky5uQ6e</column>
            <column name="sberbank">NULL</column>
            <column name="vtb">NULL</column>
            <column name="gazprom">NULL</column>
            <column name="alfabank">0</column>
            <column name="bankmoskvy">NULL</column>
            <column name="raiffeisen">NULL</column>
            <column name="uralsib">NULL</column>
            <column name="rshb">NULL</column>
        </table>
        <table name="bank">
            <column name="id">4049</column>
            <column name="twitid">498076903815660000</column>
            <column name="date">1407585762</column>
            <column name="name">VLukpanov37</column>
            <column name="text">«Россельхозбанк»  и  «Газпромбанк» просят поддержки у правительства</column>
            <column name="sberbank">NULL</column>
            <column name="vtb">NULL</column>
            <column name="gazprom">-1</column>
            <column name="alfabank">NULL</column>
            <column name="bankmoskvy">NULL</column>
            <column name="raiffeisen">NULL</column>
            <column name="uralsib">NULL</column>
            <column name="rshb">-1</column>
        </table>
        <table name="bank">
            <column name="id">4050</column>
            <column name="twitid">498076949513000000</column>
            <column name="date">1407585773</column>
            <column name="name">olyahen</column>
            <column name="text">Ставка по кредиту альфа банке http://t.co/bXqOon3uoW</column>
            <column name="sberbank">NULL</column>
            <column name="vtb">NULL</column>
            <column name="gazprom">NULL</column>
            <column name="alfabank">0</column>
            <column name="bankmoskvy">NULL</column>
            <column name="raiffeisen">NULL</column>
            <column name="uralsib">NULL</column>
            <column name="rshb">NULL</column>
        </table>
        <table name="bank">
            <column name="id">4051</column>
            <column name="twitid">498077905688470000</column>
            <column name="date">1407586001</column>
            <column name="name">rocorugo</column>
            <column name="text">Банк сбербанк иркутск кредит http://t.co/WOvkrVjzsw</column>
            <column name="sberbank">0</column>
            <column name="vtb">NULL</column>
            <column name="gazprom">NULL</column>
            <column name="alfabank">NULL</column>
            <column name="bankmoskvy">NULL</column>
            <column name="raiffeisen">NULL</column>
            <column name="uralsib">NULL</column>
            <column name="rshb">NULL</column>
        </table>
        <table name="bank">
            <column name="id">4052</column>
            <column name="twitid">498080363957470000</column>
            <column name="date">1407586587</column>
            <column name="name">katheryngtrrood</column>
            <column name="text">потребительский кредит сбербанк россии заявление http://t.co/lLDDlfKY9y</column>
            <column name="sberbank">0</column>
            <column name="vtb">NULL</column>
            <column name="gazprom">NULL</column>
            <column name="alfabank">NULL</column>
            <column name="bankmoskvy">NULL</column>
            <column name="raiffeisen">NULL</column>
            <column name="uralsib">NULL</column>
            <column name="rshb">NULL</column>
        </table>
        <table name="bank">
            <column name="id">4053</column>
            <column name="twitid">498080446119690000</column>
            <column name="date">1407586606</column>
            <column name="name">qucewiga</column>
            <column name="text">Кредит на жилье сбербанк рф http://t.co/rrWKbYzezO</column>
            <column name="sberbank">0</column>
            <column name="vtb">NULL</column>
            <column name="gazprom">NULL</column>
            <column name="alfabank">NULL</column>
            <column name="bankmoskvy">NULL</column>
            <column name="raiffeisen">NULL</column>
            <column name="uralsib">NULL</column>
            <column name="rshb">NULL</column>
        </table>
        <table name="bank">
            <column name="id">4054</column>
            <column name="twitid">498082017461160000</column>
            <column name="date">1407586981</column>
            <column name="name">cupokuso</column>
            <column name="text">деньги в кредит наличными сбербанк http://t.co/d0EbwYY1st</column>
            <column name="sberbank">0</column>
            <column name="vtb">NULL</column>
            <column name="gazprom">NULL</column>
            <column name="alfabank">NULL</column>
            <column name="bankmoskvy">NULL</column>
            <column name="raiffeisen">NULL</column>
            <column name="uralsib">NULL</column>
            <column name="rshb">NULL</column>
        </table>
        <table name="bank">
            <column name="id">4055</column>
            <column name="twitid">498082419422290000</column>
            <column name="date">1407587077</column>
            <column name="name">kosuqinuj</column>
            <column name="text">Кредитные карты райффайзен банка http://t.co/8zLotNog0V</column>
            <column name="sberbank">NULL</column>
            <column name="vtb">NULL</column>
            <column name="gazprom">NULL</column>
            <column name="alfabank">NULL</column>
            <column name="bankmoskvy">NULL</column>
            <column name="raiffeisen">0</column>
            <column name="uralsib">NULL</column>
            <column name="rshb">NULL</column>
        </table>
        <table name="bank">
            <column name="id">4056</column>
            <column name="twitid">498083585120010000</column>
            <column name="date">1407587355</column>
            <column name="name">trucilcacel1986</column>
            <column name="text">!!! могу помочь только молитвой за душу твою светлую!!! вопрос:есть ли счёт на сбер банке? желательно карточка.</column>
            <column name="sberbank">--</column>
            <column name="vtb">NULL</column>
            <column name="gazprom">NULL</column>
            <column name="alfabank">NULL</column>
            <column name="bankmoskvy">NULL</column>
            <column name="raiffeisen">NULL</column>
            <column name="uralsib">NULL</column>
            <column name="rshb">NULL</column>
        </table>
        <table name="bank">
            <column name="id">4057</column>
            <column name="twitid">498083975651680000</column>
            <column name="date">1407587448</column>
            <column name="name">reaganrqsnider</column>
            <column name="text">без поручителей кредит сбербанк россии http://t.co/ELhZFqGqKm</column>
            <column name="sberbank">0</column>
            <column name="vtb">NULL</column>
            <column name="gazprom">NULL</column>
            <column name="alfabank">NULL</column>
            <column name="bankmoskvy">NULL</column>
            <column name="raiffeisen">NULL</column>
            <column name="uralsib">NULL</column>
            <column name="rshb">NULL</column>
        </table>
        <table name="bank">
            <column name="id">4058</column>
            <column name="twitid">498086477440760000</column>
            <column name="date">1407588044</column>
            <column name="name">zajelufafy</column>
            <column name="text">Райффайзен банк кредит народный http://t.co/WeHTS9p4L4</column>
            <column name="sberbank">NULL</column>
            <column name="vtb">NULL</column>
            <column name="gazprom">NULL</column>
            <column name="alfabank">NULL</column>
            <column name="bankmoskvy">NULL</column>
            <column name="raiffeisen">0</column>
            <column name="uralsib">NULL</column>
            <column name="rshb">NULL</column>
        </table>
        <table name="bank">
            <column name="id">4059</column>
            <column name="twitid">498086847504220000</column>
            <column name="date">1407588133</column>
            <column name="name">harriettwxnshav</column>
            <column name="text">ставки кредитования в банке втб 24 http://t.co/Yoi8GrR07J</column>
            <column name="sberbank">NULL</column>
            <column name="vtb">0</column>
            <column name="gazprom">NULL</column>
            <column name="alfabank">NULL</column>
            <column name="bankmoskvy">NULL</column>
            <column name="raiffeisen">NULL</column>
            <column name="uralsib">NULL</column>
            <column name="rshb">NULL</column>
        </table>
        <table name="bank">
            <column name="id">4060</column>
            <column name="twitid">498087772989960000</column>
            <column name="date">1407588353</column>
            <column name="name">tusijisehem</column>
            <column name="text">RT @fyjovevalyra: выгодный кредит в россельхозбанке молодая семья http://t.co/8rVKXWndLG</column>
            <column name="sberbank">NULL</column>
            <column name="vtb">NULL</column>
            <column name="gazprom">NULL</column>
            <column name="alfabank">NULL</column>
            <column name="bankmoskvy">NULL</column>
            <column name="raiffeisen">NULL</column>
            <column name="uralsib">NULL</column>
            <column name="rshb">0</column>
        </table>
        <table name="bank">
            <column name="id">4061</column>
            <column name="twitid">498088234803800000</column>
            <column name="date">1407588463</column>
            <column name="name">vulparpubte1971</column>
            <column name="text">В том числе, субъектам малого и среднего предпринимательства выдано более 1,2 трлн рублей.. Россельхозбанк направил на реализацию госпрогра</column>
            <column name="sberbank">NULL</column>
            <column name="vtb">NULL</column>
            <column name="gazprom">NULL</column>
            <column name="alfabank">NULL</column>
            <column name="bankmoskvy">NULL</column>
            <column name="raiffeisen">NULL</column>
            <column name="uralsib">NULL</column>
            <column name="rshb">0</column>
        </table>
        <table name="bank">
            <column name="id">4062</column>
            <column name="twitid">498088383588350000</column>
            <column name="date">1407588499</column>
            <column name="name">titydecim</column>
            <column name="text">авто кредит в тюмени сбербанк http://t.co/oCFqWBrNEk</column>
            <column name="sberbank">0</column>
            <column name="vtb">NULL</column>
            <column name="gazprom">NULL</column>
            <column name="alfabank">NULL</column>
            <column name="bankmoskvy">NULL</column>
            <column name="raiffeisen">NULL</column>
            <column name="uralsib">NULL</column>
            <column name="rshb">NULL</column>
        </table>
        <table name="bank">
            <column name="id">4063</column>
            <column name="twitid">498088475259070000</column>
            <column name="date">1407588521</column>
            <column name="name">nliseedit</column>
            <column name="text">в альфа банке кредит для студента http://t.co/ql1tuX60O6</column>
            <column name="sberbank">NULL</column>
            <column name="vtb">NULL</column>
            <column name="gazprom">NULL</column>
            <column name="alfabank">0</column>
            <column name="bankmoskvy">NULL</column>
            <column name="raiffeisen">NULL</column>
            <column name="uralsib">NULL</column>
            <column name="rshb">NULL</column>
        </table>
        <table name="bank">
            <column name="id">4064</column>
            <column name="twitid">498089222126190000</column>
            <column name="date">1407588699</column>
            <column name="name">riyaDesha</column>
            <column name="text">http://t.co/B4d69axf95 Оформить заявку на кредит в втб 24 онлайн</column>
            <column name="sberbank">NULL</column>
            <column name="vtb">0</column>
            <column name="gazprom">NULL</column>
            <column name="alfabank">NULL</column>
            <column name="bankmoskvy">NULL</column>
            <column name="raiffeisen">NULL</column>
            <column name="uralsib">NULL</column>
            <column name="rshb">NULL</column>
        </table>
        <table name="bank">
            <column name="id">4065</column>
            <column name="twitid">498091446214590000</column>
            <column name="date">1407589229</column>
            <column name="name">fecogefalah</column>
            <column name="text">RT @pewibunatyfa: газпромбанк казань потребительский кредит процентная ставка http://t.co/IUsotm8kwH</column>
            <column name="sberbank">NULL</column>
            <column name="vtb">NULL</column>
            <column name="gazprom">0</column>
            <column name="alfabank">NULL</column>
            <column name="bankmoskvy">NULL</column>
            <column name="raiffeisen">NULL</column>
            <column name="uralsib">NULL</column>
            <column name="rshb">NULL</column>
        </table>
        <table name="bank">
            <column name="id">4066</column>
            <column name="twitid">498091619661670000</column>
            <column name="date">1407589270</column>
            <column name="name">sasbinamulre</column>
            <column name="text">RT @neorotespefi: сбербанк кредит на землю http://t.co/mGrhvgFpoN</column>
            <column name="sberbank">0</column>
            <column name="vtb">NULL</column>
            <column name="gazprom">NULL</column>
            <column name="alfabank">NULL</column>
            <column name="bankmoskvy">NULL</column>
            <column name="raiffeisen">NULL</column>
            <column name="uralsib">NULL</column>
            <column name="rshb">NULL</column>
        </table>
        <table name="bank">
            <column name="id">4067</column>
            <column name="twitid">498091981097420000</column>
            <column name="date">1407589357</column>
            <column name="name">zajelufafy</column>
            <column name="text">Уралсиб банк реструктуризация кредитов http://t.co/L8quelfhOx</column>
            <column name="sberbank">NULL</column>
            <column name="vtb">NULL</column>
            <column name="gazprom">NULL</column>
            <column name="alfabank">NULL</column>
            <column name="bankmoskvy">NULL</column>
            <column name="raiffeisen">NULL</column>
            <column name="uralsib">0</column>
            <column name="rshb">NULL</column>
        </table>
        <table name="bank">
            <column name="id">4068</column>
            <column name="twitid">498091982682850000</column>
            <column name="date">1407589357</column>
            <column name="name">kahowigiq</column>
            <column name="text">кредит на недвижимость втб 24 http://t.co/OYcJRmqaoW</column>
            <column name="sberbank">NULL</column>
            <column name="vtb">0</column>
            <column name="gazprom">NULL</column>
            <column name="alfabank">NULL</column>
            <column name="bankmoskvy">NULL</column>
            <column name="raiffeisen">NULL</column>
            <column name="uralsib">NULL</column>
            <column name="rshb">NULL</column>
        </table>
        <table name="bank">
            <column name="id">4069</column>
            <column name="twitid">498091985333660000</column>
            <column name="date">1407589358</column>
            <column name="name">jowoqenym</column>
            <column name="text">Банк уралсиб получение кредита http://t.co/eZV0Fr9JAg</column>
            <column name="sberbank">NULL</column>
            <column name="vtb">NULL</column>
            <column name="gazprom">NULL</column>
            <column name="alfabank">NULL</column>
            <column name="bankmoskvy">NULL</column>
            <column name="raiffeisen">NULL</column>
            <column name="uralsib">0</column>
            <column name="rshb">NULL</column>
        </table>
        <table name="bank">
            <column name="id">4070</column>
            <column name="twitid">498093511062090000</column>
            <column name="date">1407589721</column>
            <column name="name">llinsPowel</column>
            <column name="text">http://t.co/S6cDQM7eNY Потребительский кредит сбербанк оформить заявку онлайн</column>
            <column name="sberbank">0</column>
            <column name="vtb">NULL</column>
            <column name="gazprom">NULL</column>
            <column name="alfabank">NULL</column>
            <column name="bankmoskvy">NULL</column>
            <column name="raiffeisen">NULL</column>
            <column name="uralsib">NULL</column>
            <column name="rshb">NULL</column>
        </table>
        <table name="bank">
            <column name="id">4071</column>
            <column name="twitid">498093684953740000</column>
            <column name="date">1407589763</column>
            <column name="name">qofefixegexi</column>
            <column name="text">RT @jevylagoqaca: автокредитование калькулятор сбербанк ипотека http://t.co/0e8JClUQwt</column>
            <column name="sberbank">0</column>
            <column name="vtb">NULL</column>
            <column name="gazprom">NULL</column>
            <column name="alfabank">NULL</column>
            <column name="bankmoskvy">NULL</column>
            <column name="raiffeisen">NULL</column>
            <column name="uralsib">NULL</column>
            <column name="rshb">NULL</column>
        </table>
        <table name="bank">
            <column name="id">4072</column>
            <column name="twitid">498093901895700000</column>
            <column name="date">1407589815</column>
            <column name="name">nilov_fyodor</column>
            <column name="text">Отделения Сбербанк Санкт-Петербург адреса, телефоны схемы проезда. http://t.co/5ZfCBUOBQD</column>
            <column name="sberbank">0</column>
            <column name="vtb">NULL</column>
            <column name="gazprom">NULL</column>
            <column name="alfabank">NULL</column>
            <column name="bankmoskvy">NULL</column>
            <column name="raiffeisen">NULL</column>
            <column name="uralsib">NULL</column>
            <column name="rshb">NULL</column>
        </table>
        <table name="bank">
            <column name="id">4073</column>
            <column name="twitid">498095423429820000</column>
            <column name="date">1407590177</column>
            <column name="name">fizisoxe</column>
            <column name="text">Кредиты в сбербанк г владимир http://t.co/aHl3W8Kz57</column>
            <column name="sberbank">0</column>
            <column name="vtb">NULL</column>
            <column name="gazprom">NULL</column>
            <column name="alfabank">NULL</column>
            <column name="bankmoskvy">NULL</column>
            <column name="raiffeisen">NULL</column>
            <column name="uralsib">NULL</column>
            <column name="rshb">NULL</column>
        </table>
        <table name="bank">
            <column name="id">4074</column>
            <column name="twitid">498095424696490000</column>
            <column name="date">1407590178</column>
            <column name="name">hikuheral</column>
            <column name="text">ипотечный кредит сбербанк пермь http://t.co/B79BL1r8h5</column>
            <column name="sberbank">0</column>
            <column name="vtb">NULL</column>
            <column name="gazprom">NULL</column>
            <column name="alfabank">NULL</column>
            <column name="bankmoskvy">NULL</column>
            <column name="raiffeisen">NULL</column>
            <column name="uralsib">NULL</column>
            <column name="rshb">NULL</column>
        </table>
        <table name="bank">
            <column name="id">4075</column>
            <column name="twitid">498095467902030000</column>
            <column name="date">1407590188</column>
            <column name="name">locexavus</column>
            <column name="text">Потребительский кредит в газпромбанк http://t.co/eNJuaMmaY2</column>
            <column name="sberbank">NULL</column>
            <column name="vtb">NULL</column>
            <column name="gazprom">0</column>
            <column name="alfabank">NULL</column>
            <column name="bankmoskvy">NULL</column>
            <column name="raiffeisen">NULL</column>
            <column name="uralsib">NULL</column>
            <column name="rshb">NULL</column>
        </table>
        <table name="bank">
            <column name="id">4076</column>
            <column name="twitid">498098967784480000</column>
            <column name="date">1407591022</column>
            <column name="name">alasinsole</column>
            <column name="text">он лайн заявка втб 24 на кредит http://t.co/PnfV1A8b7k</column>
            <column name="sberbank">NULL</column>
            <column name="vtb">0</column>
            <column name="gazprom">NULL</column>
            <column name="alfabank">NULL</column>
            <column name="bankmoskvy">NULL</column>
            <column name="raiffeisen">NULL</column>
            <column name="uralsib">NULL</column>
            <column name="rshb">NULL</column>
        </table>
        <table name="bank">
            <column name="id">4077</column>
            <column name="twitid">498102278944200000</column>
            <column name="date">1407591812</column>
            <column name="name">VBajenov24</column>
            <column name="text">Газпромбанк и Россельхозбанк, попавшие в санкционный список США и стран ЕС, обратились к правительству за помощью.&amp;amp;nbsp;</column>
            <column name="sberbank">NULL</column>
            <column name="vtb">NULL</column>
            <column name="gazprom">-1</column>
            <column name="alfabank">NULL</column>
            <column name="bankmoskvy">NULL</column>
            <column name="raiffeisen">NULL</column>
            <column name="uralsib">NULL</column>
            <column name="rshb">-1</column>
        </table>
        <table name="bank">
            <column name="id">4078</column>
            <column name="twitid">498102324959530000</column>
            <column name="date">1407591823</column>
            <column name="name">lexacom</column>
            <column name="text">Уралсиб банк онлайн http://t.co/6tpwNoS9tG</column>
            <column name="sberbank">NULL</column>
            <column name="vtb">NULL</column>
            <column name="gazprom">NULL</column>
            <column name="alfabank">NULL</column>
            <column name="bankmoskvy">NULL</column>
            <column name="raiffeisen">NULL</column>
            <column name="uralsib">0</column>
            <column name="rshb">NULL</column>
        </table>
        <table name="bank">
            <column name="id">4079</column>
            <column name="twitid">498106420693170000</column>
            <column name="date">1407592799</column>
            <column name="name">guvymewis</column>
            <column name="text">http://t.co/bSlydj6Qby Казахстанский бта банк и Сбербанк обсуждают совместные проекты&amp;amp;#8230;</column>
            <column name="sberbank">0</column>
            <column name="vtb">NULL</column>
            <column name="gazprom">NULL</column>
            <column name="alfabank">NULL</column>
            <column name="bankmoskvy">NULL</column>
            <column name="raiffeisen">NULL</column>
            <column name="uralsib">NULL</column>
            <column name="rshb">NULL</column>
        </table>
        <table name="bank">
            <column name="id">4080</column>
            <column name="twitid">498111879638970000</column>
            <column name="date">1407594101</column>
            <column name="name">topaqlasui</column>
            <column name="text">http://t.co/GOWztdPbTJ Сбербанк взять кредит или карточку</column>
            <column name="sberbank">0</column>
            <column name="vtb">NULL</column>
            <column name="gazprom">NULL</column>
            <column name="alfabank">NULL</column>
            <column name="bankmoskvy">NULL</column>
            <column name="raiffeisen">NULL</column>
            <column name="uralsib">NULL</column>
            <column name="rshb">NULL</column>
        </table>
        <table name="bank">
            <column name="id">4081</column>
            <column name="twitid">498115174159880000</column>
            <column name="date">1407594886</column>
            <column name="name">difoxuve</column>
            <column name="text">райфайзен банк кредит на малый бизнес http://t.co/K5CufV2BA9</column>
            <column name="sberbank">NULL</column>
            <column name="vtb">NULL</column>
            <column name="gazprom">NULL</column>
            <column name="alfabank">NULL</column>
            <column name="bankmoskvy">NULL</column>
            <column name="raiffeisen">0</column>
            <column name="uralsib">NULL</column>
            <column name="rshb">NULL</column>
        </table>
        <table name="bank">
            <column name="id">4082</column>
            <column name="twitid">498115258742230000</column>
            <column name="date">1407594906</column>
            <column name="name">dyfawoxavy</column>
            <column name="text">кредит банк москвы краснодар http://t.co/WJF8bDVgvK</column>
            <column name="sberbank">NULL</column>
            <column name="vtb">NULL</column>
            <column name="gazprom">NULL</column>
            <column name="alfabank">NULL</column>
            <column name="bankmoskvy">0</column>
            <column name="raiffeisen">NULL</column>
            <column name="uralsib">NULL</column>
            <column name="rshb">NULL</column>
        </table>
        <table name="bank">
            <column name="id">4083</column>
            <column name="twitid">498116084642620000</column>
            <column name="date">1407595103</column>
            <column name="name">rirylihocor</column>
            <column name="text">Арексимбанк сбербанк кредитная карта http://t.co/pX80obGKao</column>
            <column name="sberbank">0</column>
            <column name="vtb">NULL</column>
            <column name="gazprom">NULL</column>
            <column name="alfabank">NULL</column>
            <column name="bankmoskvy">NULL</column>
            <column name="raiffeisen">NULL</column>
            <column name="uralsib">NULL</column>
            <column name="rshb">NULL</column>
        </table>
        <table name="bank">
            <column name="id">4084</column>
            <column name="twitid">498116754321970000</column>
            <column name="date">1407595263</column>
            <column name="name">lorileevmatney</column>
            <column name="text">кредит наличными сбербанк рф http://t.co/ng0STNoDjb</column>
            <column name="sberbank">0</column>
            <column name="vtb">NULL</column>
            <column name="gazprom">NULL</column>
            <column name="alfabank">NULL</column>
            <column name="bankmoskvy">NULL</column>
            <column name="raiffeisen">NULL</column>
            <column name="uralsib">NULL</column>
            <column name="rshb">NULL</column>
        </table>
        <table name="bank">
            <column name="id">4085</column>
            <column name="twitid">498116755404130000</column>
            <column name="date">1407595263</column>
            <column name="name">tububakyt</column>
            <column name="text">Кредиты в сбер банке россии http://t.co/yrKqhfj1NC</column>
            <column name="sberbank">0</column>
            <column name="vtb">NULL</column>
            <column name="gazprom">NULL</column>
            <column name="alfabank">NULL</column>
            <column name="bankmoskvy">NULL</column>
            <column name="raiffeisen">NULL</column>
            <column name="uralsib">NULL</column>
            <column name="rshb">NULL</column>
        </table>
        <table name="bank">
            <column name="id">4086</column>
            <column name="twitid">498119652317220000</column>
            <column name="date">1407595954</column>
            <column name="name">caxesogehus</column>
            <column name="text">Автокредит физическим лицам сбербанк россии http://t.co/F5CK9CO9rk</column>
            <column name="sberbank">0</column>
            <column name="vtb">NULL</column>
            <column name="gazprom">NULL</column>
            <column name="alfabank">NULL</column>
            <column name="bankmoskvy">NULL</column>
            <column name="raiffeisen">NULL</column>
            <column name="uralsib">NULL</column>
            <column name="rshb">NULL</column>
        </table>
        <table name="bank">
            <column name="id">4087</column>
            <column name="twitid">498121175458150000</column>
            <column name="date">1407596317</column>
            <column name="name">belenkoolga1</column>
            <column name="text">Досрочное погашение автокредита в альфа банке http://t.co/oAIjxDP13T</column>
            <column name="sberbank">NULL</column>
            <column name="vtb">NULL</column>
            <column name="gazprom">NULL</column>
            <column name="alfabank">0</column>
            <column name="bankmoskvy">NULL</column>
            <column name="raiffeisen">NULL</column>
            <column name="uralsib">NULL</column>
            <column name="rshb">NULL</column>
        </table>
        <table name="bank">
            <column name="id">4088</column>
            <column name="twitid">498122798163040000</column>
            <column name="date">1407596704</column>
            <column name="name">isserBell</column>
            <column name="text">http://t.co/Hq11zTaAk9 Хотела бы взять кредит в россельхозбанке на лпх</column>
            <column name="sberbank">NULL</column>
            <column name="vtb">NULL</column>
            <column name="gazprom">NULL</column>
            <column name="alfabank">NULL</column>
            <column name="bankmoskvy">NULL</column>
            <column name="raiffeisen">NULL</column>
            <column name="uralsib">NULL</column>
            <column name="rshb">0</column>
        </table>
        <table name="bank">
            <column name="id">4089</column>
            <column name="twitid">498123240137840000</column>
            <column name="date">1407596809</column>
            <column name="name">puqivuxunab</column>
            <column name="text">анкеты для оформления кредита в россельхозбанке http://t.co/cVcedJqORG</column>
            <column name="sberbank">NULL</column>
            <column name="vtb">NULL</column>
            <column name="gazprom">NULL</column>
            <column name="alfabank">NULL</column>
            <column name="bankmoskvy">NULL</column>
            <column name="raiffeisen">NULL</column>
            <column name="uralsib">NULL</column>
            <column name="rshb">0</column>
        </table>
        <table name="bank">
            <column name="id">4090</column>
            <column name="twitid">498126158903650000</column>
            <column name="date">1407597505</column>
            <column name="name">qijunugydubi</column>
            <column name="text">RT @sezoxawysyz: банк сбербанк кредит пенсионерам http://t.co/GX0QAC75KN</column>
            <column name="sberbank">0</column>
            <column name="vtb">NULL</column>
            <column name="gazprom">NULL</column>
            <column name="alfabank">NULL</column>
            <column name="bankmoskvy">NULL</column>
            <column name="raiffeisen">NULL</column>
            <column name="uralsib">NULL</column>
            <column name="rshb">NULL</column>
        </table>
        <table name="bank">
            <column name="id">4091</column>
            <column name="twitid">498127259635840000</column>
            <column name="date">1407597768</column>
            <column name="name">pomaquiprov1979</column>
            <column name="text">Или вы, теперь, из принципа не хотите возвращать деньги, типа пусть подавятся? Я думаю, что надо вернуть. И Сбербанк в этом поможет!)</column>
            <column name="sberbank">1</column>
            <column name="vtb">NULL</column>
            <column name="gazprom">NULL</column>
            <column name="alfabank">NULL</column>
            <column name="bankmoskvy">NULL</column>
            <column name="raiffeisen">NULL</column>
            <column name="uralsib">NULL</column>
            <column name="rshb">NULL</column>
        </table>
        <table name="bank">
            <column name="id">4092</column>
            <column name="twitid">498128046415940000</column>
            <column name="date">1407597955</column>
            <column name="name">byzehywusadu</column>
            <column name="text">RT @YuMoiseev40: Россельхозбанк будет предоставлять кубанцам ипотечный кредит</column>
            <column name="sberbank">NULL</column>
            <column name="vtb">NULL</column>
            <column name="gazprom">NULL</column>
            <column name="alfabank">NULL</column>
            <column name="bankmoskvy">NULL</column>
            <column name="raiffeisen">NULL</column>
            <column name="uralsib">NULL</column>
            <column name="rshb">1</column>
        </table>
        <table name="bank">
            <column name="id">4093</column>
            <column name="twitid">498128396489360000</column>
            <column name="date">1407598039</column>
            <column name="name">vijaafexr</column>
            <column name="text">http://t.co/X91PFd6wIL Взять кредит в райфайзен банкаваль</column>
            <column name="sberbank">NULL</column>
            <column name="vtb">NULL</column>
            <column name="gazprom">NULL</column>
            <column name="alfabank">NULL</column>
            <column name="bankmoskvy">NULL</column>
            <column name="raiffeisen">0</column>
            <column name="uralsib">NULL</column>
            <column name="rshb">NULL</column>
        </table>
        <table name="bank">
            <column name="id">4094</column>
            <column name="twitid">498129476916900000</column>
            <column name="date">1407598296</column>
            <column name="name">NSviridov47</column>
            <column name="text">райффайзен банк, рестораны китайский квартал, саппоро, вапиано, мадам галифе и кофейня капучинофф, пивная ёрш, аптекарский огород...</column>
            <column name="sberbank">NULL</column>
            <column name="vtb">NULL</column>
            <column name="gazprom">NULL</column>
            <column name="alfabank">NULL</column>
            <column name="bankmoskvy">NULL</column>
            <column name="raiffeisen">--</column>
            <column name="uralsib">NULL</column>
            <column name="rshb">NULL</column>
        </table>
        <table name="bank">
            <column name="id">4095</column>
            <column name="twitid">498130678874010000</column>
            <column name="date">1407598583</column>
            <column name="name">racuzovevyz</column>
            <column name="text">RT @deqehiwonehe: С 4 августа банк ВТБ 24 приостановил прием консульского сбора за визу США. Об этом РБК сообщил представитель колл-центра …</column>
            <column name="sberbank">NULL</column>
            <column name="vtb">-1</column>
            <column name="gazprom">NULL</column>
            <column name="alfabank">NULL</column>
            <column name="bankmoskvy">NULL</column>
            <column name="raiffeisen">NULL</column>
            <column name="uralsib">NULL</column>
            <column name="rshb">NULL</column>
        </table>
        <table name="bank">
            <column name="id">4096</column>
            <column name="twitid">498131513171770000</column>
            <column name="date">1407598782</column>
            <column name="name">qyggrumik</column>
            <column name="text">http://t.co/vpUicXX9Ea Взять кредит райффайзен банке</column>
            <column name="sberbank">NULL</column>
            <column name="vtb">NULL</column>
            <column name="gazprom">NULL</column>
            <column name="alfabank">NULL</column>
            <column name="bankmoskvy">NULL</column>
            <column name="raiffeisen">0</column>
            <column name="uralsib">NULL</column>
            <column name="rshb">NULL</column>
        </table>
        <table name="bank">
            <column name="id">4097</column>
            <column name="twitid">498136079648980000</column>
            <column name="date">1407599870</column>
            <column name="name">hinshawblynelle</column>
            <column name="text">Потребительский кредит ульяновск сбербанк http://t.co/RaLNbNd4uf</column>
            <column name="sberbank">0</column>
            <column name="vtb">NULL</column>
            <column name="gazprom">NULL</column>
            <column name="alfabank">NULL</column>
            <column name="bankmoskvy">NULL</column>
            <column name="raiffeisen">NULL</column>
            <column name="uralsib">NULL</column>
            <column name="rshb">NULL</column>
        </table>
        <table name="bank">
            <column name="id">4098</column>
            <column name="twitid">498137581859900000</column>
            <column name="date">1407600229</column>
            <column name="name">MKravchenko36</column>
            <column name="text">Попавшие под санкции  «Россельхозбанк» и «Газпромбанк» обратились за помощью к властям. Один из госслужащих сообщил газете «Ведомости», что</column>
            <column name="sberbank">NULL</column>
            <column name="vtb">NULL</column>
            <column name="gazprom">-1</column>
            <column name="alfabank">NULL</column>
            <column name="bankmoskvy">NULL</column>
            <column name="raiffeisen">NULL</column>
            <column name="uralsib">NULL</column>
            <column name="rshb">-1</column>
        </table>
        <table name="bank">
            <column name="id">4099</column>
            <column name="twitid">498140708247980000</column>
            <column name="date">1407600974</column>
            <column name="name">kexivubiwiwu</column>
            <column name="text">RT @joqygalubole: банк втб 24 кредиты ипотека http://t.co/Z4V4VtR9ah</column>
            <column name="sberbank">NULL</column>
            <column name="vtb">0</column>
            <column name="gazprom">NULL</column>
            <column name="alfabank">NULL</column>
            <column name="bankmoskvy">NULL</column>
            <column name="raiffeisen">NULL</column>
            <column name="uralsib">NULL</column>
            <column name="rshb">NULL</column>
        </table>
        <table name="bank">
            <column name="id">4100</column>
            <column name="twitid">498142314666410000</column>
            <column name="date">1407601357</column>
            <column name="name">arder903jl</column>
            <column name="text">кредит на жилье в райффайзенбанк http://t.co/eEDLVr7KIq</column>
            <column name="sberbank">NULL</column>
            <column name="vtb">NULL</column>
            <column name="gazprom">NULL</column>
            <column name="alfabank">NULL</column>
            <column name="bankmoskvy">NULL</column>
            <column name="raiffeisen">0</column>
            <column name="uralsib">NULL</column>
            <column name="rshb">NULL</column>
        </table>
    </database>
</pma_xml_export>