<?xml version="1.0" encoding="utf-8"?>
<!--
- phpMyAdmin XML Dump
- version 4.0.4.1
- http://www.phpmyadmin.net
-
- Хост: localhost
- Время создания: Окт 28 2014 г., 09:04
- Версия сервера: 5.6.12
- Версия PHP: 5.5.3
-->
<pma_xml_export version="1.0" xmlns:pma="http://www.phpmyadmin.net/some_doc_url/">
  <!--
    - Structure schemas
    -->
  <pma:structure_schemas>
    <pma:database name="Romip" collation="utf8_general_ci" charset="utf8">
      <pma:table name="bank">
                CREATE TABLE `bank` (
                  `id` int(11) NOT NULL AUTO_INCREMENT,
                  `twitid` bigint(32) NOT NULL DEFAULT '0',
                  `date` varchar(128) DEFAULT NULL,
                  `name` varchar(128) DEFAULT NULL,
                  `text` varchar(256) DEFAULT NULL,
                  `sberbank` int(11) DEFAULT NULL,
                  `vtb` int(11) DEFAULT NULL,
                  `gazprom` int(11) DEFAULT NULL,
                  `alfabank` int(11) DEFAULT NULL,
                  `bankmoskvy` int(11) DEFAULT NULL,
                  `raiffeisen` int(11) DEFAULT NULL,
                  `uralsib` int(11) DEFAULT NULL,
                  `rshb` int(11) DEFAULT NULL,
                  PRIMARY KEY (`id`),
                  UNIQUE KEY `id` (`twitid`)
                ) ENGINE=InnoDB AUTO_INCREMENT=7924 DEFAULT CHARSET=utf8;
            </pma:table>
    </pma:database>
  </pma:structure_schemas>
  <!--
    - База данных: 'Romip'
    -->
  <database name="Romip">
    <!-- Таблица bank -->
    <table name="bank">
      <column name="id">3001</column>
      <column name="twitid">496656416875110000</column>
      <column name="date">1407247091</column>
      <column name="name">kvmeter</column>
      <column name="text">Райффайзенбанк аккредитовал жилой комплекс «ЛИНКОР» от ГК «КВС»: Жилой комплекс представляет собой шесть корпу... http://t.co/H6Qdl9dVB3</column>
      <column name="sberbank">NULL</column>
      <column name="vtb">NULL</column>
      <column name="gazprom">NULL</column>
      <column name="alfabank">NULL</column>
      <column name="bankmoskvy">NULL</column>
      <column name="raiffeisen">0</column>
      <column name="uralsib">NULL</column>
      <column name="rshb">NULL</column>
    </table>
    <table name="bank">
      <column name="id">3002</column>
      <column name="twitid">496664277554840000</column>
      <column name="date">1407248966</column>
      <column name="name">battuev</column>
      <column name="text">@alfa_bank их я кое-как решил. Я имел ввиду в будущем. Но с таким обслуживанием наврятли. Даже #офиса нету, а кредиты выдаёте.</column>
      <column name="sberbank">NULL</column>
      <column name="vtb">NULL</column>
      <column name="gazprom">NULL</column>
      <column name="alfabank">-1</column>
      <column name="bankmoskvy">NULL</column>
      <column name="raiffeisen">NULL</column>
      <column name="uralsib">NULL</column>
      <column name="rshb">NULL</column>
    </table>
    <table name="bank">
      <column name="id">3003</column>
      <column name="twitid">496669775070630000</column>
      <column name="date">1407250276</column>
      <column name="name">IrinaYuliya</column>
      <column name="text">#квартира Северо-Западный Сбербанк увеличил ипотечный портфель: Северо-Западный банк Сбербанк ув... http://t.co/D1G124aLiM #следуй</column>
      <column name="sberbank">0</column>
      <column name="vtb">NULL</column>
      <column name="gazprom">NULL</column>
      <column name="alfabank">NULL</column>
      <column name="bankmoskvy">NULL</column>
      <column name="raiffeisen">NULL</column>
      <column name="uralsib">NULL</column>
      <column name="rshb">NULL</column>
    </table>
    <table name="bank">
      <column name="id">3004</column>
      <column name="twitid">496669814371270000</column>
      <column name="date">1407250286</column>
      <column name="name">juqutahymici</column>
      <column name="text">#новости Северо-Западный Сбербанк увеличил ипотечный портфель: Северо-Западный банк ... http://t.co/7zuWsEYA4K #недвижимость</column>
      <column name="sberbank">0</column>
      <column name="vtb">NULL</column>
      <column name="gazprom">NULL</column>
      <column name="alfabank">NULL</column>
      <column name="bankmoskvy">NULL</column>
      <column name="raiffeisen">NULL</column>
      <column name="uralsib">NULL</column>
      <column name="rshb">NULL</column>
    </table>
    <table name="bank">
      <column name="id">3005</column>
      <column name="twitid">496669817487630000</column>
      <column name="date">1407250286</column>
      <column name="name">xomutnikova</column>
      <column name="text">#новости Северо-Западный Сбербанк увеличил ипотечный портфель: Северо-Западный банк ... http://t.co/sDEqvRmR18 #недвижимость</column>
      <column name="sberbank">0</column>
      <column name="vtb">NULL</column>
      <column name="gazprom">NULL</column>
      <column name="alfabank">NULL</column>
      <column name="bankmoskvy">NULL</column>
      <column name="raiffeisen">NULL</column>
      <column name="uralsib">NULL</column>
      <column name="rshb">NULL</column>
    </table>
    <table name="bank">
      <column name="id">3006</column>
      <column name="twitid">496685551014380000</column>
      <column name="date">1407254038</column>
      <column name="name">krot22</column>
      <column name="text">RT @sberbank: Сбербанк начал выпуск карт платежной системы «Универсальная электронная карта» (ПРО100) по всей России. Подробнее http://t.co…</column>
      <column name="sberbank">0</column>
      <column name="vtb">NULL</column>
      <column name="gazprom">NULL</column>
      <column name="alfabank">NULL</column>
      <column name="bankmoskvy">NULL</column>
      <column name="raiffeisen">NULL</column>
      <column name="uralsib">NULL</column>
      <column name="rshb">NULL</column>
    </table>
    <table name="bank">
      <column name="id">3007</column>
      <column name="twitid">496686948522930000</column>
      <column name="date">1407254371</column>
      <column name="name">beDarbonne</column>
      <column name="text">http://t.co/5ZShjQZ2ym Получить кредитную карту в альфа банке</column>
      <column name="sberbank">NULL</column>
      <column name="vtb">NULL</column>
      <column name="gazprom">NULL</column>
      <column name="alfabank">0</column>
      <column name="bankmoskvy">NULL</column>
      <column name="raiffeisen">NULL</column>
      <column name="uralsib">NULL</column>
      <column name="rshb">NULL</column>
    </table>
    <table name="bank">
      <column name="id">3008</column>
      <column name="twitid">496690330658700000</column>
      <column name="date">1407255177</column>
      <column name="name">Nicky__96</column>
      <column name="text">RT @ru_hockey: Спонсор московского &quot;Динамо&quot; банк ВТБ не планирует прекращать сотрудничество http://t.co/D7h4wO3JpT #hockey</column>
      <column name="sberbank">NULL</column>
      <column name="vtb">0</column>
      <column name="gazprom">NULL</column>
      <column name="alfabank">NULL</column>
      <column name="bankmoskvy">NULL</column>
      <column name="raiffeisen">NULL</column>
      <column name="uralsib">NULL</column>
      <column name="rshb">NULL</column>
    </table>
    <table name="bank">
      <column name="id">3009</column>
      <column name="twitid">496691915052430000</column>
      <column name="date">1407255555</column>
      <column name="name">kuzmikvassa</column>
      <column name="text">RT @eubvyelka: Сбербанк России - 170 лет на рынке очередей!</column>
      <column name="sberbank">-1</column>
      <column name="vtb">NULL</column>
      <column name="gazprom">NULL</column>
      <column name="alfabank">NULL</column>
      <column name="bankmoskvy">NULL</column>
      <column name="raiffeisen">NULL</column>
      <column name="uralsib">NULL</column>
      <column name="rshb">NULL</column>
    </table>
    <table name="bank">
      <column name="id">3010</column>
      <column name="twitid">496694272725620000</column>
      <column name="date">1407256117</column>
      <column name="name">ARRmedia</column>
      <column name="text">Зачем #билайн украл логотип у #сбербанк ???) @ ТРЦ &quot;Фантастика&quot; http://t.co/RgUfhBavJ0</column>
      <column name="sberbank">0</column>
      <column name="vtb">NULL</column>
      <column name="gazprom">NULL</column>
      <column name="alfabank">NULL</column>
      <column name="bankmoskvy">NULL</column>
      <column name="raiffeisen">NULL</column>
      <column name="uralsib">NULL</column>
      <column name="rshb">NULL</column>
    </table>
    <table name="bank">
      <column name="id">3011</column>
      <column name="twitid">496694894274940000</column>
      <column name="date">1407256265</column>
      <column name="name">XeniaYackubova</column>
      <column name="text">#news Сбербанк начал выпуск карт ПРО100 по всей России #читаю #ru_ff #seo</column>
      <column name="sberbank">0</column>
      <column name="vtb">NULL</column>
      <column name="gazprom">NULL</column>
      <column name="alfabank">NULL</column>
      <column name="bankmoskvy">NULL</column>
      <column name="raiffeisen">NULL</column>
      <column name="uralsib">NULL</column>
      <column name="rshb">NULL</column>
    </table>
    <table name="bank">
      <column name="id">3012</column>
      <column name="twitid">496697820205020000</column>
      <column name="date">1407256963</column>
      <column name="name">tileducsen1987</column>
      <column name="text">В этом году автокредитование в ВТБ 24 упало на 46% по сравнению с прошлым годом. За полгода банк выдал 2,6 млрд рублей на покупку автомобил</column>
      <column name="sberbank">NULL</column>
      <column name="vtb">0</column>
      <column name="gazprom">NULL</column>
      <column name="alfabank">NULL</column>
      <column name="bankmoskvy">NULL</column>
      <column name="raiffeisen">NULL</column>
      <column name="uralsib">NULL</column>
      <column name="rshb">NULL</column>
    </table>
    <table name="bank">
      <column name="id">3013</column>
      <column name="twitid">496702011996640000</column>
      <column name="date">1407257962</column>
      <column name="name">Tsytseron</column>
      <column name="text">Сенсация! Автокредит Сбербанк Рассчитать - Кредитный Калькулятор Сбербанка Рассчитать http://t.co/00KEAje4YW</column>
      <column name="sberbank">0</column>
      <column name="vtb">NULL</column>
      <column name="gazprom">NULL</column>
      <column name="alfabank">NULL</column>
      <column name="bankmoskvy">NULL</column>
      <column name="raiffeisen">NULL</column>
      <column name="uralsib">NULL</column>
      <column name="rshb">NULL</column>
    </table>
    <table name="bank">
      <column name="id">3014</column>
      <column name="twitid">496703509065370000</column>
      <column name="date">1407258319</column>
      <column name="name">usenanri</column>
      <column name="text">RT @penlicaha: Сбербанк и ВТБ пополнили санкционный список Евросоюза</column>
      <column name="sberbank">-1</column>
      <column name="vtb">-1</column>
      <column name="gazprom">NULL</column>
      <column name="alfabank">NULL</column>
      <column name="bankmoskvy">NULL</column>
      <column name="raiffeisen">NULL</column>
      <column name="uralsib">NULL</column>
      <column name="rshb">NULL</column>
    </table>
    <table name="bank">
      <column name="id">3015</column>
      <column name="twitid">496711772288880000</column>
      <column name="date">1407260289</column>
      <column name="name">BryanKodba4</column>
      <column name="text">Банк Москвы предоставит Приморью кредит в 1,5 млрд руб. на покупку воздушных судов</column>
      <column name="sberbank">NULL</column>
      <column name="vtb">NULL</column>
      <column name="gazprom">NULL</column>
      <column name="alfabank">NULL</column>
      <column name="bankmoskvy">0</column>
      <column name="raiffeisen">NULL</column>
      <column name="uralsib">NULL</column>
      <column name="rshb">NULL</column>
    </table>
    <table name="bank">
      <column name="id">3016</column>
      <column name="twitid">496718407732320000</column>
      <column name="date">1407261871</column>
      <column name="name">valenaleriz</column>
      <column name="text">RT @tewiboqylog: http://t.co/n5R2exbl54 Сбербанк начал выпуск карт на российской платежной системе ПРО100</column>
      <column name="sberbank">0</column>
      <column name="vtb">NULL</column>
      <column name="gazprom">NULL</column>
      <column name="alfabank">NULL</column>
      <column name="bankmoskvy">NULL</column>
      <column name="raiffeisen">NULL</column>
      <column name="uralsib">NULL</column>
      <column name="rshb">NULL</column>
    </table>
    <table name="bank">
      <column name="id">3017</column>
      <column name="twitid">496728614076160000</column>
      <column name="date">1407264305</column>
      <column name="name">Teyasky</column>
      <column name="text">общая характеристика оао сбербанк россии http://t.co/TCcDdu1x9y</column>
      <column name="sberbank">0</column>
      <column name="vtb">NULL</column>
      <column name="gazprom">NULL</column>
      <column name="alfabank">NULL</column>
      <column name="bankmoskvy">NULL</column>
      <column name="raiffeisen">NULL</column>
      <column name="uralsib">NULL</column>
      <column name="rshb">NULL</column>
    </table>
    <table name="bank">
      <column name="id">3018</column>
      <column name="twitid">496741148476450000</column>
      <column name="date">1407267293</column>
      <column name="name">zytedulejoqo</column>
      <column name="text">RT @kenyon_sachio: http://t.co/c8hpLcfV9l Сбербанк начал выпуск карт на базе российской платежной системы&amp;amp;#8230;</column>
      <column name="sberbank">1</column>
      <column name="vtb">NULL</column>
      <column name="gazprom">NULL</column>
      <column name="alfabank">NULL</column>
      <column name="bankmoskvy">NULL</column>
      <column name="raiffeisen">NULL</column>
      <column name="uralsib">NULL</column>
      <column name="rshb">NULL</column>
    </table>
    <table name="bank">
      <column name="id">3019</column>
      <column name="twitid">496761645033860000</column>
      <column name="date">1407272180</column>
      <column name="name">ysorpmey</column>
      <column name="text">http://t.co/MyuFBbqXQ8 Как взять потребительский кредит в альфа банке</column>
      <column name="sberbank">NULL</column>
      <column name="vtb">NULL</column>
      <column name="gazprom">NULL</column>
      <column name="alfabank">0</column>
      <column name="bankmoskvy">NULL</column>
      <column name="raiffeisen">NULL</column>
      <column name="uralsib">NULL</column>
      <column name="rshb">NULL</column>
    </table>
    <table name="bank">
      <column name="id">3020</column>
      <column name="twitid">496763098670580000</column>
      <column name="date">1407272526</column>
      <column name="name">yakimenko041284</column>
      <column name="text">Ставки по кредитам сбер банка http://t.co/FYgUivk3hC</column>
      <column name="sberbank">0</column>
      <column name="vtb">NULL</column>
      <column name="gazprom">NULL</column>
      <column name="alfabank">NULL</column>
      <column name="bankmoskvy">NULL</column>
      <column name="raiffeisen">NULL</column>
      <column name="uralsib">NULL</column>
      <column name="rshb">NULL</column>
    </table>
    <table name="bank">
      <column name="id">3021</column>
      <column name="twitid">496763246683390000</column>
      <column name="date">1407272562</column>
      <column name="name">rakovskayas</column>
      <column name="text">Банк втб 24 воронеж кредит проценты http://t.co/1dr07Ep2a1</column>
      <column name="sberbank">NULL</column>
      <column name="vtb">0</column>
      <column name="gazprom">NULL</column>
      <column name="alfabank">NULL</column>
      <column name="bankmoskvy">NULL</column>
      <column name="raiffeisen">NULL</column>
      <column name="uralsib">NULL</column>
      <column name="rshb">NULL</column>
    </table>
    <table name="bank">
      <column name="id">3022</column>
      <column name="twitid">496765273723390000</column>
      <column name="date">1407273045</column>
      <column name="name">nidutaceguj</column>
      <column name="text">Кредит по двум документам в райффайзенбанке http://t.co/vutYnDhuRz</column>
      <column name="sberbank">NULL</column>
      <column name="vtb">NULL</column>
      <column name="gazprom">NULL</column>
      <column name="alfabank">NULL</column>
      <column name="bankmoskvy">NULL</column>
      <column name="raiffeisen">0</column>
      <column name="uralsib">NULL</column>
      <column name="rshb">NULL</column>
    </table>
    <table name="bank">
      <column name="id">3023</column>
      <column name="twitid">496769206906810000</column>
      <column name="date">1407273983</column>
      <column name="name">ossomala76</column>
      <column name="text">Ноутбук в кредит банк москвы http://t.co/0gH30RNjup</column>
      <column name="sberbank">NULL</column>
      <column name="vtb">NULL</column>
      <column name="gazprom">NULL</column>
      <column name="alfabank">NULL</column>
      <column name="bankmoskvy">0</column>
      <column name="raiffeisen">NULL</column>
      <column name="uralsib">NULL</column>
      <column name="rshb">NULL</column>
    </table>
    <table name="bank">
      <column name="id">3024</column>
      <column name="twitid">496770277221860000</column>
      <column name="date">1407274238</column>
      <column name="name">tondaqvoemrick</column>
      <column name="text">Потребительские кредиты в альфа банке нижнего новгорода http://t.co/oxDYpKSaY2</column>
      <column name="sberbank">NULL</column>
      <column name="vtb">NULL</column>
      <column name="gazprom">NULL</column>
      <column name="alfabank">0</column>
      <column name="bankmoskvy">NULL</column>
      <column name="raiffeisen">NULL</column>
      <column name="uralsib">NULL</column>
      <column name="rshb">NULL</column>
    </table>
    <table name="bank">
      <column name="id">3025</column>
      <column name="twitid">496772171893460000</column>
      <column name="date">1407274690</column>
      <column name="name">erdreStor</column>
      <column name="text">http://t.co/wNnnZtKpD0 Получить кредит в волгограде альфабанк</column>
      <column name="sberbank">NULL</column>
      <column name="vtb">NULL</column>
      <column name="gazprom">NULL</column>
      <column name="alfabank">0</column>
      <column name="bankmoskvy">NULL</column>
      <column name="raiffeisen">NULL</column>
      <column name="uralsib">NULL</column>
      <column name="rshb">NULL</column>
    </table>
    <table name="bank">
      <column name="id">3026</column>
      <column name="twitid">496777392699220000</column>
      <column name="date">1407275934</column>
      <column name="name">Lenuska_odessa</column>
      <column name="text">RT @dmitry_gordon: В Николаеве неизвестные разгромили два филиала российского банка http://t.co/Imgvbek9YQ #Сбербанк #Николаев</column>
      <column name="sberbank">-1</column>
      <column name="vtb">NULL</column>
      <column name="gazprom">NULL</column>
      <column name="alfabank">NULL</column>
      <column name="bankmoskvy">NULL</column>
      <column name="raiffeisen">NULL</column>
      <column name="uralsib">NULL</column>
      <column name="rshb">NULL</column>
    </table>
    <table name="bank">
      <column name="id">3027</column>
      <column name="twitid">496781375681610000</column>
      <column name="date">1407276884</column>
      <column name="name">OlezhkaNatalin</column>
      <column name="text">Отсрочка кредита в сбер банке http://t.co/IK1etCZgLe</column>
      <column name="sberbank">0</column>
      <column name="vtb">NULL</column>
      <column name="gazprom">NULL</column>
      <column name="alfabank">NULL</column>
      <column name="bankmoskvy">NULL</column>
      <column name="raiffeisen">NULL</column>
      <column name="uralsib">NULL</column>
      <column name="rshb">NULL</column>
    </table>
    <table name="bank">
      <column name="id">3028</column>
      <column name="twitid">496785858289480000</column>
      <column name="date">1407277953</column>
      <column name="name">arieluxrheaume</column>
      <column name="text">Райффайзен банк москва кредит http://t.co/5KPysRrT24</column>
      <column name="sberbank">NULL</column>
      <column name="vtb">NULL</column>
      <column name="gazprom">NULL</column>
      <column name="alfabank">NULL</column>
      <column name="bankmoskvy">NULL</column>
      <column name="raiffeisen">0</column>
      <column name="uralsib">NULL</column>
      <column name="rshb">NULL</column>
    </table>
    <table name="bank">
      <column name="id">3029</column>
      <column name="twitid">496787317810800000</column>
      <column name="date">1407278301</column>
      <column name="name">oap922axdh</column>
      <column name="text">Кредит овердрафт для юридических лиц сбербанк http://t.co/IHxqZ6H5Pc</column>
      <column name="sberbank">0</column>
      <column name="vtb">NULL</column>
      <column name="gazprom">NULL</column>
      <column name="alfabank">NULL</column>
      <column name="bankmoskvy">NULL</column>
      <column name="raiffeisen">NULL</column>
      <column name="uralsib">NULL</column>
      <column name="rshb">NULL</column>
    </table>
    <table name="bank">
      <column name="id">3030</column>
      <column name="twitid">496790400259350000</column>
      <column name="date">1407279036</column>
      <column name="name">qikiwowogol</column>
      <column name="text">Какие кредиты можно получить в альфа банке http://t.co/EjhzHh4Z6k</column>
      <column name="sberbank">NULL</column>
      <column name="vtb">NULL</column>
      <column name="gazprom">NULL</column>
      <column name="alfabank">0</column>
      <column name="bankmoskvy">NULL</column>
      <column name="raiffeisen">NULL</column>
      <column name="uralsib">NULL</column>
      <column name="rshb">NULL</column>
    </table>
    <table name="bank">
      <column name="id">3031</column>
      <column name="twitid">496795340486740000</column>
      <column name="date">1407280213</column>
      <column name="name">fybosehewu</column>
      <column name="text">Взять кредит на квартиру банк москвы http://t.co/dwFI2Y1U7K</column>
      <column name="sberbank">NULL</column>
      <column name="vtb">NULL</column>
      <column name="gazprom">NULL</column>
      <column name="alfabank">NULL</column>
      <column name="bankmoskvy">0</column>
      <column name="raiffeisen">NULL</column>
      <column name="uralsib">NULL</column>
      <column name="rshb">NULL</column>
    </table>
    <table name="bank">
      <column name="id">3032</column>
      <column name="twitid">496797448992740000</column>
      <column name="date">1407280716</column>
      <column name="name">luannsrhkwester</column>
      <column name="text">Автокредит в россельхозбанке в саратове http://t.co/Pf6lzYfIoM</column>
      <column name="sberbank">NULL</column>
      <column name="vtb">NULL</column>
      <column name="gazprom">NULL</column>
      <column name="alfabank">NULL</column>
      <column name="bankmoskvy">NULL</column>
      <column name="raiffeisen">NULL</column>
      <column name="uralsib">NULL</column>
      <column name="rshb">0</column>
    </table>
    <table name="bank">
      <column name="id">3033</column>
      <column name="twitid">496799429887000000</column>
      <column name="date">1407281188</column>
      <column name="name">bigiceruqyj</column>
      <column name="text">Европейский кредитpq альфа банк донецк http://t.co/7GzPZdqGji</column>
      <column name="sberbank">NULL</column>
      <column name="vtb">NULL</column>
      <column name="gazprom">NULL</column>
      <column name="alfabank">0</column>
      <column name="bankmoskvy">NULL</column>
      <column name="raiffeisen">NULL</column>
      <column name="uralsib">NULL</column>
      <column name="rshb">NULL</column>
    </table>
    <table name="bank">
      <column name="id">3034</column>
      <column name="twitid">496800436725100000</column>
      <column name="date">1407281428</column>
      <column name="name">lexacom</column>
      <column name="text">Райффайзенбанк екатеринбург http://t.co/AXG2VE42LX</column>
      <column name="sberbank">NULL</column>
      <column name="vtb">NULL</column>
      <column name="gazprom">NULL</column>
      <column name="alfabank">NULL</column>
      <column name="bankmoskvy">NULL</column>
      <column name="raiffeisen">0</column>
      <column name="uralsib">NULL</column>
      <column name="rshb">NULL</column>
    </table>
    <table name="bank">
      <column name="id">3035</column>
      <column name="twitid">496806432193650000</column>
      <column name="date">1407282858</column>
      <column name="name">lefowekem</column>
      <column name="text">Как взять кредит для организации сбербанк http://t.co/gzX9YctdbA</column>
      <column name="sberbank">0</column>
      <column name="vtb">NULL</column>
      <column name="gazprom">NULL</column>
      <column name="alfabank">NULL</column>
      <column name="bankmoskvy">NULL</column>
      <column name="raiffeisen">NULL</column>
      <column name="uralsib">NULL</column>
      <column name="rshb">NULL</column>
    </table>
    <table name="bank">
      <column name="id">3036</column>
      <column name="twitid">496808706236220000</column>
      <column name="date">1407283400</column>
      <column name="name">agipaoyuvg</column>
      <column name="text">http://t.co/8ZzfsqRf7n Получить потребительский кредит в россельхозбанке</column>
      <column name="sberbank">NULL</column>
      <column name="vtb">NULL</column>
      <column name="gazprom">NULL</column>
      <column name="alfabank">NULL</column>
      <column name="bankmoskvy">NULL</column>
      <column name="raiffeisen">NULL</column>
      <column name="uralsib">NULL</column>
      <column name="rshb">0</column>
    </table>
    <table name="bank">
      <column name="id">3037</column>
      <column name="twitid">496809505133690000</column>
      <column name="date">1407283590</column>
      <column name="name">seudaponem</column>
      <column name="text">Кредит авто сбербанк россии http://t.co/aqLnbaulBf</column>
      <column name="sberbank">0</column>
      <column name="vtb">NULL</column>
      <column name="gazprom">NULL</column>
      <column name="alfabank">NULL</column>
      <column name="bankmoskvy">NULL</column>
      <column name="raiffeisen">NULL</column>
      <column name="uralsib">NULL</column>
      <column name="rshb">NULL</column>
    </table>
    <table name="bank">
      <column name="id">3038</column>
      <column name="twitid">496812508615690000</column>
      <column name="date">1407284307</column>
      <column name="name">KatySun3</column>
      <column name="text">Дальневосточный Сбербанк профинансирует строительство 18-этажного гостинично-развлекательного комплекса в Хабаровске</column>
      <column name="sberbank">0</column>
      <column name="vtb">NULL</column>
      <column name="gazprom">NULL</column>
      <column name="alfabank">NULL</column>
      <column name="bankmoskvy">NULL</column>
      <column name="raiffeisen">NULL</column>
      <column name="uralsib">NULL</column>
      <column name="rshb">NULL</column>
    </table>
    <table name="bank">
      <column name="id">3039</column>
      <column name="twitid">496815520315090000</column>
      <column name="date">1407285025</column>
      <column name="name">cugizusosab</column>
      <column name="text">Банк челябинской обл по автокредитам втб 24 http://t.co/rbaX4rVWUh</column>
      <column name="sberbank">NULL</column>
      <column name="vtb">0</column>
      <column name="gazprom">NULL</column>
      <column name="alfabank">NULL</column>
      <column name="bankmoskvy">NULL</column>
      <column name="raiffeisen">NULL</column>
      <column name="uralsib">NULL</column>
      <column name="rshb">NULL</column>
    </table>
    <table name="bank">
      <column name="id">3040</column>
      <column name="twitid">496818142937880000</column>
      <column name="date">1407285650</column>
      <column name="name">kzutpr</column>
      <column name="text">Потребительский кредит в газпром банке http://t.co/S0AmKGdtYV</column>
      <column name="sberbank">NULL</column>
      <column name="vtb">NULL</column>
      <column name="gazprom">0</column>
      <column name="alfabank">NULL</column>
      <column name="bankmoskvy">NULL</column>
      <column name="raiffeisen">NULL</column>
      <column name="uralsib">NULL</column>
      <column name="rshb">NULL</column>
    </table>
    <table name="bank">
      <column name="id">3041</column>
      <column name="twitid">496819979791380000</column>
      <column name="date">1407286088</column>
      <column name="name">difoxuve</column>
      <column name="text">Кредит сбербанк росси н новгород http://t.co/9L3UWpG54n</column>
      <column name="sberbank">0</column>
      <column name="vtb">NULL</column>
      <column name="gazprom">NULL</column>
      <column name="alfabank">NULL</column>
      <column name="bankmoskvy">NULL</column>
      <column name="raiffeisen">NULL</column>
      <column name="uralsib">NULL</column>
      <column name="rshb">NULL</column>
    </table>
    <table name="bank">
      <column name="id">3042</column>
      <column name="twitid">496820083743030000</column>
      <column name="date">1407286113</column>
      <column name="name">omryorcf</column>
      <column name="text">Как заплатить кредит сбербанк http://t.co/mIskC4nFrA</column>
      <column name="sberbank">0</column>
      <column name="vtb">NULL</column>
      <column name="gazprom">NULL</column>
      <column name="alfabank">NULL</column>
      <column name="bankmoskvy">NULL</column>
      <column name="raiffeisen">NULL</column>
      <column name="uralsib">NULL</column>
      <column name="rshb">NULL</column>
    </table>
    <table name="bank">
      <column name="id">3043</column>
      <column name="twitid">496820135446200000</column>
      <column name="date">1407286125</column>
      <column name="name">mutebone</column>
      <column name="text">Кредит на любые цели альфа банк http://t.co/q2FhpNHpPX</column>
      <column name="sberbank">NULL</column>
      <column name="vtb">NULL</column>
      <column name="gazprom">NULL</column>
      <column name="alfabank">0</column>
      <column name="bankmoskvy">NULL</column>
      <column name="raiffeisen">NULL</column>
      <column name="uralsib">NULL</column>
      <column name="rshb">NULL</column>
    </table>
    <table name="bank">
      <column name="id">3044</column>
      <column name="twitid">496820135450390000</column>
      <column name="date">1407286125</column>
      <column name="name">zentbeyotc</column>
      <column name="text">Банк втб 24 кредит в новокузнецке http://t.co/41eFQLph9l</column>
      <column name="sberbank">NULL</column>
      <column name="vtb">0</column>
      <column name="gazprom">NULL</column>
      <column name="alfabank">NULL</column>
      <column name="bankmoskvy">NULL</column>
      <column name="raiffeisen">NULL</column>
      <column name="uralsib">NULL</column>
      <column name="rshb">NULL</column>
    </table>
    <table name="bank">
      <column name="id">3045</column>
      <column name="twitid">496821180805150000</column>
      <column name="date">1407286374</column>
      <column name="name">dofotivepuh</column>
      <column name="text">Банк москвы кредиты малому бизнесу http://t.co/ueQJCWXLEB</column>
      <column name="sberbank">NULL</column>
      <column name="vtb">NULL</column>
      <column name="gazprom">NULL</column>
      <column name="alfabank">NULL</column>
      <column name="bankmoskvy">0</column>
      <column name="raiffeisen">NULL</column>
      <column name="uralsib">NULL</column>
      <column name="rshb">NULL</column>
    </table>
    <table name="bank">
      <column name="id">3046</column>
      <column name="twitid">496822580402460000</column>
      <column name="date">1407286708</column>
      <column name="name">wancuvning</column>
      <column name="text">Кредит автомобилей в россельхозбанке http://t.co/pbyPz7xqtE</column>
      <column name="sberbank">NULL</column>
      <column name="vtb">NULL</column>
      <column name="gazprom">NULL</column>
      <column name="alfabank">NULL</column>
      <column name="bankmoskvy">NULL</column>
      <column name="raiffeisen">NULL</column>
      <column name="uralsib">NULL</column>
      <column name="rshb">0</column>
    </table>
    <table name="bank">
      <column name="id">3047</column>
      <column name="twitid">496822616829990000</column>
      <column name="date">1407286717</column>
      <column name="name">icocej6</column>
      <column name="text">Кредиты банка втб 24 в оренбурге http://t.co/CQFt6OmZGi</column>
      <column name="sberbank">NULL</column>
      <column name="vtb">0</column>
      <column name="gazprom">NULL</column>
      <column name="alfabank">NULL</column>
      <column name="bankmoskvy">NULL</column>
      <column name="raiffeisen">NULL</column>
      <column name="uralsib">NULL</column>
      <column name="rshb">NULL</column>
    </table>
    <table name="bank">
      <column name="id">3048</column>
      <column name="twitid">496829044332450000</column>
      <column name="date">1407288249</column>
      <column name="name">atdeee5vsf</column>
      <column name="text">Кредит райфайзенг банк г курск http://t.co/XJxnBtcwbO</column>
      <column name="sberbank">NULL</column>
      <column name="vtb">NULL</column>
      <column name="gazprom">NULL</column>
      <column name="alfabank">NULL</column>
      <column name="bankmoskvy">NULL</column>
      <column name="raiffeisen">0</column>
      <column name="uralsib">NULL</column>
      <column name="rshb">NULL</column>
    </table>
    <table name="bank">
      <column name="id">3049</column>
      <column name="twitid">496829630335420000</column>
      <column name="date">1407288389</column>
      <column name="name">eliceStr</column>
      <column name="text">http://t.co/bFeIwLrSPx Взять кредит в втб 24 онлайн</column>
      <column name="sberbank">NULL</column>
      <column name="vtb">0</column>
      <column name="gazprom">NULL</column>
      <column name="alfabank">NULL</column>
      <column name="bankmoskvy">NULL</column>
      <column name="raiffeisen">NULL</column>
      <column name="uralsib">NULL</column>
      <column name="rshb">NULL</column>
    </table>
    <table name="bank">
      <column name="id">3050</column>
      <column name="twitid">496830789813020000</column>
      <column name="date">1407288665</column>
      <column name="name">vawosaqeg</column>
      <column name="text">Кредитные карты виза альфа банк новосибирск http://t.co/Z7S0mPwItR</column>
      <column name="sberbank">NULL</column>
      <column name="vtb">NULL</column>
      <column name="gazprom">NULL</column>
      <column name="alfabank">0</column>
      <column name="bankmoskvy">NULL</column>
      <column name="raiffeisen">NULL</column>
      <column name="uralsib">NULL</column>
      <column name="rshb">NULL</column>
    </table>
    <table name="bank">
      <column name="id">3051</column>
      <column name="twitid">496834114298070000</column>
      <column name="date">1407289458</column>
      <column name="name">gujitazeryko</column>
      <column name="text">RT @niqyxinyxywu: Евросоюз наказал за Украину Сбербанк и еще 4 банка из РФ</column>
      <column name="sberbank">-1</column>
      <column name="vtb">NULL</column>
      <column name="gazprom">NULL</column>
      <column name="alfabank">NULL</column>
      <column name="bankmoskvy">NULL</column>
      <column name="raiffeisen">NULL</column>
      <column name="uralsib">NULL</column>
      <column name="rshb">NULL</column>
    </table>
    <table name="bank">
      <column name="id">3052</column>
      <column name="twitid">496835351940310000</column>
      <column name="date">1407289753</column>
      <column name="name">MelodyColangelo</column>
      <column name="text">#hockey Спонсор московского &quot;Динамо&quot; банк ВТБ не планирует прекращать сотрудничество http://t.co/P5nOZfEoqg #трансфер</column>
      <column name="sberbank">NULL</column>
      <column name="vtb">0</column>
      <column name="gazprom">NULL</column>
      <column name="alfabank">NULL</column>
      <column name="bankmoskvy">NULL</column>
      <column name="raiffeisen">NULL</column>
      <column name="uralsib">NULL</column>
      <column name="rshb">NULL</column>
    </table>
    <table name="bank">
      <column name="id">3053</column>
      <column name="twitid">496835460522440000</column>
      <column name="date">1407289779</column>
      <column name="name">rkRoessl</column>
      <column name="text">Спонсор московского &quot;Динамо&quot; банк ВТБ не планирует прекращать сотрудничество http://t.co/XpgSeh3p8b #хоккейные #моменты</column>
      <column name="sberbank">NULL</column>
      <column name="vtb">0</column>
      <column name="gazprom">NULL</column>
      <column name="alfabank">NULL</column>
      <column name="bankmoskvy">NULL</column>
      <column name="raiffeisen">NULL</column>
      <column name="uralsib">NULL</column>
      <column name="rshb">NULL</column>
    </table>
    <table name="bank">
      <column name="id">3054</column>
      <column name="twitid">496835766635740000</column>
      <column name="date">1407289852</column>
      <column name="name">fusizipy</column>
      <column name="text">Быстро кредит от втб 24 http://t.co/lcQ6tZ7RqJ</column>
      <column name="sberbank">NULL</column>
      <column name="vtb">0</column>
      <column name="gazprom">NULL</column>
      <column name="alfabank">NULL</column>
      <column name="bankmoskvy">NULL</column>
      <column name="raiffeisen">NULL</column>
      <column name="uralsib">NULL</column>
      <column name="rshb">NULL</column>
    </table>
    <table name="bank">
      <column name="id">3055</column>
      <column name="twitid">496839104475430000</column>
      <column name="date">1407290648</column>
      <column name="name">mvmwmp</column>
      <column name="text">Кредит втб 24 ставрополь http://t.co/hbVudszSJR</column>
      <column name="sberbank">NULL</column>
      <column name="vtb">0</column>
      <column name="gazprom">NULL</column>
      <column name="alfabank">NULL</column>
      <column name="bankmoskvy">NULL</column>
      <column name="raiffeisen">NULL</column>
      <column name="uralsib">NULL</column>
      <column name="rshb">NULL</column>
    </table>
    <table name="bank">
      <column name="id">3056</column>
      <column name="twitid">496839206476730000</column>
      <column name="date">1407290672</column>
      <column name="name">gladkovskayana1</column>
      <column name="text">Как закрыть кредитную карту в альфа банке http://t.co/56YOnV6FOa</column>
      <column name="sberbank">NULL</column>
      <column name="vtb">NULL</column>
      <column name="gazprom">NULL</column>
      <column name="alfabank">0</column>
      <column name="bankmoskvy">NULL</column>
      <column name="raiffeisen">NULL</column>
      <column name="uralsib">NULL</column>
      <column name="rshb">NULL</column>
    </table>
    <table name="bank">
      <column name="id">3057</column>
      <column name="twitid">496840723480970000</column>
      <column name="date">1407291034</column>
      <column name="name">jidipurosid</column>
      <column name="text">Санкт петербург сбербанк кредиты физическим лицам http://t.co/eSw0bRivo8</column>
      <column name="sberbank">0</column>
      <column name="vtb">NULL</column>
      <column name="gazprom">NULL</column>
      <column name="alfabank">NULL</column>
      <column name="bankmoskvy">NULL</column>
      <column name="raiffeisen">NULL</column>
      <column name="uralsib">NULL</column>
      <column name="rshb">NULL</column>
    </table>
    <table name="bank">
      <column name="id">3058</column>
      <column name="twitid">496843666477310000</column>
      <column name="date">1407291735</column>
      <column name="name">melyjycafofi</column>
      <column name="text">RT @miqunotosupy: Сбербанк начал выпуск карт на базе российской платежной системы ПРО100</column>
      <column name="sberbank">0</column>
      <column name="vtb">NULL</column>
      <column name="gazprom">NULL</column>
      <column name="alfabank">NULL</column>
      <column name="bankmoskvy">NULL</column>
      <column name="raiffeisen">NULL</column>
      <column name="uralsib">NULL</column>
      <column name="rshb">NULL</column>
    </table>
    <table name="bank">
      <column name="id">3059</column>
      <column name="twitid">496846265792340000</column>
      <column name="date">1407292355</column>
      <column name="name">godonify</column>
      <column name="text">Кредиты в втб 24 екатеринбург http://t.co/R2AHzVWDIa</column>
      <column name="sberbank">NULL</column>
      <column name="vtb">0</column>
      <column name="gazprom">NULL</column>
      <column name="alfabank">NULL</column>
      <column name="bankmoskvy">NULL</column>
      <column name="raiffeisen">NULL</column>
      <column name="uralsib">NULL</column>
      <column name="rshb">NULL</column>
    </table>
    <table name="bank">
      <column name="id">3060</column>
      <column name="twitid">496850324985240000</column>
      <column name="date">1407293323</column>
      <column name="name">irghubnonx</column>
      <column name="text">Банк втб 24 кредиты какие документы http://t.co/vRRdrgZ20z</column>
      <column name="sberbank">NULL</column>
      <column name="vtb">0</column>
      <column name="gazprom">NULL</column>
      <column name="alfabank">NULL</column>
      <column name="bankmoskvy">NULL</column>
      <column name="raiffeisen">NULL</column>
      <column name="uralsib">NULL</column>
      <column name="rshb">NULL</column>
    </table>
    <table name="bank">
      <column name="id">3061</column>
      <column name="twitid">496850691755740000</column>
      <column name="date">1407293410</column>
      <column name="name">ziotrohgititi</column>
      <column name="text">Бывший топ-менеджер Райффайзенбанка пришел в банк «Санкт-Петербург»</column>
      <column name="sberbank">NULL</column>
      <column name="vtb">NULL</column>
      <column name="gazprom">NULL</column>
      <column name="alfabank">NULL</column>
      <column name="bankmoskvy">NULL</column>
      <column name="raiffeisen">0</column>
      <column name="uralsib">NULL</column>
      <column name="rshb">NULL</column>
    </table>
    <table name="bank">
      <column name="id">3062</column>
      <column name="twitid">496851700687590000</column>
      <column name="date">1407293651</column>
      <column name="name">umolai164b</column>
      <column name="text">Калькулятор на автокредит сбербанк г саратов http://t.co/OYjWCT0GHu</column>
      <column name="sberbank">0</column>
      <column name="vtb">NULL</column>
      <column name="gazprom">NULL</column>
      <column name="alfabank">NULL</column>
      <column name="bankmoskvy">NULL</column>
      <column name="raiffeisen">NULL</column>
      <column name="uralsib">NULL</column>
      <column name="rshb">NULL</column>
    </table>
    <table name="bank">
      <column name="id">3063</column>
      <column name="twitid">496852220064040000</column>
      <column name="date">1407293775</column>
      <column name="name">hiecanthemu</column>
      <column name="text">RT @dogthernpanbang: Газпромбанк может помочь &quot;Русской платине&quot; освоить месторождение &quot;Норильск-1&quot;</column>
      <column name="sberbank">NULL</column>
      <column name="vtb">NULL</column>
      <column name="gazprom">0</column>
      <column name="alfabank">NULL</column>
      <column name="bankmoskvy">NULL</column>
      <column name="raiffeisen">NULL</column>
      <column name="uralsib">NULL</column>
      <column name="rshb">NULL</column>
    </table>
    <table name="bank">
      <column name="id">3064</column>
      <column name="twitid">496853829372380000</column>
      <column name="date">1407294158</column>
      <column name="name">agipaoyuvg</column>
      <column name="text">http://t.co/43vN0iepcV Газпромбанк взять кредит тула</column>
      <column name="sberbank">NULL</column>
      <column name="vtb">NULL</column>
      <column name="gazprom">0</column>
      <column name="alfabank">NULL</column>
      <column name="bankmoskvy">NULL</column>
      <column name="raiffeisen">NULL</column>
      <column name="uralsib">NULL</column>
      <column name="rshb">NULL</column>
    </table>
    <table name="bank">
      <column name="id">3065</column>
      <column name="twitid">496855321898660000</column>
      <column name="date">1407294514</column>
      <column name="name">qeduwovoraj</column>
      <column name="text">Автокредиты втб 24 пермь http://t.co/BzkSLPh2Zb</column>
      <column name="sberbank">NULL</column>
      <column name="vtb">0</column>
      <column name="gazprom">NULL</column>
      <column name="alfabank">NULL</column>
      <column name="bankmoskvy">NULL</column>
      <column name="raiffeisen">NULL</column>
      <column name="uralsib">NULL</column>
      <column name="rshb">NULL</column>
    </table>
    <table name="bank">
      <column name="id">3066</column>
      <column name="twitid">496855692213380000</column>
      <column name="date">1407294602</column>
      <column name="name">kitsun_nik</column>
      <column name="text">Как зарегистрировать Сбербанк онлайн через интернет http://t.co/v6BVgbwMBA</column>
      <column name="sberbank">0</column>
      <column name="vtb">NULL</column>
      <column name="gazprom">NULL</column>
      <column name="alfabank">NULL</column>
      <column name="bankmoskvy">NULL</column>
      <column name="raiffeisen">NULL</column>
      <column name="uralsib">NULL</column>
      <column name="rshb">NULL</column>
    </table>
    <table name="bank">
      <column name="id">3067</column>
      <column name="twitid">496856775694760000</column>
      <column name="date">1407294861</column>
      <column name="name">umabtech</column>
      <column name="text">Получить кредит в оао сбербанк россии http://t.co/eoT6ZKsSpP</column>
      <column name="sberbank">0</column>
      <column name="vtb">NULL</column>
      <column name="gazprom">NULL</column>
      <column name="alfabank">NULL</column>
      <column name="bankmoskvy">NULL</column>
      <column name="raiffeisen">NULL</column>
      <column name="uralsib">NULL</column>
      <column name="rshb">NULL</column>
    </table>
    <table name="bank">
      <column name="id">3068</column>
      <column name="twitid">496858349091030000</column>
      <column name="date">1407295236</column>
      <column name="name">sibbanks</column>
      <column name="text">Правительство рассматривает возможность продления моратория на накопительные пенсионные взносы http://t.co/P0RZ8dFDBa #втб #банки</column>
      <column name="sberbank">NULL</column>
      <column name="vtb">--</column>
      <column name="gazprom">NULL</column>
      <column name="alfabank">NULL</column>
      <column name="bankmoskvy">NULL</column>
      <column name="raiffeisen">NULL</column>
      <column name="uralsib">NULL</column>
      <column name="rshb">NULL</column>
    </table>
    <table name="bank">
      <column name="id">3069</column>
      <column name="twitid">496860388081020000</column>
      <column name="date">1407295722</column>
      <column name="name">xyhabakokob</column>
      <column name="text">Западно уральский сбербанк кредит http://t.co/aMmcZG8FJG</column>
      <column name="sberbank">0</column>
      <column name="vtb">NULL</column>
      <column name="gazprom">NULL</column>
      <column name="alfabank">NULL</column>
      <column name="bankmoskvy">NULL</column>
      <column name="raiffeisen">NULL</column>
      <column name="uralsib">NULL</column>
      <column name="rshb">NULL</column>
    </table>
    <table name="bank">
      <column name="id">3070</column>
      <column name="twitid">496863315449380000</column>
      <column name="date">1407296420</column>
      <column name="name">mvuu03yk</column>
      <column name="text">Кредит сбербанк в башкирии http://t.co/5YFkZCaKKO</column>
      <column name="sberbank">0</column>
      <column name="vtb">NULL</column>
      <column name="gazprom">NULL</column>
      <column name="alfabank">NULL</column>
      <column name="bankmoskvy">NULL</column>
      <column name="raiffeisen">NULL</column>
      <column name="uralsib">NULL</column>
      <column name="rshb">NULL</column>
    </table>
    <table name="bank">
      <column name="id">3071</column>
      <column name="twitid">496864072693220000</column>
      <column name="date">1407296600</column>
      <column name="name">urjcasrin</column>
      <column name="text">http://t.co/Ueh4jhVXg0 Взять кредит в россельхозбанке без справки о доходах</column>
      <column name="sberbank">NULL</column>
      <column name="vtb">NULL</column>
      <column name="gazprom">NULL</column>
      <column name="alfabank">NULL</column>
      <column name="bankmoskvy">NULL</column>
      <column name="raiffeisen">NULL</column>
      <column name="uralsib">NULL</column>
      <column name="rshb">0</column>
    </table>
    <table name="bank">
      <column name="id">3072</column>
      <column name="twitid">496864840959680000</column>
      <column name="date">1407296784</column>
      <column name="name">kozmodemyansk15</column>
      <column name="text">Кредитная линия внешторгбанк недвижимость http://t.co/FHUCu5EkpY</column>
      <column name="sberbank">NULL</column>
      <column name="vtb">0</column>
      <column name="gazprom">NULL</column>
      <column name="alfabank">NULL</column>
      <column name="bankmoskvy">NULL</column>
      <column name="raiffeisen">NULL</column>
      <column name="uralsib">NULL</column>
      <column name="rshb">NULL</column>
    </table>
    <table name="bank">
      <column name="id">3073</column>
      <column name="twitid">496865860292970000</column>
      <column name="date">1407297027</column>
      <column name="name">virgendjduenas</column>
      <column name="text">Банк москвы курск кредит http://t.co/MstKo0iYjt</column>
      <column name="sberbank">NULL</column>
      <column name="vtb">NULL</column>
      <column name="gazprom">NULL</column>
      <column name="alfabank">NULL</column>
      <column name="bankmoskvy">0</column>
      <column name="raiffeisen">NULL</column>
      <column name="uralsib">NULL</column>
      <column name="rshb">NULL</column>
    </table>
    <table name="bank">
      <column name="id">3074</column>
      <column name="twitid">496866879185880000</column>
      <column name="date">1407297270</column>
      <column name="name">vobodakudq</column>
      <column name="text">Ипотечные кредиты банка втб 24 http://t.co/PcpKtzlhxD</column>
      <column name="sberbank">NULL</column>
      <column name="vtb">0</column>
      <column name="gazprom">NULL</column>
      <column name="alfabank">NULL</column>
      <column name="bankmoskvy">NULL</column>
      <column name="raiffeisen">NULL</column>
      <column name="uralsib">NULL</column>
      <column name="rshb">NULL</column>
    </table>
    <table name="bank">
      <column name="id">3075</column>
      <column name="twitid">496870347808200000</column>
      <column name="date">1407298097</column>
      <column name="name">migejizy</column>
      <column name="text">Кредитные карты уралсиб банк http://t.co/x4242NAX05</column>
      <column name="sberbank">NULL</column>
      <column name="vtb">NULL</column>
      <column name="gazprom">NULL</column>
      <column name="alfabank">NULL</column>
      <column name="bankmoskvy">NULL</column>
      <column name="raiffeisen">NULL</column>
      <column name="uralsib">0</column>
      <column name="rshb">NULL</column>
    </table>
    <table name="bank">
      <column name="id">3076</column>
      <column name="twitid">496873513413000000</column>
      <column name="date">1407298851</column>
      <column name="name">vanyrimezym</column>
      <column name="text">Процентный ставки по кредитам сбербанк http://t.co/CAh55CZ6rW</column>
      <column name="sberbank">0</column>
      <column name="vtb">NULL</column>
      <column name="gazprom">NULL</column>
      <column name="alfabank">NULL</column>
      <column name="bankmoskvy">NULL</column>
      <column name="raiffeisen">NULL</column>
      <column name="uralsib">NULL</column>
      <column name="rshb">NULL</column>
    </table>
    <table name="bank">
      <column name="id">3077</column>
      <column name="twitid">496877412664490000</column>
      <column name="date">1407299781</column>
      <column name="name">dubinkin_fyodor</column>
      <column name="text">Ставки по автокредиту райффайзенбанк http://t.co/Ctmjx7uxCD</column>
      <column name="sberbank">NULL</column>
      <column name="vtb">NULL</column>
      <column name="gazprom">NULL</column>
      <column name="alfabank">NULL</column>
      <column name="bankmoskvy">NULL</column>
      <column name="raiffeisen">0</column>
      <column name="uralsib">NULL</column>
      <column name="rshb">NULL</column>
    </table>
    <table name="bank">
      <column name="id">3078</column>
      <column name="twitid">496879464832600000</column>
      <column name="date">1407300270</column>
      <column name="name">gosafomyfe</column>
      <column name="text">Документы кредит бизнес сбербанк http://t.co/75FAeNaLxN</column>
      <column name="sberbank">0</column>
      <column name="vtb">NULL</column>
      <column name="gazprom">NULL</column>
      <column name="alfabank">NULL</column>
      <column name="bankmoskvy">NULL</column>
      <column name="raiffeisen">NULL</column>
      <column name="uralsib">NULL</column>
      <column name="rshb">NULL</column>
    </table>
    <table name="bank">
      <column name="id">3079</column>
      <column name="twitid">496882555766190000</column>
      <column name="date">1407301007</column>
      <column name="name">jeaninefmink</column>
      <column name="text">Авто кредит в тоьятти сбербанк http://t.co/6IZXNqOW8l</column>
      <column name="sberbank">0</column>
      <column name="vtb">NULL</column>
      <column name="gazprom">NULL</column>
      <column name="alfabank">NULL</column>
      <column name="bankmoskvy">NULL</column>
      <column name="raiffeisen">NULL</column>
      <column name="uralsib">NULL</column>
      <column name="rshb">NULL</column>
    </table>
    <table name="bank">
      <column name="id">3080</column>
      <column name="twitid">496884533573460000</column>
      <column name="date">1407301479</column>
      <column name="name">rumpel030570</column>
      <column name="text">Кто брал автокредит в райффайзенбанке http://t.co/tSRhYwdSHD</column>
      <column name="sberbank">NULL</column>
      <column name="vtb">NULL</column>
      <column name="gazprom">NULL</column>
      <column name="alfabank">NULL</column>
      <column name="bankmoskvy">NULL</column>
      <column name="raiffeisen">0</column>
      <column name="uralsib">NULL</column>
      <column name="rshb">NULL</column>
    </table>
    <table name="bank">
      <column name="id">3081</column>
      <column name="twitid">496884584681050000</column>
      <column name="date">1407301491</column>
      <column name="name">izumvig</column>
      <column name="text">Кредит сбербанк россии в москве http://t.co/k04SlkWYlm</column>
      <column name="sberbank">0</column>
      <column name="vtb">NULL</column>
      <column name="gazprom">NULL</column>
      <column name="alfabank">NULL</column>
      <column name="bankmoskvy">NULL</column>
      <column name="raiffeisen">NULL</column>
      <column name="uralsib">NULL</column>
      <column name="rshb">NULL</column>
    </table>
    <table name="bank">
      <column name="id">3082</column>
      <column name="twitid">496889743552950000</column>
      <column name="date">1407302721</column>
      <column name="name">karelinform</column>
      <column name="text">Карельский филиал Россельхозбанка подвел итоги работы в 1 полугодии 2014 года http://t.co/7oXcUQrLWw</column>
      <column name="sberbank">NULL</column>
      <column name="vtb">NULL</column>
      <column name="gazprom">NULL</column>
      <column name="alfabank">NULL</column>
      <column name="bankmoskvy">NULL</column>
      <column name="raiffeisen">NULL</column>
      <column name="uralsib">NULL</column>
      <column name="rshb">0</column>
    </table>
    <table name="bank">
      <column name="id">3083</column>
      <column name="twitid">496892045559360000</column>
      <column name="date">1407303270</column>
      <column name="name">hobocam</column>
      <column name="text">Банк москвы кемерово потребительский кредит http://t.co/p232YH6Cn8</column>
      <column name="sberbank">NULL</column>
      <column name="vtb">NULL</column>
      <column name="gazprom">NULL</column>
      <column name="alfabank">NULL</column>
      <column name="bankmoskvy">0</column>
      <column name="raiffeisen">NULL</column>
      <column name="uralsib">NULL</column>
      <column name="rshb">NULL</column>
    </table>
    <table name="bank">
      <column name="id">3084</column>
      <column name="twitid">496892578890250000</column>
      <column name="date">1407303397</column>
      <column name="name">quaemopafa1978</column>
      <column name="text">Правительство отказалось от идеи разделить Россельхозбанк</column>
      <column name="sberbank">NULL</column>
      <column name="vtb">NULL</column>
      <column name="gazprom">NULL</column>
      <column name="alfabank">NULL</column>
      <column name="bankmoskvy">NULL</column>
      <column name="raiffeisen">NULL</column>
      <column name="uralsib">NULL</column>
      <column name="rshb">0</column>
    </table>
    <table name="bank">
      <column name="id">3085</column>
      <column name="twitid">496896879188530000</column>
      <column name="date">1407304422</column>
      <column name="name">mnweb</column>
      <column name="text">RT @GoodGhostRu: &quot;Наш банк развивается, но сейчас нет технической возможности выслать вам информацию на электронную почту&quot; #БанкМосквы #сер…</column>
      <column name="sberbank">NULL</column>
      <column name="vtb">NULL</column>
      <column name="gazprom">NULL</column>
      <column name="alfabank">NULL</column>
      <column name="bankmoskvy">0</column>
      <column name="raiffeisen">NULL</column>
      <column name="uralsib">NULL</column>
      <column name="rshb">NULL</column>
    </table>
    <table name="bank">
      <column name="id">3086</column>
      <column name="twitid">496898770207270000</column>
      <column name="date">1407304873</column>
      <column name="name">empecderipu</column>
      <column name="text">кредиты россельхозбанка физическим лицам http://t.co/EuMuF27PWT</column>
      <column name="sberbank">NULL</column>
      <column name="vtb">NULL</column>
      <column name="gazprom">NULL</column>
      <column name="alfabank">NULL</column>
      <column name="bankmoskvy">NULL</column>
      <column name="raiffeisen">NULL</column>
      <column name="uralsib">NULL</column>
      <column name="rshb">0</column>
    </table>
    <table name="bank">
      <column name="id">3087</column>
      <column name="twitid">496899597055570000</column>
      <column name="date">1407305070</column>
      <column name="name">lecigaja</column>
      <column name="text">Кредит в россельхозбанке лпх http://t.co/2FKrtuShUO</column>
      <column name="sberbank">NULL</column>
      <column name="vtb">NULL</column>
      <column name="gazprom">NULL</column>
      <column name="alfabank">NULL</column>
      <column name="bankmoskvy">NULL</column>
      <column name="raiffeisen">NULL</column>
      <column name="uralsib">NULL</column>
      <column name="rshb">0</column>
    </table>
    <table name="bank">
      <column name="id">3088</column>
      <column name="twitid">496901597922750000</column>
      <column name="date">1407305547</column>
      <column name="name">alterumru</column>
      <column name="text">Дальневосточный Сбербанк профинансирует строительство 18-этажного гостинично-развлекательного комплекса в Хаба... http://t.co/DjoPTOOX6U</column>
      <column name="sberbank">0</column>
      <column name="vtb">NULL</column>
      <column name="gazprom">NULL</column>
      <column name="alfabank">NULL</column>
      <column name="bankmoskvy">NULL</column>
      <column name="raiffeisen">NULL</column>
      <column name="uralsib">NULL</column>
      <column name="rshb">NULL</column>
    </table>
    <table name="bank">
      <column name="id">3089</column>
      <column name="twitid">496901994259290000</column>
      <column name="date">1407305642</column>
      <column name="name">Tenerezza27</column>
      <column name="text">Новости банков: «Партнер-Инвест» и Сбербанк России: купить квартиру стало еще удобнее  #банки #кредиты</column>
      <column name="sberbank">1</column>
      <column name="vtb">NULL</column>
      <column name="gazprom">NULL</column>
      <column name="alfabank">NULL</column>
      <column name="bankmoskvy">NULL</column>
      <column name="raiffeisen">NULL</column>
      <column name="uralsib">NULL</column>
      <column name="rshb">NULL</column>
    </table>
    <table name="bank">
      <column name="id">3090</column>
      <column name="twitid">496902042410300000</column>
      <column name="date">1407305653</column>
      <column name="name">qodenymo</column>
      <column name="text">Транс кредит банк москвы http://t.co/g4WKDjjGHL</column>
      <column name="sberbank">NULL</column>
      <column name="vtb">NULL</column>
      <column name="gazprom">NULL</column>
      <column name="alfabank">NULL</column>
      <column name="bankmoskvy">0</column>
      <column name="raiffeisen">NULL</column>
      <column name="uralsib">NULL</column>
      <column name="rshb">NULL</column>
    </table>
    <table name="bank">
      <column name="id">3091</column>
      <column name="twitid">496905170325090000</column>
      <column name="date">1407306399</column>
      <column name="name">RussianEveryDay</column>
      <column name="text">RT @STALIN_RF: Патриот, подними свой зад, зайди в СБЕРБАНК и получи свою карту с РОССИЙСКОЙ ПЛАТЕЖНОЙ СИСТЕМОЙ ПРО100.
ПОДДЕРЖИ ПУТИНА И РО…</column>
      <column name="sberbank">0</column>
      <column name="vtb">NULL</column>
      <column name="gazprom">NULL</column>
      <column name="alfabank">NULL</column>
      <column name="bankmoskvy">NULL</column>
      <column name="raiffeisen">NULL</column>
      <column name="uralsib">NULL</column>
      <column name="rshb">NULL</column>
    </table>
    <table name="bank">
      <column name="id">3092</column>
      <column name="twitid">496906238383650000</column>
      <column name="date">1407306653</column>
      <column name="name">samimequ</column>
      <column name="text">Получить кредит в втб 24 отзывы http://t.co/WcRSVik6XF</column>
      <column name="sberbank">NULL</column>
      <column name="vtb">0</column>
      <column name="gazprom">NULL</column>
      <column name="alfabank">NULL</column>
      <column name="bankmoskvy">NULL</column>
      <column name="raiffeisen">NULL</column>
      <column name="uralsib">NULL</column>
      <column name="rshb">NULL</column>
    </table>
    <table name="bank">
      <column name="id">3093</column>
      <column name="twitid">496908181692780000</column>
      <column name="date">1407307117</column>
      <column name="name">cinihigobav</column>
      <column name="text">Кредитование через сбербанк рф http://t.co/KufJCwoGiz</column>
      <column name="sberbank">0</column>
      <column name="vtb">NULL</column>
      <column name="gazprom">NULL</column>
      <column name="alfabank">NULL</column>
      <column name="bankmoskvy">NULL</column>
      <column name="raiffeisen">NULL</column>
      <column name="uralsib">NULL</column>
      <column name="rshb">NULL</column>
    </table>
    <table name="bank">
      <column name="id">3094</column>
      <column name="twitid">496914174484550000</column>
      <column name="date">1407308546</column>
      <column name="name">rigma_info</column>
      <column name="text">Ограничение расходов на армию – оптимальное решение для бюджета - ВТБ http://t.co/MIHU1TngGZ #ВТБ #бюджет #дефицит #правительство</column>
      <column name="sberbank">NULL</column>
      <column name="vtb">0</column>
      <column name="gazprom">NULL</column>
      <column name="alfabank">NULL</column>
      <column name="bankmoskvy">NULL</column>
      <column name="raiffeisen">NULL</column>
      <column name="uralsib">NULL</column>
      <column name="rshb">NULL</column>
    </table>
    <table name="bank">
      <column name="id">3095</column>
      <column name="twitid">496915169591980000</column>
      <column name="date">1407308783</column>
      <column name="name">volgomi89</column>
      <column name="text">RT @riavibli86: В черный список чиновники ЕС включили Сбербанк, ВТБ, Внешэкономбанк, Газпромбанк и Россельхозбанк, а также их дочерние стру…</column>
      <column name="sberbank">-1</column>
      <column name="vtb">-1</column>
      <column name="gazprom">-1</column>
      <column name="alfabank">NULL</column>
      <column name="bankmoskvy">NULL</column>
      <column name="raiffeisen">NULL</column>
      <column name="uralsib">NULL</column>
      <column name="rshb">-1</column>
    </table>
    <table name="bank">
      <column name="id">3096</column>
      <column name="twitid">496915218241320000</column>
      <column name="date">1407308794</column>
      <column name="name">InaBond12</column>
      <column name="text">Банк Москвы дал малому и среднему бизнесу 235 миллиардов за полгода</column>
      <column name="sberbank">NULL</column>
      <column name="vtb">NULL</column>
      <column name="gazprom">NULL</column>
      <column name="alfabank">NULL</column>
      <column name="bankmoskvy">0</column>
      <column name="raiffeisen">NULL</column>
      <column name="uralsib">NULL</column>
      <column name="rshb">NULL</column>
    </table>
    <table name="bank">
      <column name="id">3097</column>
      <column name="twitid">496917242404410000</column>
      <column name="date">1407309277</column>
      <column name="name">jaromehehoc</column>
      <column name="text">Кредит сбербанк россии оренбургской области http://t.co/Kk21yxLQuQ</column>
      <column name="sberbank">0</column>
      <column name="vtb">NULL</column>
      <column name="gazprom">NULL</column>
      <column name="alfabank">NULL</column>
      <column name="bankmoskvy">NULL</column>
      <column name="raiffeisen">NULL</column>
      <column name="uralsib">NULL</column>
      <column name="rshb">NULL</column>
    </table>
    <table name="bank">
      <column name="id">3098</column>
      <column name="twitid">496920889225520000</column>
      <column name="date">1407310146</column>
      <column name="name">jkDina</column>
      <column name="text">Внутридневной взгляд - Сбербанк http://t.co/JdMIGGYdce</column>
      <column name="sberbank">0</column>
      <column name="vtb">NULL</column>
      <column name="gazprom">NULL</column>
      <column name="alfabank">NULL</column>
      <column name="bankmoskvy">NULL</column>
      <column name="raiffeisen">NULL</column>
      <column name="uralsib">NULL</column>
      <column name="rshb">NULL</column>
    </table>
    <table name="bank">
      <column name="id">3099</column>
      <column name="twitid">496922348361370000</column>
      <column name="date">1407310494</column>
      <column name="name">wizowabuqaf</column>
      <column name="text">Условия автокредитования альфа банка http://t.co/Y9to1hmJ9o</column>
      <column name="sberbank">NULL</column>
      <column name="vtb">NULL</column>
      <column name="gazprom">NULL</column>
      <column name="alfabank">0</column>
      <column name="bankmoskvy">NULL</column>
      <column name="raiffeisen">NULL</column>
      <column name="uralsib">NULL</column>
      <column name="rshb">NULL</column>
    </table>
    <table name="bank">
      <column name="id">3100</column>
      <column name="twitid">496923701812940000</column>
      <column name="date">1407310817</column>
      <column name="name">rozikizutuc</column>
      <column name="text">Кредит в втб 24 в чебоксарах http://t.co/kG5R4T0bvF</column>
      <column name="sberbank">NULL</column>
      <column name="vtb">0</column>
      <column name="gazprom">NULL</column>
      <column name="alfabank">NULL</column>
      <column name="bankmoskvy">NULL</column>
      <column name="raiffeisen">NULL</column>
      <column name="uralsib">NULL</column>
      <column name="rshb">NULL</column>
    </table>
  </database>
</pma_xml_export>
