<?xml version="1.0" encoding="utf-8"?>
<!--
- phpMyAdmin XML Dump
- version 4.0.4.1
- http://www.phpmyadmin.net
-
- Хост: localhost
- Время создания: Окт 28 2014 г., 09:03
- Версия сервера: 5.6.12
- Версия PHP: 5.5.3
-->
<pma_xml_export version="1.0" xmlns:pma="http://www.phpmyadmin.net/some_doc_url/">
  <!--
    - Structure schemas
    -->
  <pma:structure_schemas>
    <pma:database name="Romip" collation="utf8_general_ci" charset="utf8">
      <pma:table name="bank">
                CREATE TABLE `bank` (
                  `id` int(11) NOT NULL AUTO_INCREMENT,
                  `twitid` bigint(32) NOT NULL DEFAULT '0',
                  `date` varchar(128) DEFAULT NULL,
                  `name` varchar(128) DEFAULT NULL,
                  `text` varchar(256) DEFAULT NULL,
                  `sberbank` int(11) DEFAULT NULL,
                  `vtb` int(11) DEFAULT NULL,
                  `gazprom` int(11) DEFAULT NULL,
                  `alfabank` int(11) DEFAULT NULL,
                  `bankmoskvy` int(11) DEFAULT NULL,
                  `raiffeisen` int(11) DEFAULT NULL,
                  `uralsib` int(11) DEFAULT NULL,
                  `rshb` int(11) DEFAULT NULL,
                  PRIMARY KEY (`id`),
                  UNIQUE KEY `id` (`twitid`)
                ) ENGINE=InnoDB AUTO_INCREMENT=7924 DEFAULT CHARSET=utf8;
            </pma:table>
    </pma:database>
  </pma:structure_schemas>
  <!--
    - База данных: 'Romip'
    -->
  <database name="Romip">
    <!-- Таблица bank -->
    <table name="bank">
      <column name="id">201</column>
      <column name="twitid">492872451500440000</column>
      <column name="date">1406344924</column>
      <column name="name">a_dedyuxina</column>
      <column name="text">ВТБ разместил еврооблигации на 350 млн швейцарских франков Банк ВТБ через зарегистрированную в Люксембурге дочернюю компанию VTB</column>
      <column name="sberbank">NULL</column>
      <column name="vtb">1</column>
      <column name="gazprom">NULL</column>
      <column name="alfabank">NULL</column>
      <column name="bankmoskvy">NULL</column>
      <column name="raiffeisen">NULL</column>
      <column name="uralsib">NULL</column>
      <column name="rshb">NULL</column>
    </table>
    <table name="bank">
      <column name="id">202</column>
      <column name="twitid">492877088215810000</column>
      <column name="date">1406346029</column>
      <column name="name">serosmusic</column>
      <column name="text">А у кого-нибудь еще #sberbank-online не работает? Или это только у меня такая #проблема? Не дает оплатить ВООБЩЕ НИЧЕГО. Пишет: ОШИБКА.</column>
      <column name="sberbank">-1</column>
      <column name="vtb">NULL</column>
      <column name="gazprom">NULL</column>
      <column name="alfabank">NULL</column>
      <column name="bankmoskvy">NULL</column>
      <column name="raiffeisen">NULL</column>
      <column name="uralsib">NULL</column>
      <column name="rshb">NULL</column>
    </table>
    <table name="bank">
      <column name="id">203</column>
      <column name="twitid">492878670369800000</column>
      <column name="date">1406346406</column>
      <column name="name">Skoop10</column>
      <column name="text">Около 5 тысяч кировчан обслуживаются в формате Сбербанк Премьер</column>
      <column name="sberbank">0</column>
      <column name="vtb">NULL</column>
      <column name="gazprom">NULL</column>
      <column name="alfabank">NULL</column>
      <column name="bankmoskvy">NULL</column>
      <column name="raiffeisen">NULL</column>
      <column name="uralsib">NULL</column>
      <column name="rshb">NULL</column>
    </table>
    <table name="bank">
      <column name="id">204</column>
      <column name="twitid">492879125846040000</column>
      <column name="date">1406346515</column>
      <column name="name">jajagoxiw</column>
      <column name="text">оао сбербанк россии россии руководство контакты http://t.co/fp5uC9xHrP #россии #контакты</column>
      <column name="sberbank">0</column>
      <column name="vtb">NULL</column>
      <column name="gazprom">NULL</column>
      <column name="alfabank">NULL</column>
      <column name="bankmoskvy">NULL</column>
      <column name="raiffeisen">NULL</column>
      <column name="uralsib">NULL</column>
      <column name="rshb">NULL</column>
    </table>
    <table name="bank">
      <column name="id">205</column>
      <column name="twitid">492881108875630000</column>
      <column name="date">1406346988</column>
      <column name="name">Figuranereid</column>
      <column name="text">пегас туры в кредит альфа банк</column>
      <column name="sberbank">NULL</column>
      <column name="vtb">NULL</column>
      <column name="gazprom">NULL</column>
      <column name="alfabank">0</column>
      <column name="bankmoskvy">NULL</column>
      <column name="raiffeisen">NULL</column>
      <column name="uralsib">NULL</column>
      <column name="rshb">NULL</column>
    </table>
    <table name="bank">
      <column name="id">206</column>
      <column name="twitid">492882264226030000</column>
      <column name="date">1406347263</column>
      <column name="name">storrerismomind</column>
      <column name="text">Взять кредит сбербанк http://t.co/S9qeFDhzvO</column>
      <column name="sberbank">0</column>
      <column name="vtb">NULL</column>
      <column name="gazprom">NULL</column>
      <column name="alfabank">NULL</column>
      <column name="bankmoskvy">NULL</column>
      <column name="raiffeisen">NULL</column>
      <column name="uralsib">NULL</column>
      <column name="rshb">NULL</column>
    </table>
    <table name="bank">
      <column name="id">207</column>
      <column name="twitid">492885563331350000</column>
      <column name="date">1406348050</column>
      <column name="name">cherevkodmitrii</column>
      <column name="text">банк клиент сбербанк скачать http://t.co/tpliLxZwZG</column>
      <column name="sberbank">0</column>
      <column name="vtb">NULL</column>
      <column name="gazprom">NULL</column>
      <column name="alfabank">NULL</column>
      <column name="bankmoskvy">NULL</column>
      <column name="raiffeisen">NULL</column>
      <column name="uralsib">NULL</column>
      <column name="rshb">NULL</column>
    </table>
    <table name="bank">
      <column name="id">208</column>
      <column name="twitid">492885910393220000</column>
      <column name="date">1406348133</column>
      <column name="name">tamupugva1973</column>
      <column name="text">Сбербанк запускает новый ипотечный продукт для участников накопительно-ипотечной системы обеспечения жильем военнослужащих.   Сбербанк запу</column>
      <column name="sberbank">1</column>
      <column name="vtb">NULL</column>
      <column name="gazprom">NULL</column>
      <column name="alfabank">NULL</column>
      <column name="bankmoskvy">NULL</column>
      <column name="raiffeisen">NULL</column>
      <column name="uralsib">NULL</column>
      <column name="rshb">NULL</column>
    </table>
    <table name="bank">
      <column name="id">209</column>
      <column name="twitid">492885951740650000</column>
      <column name="date">1406348142</column>
      <column name="name">ilinneclia1984</column>
      <column name="text">Приставы помогают Россельхозбанку взыскивать кредиты у должников Ботлихского района.Судебные приставы Ботлихского района совместно с работн</column>
      <column name="sberbank">NULL</column>
      <column name="vtb">NULL</column>
      <column name="gazprom">NULL</column>
      <column name="alfabank">NULL</column>
      <column name="bankmoskvy">NULL</column>
      <column name="raiffeisen">NULL</column>
      <column name="uralsib">NULL</column>
      <column name="rshb">0</column>
    </table>
    <table name="bank">
      <column name="id">210</column>
      <column name="twitid">492887924615410000</column>
      <column name="date">1406348613</column>
      <column name="name">LNikitina45</column>
      <column name="text">Журнал Global Finance признал Сбербанк Онлайн лучшим розничным интернет-банком в России.По результатам проведенного исследования журнал Glo</column>
      <column name="sberbank">0</column>
      <column name="vtb">NULL</column>
      <column name="gazprom">NULL</column>
      <column name="alfabank">NULL</column>
      <column name="bankmoskvy">NULL</column>
      <column name="raiffeisen">NULL</column>
      <column name="uralsib">NULL</column>
      <column name="rshb">NULL</column>
    </table>
    <table name="bank">
      <column name="id">211</column>
      <column name="twitid">492887925915660000</column>
      <column name="date">1406348613</column>
      <column name="name">ashavskiy</column>
      <column name="text">@alfa_bank информатор разбудил утром, чтобы рассказать о долге в 300р, а специалист центра задолженностей оказался хамом. #Доброеутро :(</column>
      <column name="sberbank">NULL</column>
      <column name="vtb">NULL</column>
      <column name="gazprom">NULL</column>
      <column name="alfabank">-1</column>
      <column name="bankmoskvy">NULL</column>
      <column name="raiffeisen">NULL</column>
      <column name="uralsib">NULL</column>
      <column name="rshb">NULL</column>
    </table>
    <table name="bank">
      <column name="id">212</column>
      <column name="twitid">492896036055430000</column>
      <column name="date">1406350547</column>
      <column name="name">topaqlasui</column>
      <column name="text">http://t.co/lCM2PZtQf1 Сбербанк онлайн оформить заявку на кредит наличными</column>
      <column name="sberbank">0</column>
      <column name="vtb">NULL</column>
      <column name="gazprom">NULL</column>
      <column name="alfabank">NULL</column>
      <column name="bankmoskvy">NULL</column>
      <column name="raiffeisen">NULL</column>
      <column name="uralsib">NULL</column>
      <column name="rshb">NULL</column>
    </table>
    <table name="bank">
      <column name="id">213</column>
      <column name="twitid">492899471102330000</column>
      <column name="date">1406351366</column>
      <column name="name">TVolkova16</column>
      <column name="text">Интернет-агентство «ДАЛЕЕ завершило перезапуск сайта Сбербанк Первый</column>
      <column name="sberbank">0</column>
      <column name="vtb">NULL</column>
      <column name="gazprom">NULL</column>
      <column name="alfabank">NULL</column>
      <column name="bankmoskvy">NULL</column>
      <column name="raiffeisen">NULL</column>
      <column name="uralsib">NULL</column>
      <column name="rshb">NULL</column>
    </table>
    <table name="bank">
      <column name="id">214</column>
      <column name="twitid">492899651545470000</column>
      <column name="date">1406351409</column>
      <column name="name">llinsPowel</column>
      <column name="text">http://t.co/n1fV9LbGWR Получить кредит райффайзенбанке</column>
      <column name="sberbank">NULL</column>
      <column name="vtb">NULL</column>
      <column name="gazprom">NULL</column>
      <column name="alfabank">NULL</column>
      <column name="bankmoskvy">NULL</column>
      <column name="raiffeisen">0</column>
      <column name="uralsib">NULL</column>
      <column name="rshb">NULL</column>
    </table>
    <table name="bank">
      <column name="id">215</column>
      <column name="twitid">492900578255970000</column>
      <column name="date">1406351630</column>
      <column name="name">ysorpmey</column>
      <column name="text">http://t.co/GZyNK3RANx Хочу взять кредит в втб 24 какие условия</column>
      <column name="sberbank">NULL</column>
      <column name="vtb">0</column>
      <column name="gazprom">NULL</column>
      <column name="alfabank">NULL</column>
      <column name="bankmoskvy">NULL</column>
      <column name="raiffeisen">NULL</column>
      <column name="uralsib">NULL</column>
      <column name="rshb">NULL</column>
    </table>
    <table name="bank">
      <column name="id">216</column>
      <column name="twitid">492901088946060000</column>
      <column name="date">1406351751</column>
      <column name="name">wdenPoppel</column>
      <column name="text">http://t.co/gPZWjnbs3X Кемерово взять кредит банк москвы</column>
      <column name="sberbank">NULL</column>
      <column name="vtb">NULL</column>
      <column name="gazprom">NULL</column>
      <column name="alfabank">NULL</column>
      <column name="bankmoskvy">0</column>
      <column name="raiffeisen">NULL</column>
      <column name="uralsib">NULL</column>
      <column name="rshb">NULL</column>
    </table>
    <table name="bank">
      <column name="id">217</column>
      <column name="twitid">492911485694530000</column>
      <column name="date">1406354230</column>
      <column name="name">DJPaulieBdoe</column>
      <column name="text">Пздц я лох вчера карту потерял сбербанк сегодня сотку</column>
      <column name="sberbank">0</column>
      <column name="vtb">NULL</column>
      <column name="gazprom">NULL</column>
      <column name="alfabank">NULL</column>
      <column name="bankmoskvy">NULL</column>
      <column name="raiffeisen">NULL</column>
      <column name="uralsib">NULL</column>
      <column name="rshb">NULL</column>
    </table>
    <table name="bank">
      <column name="id">218</column>
      <column name="twitid">492917144481330000</column>
      <column name="date">1406355579</column>
      <column name="name">bracanto82</column>
      <column name="text">RT @msmaznuxin: Правила Получения Кредита Сбербанк Г Ульяновск http://t.co/H61VnsLBSf</column>
      <column name="sberbank">0</column>
      <column name="vtb">NULL</column>
      <column name="gazprom">NULL</column>
      <column name="alfabank">NULL</column>
      <column name="bankmoskvy">NULL</column>
      <column name="raiffeisen">NULL</column>
      <column name="uralsib">NULL</column>
      <column name="rshb">NULL</column>
    </table>
    <table name="bank">
      <column name="id">219</column>
      <column name="twitid">492920507541750000</column>
      <column name="date">1406356381</column>
      <column name="name">gygisahidit</column>
      <column name="text">Дальневосточный Сбербанк предлагает приобрести подарочные монеты ко Дню Военно-морского флота</column>
      <column name="sberbank">0</column>
      <column name="vtb">NULL</column>
      <column name="gazprom">NULL</column>
      <column name="alfabank">NULL</column>
      <column name="bankmoskvy">NULL</column>
      <column name="raiffeisen">NULL</column>
      <column name="uralsib">NULL</column>
      <column name="rshb">NULL</column>
    </table>
    <table name="bank">
      <column name="id">220</column>
      <column name="twitid">492921336617250000</column>
      <column name="date">1406356579</column>
      <column name="name">DSharov51</column>
      <column name="text">Россельхозбанк выпустил платежную карту в поддержку амурских тигров</column>
      <column name="sberbank">NULL</column>
      <column name="vtb">NULL</column>
      <column name="gazprom">NULL</column>
      <column name="alfabank">NULL</column>
      <column name="bankmoskvy">NULL</column>
      <column name="raiffeisen">NULL</column>
      <column name="uralsib">NULL</column>
      <column name="rshb">1</column>
    </table>
    <table name="bank">
      <column name="id">221</column>
      <column name="twitid">492923541722260000</column>
      <column name="date">1406357105</column>
      <column name="name">ynacolesun</column>
      <column name="text">http://t.co/mC4ckML23I Взять кредит сбербанк 200тыс</column>
      <column name="sberbank">0</column>
      <column name="vtb">NULL</column>
      <column name="gazprom">NULL</column>
      <column name="alfabank">NULL</column>
      <column name="bankmoskvy">NULL</column>
      <column name="raiffeisen">NULL</column>
      <column name="uralsib">NULL</column>
      <column name="rshb">NULL</column>
    </table>
    <table name="bank">
      <column name="id">222</column>
      <column name="twitid">492926913573190000</column>
      <column name="date">1406357909</column>
      <column name="name">lexacom</column>
      <column name="text">Райффайзен банкоматы москва http://t.co/3Duu3aWKor</column>
      <column name="sberbank">NULL</column>
      <column name="vtb">NULL</column>
      <column name="gazprom">NULL</column>
      <column name="alfabank">NULL</column>
      <column name="bankmoskvy">NULL</column>
      <column name="raiffeisen">0</column>
      <column name="uralsib">NULL</column>
      <column name="rshb">NULL</column>
    </table>
    <table name="bank">
      <column name="id">223</column>
      <column name="twitid">492927245728890000</column>
      <column name="date">1406357988</column>
      <column name="name">riyaDesha</column>
      <column name="text">http://t.co/JOvezhVej3 Могу ли взять кредит в райффайзен банк аваль</column>
      <column name="sberbank">NULL</column>
      <column name="vtb">NULL</column>
      <column name="gazprom">NULL</column>
      <column name="alfabank">NULL</column>
      <column name="bankmoskvy">NULL</column>
      <column name="raiffeisen">0</column>
      <column name="uralsib">NULL</column>
      <column name="rshb">NULL</column>
    </table>
    <table name="bank">
      <column name="id">224</column>
      <column name="twitid">492934774055780000</column>
      <column name="date">1406359783</column>
      <column name="name">topaqlasui</column>
      <column name="text">http://t.co/8AV3wVIU6p Россельхозбанк оформить кредит онлайн</column>
      <column name="sberbank">NULL</column>
      <column name="vtb">NULL</column>
      <column name="gazprom">NULL</column>
      <column name="alfabank">NULL</column>
      <column name="bankmoskvy">NULL</column>
      <column name="raiffeisen">NULL</column>
      <column name="uralsib">NULL</column>
      <column name="rshb">0</column>
    </table>
    <table name="bank">
      <column name="id">225</column>
      <column name="twitid">492937677847540000</column>
      <column name="date">1406360475</column>
      <column name="name">Dadilov84</column>
      <column name="text">RT @muradik57: @Dadilov84 @sberbank  НАПИШИ на пустой стене слово @sberbank  РОССИИ-как тут же около надписи образуется длинная очередь из …</column>
      <column name="sberbank">-1</column>
      <column name="vtb">NULL</column>
      <column name="gazprom">NULL</column>
      <column name="alfabank">NULL</column>
      <column name="bankmoskvy">NULL</column>
      <column name="raiffeisen">NULL</column>
      <column name="uralsib">NULL</column>
      <column name="rshb">NULL</column>
    </table>
    <table name="bank">
      <column name="id">226</column>
      <column name="twitid">492940426484020000</column>
      <column name="date">1406361130</column>
      <column name="name">FientjeMoerman</column>
      <column name="text">В путешествие с кредитной картой Райффайзенбанка</column>
      <column name="sberbank">NULL</column>
      <column name="vtb">NULL</column>
      <column name="gazprom">NULL</column>
      <column name="alfabank">NULL</column>
      <column name="bankmoskvy">NULL</column>
      <column name="raiffeisen">0</column>
      <column name="uralsib">NULL</column>
      <column name="rshb">NULL</column>
    </table>
    <table name="bank">
      <column name="id">227</column>
      <column name="twitid">492943103708630000</column>
      <column name="date">1406361769</column>
      <column name="name">MalakhovaAnna</column>
      <column name="text">@smartex_ многа ДМ) спойлер - сбербанк говно,но мисшн комплитд</column>
      <column name="sberbank">-1</column>
      <column name="vtb">NULL</column>
      <column name="gazprom">NULL</column>
      <column name="alfabank">NULL</column>
      <column name="bankmoskvy">NULL</column>
      <column name="raiffeisen">NULL</column>
      <column name="uralsib">NULL</column>
      <column name="rshb">NULL</column>
    </table>
    <table name="bank">
      <column name="id">228</column>
      <column name="twitid">492944840377000000</column>
      <column name="date">1406362183</column>
      <column name="name">BrebanYard</column>
      <column name="text">http://t.co/ma2sbbwqwT Как получить кредит в россельхозбанке фермеру</column>
      <column name="sberbank">NULL</column>
      <column name="vtb">NULL</column>
      <column name="gazprom">NULL</column>
      <column name="alfabank">NULL</column>
      <column name="bankmoskvy">NULL</column>
      <column name="raiffeisen">NULL</column>
      <column name="uralsib">NULL</column>
      <column name="rshb">0</column>
    </table>
    <table name="bank">
      <column name="id">229</column>
      <column name="twitid">492947481039470000</column>
      <column name="date">1406362812</column>
      <column name="name">Tsyplakova</column>
      <column name="text">Третий день в разное время (иногда весьма позднее )сотрудники Альфа банка пытают, знаю ли я Орехову Веру Павловну.Не знаю и позвать не могу!</column>
      <column name="sberbank">NULL</column>
      <column name="vtb">NULL</column>
      <column name="gazprom">NULL</column>
      <column name="alfabank">-1</column>
      <column name="bankmoskvy">NULL</column>
      <column name="raiffeisen">NULL</column>
      <column name="uralsib">NULL</column>
      <column name="rshb">NULL</column>
    </table>
    <table name="bank">
      <column name="id">230</column>
      <column name="twitid">492948137590260000</column>
      <column name="date">1406362969</column>
      <column name="name">MikeJac78175305</column>
      <column name="text">Не посвященная шри ланка является рожденной мамой, следом красный сбербанк не подобрал. #секс http://t.co/VK0WFS11hj</column>
      <column name="sberbank">--</column>
      <column name="vtb">NULL</column>
      <column name="gazprom">NULL</column>
      <column name="alfabank">NULL</column>
      <column name="bankmoskvy">NULL</column>
      <column name="raiffeisen">NULL</column>
      <column name="uralsib">NULL</column>
      <column name="rshb">NULL</column>
    </table>
    <table name="bank">
      <column name="id">231</column>
      <column name="twitid">492948850840440000</column>
      <column name="date">1406363139</column>
      <column name="name">parf</column>
      <column name="text">@Irina_Ser У меня такая история с #alfabank длилась 3 месяца, и длилась бы еще, если бы про нее не написала газета &quot;Ведомости&quot;.</column>
      <column name="sberbank">NULL</column>
      <column name="vtb">NULL</column>
      <column name="gazprom">NULL</column>
      <column name="alfabank">-1</column>
      <column name="bankmoskvy">NULL</column>
      <column name="raiffeisen">-1</column>
      <column name="uralsib">NULL</column>
      <column name="rshb">NULL</column>
    </table>
    <table name="bank">
      <column name="id">232</column>
      <column name="twitid">492955211678240000</column>
      <column name="date">1406364655</column>
      <column name="name">riholosoliwa</column>
      <column name="text">RT @gygisahidit: Дальневосточный Сбербанк предлагает приобрести подарочные монеты ко Дню Военно-морского флота</column>
      <column name="sberbank">0</column>
      <column name="vtb">NULL</column>
      <column name="gazprom">NULL</column>
      <column name="alfabank">NULL</column>
      <column name="bankmoskvy">NULL</column>
      <column name="raiffeisen">NULL</column>
      <column name="uralsib">NULL</column>
      <column name="rshb">NULL</column>
    </table>
    <table name="bank">
      <column name="id">233</column>
      <column name="twitid">492957433552460000</column>
      <column name="date">1406365185</column>
      <column name="name">roseannatrizren</column>
      <column name="text">https://t.co/U2a9n2A9cF Альфа банк как взять кредит</column>
      <column name="sberbank">NULL</column>
      <column name="vtb">NULL</column>
      <column name="gazprom">NULL</column>
      <column name="alfabank">0</column>
      <column name="bankmoskvy">NULL</column>
      <column name="raiffeisen">NULL</column>
      <column name="uralsib">NULL</column>
      <column name="rshb">NULL</column>
    </table>
    <table name="bank">
      <column name="id">234</column>
      <column name="twitid">492967232562290000</column>
      <column name="date">1406367521</column>
      <column name="name">xSvetikx</column>
      <column name="text">@EliasZotov Помогите мне,нужно дорогое лечение в Москве.номер карты сбербанк 639002629019890903 действие карты до 07.17</column>
      <column name="sberbank">0</column>
      <column name="vtb">NULL</column>
      <column name="gazprom">NULL</column>
      <column name="alfabank">NULL</column>
      <column name="bankmoskvy">NULL</column>
      <column name="raiffeisen">NULL</column>
      <column name="uralsib">NULL</column>
      <column name="rshb">NULL</column>
    </table>
    <table name="bank">
      <column name="id">235</column>
      <column name="twitid">492967677422360000</column>
      <column name="date">1406367627</column>
      <column name="name">MySofiyka</column>
      <column name="text">Всё больше кировчан пользуются мобильным приложением Сбербанк Онл йн</column>
      <column name="sberbank">1</column>
      <column name="vtb">NULL</column>
      <column name="gazprom">NULL</column>
      <column name="alfabank">NULL</column>
      <column name="bankmoskvy">NULL</column>
      <column name="raiffeisen">NULL</column>
      <column name="uralsib">NULL</column>
      <column name="rshb">NULL</column>
    </table>
    <table name="bank">
      <column name="id">236</column>
      <column name="twitid">492968767702720000</column>
      <column name="date">1406367887</column>
      <column name="name">ponomar</column>
      <column name="text">&quot;Если вы платите с карточки, то скидка будет не 8, а 5%, потому что Сбербанк берет комиссию&quot;. Эра кэша никогда не уйдет.</column>
      <column name="sberbank">-1</column>
      <column name="vtb">NULL</column>
      <column name="gazprom">NULL</column>
      <column name="alfabank">NULL</column>
      <column name="bankmoskvy">NULL</column>
      <column name="raiffeisen">NULL</column>
      <column name="uralsib">NULL</column>
      <column name="rshb">NULL</column>
    </table>
    <table name="bank">
      <column name="id">237</column>
      <column name="twitid">492973177434540000</column>
      <column name="date">1406368939</column>
      <column name="name">RomanBakumenko</column>
      <column name="text">RT @auffpsrsdzbb: Сбербанк на телефон http://t.co/sksac0KSa3</column>
      <column name="sberbank">0</column>
      <column name="vtb">NULL</column>
      <column name="gazprom">NULL</column>
      <column name="alfabank">NULL</column>
      <column name="bankmoskvy">NULL</column>
      <column name="raiffeisen">NULL</column>
      <column name="uralsib">NULL</column>
      <column name="rshb">NULL</column>
    </table>
    <table name="bank">
      <column name="id">238</column>
      <column name="twitid">492979120209670000</column>
      <column name="date">1406370356</column>
      <column name="name">andruxa_1957</column>
      <column name="text">@sberbank а если две карты?</column>
      <column name="sberbank">0</column>
      <column name="vtb">NULL</column>
      <column name="gazprom">NULL</column>
      <column name="alfabank">NULL</column>
      <column name="bankmoskvy">NULL</column>
      <column name="raiffeisen">NULL</column>
      <column name="uralsib">NULL</column>
      <column name="rshb">NULL</column>
    </table>
    <table name="bank">
      <column name="id">239</column>
      <column name="twitid">492982034630190000</column>
      <column name="date">1406371050</column>
      <column name="name">AVGeletiy</column>
      <column name="text">“@taviscaron:У банкомата @alfa_bank в Отрадном до сих пор, уже больше года, не могут исправить проблему с выдачей налички. Пиздец.”@maksdar</column>
      <column name="sberbank">NULL</column>
      <column name="vtb">NULL</column>
      <column name="gazprom">NULL</column>
      <column name="alfabank">-1</column>
      <column name="bankmoskvy">NULL</column>
      <column name="raiffeisen">NULL</column>
      <column name="uralsib">NULL</column>
      <column name="rshb">NULL</column>
    </table>
    <table name="bank">
      <column name="id">240</column>
      <column name="twitid">492983886776120000</column>
      <column name="date">1406371492</column>
      <column name="name">SKostromin55</column>
      <column name="text">&quot;Сбербанк Онлайн&quot; признан лучшим интернет-банком в России. Более того, Сбербанк выиграл в трех номинациях в рейтинге лучших банков в Центра</column>
      <column name="sberbank">1</column>
      <column name="vtb">NULL</column>
      <column name="gazprom">NULL</column>
      <column name="alfabank">NULL</column>
      <column name="bankmoskvy">NULL</column>
      <column name="raiffeisen">NULL</column>
      <column name="uralsib">NULL</column>
      <column name="rshb">NULL</column>
    </table>
    <table name="bank">
      <column name="id">241</column>
      <column name="twitid">492985212893010000</column>
      <column name="date">1406371808</column>
      <column name="name">Kichunya</column>
      <column name="text">Рок-тусэ с Альфа банком! #picstitch @ Турбаза &quot;Лесная &quot; http://t.co/iPTvfk7JLM</column>
      <column name="sberbank">NULL</column>
      <column name="vtb">NULL</column>
      <column name="gazprom">NULL</column>
      <column name="alfabank">1</column>
      <column name="bankmoskvy">NULL</column>
      <column name="raiffeisen">NULL</column>
      <column name="uralsib">NULL</column>
      <column name="rshb">NULL</column>
    </table>
    <table name="bank">
      <column name="id">242</column>
      <column name="twitid">492996519847800000</column>
      <column name="date">1406374504</column>
      <column name="name">rhinexinti1986</column>
      <column name="text">Инновационные продукты для бизнеса представил Сбербанк на IT-Форуме в Вологде</column>
      <column name="sberbank">1</column>
      <column name="vtb">NULL</column>
      <column name="gazprom">NULL</column>
      <column name="alfabank">NULL</column>
      <column name="bankmoskvy">NULL</column>
      <column name="raiffeisen">NULL</column>
      <column name="uralsib">NULL</column>
      <column name="rshb">NULL</column>
    </table>
    <table name="bank">
      <column name="id">243</column>
      <column name="twitid">492996658011990000</column>
      <column name="date">1406374537</column>
      <column name="name">jecucuxefe</column>
      <column name="text">образец анкеты кандидата на работу в сбербанк http://t.co/VDH4oqcwu7 #работу #анкеты</column>
      <column name="sberbank">0</column>
      <column name="vtb">NULL</column>
      <column name="gazprom">NULL</column>
      <column name="alfabank">NULL</column>
      <column name="bankmoskvy">NULL</column>
      <column name="raiffeisen">NULL</column>
      <column name="uralsib">NULL</column>
      <column name="rshb">NULL</column>
    </table>
    <table name="bank">
      <column name="id">244</column>
      <column name="twitid">493006804100850000</column>
      <column name="date">1406376956</column>
      <column name="name">RtPerm</column>
      <column name="text">RT @SonyaLeikina: многоуважаемый @sberbank с традиционно &quot;устойчивой&quot; связью поставил в неловкое положение в ресторане... http://t.co/faotA…</column>
      <column name="sberbank">-1</column>
      <column name="vtb">NULL</column>
      <column name="gazprom">NULL</column>
      <column name="alfabank">NULL</column>
      <column name="bankmoskvy">NULL</column>
      <column name="raiffeisen">NULL</column>
      <column name="uralsib">NULL</column>
      <column name="rshb">NULL</column>
    </table>
    <table name="bank">
      <column name="id">245</column>
      <column name="twitid">493008758810120000</column>
      <column name="date">1406377422</column>
      <column name="name">erdreStor</column>
      <column name="text">http://t.co/zrGxIz3Dqv Ка получить потребительский кредит в альфа банке</column>
      <column name="sberbank">NULL</column>
      <column name="vtb">NULL</column>
      <column name="gazprom">NULL</column>
      <column name="alfabank">0</column>
      <column name="bankmoskvy">NULL</column>
      <column name="raiffeisen">NULL</column>
      <column name="uralsib">NULL</column>
      <column name="rshb">NULL</column>
    </table>
    <table name="bank">
      <column name="id">246</column>
      <column name="twitid">493009590645440000</column>
      <column name="date">1406377620</column>
      <column name="name">beDarbonne</column>
      <column name="text">http://t.co/azg4BqtUTU Можно ли взять кредит в банке сбербанк россии</column>
      <column name="sberbank">0</column>
      <column name="vtb">NULL</column>
      <column name="gazprom">NULL</column>
      <column name="alfabank">NULL</column>
      <column name="bankmoskvy">NULL</column>
      <column name="raiffeisen">NULL</column>
      <column name="uralsib">NULL</column>
      <column name="rshb">NULL</column>
    </table>
    <table name="bank">
      <column name="id">247</column>
      <column name="twitid">493014263515340000</column>
      <column name="date">1406378734</column>
      <column name="name">SawerinSawerin</column>
      <column name="text">&quot;@BelieveInStucky: Щас мамой пойдем в альфа банк. АЛЬФА банк. Моя жизнь изменилась.&quot; Ахахахахваа</column>
      <column name="sberbank">NULL</column>
      <column name="vtb">NULL</column>
      <column name="gazprom">NULL</column>
      <column name="alfabank">0</column>
      <column name="bankmoskvy">NULL</column>
      <column name="raiffeisen">NULL</column>
      <column name="uralsib">NULL</column>
      <column name="rshb">NULL</column>
    </table>
    <table name="bank">
      <column name="id">248</column>
      <column name="twitid">493017468928280000</column>
      <column name="date">1406379499</column>
      <column name="name">riyaDesha</column>
      <column name="text">http://t.co/LY9RHGROxj Банк втб киров взять кредитную карту через онлайн</column>
      <column name="sberbank">NULL</column>
      <column name="vtb">0</column>
      <column name="gazprom">NULL</column>
      <column name="alfabank">NULL</column>
      <column name="bankmoskvy">NULL</column>
      <column name="raiffeisen">NULL</column>
      <column name="uralsib">NULL</column>
      <column name="rshb">NULL</column>
    </table>
    <table name="bank">
      <column name="id">249</column>
      <column name="twitid">493019944813330000</column>
      <column name="date">1406380089</column>
      <column name="name">MBlohin16</column>
      <column name="text">К тому же, Сбер дал мне кредит в 19 лет, когда все остальные банки побоялись)))</column>
      <column name="sberbank">1</column>
      <column name="vtb">NULL</column>
      <column name="gazprom">NULL</column>
      <column name="alfabank">NULL</column>
      <column name="bankmoskvy">NULL</column>
      <column name="raiffeisen">NULL</column>
      <column name="uralsib">NULL</column>
      <column name="rshb">NULL</column>
    </table>
    <table name="bank">
      <column name="id">250</column>
      <column name="twitid">493021905881140000</column>
      <column name="date">1406380556</column>
      <column name="name">Pkawka91</column>
      <column name="text">@sberbank Когда же глава Сбербанка России  и его администрация начнут думать головой.
 http://t.co/VZ2xQJPIKw</column>
      <column name="sberbank">-1</column>
      <column name="vtb">NULL</column>
      <column name="gazprom">NULL</column>
      <column name="alfabank">NULL</column>
      <column name="bankmoskvy">NULL</column>
      <column name="raiffeisen">NULL</column>
      <column name="uralsib">NULL</column>
      <column name="rshb">NULL</column>
    </table>
    <table name="bank">
      <column name="id">251</column>
      <column name="twitid">493021949006970000</column>
      <column name="date">1406380567</column>
      <column name="name">riyaDesha</column>
      <column name="text">http://t.co/PZStG7fnAJ Альфа банк взять второй кредит по зарплатной карте</column>
      <column name="sberbank">NULL</column>
      <column name="vtb">NULL</column>
      <column name="gazprom">NULL</column>
      <column name="alfabank">0</column>
      <column name="bankmoskvy">NULL</column>
      <column name="raiffeisen">NULL</column>
      <column name="uralsib">NULL</column>
      <column name="rshb">NULL</column>
    </table>
    <table name="bank">
      <column name="id">252</column>
      <column name="twitid">493022218335420000</column>
      <column name="date">1406380631</column>
      <column name="name">ebhitecsuv</column>
      <column name="text">пошаговая инструкция сбербанк получение логина и пароля http://t.co/YujTrHkzkH #сбербанк #логина</column>
      <column name="sberbank">0</column>
      <column name="vtb">NULL</column>
      <column name="gazprom">NULL</column>
      <column name="alfabank">NULL</column>
      <column name="bankmoskvy">NULL</column>
      <column name="raiffeisen">NULL</column>
      <column name="uralsib">NULL</column>
      <column name="rshb">NULL</column>
    </table>
    <table name="bank">
      <column name="id">253</column>
      <column name="twitid">493023335241250000</column>
      <column name="date">1406380897</column>
      <column name="name">lexandr11</column>
      <column name="text">RT @sberbank: Скидываетесь на подарок?  Отправьте SMS на номер 900: ПЕРЕВОД 9ХХХХХХХХХ 500 (то есть телефон того, кто собирает деньги и сум…</column>
      <column name="sberbank">0</column>
      <column name="vtb">NULL</column>
      <column name="gazprom">NULL</column>
      <column name="alfabank">NULL</column>
      <column name="bankmoskvy">NULL</column>
      <column name="raiffeisen">NULL</column>
      <column name="uralsib">NULL</column>
      <column name="rshb">NULL</column>
    </table>
    <table name="bank">
      <column name="id">254</column>
      <column name="twitid">493029813272470000</column>
      <column name="date">1406382442</column>
      <column name="name">A_Ivanova19</column>
      <column name="text">15 ноября ОАО &amp;amp;laquo;Россельхозбанк&amp;amp;raquo; провел в Краснодаре &amp;amp;laquo;Открытый диалог&amp;amp;raquo; &amp;amp;mdash; региональное совещание по проблемам и</column>
      <column name="sberbank">NULL</column>
      <column name="vtb">NULL</column>
      <column name="gazprom">NULL</column>
      <column name="alfabank">NULL</column>
      <column name="bankmoskvy">NULL</column>
      <column name="raiffeisen">NULL</column>
      <column name="uralsib">NULL</column>
      <column name="rshb">0</column>
    </table>
    <table name="bank">
      <column name="id">255</column>
      <column name="twitid">493041463476120000</column>
      <column name="date">1406385219</column>
      <column name="name">beDarbonne</column>
      <column name="text">http://t.co/VubcgdsrML Как получить кредит через сбербанк онлайн</column>
      <column name="sberbank">0</column>
      <column name="vtb">NULL</column>
      <column name="gazprom">NULL</column>
      <column name="alfabank">NULL</column>
      <column name="bankmoskvy">NULL</column>
      <column name="raiffeisen">NULL</column>
      <column name="uralsib">NULL</column>
      <column name="rshb">NULL</column>
    </table>
    <table name="bank">
      <column name="id">256</column>
      <column name="twitid">493054832346140000</column>
      <column name="date">1406388407</column>
      <column name="name">tj_4ever</column>
      <column name="text">Фактически это означает, что Сбербанк России (MOEX: SBER), ВТБ (MOEX: VTBR) и Россельхозбанк (MOEX: RSHB) могут лиш.. http://t.co/rADTRURDPF</column>
      <column name="sberbank">0</column>
      <column name="vtb">0</column>
      <column name="gazprom">NULL</column>
      <column name="alfabank">NULL</column>
      <column name="bankmoskvy">NULL</column>
      <column name="raiffeisen">NULL</column>
      <column name="uralsib">NULL</column>
      <column name="rshb">0</column>
    </table>
    <table name="bank">
      <column name="id">257</column>
      <column name="twitid">493057663266480000</column>
      <column name="date">1406389082</column>
      <column name="name">wdenPoppel</column>
      <column name="text">http://t.co/dfXB1bOQYI Как оформить кредитную карту альфа банка</column>
      <column name="sberbank">NULL</column>
      <column name="vtb">NULL</column>
      <column name="gazprom">NULL</column>
      <column name="alfabank">0</column>
      <column name="bankmoskvy">NULL</column>
      <column name="raiffeisen">NULL</column>
      <column name="uralsib">NULL</column>
      <column name="rshb">NULL</column>
    </table>
    <table name="bank">
      <column name="id">258</column>
      <column name="twitid">493058066393600000</column>
      <column name="date">1406389178</column>
      <column name="name">DRomanov46</column>
      <column name="text">Кроме того, Сбербанк победил еще в трех номинациях...</column>
      <column name="sberbank">1</column>
      <column name="vtb">NULL</column>
      <column name="gazprom">NULL</column>
      <column name="alfabank">NULL</column>
      <column name="bankmoskvy">NULL</column>
      <column name="raiffeisen">NULL</column>
      <column name="uralsib">NULL</column>
      <column name="rshb">NULL</column>
    </table>
    <table name="bank">
      <column name="id">259</column>
      <column name="twitid">493059248155540000</column>
      <column name="date">1406389460</column>
      <column name="name">RSergeevich40</column>
      <column name="text">По состоянию на 10 часов утра 24 июня рейтинг банков Бурятии, за которые голосуют посетители сайта «Байкал Финанс», возглавил Сбербанк Росс</column>
      <column name="sberbank">1</column>
      <column name="vtb">NULL</column>
      <column name="gazprom">NULL</column>
      <column name="alfabank">NULL</column>
      <column name="bankmoskvy">NULL</column>
      <column name="raiffeisen">NULL</column>
      <column name="uralsib">NULL</column>
      <column name="rshb">NULL</column>
    </table>
    <table name="bank">
      <column name="id">260</column>
      <column name="twitid">493070047758520000</column>
      <column name="date">1406392034</column>
      <column name="name">ynacolesun</column>
      <column name="text">http://t.co/qxEPbE9PE0 Спб взять кредит альфа банк</column>
      <column name="sberbank">NULL</column>
      <column name="vtb">NULL</column>
      <column name="gazprom">NULL</column>
      <column name="alfabank">0</column>
      <column name="bankmoskvy">NULL</column>
      <column name="raiffeisen">NULL</column>
      <column name="uralsib">NULL</column>
      <column name="rshb">NULL</column>
    </table>
    <table name="bank">
      <column name="id">261</column>
      <column name="twitid">493084776849770000</column>
      <column name="date">1406395546</column>
      <column name="name">AAgeeva22</column>
      <column name="text">1. поймите, что Сбер этот только в виду российский.</column>
      <column name="sberbank">0</column>
      <column name="vtb">NULL</column>
      <column name="gazprom">NULL</column>
      <column name="alfabank">NULL</column>
      <column name="bankmoskvy">NULL</column>
      <column name="raiffeisen">NULL</column>
      <column name="uralsib">NULL</column>
      <column name="rshb">NULL</column>
    </table>
    <table name="bank">
      <column name="id">262</column>
      <column name="twitid">493098850081840000</column>
      <column name="date">1406398901</column>
      <column name="name">AGorbunova47</column>
      <column name="text">Да, мобильники здесь должны завоевывать рынок. И Сбер очень продвинулся на этой стезе.</column>
      <column name="sberbank">1</column>
      <column name="vtb">NULL</column>
      <column name="gazprom">NULL</column>
      <column name="alfabank">NULL</column>
      <column name="bankmoskvy">NULL</column>
      <column name="raiffeisen">NULL</column>
      <column name="uralsib">NULL</column>
      <column name="rshb">NULL</column>
    </table>
    <table name="bank">
      <column name="id">263</column>
      <column name="twitid">493106971009380000</column>
      <column name="date">1406400838</column>
      <column name="name">RNikolaev12</column>
      <column name="text">С 25 июля по 25 августа 2014 года во всех отделениях Россельхозбанка на территории Республики Марий Эл пройдет «Месяц продаж ипотечных кред</column>
      <column name="sberbank">NULL</column>
      <column name="vtb">NULL</column>
      <column name="gazprom">NULL</column>
      <column name="alfabank">NULL</column>
      <column name="bankmoskvy">NULL</column>
      <column name="raiffeisen">NULL</column>
      <column name="uralsib">NULL</column>
      <column name="rshb">1</column>
    </table>
    <table name="bank">
      <column name="id">264</column>
      <column name="twitid">493108627004080000</column>
      <column name="date">1406401232</column>
      <column name="name">beliameoqsnipes</column>
      <column name="text">Потребительский кредит в Сбербанк Ульяновск http://t.co/tO3lPISNuc</column>
      <column name="sberbank">0</column>
      <column name="vtb">NULL</column>
      <column name="gazprom">NULL</column>
      <column name="alfabank">NULL</column>
      <column name="bankmoskvy">NULL</column>
      <column name="raiffeisen">NULL</column>
      <column name="uralsib">NULL</column>
      <column name="rshb">NULL</column>
    </table>
    <table name="bank">
      <column name="id">265</column>
      <column name="twitid">493119753410860000</column>
      <column name="date">1406403885</column>
      <column name="name">ESerebrennikov2</column>
      <column name="text">«Райффайзен Банк Аваль» закрывает крымские филиалы</column>
      <column name="sberbank">NULL</column>
      <column name="vtb">NULL</column>
      <column name="gazprom">NULL</column>
      <column name="alfabank">NULL</column>
      <column name="bankmoskvy">NULL</column>
      <column name="raiffeisen">-1</column>
      <column name="uralsib">NULL</column>
      <column name="rshb">NULL</column>
    </table>
    <table name="bank">
      <column name="id">266</column>
      <column name="twitid">493136197188070000</column>
      <column name="date">1406407806</column>
      <column name="name">BrebanYard</column>
      <column name="text">http://t.co/Zdss6bae4J Взять кредит в филиал тульский оао альфа банк</column>
      <column name="sberbank">NULL</column>
      <column name="vtb">NULL</column>
      <column name="gazprom">NULL</column>
      <column name="alfabank">0</column>
      <column name="bankmoskvy">NULL</column>
      <column name="raiffeisen">NULL</column>
      <column name="uralsib">NULL</column>
      <column name="rshb">NULL</column>
    </table>
    <table name="bank">
      <column name="id">267</column>
      <column name="twitid">493136243560300000</column>
      <column name="date">1406407817</column>
      <column name="name">riyaDesha</column>
      <column name="text">http://t.co/23LLd50MYa Оформить кредит в россельхозбанке</column>
      <column name="sberbank">NULL</column>
      <column name="vtb">NULL</column>
      <column name="gazprom">NULL</column>
      <column name="alfabank">NULL</column>
      <column name="bankmoskvy">NULL</column>
      <column name="raiffeisen">NULL</column>
      <column name="uralsib">NULL</column>
      <column name="rshb">0</column>
    </table>
    <table name="bank">
      <column name="id">268</column>
      <column name="twitid">493137833217900000</column>
      <column name="date">1406408196</column>
      <column name="name">ebyrolev</column>
      <column name="text">образец заполнения заявления о спорной операции по карте сбербанк http://t.co/BXMRRTyeSR #сбербанк #о</column>
      <column name="sberbank">0</column>
      <column name="vtb">NULL</column>
      <column name="gazprom">NULL</column>
      <column name="alfabank">NULL</column>
      <column name="bankmoskvy">NULL</column>
      <column name="raiffeisen">NULL</column>
      <column name="uralsib">NULL</column>
      <column name="rshb">NULL</column>
    </table>
    <table name="bank">
      <column name="id">269</column>
      <column name="twitid">493138314741180000</column>
      <column name="date">1406408310</column>
      <column name="name">obufpatca</column>
      <column name="text">http://t.co/u5hJvFLoHN Оформить кредит в альфа банке мурманск</column>
      <column name="sberbank">NULL</column>
      <column name="vtb">NULL</column>
      <column name="gazprom">NULL</column>
      <column name="alfabank">0</column>
      <column name="bankmoskvy">NULL</column>
      <column name="raiffeisen">NULL</column>
      <column name="uralsib">NULL</column>
      <column name="rshb">NULL</column>
    </table>
    <table name="bank">
      <column name="id">270</column>
      <column name="twitid">493139070122720000</column>
      <column name="date">1406408491</column>
      <column name="name">IGolovin56</column>
      <column name="text">Ну, а кому принадлежит Сбер и кто его контролирует, рассказывать не надо, а уж получить 2О миллионов долларов кредита</column>
      <column name="sberbank">0</column>
      <column name="vtb">NULL</column>
      <column name="gazprom">NULL</column>
      <column name="alfabank">NULL</column>
      <column name="bankmoskvy">NULL</column>
      <column name="raiffeisen">NULL</column>
      <column name="uralsib">NULL</column>
      <column name="rshb">NULL</column>
    </table>
    <table name="bank">
      <column name="id">271</column>
      <column name="twitid">493144278361980000</column>
      <column name="date">1406409732</column>
      <column name="name">SKozlova45</column>
      <column name="text">Правлением ОАО «Россельхозбанк» утверждена Программа развития региональной сети Банка до 2020 года, сообщили РИА «Дагестан» в пресс-службе</column>
      <column name="sberbank">NULL</column>
      <column name="vtb">NULL</column>
      <column name="gazprom">NULL</column>
      <column name="alfabank">NULL</column>
      <column name="bankmoskvy">NULL</column>
      <column name="raiffeisen">NULL</column>
      <column name="uralsib">NULL</column>
      <column name="rshb">1</column>
    </table>
    <table name="bank">
      <column name="id">272</column>
      <column name="twitid">493145762029520000</column>
      <column name="date">1406410086</column>
      <column name="name">bret2212</column>
      <column name="text">Россельхозбанк утвердил Программу развития региональной сети до 2020 года</column>
      <column name="sberbank">NULL</column>
      <column name="vtb">NULL</column>
      <column name="gazprom">NULL</column>
      <column name="alfabank">NULL</column>
      <column name="bankmoskvy">NULL</column>
      <column name="raiffeisen">NULL</column>
      <column name="uralsib">NULL</column>
      <column name="rshb">1</column>
    </table>
    <table name="bank">
      <column name="id">273</column>
      <column name="twitid">493145805097030000</column>
      <column name="date">1406410096</column>
      <column name="name">RGorbunova52</column>
      <column name="text">В сентябре текущего года клиенты Северного банка Сбербанка России совершили через Сбербанк Онлайн более 35 тысяч платежей за услуги ЖКХ. Об</column>
      <column name="sberbank">1</column>
      <column name="vtb">NULL</column>
      <column name="gazprom">NULL</column>
      <column name="alfabank">NULL</column>
      <column name="bankmoskvy">NULL</column>
      <column name="raiffeisen">NULL</column>
      <column name="uralsib">NULL</column>
      <column name="rshb">NULL</column>
    </table>
    <table name="bank">
      <column name="id">274</column>
      <column name="twitid">493145937364410000</column>
      <column name="date">1406410128</column>
      <column name="name">tnibkiljvu</column>
      <column name="text">http://t.co/8XzU0eBmQq Хочу взять кредит банк уралсиб</column>
      <column name="sberbank">NULL</column>
      <column name="vtb">NULL</column>
      <column name="gazprom">NULL</column>
      <column name="alfabank">NULL</column>
      <column name="bankmoskvy">NULL</column>
      <column name="raiffeisen">NULL</column>
      <column name="uralsib">0</column>
      <column name="rshb">NULL</column>
    </table>
    <table name="bank">
      <column name="id">275</column>
      <column name="twitid">493146955338760000</column>
      <column name="date">1406410371</column>
      <column name="name">riyaDesha</column>
      <column name="text">http://t.co/mnqG5bglUF Взять кредит в альфа банке сейчас</column>
      <column name="sberbank">NULL</column>
      <column name="vtb">NULL</column>
      <column name="gazprom">NULL</column>
      <column name="alfabank">0</column>
      <column name="bankmoskvy">NULL</column>
      <column name="raiffeisen">NULL</column>
      <column name="uralsib">NULL</column>
      <column name="rshb">NULL</column>
    </table>
    <table name="bank">
      <column name="id">276</column>
      <column name="twitid">493150196508160000</column>
      <column name="date">1406411143</column>
      <column name="name">ASidorova23</column>
      <column name="text">В мае 2013 года в Москве появятся первые 100 пунктов проката велосипедов.Банк Москвы приобретает около одной тысячи велосипедов, которые в</column>
      <column name="sberbank">NULL</column>
      <column name="vtb">NULL</column>
      <column name="gazprom">NULL</column>
      <column name="alfabank">NULL</column>
      <column name="bankmoskvy">1</column>
      <column name="raiffeisen">NULL</column>
      <column name="uralsib">NULL</column>
      <column name="rshb">NULL</column>
    </table>
    <table name="bank">
      <column name="id">277</column>
      <column name="twitid">493155126400390000</column>
      <column name="date">1406412319</column>
      <column name="name">myrodibivyf</column>
      <column name="text">RT @puwylalufube: «Райффайзен Банк Аваль» за полгода получил 1 млрд гривень убытка</column>
      <column name="sberbank">NULL</column>
      <column name="vtb">NULL</column>
      <column name="gazprom">NULL</column>
      <column name="alfabank">NULL</column>
      <column name="bankmoskvy">NULL</column>
      <column name="raiffeisen">-1</column>
      <column name="uralsib">NULL</column>
      <column name="rshb">NULL</column>
    </table>
    <table name="bank">
      <column name="id">278</column>
      <column name="twitid">493155256797510000</column>
      <column name="date">1406412350</column>
      <column name="name">isserBell</column>
      <column name="text">http://t.co/7NwCrL9xIu Взять кредит на 400000 тысяч сбербанк на 4 года</column>
      <column name="sberbank">0</column>
      <column name="vtb">NULL</column>
      <column name="gazprom">NULL</column>
      <column name="alfabank">NULL</column>
      <column name="bankmoskvy">NULL</column>
      <column name="raiffeisen">NULL</column>
      <column name="uralsib">NULL</column>
      <column name="rshb">NULL</column>
    </table>
    <table name="bank">
      <column name="id">279</column>
      <column name="twitid">493165852184030000</column>
      <column name="date">1406414876</column>
      <column name="name">wdenPoppel</column>
      <column name="text">http://t.co/55CB8YRGkO Как взять кредит в газпромбанке и склька проц</column>
      <column name="sberbank">NULL</column>
      <column name="vtb">NULL</column>
      <column name="gazprom">0</column>
      <column name="alfabank">NULL</column>
      <column name="bankmoskvy">NULL</column>
      <column name="raiffeisen">NULL</column>
      <column name="uralsib">NULL</column>
      <column name="rshb">NULL</column>
    </table>
    <table name="bank">
      <column name="id">280</column>
      <column name="twitid">493168998792830000</column>
      <column name="date">1406415626</column>
      <column name="name">urjcasrin</column>
      <column name="text">http://t.co/sgOa9jyLCJ Взять кредит в райффайзенбанк</column>
      <column name="sberbank">NULL</column>
      <column name="vtb">NULL</column>
      <column name="gazprom">NULL</column>
      <column name="alfabank">NULL</column>
      <column name="bankmoskvy">NULL</column>
      <column name="raiffeisen">0</column>
      <column name="uralsib">NULL</column>
      <column name="rshb">NULL</column>
    </table>
    <table name="bank">
      <column name="id">281</column>
      <column name="twitid">493169183275100000</column>
      <column name="date">1406415670</column>
      <column name="name">NMannanov50</column>
      <column name="text">Между АО Банк ВТБ (Грузия) и ЕБРР подписано соглашение, согласно которому банки будут совместно осуществлять финансирования корпоративных к</column>
      <column name="sberbank">NULL</column>
      <column name="vtb">1</column>
      <column name="gazprom">NULL</column>
      <column name="alfabank">NULL</column>
      <column name="bankmoskvy">NULL</column>
      <column name="raiffeisen">NULL</column>
      <column name="uralsib">NULL</column>
      <column name="rshb">NULL</column>
    </table>
    <table name="bank">
      <column name="id">282</column>
      <column name="twitid">493171137355200000</column>
      <column name="date">1406416136</column>
      <column name="name">liaSideris</column>
      <column name="text">http://t.co/vrzwJNjfoj Россельхозбанквзять кредит в москве без регистрации</column>
      <column name="sberbank">NULL</column>
      <column name="vtb">NULL</column>
      <column name="gazprom">NULL</column>
      <column name="alfabank">NULL</column>
      <column name="bankmoskvy">NULL</column>
      <column name="raiffeisen">NULL</column>
      <column name="uralsib">NULL</column>
      <column name="rshb">0</column>
    </table>
    <table name="bank">
      <column name="id">283</column>
      <column name="twitid">493174115654570000</column>
      <column name="date">1406416846</column>
      <column name="name">zolotoiserg</column>
      <column name="text">Годовой отчет ИТ-монстра #КРОК: в прошлом #Сбербанк и ВТБ, впереди роботы и &quot;умные города&quot;:) http://t.co/ACzLxBGl4q</column>
      <column name="sberbank">-1</column>
      <column name="vtb">-1</column>
      <column name="gazprom">NULL</column>
      <column name="alfabank">NULL</column>
      <column name="bankmoskvy">NULL</column>
      <column name="raiffeisen">NULL</column>
      <column name="uralsib">NULL</column>
      <column name="rshb">NULL</column>
    </table>
    <table name="bank">
      <column name="id">284</column>
      <column name="twitid">493177586252800000</column>
      <column name="date">1406417674</column>
      <column name="name">ORyabova48</column>
      <column name="text">Эм. Почта фиг с ней, но вот Сбер и РЖД пусть будут, а? Они ж исправляются в последнее время. Особенно Сбер</column>
      <column name="sberbank">1</column>
      <column name="vtb">NULL</column>
      <column name="gazprom">NULL</column>
      <column name="alfabank">NULL</column>
      <column name="bankmoskvy">NULL</column>
      <column name="raiffeisen">NULL</column>
      <column name="uralsib">NULL</column>
      <column name="rshb">NULL</column>
    </table>
    <table name="bank">
      <column name="id">285</column>
      <column name="twitid">493188044229330000</column>
      <column name="date">1406420167</column>
      <column name="name">Dan5Faulkner</column>
      <column name="text">за сегодня эти двое успели раза 2-3 сказать друг другу: &quot;у меня СберБанк #RT</column>
      <column name="sberbank">0</column>
      <column name="vtb">NULL</column>
      <column name="gazprom">NULL</column>
      <column name="alfabank">NULL</column>
      <column name="bankmoskvy">NULL</column>
      <column name="raiffeisen">NULL</column>
      <column name="uralsib">NULL</column>
      <column name="rshb">NULL</column>
    </table>
    <table name="bank">
      <column name="id">286</column>
      <column name="twitid">493191314801170000</column>
      <column name="date">1406420947</column>
      <column name="name">foxizin</column>
      <column name="text">RT @darkbono: http://t.co/XcDc2CIg1k банк москвы г краснодар потребительский кредит</column>
      <column name="sberbank">NULL</column>
      <column name="vtb">NULL</column>
      <column name="gazprom">NULL</column>
      <column name="alfabank">NULL</column>
      <column name="bankmoskvy">0</column>
      <column name="raiffeisen">NULL</column>
      <column name="uralsib">NULL</column>
      <column name="rshb">NULL</column>
    </table>
    <table name="bank">
      <column name="id">287</column>
      <column name="twitid">493194005765550000</column>
      <column name="date">1406421588</column>
      <column name="name">qymypyhyzuf</column>
      <column name="text">В Ульяновске бывший директор филиала Россельхозбанка осужден за хищение 2,5 млн рублей</column>
      <column name="sberbank">NULL</column>
      <column name="vtb">NULL</column>
      <column name="gazprom">NULL</column>
      <column name="alfabank">NULL</column>
      <column name="bankmoskvy">NULL</column>
      <column name="raiffeisen">NULL</column>
      <column name="uralsib">NULL</column>
      <column name="rshb">-1</column>
    </table>
    <table name="bank">
      <column name="id">288</column>
      <column name="twitid">493194098787240000</column>
      <column name="date">1406421610</column>
      <column name="name">sireahTi</column>
      <column name="text">http://t.co/RXqEELHCpG Альфа банк оформить заявку на кредит без залога</column>
      <column name="sberbank">NULL</column>
      <column name="vtb">NULL</column>
      <column name="gazprom">NULL</column>
      <column name="alfabank">0</column>
      <column name="bankmoskvy">NULL</column>
      <column name="raiffeisen">NULL</column>
      <column name="uralsib">NULL</column>
      <column name="rshb">NULL</column>
    </table>
    <table name="bank">
      <column name="id">289</column>
      <column name="twitid">493197974957490000</column>
      <column name="date">1406422535</column>
      <column name="name">myalexray</column>
      <column name="text">Ипотечный кредит в ВТБ 24 условия и преимущества - Почему... http://t.co/oJhocEHgHj</column>
      <column name="sberbank">NULL</column>
      <column name="vtb">0</column>
      <column name="gazprom">NULL</column>
      <column name="alfabank">NULL</column>
      <column name="bankmoskvy">NULL</column>
      <column name="raiffeisen">NULL</column>
      <column name="uralsib">NULL</column>
      <column name="rshb">NULL</column>
    </table>
    <table name="bank">
      <column name="id">290</column>
      <column name="twitid">493201895863760000</column>
      <column name="date">1406423469</column>
      <column name="name">sawhxf</column>
      <column name="text">Вывожу и обмениваю з Webmoney , qiwi , Яндекс деньги , PM , на на Приватбанк, Альфа-Банк, ВТБ24, СберБанк и другие...- Очень высокие гарант</column>
      <column name="sberbank">0</column>
      <column name="vtb">0</column>
      <column name="gazprom">NULL</column>
      <column name="alfabank">0</column>
      <column name="bankmoskvy">NULL</column>
      <column name="raiffeisen">NULL</column>
      <column name="uralsib">NULL</column>
      <column name="rshb">NULL</column>
    </table>
    <table name="bank">
      <column name="id">291</column>
      <column name="twitid">493204605518770000</column>
      <column name="date">1406424115</column>
      <column name="name">scelerre89</column>
      <column name="text">RT @gutulokdew: #Условия Получения Кредита В Россельхозбанке В Нижнем Новгороде http://t.co/5rT3IqFdY2</column>
      <column name="sberbank">NULL</column>
      <column name="vtb">NULL</column>
      <column name="gazprom">NULL</column>
      <column name="alfabank">NULL</column>
      <column name="bankmoskvy">NULL</column>
      <column name="raiffeisen">NULL</column>
      <column name="uralsib">NULL</column>
      <column name="rshb">0</column>
    </table>
    <table name="bank">
      <column name="id">292</column>
      <column name="twitid">493204869483090000</column>
      <column name="date">1406424178</column>
      <column name="name">AMaksimova40</column>
      <column name="text">В любую какую удобно личку. Оплатить сожно на сбер карту, яндекс кошель или приват карту. Как удобнее?</column>
      <column name="sberbank">0</column>
      <column name="vtb">NULL</column>
      <column name="gazprom">NULL</column>
      <column name="alfabank">NULL</column>
      <column name="bankmoskvy">NULL</column>
      <column name="raiffeisen">NULL</column>
      <column name="uralsib">NULL</column>
      <column name="rshb">NULL</column>
    </table>
    <table name="bank">
      <column name="id">293</column>
      <column name="twitid">493204952727450000</column>
      <column name="date">1406424198</column>
      <column name="name">topaqlasui</column>
      <column name="text">http://t.co/cKINE50r3t Взять потребительский кредит сбербанк россии</column>
      <column name="sberbank">0</column>
      <column name="vtb">NULL</column>
      <column name="gazprom">NULL</column>
      <column name="alfabank">NULL</column>
      <column name="bankmoskvy">NULL</column>
      <column name="raiffeisen">NULL</column>
      <column name="uralsib">NULL</column>
      <column name="rshb">NULL</column>
    </table>
    <table name="bank">
      <column name="id">294</column>
      <column name="twitid">493206550979540000</column>
      <column name="date">1406424579</column>
      <column name="name">NSamsonova47</column>
      <column name="text">На днях в Марийском филиале Россельхозбанка были подведены итоги акции «Ипотека от Россельхозбанка – дизайн интерьера в подарок». По ее усл</column>
      <column name="sberbank">NULL</column>
      <column name="vtb">NULL</column>
      <column name="gazprom">NULL</column>
      <column name="alfabank">NULL</column>
      <column name="bankmoskvy">NULL</column>
      <column name="raiffeisen">NULL</column>
      <column name="uralsib">NULL</column>
      <column name="rshb">0</column>
    </table>
    <table name="bank">
      <column name="id">295</column>
      <column name="twitid">493208688329770000</column>
      <column name="date">1406425089</column>
      <column name="name">ISemenova48</column>
      <column name="text">Госбанки догоняют рынок: Сбербанк 23 июня повысил ставки по отдельным видам вкладов - онлайн-депозитам и сберегательным сертификатам. Его к</column>
      <column name="sberbank">1</column>
      <column name="vtb">NULL</column>
      <column name="gazprom">NULL</column>
      <column name="alfabank">NULL</column>
      <column name="bankmoskvy">NULL</column>
      <column name="raiffeisen">NULL</column>
      <column name="uralsib">NULL</column>
      <column name="rshb">NULL</column>
    </table>
    <table name="bank">
      <column name="id">296</column>
      <column name="twitid">493211189615540000</column>
      <column name="date">1406425685</column>
      <column name="name">ABogdanov42</column>
      <column name="text">Райффайзен Банк Аваль сообщает клиентам — пользователям системы «Райффайзен Аваль Онлайн» (интернет-банкинг для физических лиц) о снятии ли</column>
      <column name="sberbank">NULL</column>
      <column name="vtb">NULL</column>
      <column name="gazprom">NULL</column>
      <column name="alfabank">NULL</column>
      <column name="bankmoskvy">NULL</column>
      <column name="raiffeisen">0</column>
      <column name="uralsib">NULL</column>
      <column name="rshb">NULL</column>
    </table>
    <table name="bank">
      <column name="id">297</column>
      <column name="twitid">493212053918590000</column>
      <column name="date">1406425891</column>
      <column name="name">jugorrync</column>
      <column name="text">банк москвы хабаровск руководство http://t.co/sMVlwO9o2k #хабаровск #банк</column>
      <column name="sberbank">NULL</column>
      <column name="vtb">NULL</column>
      <column name="gazprom">NULL</column>
      <column name="alfabank">NULL</column>
      <column name="bankmoskvy">0</column>
      <column name="raiffeisen">NULL</column>
      <column name="uralsib">NULL</column>
      <column name="rshb">NULL</column>
    </table>
    <table name="bank">
      <column name="id">298</column>
      <column name="twitid">493220694738870000</column>
      <column name="date">1406427951</column>
      <column name="name">Tedfrank234</column>
      <column name="text">бизнес онлайн http://t.co/zEMULJikHV пользователя сбербанк инструкция</column>
      <column name="sberbank">0</column>
      <column name="vtb">NULL</column>
      <column name="gazprom">NULL</column>
      <column name="alfabank">NULL</column>
      <column name="bankmoskvy">NULL</column>
      <column name="raiffeisen">NULL</column>
      <column name="uralsib">NULL</column>
      <column name="rshb">NULL</column>
    </table>
    <table name="bank">
      <column name="id">299</column>
      <column name="twitid">493222585766010000</column>
      <column name="date">1406428402</column>
      <column name="name">topaqlasui</column>
      <column name="text">http://t.co/Wy1rjERxxW Оформить заявку на кредит наличными банк москвы</column>
      <column name="sberbank">NULL</column>
      <column name="vtb">NULL</column>
      <column name="gazprom">NULL</column>
      <column name="alfabank">NULL</column>
      <column name="bankmoskvy">0</column>
      <column name="raiffeisen">NULL</column>
      <column name="uralsib">NULL</column>
      <column name="rshb">NULL</column>
    </table>
    <table name="bank">
      <column name="id">300</column>
      <column name="twitid">493230101509960000</column>
      <column name="date">1406430194</column>
      <column name="name">riyaDesha</column>
      <column name="text">http://t.co/O367FCUkg7 Оформить кредит в альфа банке онлайн</column>
      <column name="sberbank">NULL</column>
      <column name="vtb">NULL</column>
      <column name="gazprom">NULL</column>
      <column name="alfabank">0</column>
      <column name="bankmoskvy">NULL</column>
      <column name="raiffeisen">NULL</column>
      <column name="uralsib">NULL</column>
      <column name="rshb">NULL</column>
    </table>
  </database>
</pma_xml_export>
