<?xml version="1.0" encoding="utf-8"?>
<!--
- phpMyAdmin XML Dump
- version 4.0.4.1
- http://www.phpmyadmin.net
-
- Хост: localhost
- Время создания: Окт 28 2014 г., 09:03
- Версия сервера: 5.6.12
- Версия PHP: 5.5.3
-->
<pma_xml_export version="1.0" xmlns:pma="http://www.phpmyadmin.net/some_doc_url/">
  <!--
    - Structure schemas
    -->
  <pma:structure_schemas>
    <pma:database name="Romip" collation="utf8_general_ci" charset="utf8">
      <pma:table name="bank">
                CREATE TABLE `bank` (
                  `id` int(11) NOT NULL AUTO_INCREMENT,
                  `twitid` bigint(32) NOT NULL DEFAULT '0',
                  `date` varchar(128) DEFAULT NULL,
                  `name` varchar(128) DEFAULT NULL,
                  `text` varchar(256) DEFAULT NULL,
                  `sberbank` int(11) DEFAULT NULL,
                  `vtb` int(11) DEFAULT NULL,
                  `gazprom` int(11) DEFAULT NULL,
                  `alfabank` int(11) DEFAULT NULL,
                  `bankmoskvy` int(11) DEFAULT NULL,
                  `raiffeisen` int(11) DEFAULT NULL,
                  `uralsib` int(11) DEFAULT NULL,
                  `rshb` int(11) DEFAULT NULL,
                  PRIMARY KEY (`id`),
                  UNIQUE KEY `id` (`twitid`)
                ) ENGINE=InnoDB AUTO_INCREMENT=7924 DEFAULT CHARSET=utf8;
            </pma:table>
    </pma:database>
  </pma:structure_schemas>
  <!--
    - База данных: 'Romip'
    -->
  <database name="Romip">
    <!-- Таблица bank -->
    <table name="bank">
      <column name="id">501</column>
      <column name="twitid">493614558263910000</column>
      <column name="date">1406521856</column>
      <column name="name">CeFeY_chik</column>
      <column name="text">инструкция клиент сбербанк установке http://t.co/SRectUZmjz по</column>
      <column name="sberbank">0</column>
      <column name="vtb">NULL</column>
      <column name="gazprom">NULL</column>
      <column name="alfabank">NULL</column>
      <column name="bankmoskvy">NULL</column>
      <column name="raiffeisen">NULL</column>
      <column name="uralsib">NULL</column>
      <column name="rshb">NULL</column>
    </table>
    <table name="bank">
      <column name="id">502</column>
      <column name="twitid">493616368655540000</column>
      <column name="date">1406522287</column>
      <column name="name">eenbkorts</column>
      <column name="text">кредиты в банках втб 24 http://t.co/BdUiKtrVPr</column>
      <column name="sberbank">NULL</column>
      <column name="vtb">0</column>
      <column name="gazprom">NULL</column>
      <column name="alfabank">NULL</column>
      <column name="bankmoskvy">NULL</column>
      <column name="raiffeisen">NULL</column>
      <column name="uralsib">NULL</column>
      <column name="rshb">NULL</column>
    </table>
    <table name="bank">
      <column name="id">503</column>
      <column name="twitid">493616410275620000</column>
      <column name="date">1406522297</column>
      <column name="name">pycehoqonog</column>
      <column name="text">Взять кредит наличными газпромбанк http://t.co/BkqywL3s9V</column>
      <column name="sberbank">NULL</column>
      <column name="vtb">NULL</column>
      <column name="gazprom">0</column>
      <column name="alfabank">NULL</column>
      <column name="bankmoskvy">NULL</column>
      <column name="raiffeisen">NULL</column>
      <column name="uralsib">NULL</column>
      <column name="rshb">NULL</column>
    </table>
    <table name="bank">
      <column name="id">504</column>
      <column name="twitid">493616458057140000</column>
      <column name="date">1406522309</column>
      <column name="name">racpu496ky</column>
      <column name="text">Нецелевой ипотечный кредит сбербанк http://t.co/9Xi2dcTrww</column>
      <column name="sberbank">0</column>
      <column name="vtb">NULL</column>
      <column name="gazprom">NULL</column>
      <column name="alfabank">NULL</column>
      <column name="bankmoskvy">NULL</column>
      <column name="raiffeisen">NULL</column>
      <column name="uralsib">NULL</column>
      <column name="rshb">NULL</column>
    </table>
    <table name="bank">
      <column name="id">505</column>
      <column name="twitid">493617876935670000</column>
      <column name="date">1406522647</column>
      <column name="name">wcbodimyn8</column>
      <column name="text">россельхозбанк кредит на развитие сельского хозяйства http://t.co/mMXaV7V6Jh</column>
      <column name="sberbank">NULL</column>
      <column name="vtb">NULL</column>
      <column name="gazprom">NULL</column>
      <column name="alfabank">NULL</column>
      <column name="bankmoskvy">NULL</column>
      <column name="raiffeisen">NULL</column>
      <column name="uralsib">NULL</column>
      <column name="rshb">0</column>
    </table>
    <table name="bank">
      <column name="id">506</column>
      <column name="twitid">493619091589330000</column>
      <column name="date">1406522937</column>
      <column name="name">qyggrumik</column>
      <column name="text">http://t.co/9sZXaJKZfl Восколько лет можно взять кредит в альфа банк</column>
      <column name="sberbank">NULL</column>
      <column name="vtb">NULL</column>
      <column name="gazprom">NULL</column>
      <column name="alfabank">0</column>
      <column name="bankmoskvy">NULL</column>
      <column name="raiffeisen">NULL</column>
      <column name="uralsib">NULL</column>
      <column name="rshb">NULL</column>
    </table>
    <table name="bank">
      <column name="id">507</column>
      <column name="twitid">493619833322610000</column>
      <column name="date">1406523113</column>
      <column name="name">ynkeryy0ri</column>
      <column name="text">инвест сбербанк как платить кредиты http://t.co/pgDMG07A8H</column>
      <column name="sberbank">0</column>
      <column name="vtb">NULL</column>
      <column name="gazprom">NULL</column>
      <column name="alfabank">NULL</column>
      <column name="bankmoskvy">NULL</column>
      <column name="raiffeisen">NULL</column>
      <column name="uralsib">NULL</column>
      <column name="rshb">NULL</column>
    </table>
    <table name="bank">
      <column name="id">508</column>
      <column name="twitid">493619964407190000</column>
      <column name="date">1406523145</column>
      <column name="name">xoctocysty</column>
      <column name="text">расчетный калькулятор по кредиту сбербанк россии http://t.co/bWJvGoaolM</column>
      <column name="sberbank">0</column>
      <column name="vtb">NULL</column>
      <column name="gazprom">NULL</column>
      <column name="alfabank">NULL</column>
      <column name="bankmoskvy">NULL</column>
      <column name="raiffeisen">NULL</column>
      <column name="uralsib">NULL</column>
      <column name="rshb">NULL</column>
    </table>
    <table name="bank">
      <column name="id">509</column>
      <column name="twitid">493621824333180000</column>
      <column name="date">1406523588</column>
      <column name="name">rettaSam</column>
      <column name="text">бланки для перечисления через сбербанк http://t.co/F3D6VKHzWt #сбербанк #бланки</column>
      <column name="sberbank">0</column>
      <column name="vtb">NULL</column>
      <column name="gazprom">NULL</column>
      <column name="alfabank">NULL</column>
      <column name="bankmoskvy">NULL</column>
      <column name="raiffeisen">NULL</column>
      <column name="uralsib">NULL</column>
      <column name="rshb">NULL</column>
    </table>
    <table name="bank">
      <column name="id">510</column>
      <column name="twitid">493622477739020000</column>
      <column name="date">1406523744</column>
      <column name="name">ynacolesun</column>
      <column name="text">http://t.co/7QxYxgvUa4 Сбербанк как взять кредит на неотложные нужды</column>
      <column name="sberbank">0</column>
      <column name="vtb">NULL</column>
      <column name="gazprom">NULL</column>
      <column name="alfabank">NULL</column>
      <column name="bankmoskvy">NULL</column>
      <column name="raiffeisen">NULL</column>
      <column name="uralsib">NULL</column>
      <column name="rshb">NULL</column>
    </table>
    <table name="bank">
      <column name="id">511</column>
      <column name="twitid">493625425814630000</column>
      <column name="date">1406524447</column>
      <column name="name">pegejypuk</column>
      <column name="text">Кредит на неотложные нужды в россельхозбанке в ярославле http://t.co/Z9fCAiAVTt</column>
      <column name="sberbank">NULL</column>
      <column name="vtb">NULL</column>
      <column name="gazprom">NULL</column>
      <column name="alfabank">NULL</column>
      <column name="bankmoskvy">NULL</column>
      <column name="raiffeisen">NULL</column>
      <column name="uralsib">NULL</column>
      <column name="rshb">0</column>
    </table>
    <table name="bank">
      <column name="id">512</column>
      <column name="twitid">493626376239710000</column>
      <column name="date">1406524673</column>
      <column name="name">xyzypusyw</column>
      <column name="text">Задолжники по кредитам втб 24 http://t.co/wI5OX1wBs9</column>
      <column name="sberbank">NULL</column>
      <column name="vtb">0</column>
      <column name="gazprom">NULL</column>
      <column name="alfabank">NULL</column>
      <column name="bankmoskvy">NULL</column>
      <column name="raiffeisen">NULL</column>
      <column name="uralsib">NULL</column>
      <column name="rshb">NULL</column>
    </table>
    <table name="bank">
      <column name="id">513</column>
      <column name="twitid">493626858878290000</column>
      <column name="date">1406524788</column>
      <column name="name">ynacolesun</column>
      <column name="text">http://t.co/xL1pJa3Bpp Оформить кредит на альфа банк</column>
      <column name="sberbank">NULL</column>
      <column name="vtb">NULL</column>
      <column name="gazprom">NULL</column>
      <column name="alfabank">0</column>
      <column name="bankmoskvy">NULL</column>
      <column name="raiffeisen">NULL</column>
      <column name="uralsib">NULL</column>
      <column name="rshb">NULL</column>
    </table>
    <table name="bank">
      <column name="id">514</column>
      <column name="twitid">493630106418410000</column>
      <column name="date">1406525563</column>
      <column name="name">aqekinovuj</column>
      <column name="text">заявление в банк о взыскании по исполнительному листу образец сбербанк http://t.co/L7m4F6kVz7 #листу #по</column>
      <column name="sberbank">0</column>
      <column name="vtb">NULL</column>
      <column name="gazprom">NULL</column>
      <column name="alfabank">NULL</column>
      <column name="bankmoskvy">NULL</column>
      <column name="raiffeisen">NULL</column>
      <column name="uralsib">NULL</column>
      <column name="rshb">NULL</column>
    </table>
    <table name="bank">
      <column name="id">515</column>
      <column name="twitid">493632968947410000</column>
      <column name="date">1406526245</column>
      <column name="name">jowesozuroty</column>
      <column name="text">RT @vrcaa7faqe: Сбербанк поможет своему должнику построить Керченский мост</column>
      <column name="sberbank">1</column>
      <column name="vtb">NULL</column>
      <column name="gazprom">NULL</column>
      <column name="alfabank">NULL</column>
      <column name="bankmoskvy">NULL</column>
      <column name="raiffeisen">NULL</column>
      <column name="uralsib">NULL</column>
      <column name="rshb">NULL</column>
    </table>
    <table name="bank">
      <column name="id">516</column>
      <column name="twitid">493633056973270000</column>
      <column name="date">1406526266</column>
      <column name="name">Morozovaureldef</column>
      <column name="text">RT @Gorbunovapalmes: ВТБ разместил еврооблигации на 350 млн швейцарских франков Банк ВТБ через зарегистрированную в Люксембурге дочернюю ко…</column>
      <column name="sberbank">NULL</column>
      <column name="vtb">1</column>
      <column name="gazprom">NULL</column>
      <column name="alfabank">NULL</column>
      <column name="bankmoskvy">NULL</column>
      <column name="raiffeisen">NULL</column>
      <column name="uralsib">NULL</column>
      <column name="rshb">NULL</column>
    </table>
    <table name="bank">
      <column name="id">517</column>
      <column name="twitid">493633413749170000</column>
      <column name="date">1406526351</column>
      <column name="name">christeendedger</column>
      <column name="text">кредиты в банках втб 24 http://t.co/BvjNvDmziO</column>
      <column name="sberbank">NULL</column>
      <column name="vtb">0</column>
      <column name="gazprom">NULL</column>
      <column name="alfabank">NULL</column>
      <column name="bankmoskvy">NULL</column>
      <column name="raiffeisen">NULL</column>
      <column name="uralsib">NULL</column>
      <column name="rshb">NULL</column>
    </table>
    <table name="bank">
      <column name="id">518</column>
      <column name="twitid">493635077512100000</column>
      <column name="date">1406526748</column>
      <column name="name">bogdan_ankindin</column>
      <column name="text">Банк москвы онлайн заявка на кредит наличными http://t.co/oecZNxg3Bq</column>
      <column name="sberbank">NULL</column>
      <column name="vtb">NULL</column>
      <column name="gazprom">NULL</column>
      <column name="alfabank">NULL</column>
      <column name="bankmoskvy">0</column>
      <column name="raiffeisen">NULL</column>
      <column name="uralsib">NULL</column>
      <column name="rshb">NULL</column>
    </table>
    <table name="bank">
      <column name="id">519</column>
      <column name="twitid">493635077944140000</column>
      <column name="date">1406526748</column>
      <column name="name">numizahowud</column>
      <column name="text">Если забыла пароль на кредитную сбербанк http://t.co/HTqdrZQMmG</column>
      <column name="sberbank">0</column>
      <column name="vtb">NULL</column>
      <column name="gazprom">NULL</column>
      <column name="alfabank">NULL</column>
      <column name="bankmoskvy">NULL</column>
      <column name="raiffeisen">NULL</column>
      <column name="uralsib">NULL</column>
      <column name="rshb">NULL</column>
    </table>
    <table name="bank">
      <column name="id">520</column>
      <column name="twitid">493636531585040000</column>
      <column name="date">1406527095</column>
      <column name="name">herminapxfasano</column>
      <column name="text">отсрочка ипотечного кредита сбербанк http://t.co/397tHJLaMZ</column>
      <column name="sberbank">0</column>
      <column name="vtb">NULL</column>
      <column name="gazprom">NULL</column>
      <column name="alfabank">NULL</column>
      <column name="bankmoskvy">NULL</column>
      <column name="raiffeisen">NULL</column>
      <column name="uralsib">NULL</column>
      <column name="rshb">NULL</column>
    </table>
    <table name="bank">
      <column name="id">521</column>
      <column name="twitid">493639603719800000</column>
      <column name="date">1406527827</column>
      <column name="name">mekyvyzu</column>
      <column name="text">россельхозбанк уфа кредиты http://t.co/dm7PfOC96y</column>
      <column name="sberbank">NULL</column>
      <column name="vtb">NULL</column>
      <column name="gazprom">NULL</column>
      <column name="alfabank">NULL</column>
      <column name="bankmoskvy">NULL</column>
      <column name="raiffeisen">NULL</column>
      <column name="uralsib">NULL</column>
      <column name="rshb">0</column>
    </table>
    <table name="bank">
      <column name="id">522</column>
      <column name="twitid">493643016465580000</column>
      <column name="date">1406528641</column>
      <column name="name">herminapxfasano</column>
      <column name="text">россельхозбанк смоленск инвестиционный кредит процентная ставка http://t.co/Z618nPKnz2</column>
      <column name="sberbank">NULL</column>
      <column name="vtb">NULL</column>
      <column name="gazprom">NULL</column>
      <column name="alfabank">NULL</column>
      <column name="bankmoskvy">NULL</column>
      <column name="raiffeisen">NULL</column>
      <column name="uralsib">NULL</column>
      <column name="rshb">0</column>
    </table>
    <table name="bank">
      <column name="id">523</column>
      <column name="twitid">493643104097140000</column>
      <column name="date">1406528662</column>
      <column name="name">bobbyekjbrinton</column>
      <column name="text">райффайзен банк кредитный отдел как позвонить туда http://t.co/UZLVr4Txna</column>
      <column name="sberbank">NULL</column>
      <column name="vtb">NULL</column>
      <column name="gazprom">NULL</column>
      <column name="alfabank">NULL</column>
      <column name="bankmoskvy">NULL</column>
      <column name="raiffeisen">0</column>
      <column name="uralsib">NULL</column>
      <column name="rshb">NULL</column>
    </table>
    <table name="bank">
      <column name="id">524</column>
      <column name="twitid">493643148846180000</column>
      <column name="date">1406528672</column>
      <column name="name">hiulasev</column>
      <column name="text">ипотечное кредитование в втб 24 http://t.co/7EUIFOsosO</column>
      <column name="sberbank">NULL</column>
      <column name="vtb">0</column>
      <column name="gazprom">NULL</column>
      <column name="alfabank">NULL</column>
      <column name="bankmoskvy">NULL</column>
      <column name="raiffeisen">NULL</column>
      <column name="uralsib">NULL</column>
      <column name="rshb">NULL</column>
    </table>
    <table name="bank">
      <column name="id">525</column>
      <column name="twitid">493644522707230000</column>
      <column name="date">1406529000</column>
      <column name="name">sivokixos</column>
      <column name="text">Райффайзен новогодная акция платите кредитной картой http://t.co/W8AO5w71nZ</column>
      <column name="sberbank">NULL</column>
      <column name="vtb">NULL</column>
      <column name="gazprom">NULL</column>
      <column name="alfabank">NULL</column>
      <column name="bankmoskvy">NULL</column>
      <column name="raiffeisen">0</column>
      <column name="uralsib">NULL</column>
      <column name="rshb">NULL</column>
    </table>
    <table name="bank">
      <column name="id">526</column>
      <column name="twitid">493646117356450000</column>
      <column name="date">1406529380</column>
      <column name="name">demolomera</column>
      <column name="text">Взять кредит в втб 24 узловая http://t.co/xGSsr3H2cE</column>
      <column name="sberbank">NULL</column>
      <column name="vtb">0</column>
      <column name="gazprom">NULL</column>
      <column name="alfabank">NULL</column>
      <column name="bankmoskvy">NULL</column>
      <column name="raiffeisen">NULL</column>
      <column name="uralsib">NULL</column>
      <column name="rshb">NULL</column>
    </table>
    <table name="bank">
      <column name="id">527</column>
      <column name="twitid">493646118623120000</column>
      <column name="date">1406529380</column>
      <column name="name">urjcasrin</column>
      <column name="text">http://t.co/dfHQWmxzwm Как взять кредит в альфа банк в городе омске</column>
      <column name="sberbank">NULL</column>
      <column name="vtb">NULL</column>
      <column name="gazprom">NULL</column>
      <column name="alfabank">0</column>
      <column name="bankmoskvy">NULL</column>
      <column name="raiffeisen">NULL</column>
      <column name="uralsib">NULL</column>
      <column name="rshb">NULL</column>
    </table>
    <table name="bank">
      <column name="id">528</column>
      <column name="twitid">493648154374720000</column>
      <column name="date">1406529866</column>
      <column name="name">jowoqenym</column>
      <column name="text">Как погасить кредит отп через сбербанк http://t.co/zpQmDPlb35</column>
      <column name="sberbank">0</column>
      <column name="vtb">NULL</column>
      <column name="gazprom">NULL</column>
      <column name="alfabank">NULL</column>
      <column name="bankmoskvy">NULL</column>
      <column name="raiffeisen">NULL</column>
      <column name="uralsib">NULL</column>
      <column name="rshb">NULL</column>
    </table>
    <table name="bank">
      <column name="id">529</column>
      <column name="twitid">493648727941600000</column>
      <column name="date">1406530002</column>
      <column name="name">loutskiy</column>
      <column name="text">RT @ura_ru: В Кургане прогремел взрыв в Сбербанке http://t.co/SA1xoYPFoE @sberbank</column>
      <column name="sberbank">-1</column>
      <column name="vtb">NULL</column>
      <column name="gazprom">NULL</column>
      <column name="alfabank">NULL</column>
      <column name="bankmoskvy">NULL</column>
      <column name="raiffeisen">NULL</column>
      <column name="uralsib">NULL</column>
      <column name="rshb">NULL</column>
    </table>
    <table name="bank">
      <column name="id">530</column>
      <column name="twitid">493649520082050000</column>
      <column name="date">1406530191</column>
      <column name="name">buluguqyjyg</column>
      <column name="text">Образец заполнения анкеты для получения кредита в сбербанк http://t.co/tui3brVxdr</column>
      <column name="sberbank">0</column>
      <column name="vtb">NULL</column>
      <column name="gazprom">NULL</column>
      <column name="alfabank">NULL</column>
      <column name="bankmoskvy">NULL</column>
      <column name="raiffeisen">NULL</column>
      <column name="uralsib">NULL</column>
      <column name="rshb">NULL</column>
    </table>
    <table name="bank">
      <column name="id">531</column>
      <column name="twitid">493649520732160000</column>
      <column name="date">1406530191</column>
      <column name="name">chiekoprdion</column>
      <column name="text">льготное автокредитование сбербанк россии сочи http://t.co/4qC8BnckLr</column>
      <column name="sberbank">0</column>
      <column name="vtb">NULL</column>
      <column name="gazprom">NULL</column>
      <column name="alfabank">NULL</column>
      <column name="bankmoskvy">NULL</column>
      <column name="raiffeisen">NULL</column>
      <column name="uralsib">NULL</column>
      <column name="rshb">NULL</column>
    </table>
    <table name="bank">
      <column name="id">532</column>
      <column name="twitid">493650148359430000</column>
      <column name="date">1406530341</column>
      <column name="name">EfimenkoLFC</column>
      <column name="text">В этом месяце мы бьем все рекорды по показателям :) в оставшиеся дни до конца месяца можно расслабиться ) #alfabank</column>
      <column name="sberbank">NULL</column>
      <column name="vtb">NULL</column>
      <column name="gazprom">NULL</column>
      <column name="alfabank">1</column>
      <column name="bankmoskvy">NULL</column>
      <column name="raiffeisen">1</column>
      <column name="uralsib">NULL</column>
      <column name="rshb">NULL</column>
    </table>
    <table name="bank">
      <column name="id">533</column>
      <column name="twitid">493654584452460000</column>
      <column name="date">1406531399</column>
      <column name="name">huwazahubo</column>
      <column name="text">Начальник управления потребительского кредитования втб 24 http://t.co/X9NlCVMvTI</column>
      <column name="sberbank">NULL</column>
      <column name="vtb">0</column>
      <column name="gazprom">NULL</column>
      <column name="alfabank">NULL</column>
      <column name="bankmoskvy">NULL</column>
      <column name="raiffeisen">NULL</column>
      <column name="uralsib">NULL</column>
      <column name="rshb">NULL</column>
    </table>
    <table name="bank">
      <column name="id">534</column>
      <column name="twitid">493658663739850000</column>
      <column name="date">1406532371</column>
      <column name="name">sadko42</column>
      <column name="text">1 5 потребительских кредита в час выдает Сбербанк дальневосточникам</column>
      <column name="sberbank">1</column>
      <column name="vtb">NULL</column>
      <column name="gazprom">NULL</column>
      <column name="alfabank">NULL</column>
      <column name="bankmoskvy">NULL</column>
      <column name="raiffeisen">NULL</column>
      <column name="uralsib">NULL</column>
      <column name="rshb">NULL</column>
    </table>
    <table name="bank">
      <column name="id">535</column>
      <column name="twitid">493663037770190000</column>
      <column name="date">1406533414</column>
      <column name="name">BrebanYard</column>
      <column name="text">http://t.co/hMb03BLUFd Оформить кредит россельхозбанк</column>
      <column name="sberbank">NULL</column>
      <column name="vtb">NULL</column>
      <column name="gazprom">NULL</column>
      <column name="alfabank">NULL</column>
      <column name="bankmoskvy">NULL</column>
      <column name="raiffeisen">NULL</column>
      <column name="uralsib">NULL</column>
      <column name="rshb">0</column>
    </table>
    <table name="bank">
      <column name="id">536</column>
      <column name="twitid">493663270503730000</column>
      <column name="date">1406533470</column>
      <column name="name">ximehedet</column>
      <column name="text">Анкета на кредит в банк москвы http://t.co/x1HlWfrPXJ</column>
      <column name="sberbank">NULL</column>
      <column name="vtb">NULL</column>
      <column name="gazprom">NULL</column>
      <column name="alfabank">NULL</column>
      <column name="bankmoskvy">0</column>
      <column name="raiffeisen">NULL</column>
      <column name="uralsib">NULL</column>
      <column name="rshb">NULL</column>
    </table>
    <table name="bank">
      <column name="id">537</column>
      <column name="twitid">493665631754260000</column>
      <column name="date">1406534033</column>
      <column name="name">geracavypa</column>
      <column name="text">Рейтинг выдоча кредитов втб 24 http://t.co/RFlvnlTbR9</column>
      <column name="sberbank">NULL</column>
      <column name="vtb">0</column>
      <column name="gazprom">NULL</column>
      <column name="alfabank">NULL</column>
      <column name="bankmoskvy">NULL</column>
      <column name="raiffeisen">NULL</column>
      <column name="uralsib">NULL</column>
      <column name="rshb">NULL</column>
    </table>
    <table name="bank">
      <column name="id">538</column>
      <column name="twitid">493679794228570000</column>
      <column name="date">1406537409</column>
      <column name="name">banknn_ru</column>
      <column name="text">@bm_twit
Банк Москвы отчитался о первых результатах в работе с региональными операторами
http://t.co/aNDkTdnk3M
#news #новости</column>
      <column name="sberbank">NULL</column>
      <column name="vtb">NULL</column>
      <column name="gazprom">NULL</column>
      <column name="alfabank">NULL</column>
      <column name="bankmoskvy">0</column>
      <column name="raiffeisen">NULL</column>
      <column name="uralsib">NULL</column>
      <column name="rshb">NULL</column>
    </table>
    <table name="bank">
      <column name="id">539</column>
      <column name="twitid">493680221162580000</column>
      <column name="date">1406537511</column>
      <column name="name">jawufecuty</column>
      <column name="text">Россельхозбанк белозерск ставка 9 9 по кредиту http://t.co/V5aUNYVTMI</column>
      <column name="sberbank">NULL</column>
      <column name="vtb">NULL</column>
      <column name="gazprom">NULL</column>
      <column name="alfabank">NULL</column>
      <column name="bankmoskvy">NULL</column>
      <column name="raiffeisen">NULL</column>
      <column name="uralsib">NULL</column>
      <column name="rshb">0</column>
    </table>
    <table name="bank">
      <column name="id">540</column>
      <column name="twitid">493680936736000000</column>
      <column name="date">1406537682</column>
      <column name="name">KTaran45</column>
      <column name="text">Еще 2,22% потерял в капитализации Сбербанк на финише торгов пятницы, показав в итоге недельную просадку на уровне 6,37%. С начала июля темп</column>
      <column name="sberbank">-1</column>
      <column name="vtb">NULL</column>
      <column name="gazprom">NULL</column>
      <column name="alfabank">NULL</column>
      <column name="bankmoskvy">NULL</column>
      <column name="raiffeisen">NULL</column>
      <column name="uralsib">NULL</column>
      <column name="rshb">NULL</column>
    </table>
    <table name="bank">
      <column name="id">541</column>
      <column name="twitid">493681961559660000</column>
      <column name="date">1406537926</column>
      <column name="name">ritasokolova5</column>
      <column name="text">Как хорошо, что я не работаю в #сбербанк http://t.co/XunzKH6Roa</column>
      <column name="sberbank">1</column>
      <column name="vtb">NULL</column>
      <column name="gazprom">NULL</column>
      <column name="alfabank">NULL</column>
      <column name="bankmoskvy">NULL</column>
      <column name="raiffeisen">NULL</column>
      <column name="uralsib">NULL</column>
      <column name="rshb">NULL</column>
    </table>
    <table name="bank">
      <column name="id">542</column>
      <column name="twitid">493683917627880000</column>
      <column name="date">1406538392</column>
      <column name="name">oolobxanca</column>
      <column name="text">ставки кредита россельхозбанка для сельхозорганизаций http://t.co/nT6jkTp12z</column>
      <column name="sberbank">NULL</column>
      <column name="vtb">NULL</column>
      <column name="gazprom">NULL</column>
      <column name="alfabank">NULL</column>
      <column name="bankmoskvy">NULL</column>
      <column name="raiffeisen">NULL</column>
      <column name="uralsib">NULL</column>
      <column name="rshb">0</column>
    </table>
    <table name="bank">
      <column name="id">543</column>
      <column name="twitid">493685399148330000</column>
      <column name="date">1406538746</column>
      <column name="name">cohodifuruj</column>
      <column name="text">Кредитный отдел сбербанк смоленск http://t.co/6Rtrc9MESe</column>
      <column name="sberbank">0</column>
      <column name="vtb">NULL</column>
      <column name="gazprom">NULL</column>
      <column name="alfabank">NULL</column>
      <column name="bankmoskvy">NULL</column>
      <column name="raiffeisen">NULL</column>
      <column name="uralsib">NULL</column>
      <column name="rshb">NULL</column>
    </table>
    <table name="bank">
      <column name="id">544</column>
      <column name="twitid">493686381743310000</column>
      <column name="date">1406538980</column>
      <column name="name">nucooltheory</column>
      <column name="text">Выгодные путешествия с картами Visa Райффайзенбанка - Волжская Коммуна</column>
      <column name="sberbank">NULL</column>
      <column name="vtb">NULL</column>
      <column name="gazprom">NULL</column>
      <column name="alfabank">NULL</column>
      <column name="bankmoskvy">NULL</column>
      <column name="raiffeisen">1</column>
      <column name="uralsib">NULL</column>
      <column name="rshb">NULL</column>
    </table>
    <table name="bank">
      <column name="id">545</column>
      <column name="twitid">493687236878410000</column>
      <column name="date">1406539184</column>
      <column name="name">YarNewss</column>
      <column name="text">Журнал Global Finance признал Сбербанк Онлайн лучшим розничным интернет-банком в России http://t.co/fNV8PDloSg</column>
      <column name="sberbank">1</column>
      <column name="vtb">NULL</column>
      <column name="gazprom">NULL</column>
      <column name="alfabank">NULL</column>
      <column name="bankmoskvy">NULL</column>
      <column name="raiffeisen">NULL</column>
      <column name="uralsib">NULL</column>
      <column name="rshb">NULL</column>
    </table>
    <table name="bank">
      <column name="id">546</column>
      <column name="twitid">493687377282760000</column>
      <column name="date">1406539217</column>
      <column name="name">roniwysu</column>
      <column name="text">Потребительский кредит для ип в банке втб 24 http://t.co/HRfSGH64Pb</column>
      <column name="sberbank">NULL</column>
      <column name="vtb">0</column>
      <column name="gazprom">NULL</column>
      <column name="alfabank">NULL</column>
      <column name="bankmoskvy">NULL</column>
      <column name="raiffeisen">NULL</column>
      <column name="uralsib">NULL</column>
      <column name="rshb">NULL</column>
    </table>
    <table name="bank">
      <column name="id">547</column>
      <column name="twitid">493688633824540000</column>
      <column name="date">1406539517</column>
      <column name="name">_vorobeva_</column>
      <column name="text">Журнал Global Finance признал Сбербанк Онлайн  лучшим розничным интернет-банком в России</column>
      <column name="sberbank">1</column>
      <column name="vtb">NULL</column>
      <column name="gazprom">NULL</column>
      <column name="alfabank">NULL</column>
      <column name="bankmoskvy">NULL</column>
      <column name="raiffeisen">NULL</column>
      <column name="uralsib">NULL</column>
      <column name="rshb">NULL</column>
    </table>
    <table name="bank">
      <column name="id">548</column>
      <column name="twitid">493689228338170000</column>
      <column name="date">1406539659</column>
      <column name="name">Andryulik</column>
      <column name="text">RT @6lack_cat: @UkraineUA @LevMartin Альфа Банк и Сбербанк Роssии работают в Донецке как ни в чем не бывало. Пора закрывать эти лавочки наф…</column>
      <column name="sberbank">-1</column>
      <column name="vtb">NULL</column>
      <column name="gazprom">NULL</column>
      <column name="alfabank">-1</column>
      <column name="bankmoskvy">NULL</column>
      <column name="raiffeisen">NULL</column>
      <column name="uralsib">NULL</column>
      <column name="rshb">NULL</column>
    </table>
    <table name="bank">
      <column name="id">549</column>
      <column name="twitid">493689970734150000</column>
      <column name="date">1406539836</column>
      <column name="name">iMandarinochka</column>
      <column name="text">Пришли менять мелочь @ikekcuk (@ Сбербанк - @sberbank w/ 2 others) https://t.co/Q3bNUqdNFz</column>
      <column name="sberbank">--</column>
      <column name="vtb">NULL</column>
      <column name="gazprom">NULL</column>
      <column name="alfabank">NULL</column>
      <column name="bankmoskvy">NULL</column>
      <column name="raiffeisen">NULL</column>
      <column name="uralsib">NULL</column>
      <column name="rshb">NULL</column>
    </table>
    <table name="bank">
      <column name="id">550</column>
      <column name="twitid">493692518618630000</column>
      <column name="date">1406540443</column>
      <column name="name">caxesogehus</column>
      <column name="text">Новости сбербанк рф кредитные ставки повышение http://t.co/awSLIBlxl3</column>
      <column name="sberbank">-1</column>
      <column name="vtb">NULL</column>
      <column name="gazprom">NULL</column>
      <column name="alfabank">NULL</column>
      <column name="bankmoskvy">NULL</column>
      <column name="raiffeisen">NULL</column>
      <column name="uralsib">NULL</column>
      <column name="rshb">NULL</column>
    </table>
    <table name="bank">
      <column name="id">551</column>
      <column name="twitid">493694066102910000</column>
      <column name="date">1406540812</column>
      <column name="name">_KaSill_</column>
      <column name="text">Подготовка к студенческой жизни так и прет @ Сбербанк России Дополнительный офис http://t.co/OPqWjMBXP9</column>
      <column name="sberbank">--</column>
      <column name="vtb">NULL</column>
      <column name="gazprom">NULL</column>
      <column name="alfabank">NULL</column>
      <column name="bankmoskvy">NULL</column>
      <column name="raiffeisen">NULL</column>
      <column name="uralsib">NULL</column>
      <column name="rshb">NULL</column>
    </table>
    <table name="bank">
      <column name="id">552</column>
      <column name="twitid">493695929036600000</column>
      <column name="date">1406541256</column>
      <column name="name">hinshawblynelle</column>
      <column name="text">Машина в кредит через сбербанк http://t.co/NezI6lrtaP</column>
      <column name="sberbank">0</column>
      <column name="vtb">NULL</column>
      <column name="gazprom">NULL</column>
      <column name="alfabank">NULL</column>
      <column name="bankmoskvy">NULL</column>
      <column name="raiffeisen">NULL</column>
      <column name="uralsib">NULL</column>
      <column name="rshb">NULL</column>
    </table>
    <table name="bank">
      <column name="id">553</column>
      <column name="twitid">493698306657510000</column>
      <column name="date">1406541823</column>
      <column name="name">Samuil_Shpeller</column>
      <column name="text">@i_am_africo @sberbank К ногтю её. Если гаркнуть, они морду корчат но идут работать ))</column>
      <column name="sberbank">-1</column>
      <column name="vtb">NULL</column>
      <column name="gazprom">NULL</column>
      <column name="alfabank">NULL</column>
      <column name="bankmoskvy">NULL</column>
      <column name="raiffeisen">NULL</column>
      <column name="uralsib">NULL</column>
      <column name="rshb">NULL</column>
    </table>
    <table name="bank">
      <column name="id">554</column>
      <column name="twitid">493698870581660000</column>
      <column name="date">1406541957</column>
      <column name="name">i_am_africo</column>
      <column name="text">@Samuil_Shpeller @sberbank зачем, её б-г и так уже наказал работой в #сбербанк’е :-)))</column>
      <column name="sberbank">-1</column>
      <column name="vtb">NULL</column>
      <column name="gazprom">NULL</column>
      <column name="alfabank">NULL</column>
      <column name="bankmoskvy">NULL</column>
      <column name="raiffeisen">NULL</column>
      <column name="uralsib">NULL</column>
      <column name="rshb">NULL</column>
    </table>
    <table name="bank">
      <column name="id">555</column>
      <column name="twitid">493699696251400000</column>
      <column name="date">1406542154</column>
      <column name="name">rnzv_official</column>
      <column name="text">@Stenokardiya @Vovan_bv13 вы че мой сбербанк грабите? </column>
      <column name="sberbank">--</column>
      <column name="vtb">NULL</column>
      <column name="gazprom">NULL</column>
      <column name="alfabank">NULL</column>
      <column name="bankmoskvy">NULL</column>
      <column name="raiffeisen">NULL</column>
      <column name="uralsib">NULL</column>
      <column name="rshb">NULL</column>
    </table>
    <table name="bank">
      <column name="id">556</column>
      <column name="twitid">493702032621330000</column>
      <column name="date">1406542711</column>
      <column name="name">qazetodus</column>
      <column name="text">кредит доверительный сбербанк саратов http://t.co/gjL8tPzeFr</column>
      <column name="sberbank">0</column>
      <column name="vtb">NULL</column>
      <column name="gazprom">NULL</column>
      <column name="alfabank">NULL</column>
      <column name="bankmoskvy">NULL</column>
      <column name="raiffeisen">NULL</column>
      <column name="uralsib">NULL</column>
      <column name="rshb">NULL</column>
    </table>
    <table name="bank">
      <column name="id">557</column>
      <column name="twitid">493702036425550000</column>
      <column name="date">1406542712</column>
      <column name="name">voloshinaevgS</column>
      <column name="text">@i_am_africo @Samuil_Shpeller @sberbank значит тех, кто работает на почте России наказывает....дьявол... http://t.co/ePVNV1kSKF</column>
      <column name="sberbank">-1</column>
      <column name="vtb">NULL</column>
      <column name="gazprom">NULL</column>
      <column name="alfabank">NULL</column>
      <column name="bankmoskvy">NULL</column>
      <column name="raiffeisen">NULL</column>
      <column name="uralsib">NULL</column>
      <column name="rshb">NULL</column>
    </table>
    <table name="bank">
      <column name="id">558</column>
      <column name="twitid">493706083899160000</column>
      <column name="date">1406543677</column>
      <column name="name">Tenerezza27</column>
      <column name="text">Новости банков: Поволжский Сбербанк развивает сотрудничество с правительством Оренбургской области  #банки #кредиты</column>
      <column name="sberbank">1</column>
      <column name="vtb">NULL</column>
      <column name="gazprom">NULL</column>
      <column name="alfabank">NULL</column>
      <column name="bankmoskvy">NULL</column>
      <column name="raiffeisen">NULL</column>
      <column name="uralsib">NULL</column>
      <column name="rshb">NULL</column>
    </table>
    <table name="bank">
      <column name="id">559</column>
      <column name="twitid">493706750713800000</column>
      <column name="date">1406543836</column>
      <column name="name">kolbin_m</column>
      <column name="text">Через интернет @sberbank не реагирует, придется идти опять к ним в офис, ругаться</column>
      <column name="sberbank">-1</column>
      <column name="vtb">NULL</column>
      <column name="gazprom">NULL</column>
      <column name="alfabank">NULL</column>
      <column name="bankmoskvy">NULL</column>
      <column name="raiffeisen">NULL</column>
      <column name="uralsib">NULL</column>
      <column name="rshb">NULL</column>
    </table>
    <table name="bank">
      <column name="id">560</column>
      <column name="twitid">493707541436960000</column>
      <column name="date">1406544025</column>
      <column name="name">fixugiwiqys</column>
      <column name="text">банк москвы калининград потребительский кредит http://t.co/imhb8TeWUo</column>
      <column name="sberbank">NULL</column>
      <column name="vtb">NULL</column>
      <column name="gazprom">NULL</column>
      <column name="alfabank">NULL</column>
      <column name="bankmoskvy">0</column>
      <column name="raiffeisen">NULL</column>
      <column name="uralsib">NULL</column>
      <column name="rshb">NULL</column>
    </table>
    <table name="bank">
      <column name="id">561</column>
      <column name="twitid">493713997573540000</column>
      <column name="date">1406545564</column>
      <column name="name">hubs_ua</column>
      <column name="text">Прибыль российских банков в Украине сократилась http://t.co/0aUGOx8xui #Альфа-банк #ВТБ банк #Проминвестбанк #Сбербанк #Сбербанк России</column>
      <column name="sberbank">-1</column>
      <column name="vtb">-1</column>
      <column name="gazprom">NULL</column>
      <column name="alfabank">-1</column>
      <column name="bankmoskvy">NULL</column>
      <column name="raiffeisen">NULL</column>
      <column name="uralsib">NULL</column>
      <column name="rshb">NULL</column>
    </table>
    <table name="bank">
      <column name="id">562</column>
      <column name="twitid">493714591818730000</column>
      <column name="date">1406545706</column>
      <column name="name">dykijyvixy</column>
      <column name="text">Кредит наличными пенсионерам сбербанк http://t.co/pBoPprw93R</column>
      <column name="sberbank">0</column>
      <column name="vtb">NULL</column>
      <column name="gazprom">NULL</column>
      <column name="alfabank">NULL</column>
      <column name="bankmoskvy">NULL</column>
      <column name="raiffeisen">NULL</column>
      <column name="uralsib">NULL</column>
      <column name="rshb">NULL</column>
    </table>
    <table name="bank">
      <column name="id">563</column>
      <column name="twitid">493715428846210000</column>
      <column name="date">1406545905</column>
      <column name="name">cbrf00</column>
      <column name="text">&quot;Райффайзенбанк&quot;: Новое решение ЦБ РФ имело эффект внезапности - РБК http://t.co/kHvMdZ7UtO</column>
      <column name="sberbank">NULL</column>
      <column name="vtb">NULL</column>
      <column name="gazprom">NULL</column>
      <column name="alfabank">NULL</column>
      <column name="bankmoskvy">NULL</column>
      <column name="raiffeisen">0</column>
      <column name="uralsib">NULL</column>
      <column name="rshb">NULL</column>
    </table>
    <table name="bank">
      <column name="id">564</column>
      <column name="twitid">493718092724590000</column>
      <column name="date">1406546540</column>
      <column name="name">reaganrqsnider</column>
      <column name="text">кредитный банк втб 24 в москве http://t.co/BgaKiv4vNG</column>
      <column name="sberbank">NULL</column>
      <column name="vtb">0</column>
      <column name="gazprom">NULL</column>
      <column name="alfabank">NULL</column>
      <column name="bankmoskvy">NULL</column>
      <column name="raiffeisen">NULL</column>
      <column name="uralsib">NULL</column>
      <column name="rshb">NULL</column>
    </table>
    <table name="bank">
      <column name="id">565</column>
      <column name="twitid">493718413307810000</column>
      <column name="date">1406546617</column>
      <column name="name">suxxes</column>
      <column name="text">@alfa_bank И дистанционное обслуживание на таких суммах не очень работает, если что.</column>
      <column name="sberbank">NULL</column>
      <column name="vtb">NULL</column>
      <column name="gazprom">NULL</column>
      <column name="alfabank">-1</column>
      <column name="bankmoskvy">NULL</column>
      <column name="raiffeisen">NULL</column>
      <column name="uralsib">NULL</column>
      <column name="rshb">NULL</column>
    </table>
    <table name="bank">
      <column name="id">566</column>
      <column name="twitid">493719702905290000</column>
      <column name="date">1406546924</column>
      <column name="name">arenbilpse</column>
      <column name="text">банк уралсиб автокредит казань http://t.co/rNsmtPMrGz</column>
      <column name="sberbank">NULL</column>
      <column name="vtb">NULL</column>
      <column name="gazprom">NULL</column>
      <column name="alfabank">NULL</column>
      <column name="bankmoskvy">NULL</column>
      <column name="raiffeisen">NULL</column>
      <column name="uralsib">0</column>
      <column name="rshb">NULL</column>
    </table>
    <table name="bank">
      <column name="id">567</column>
      <column name="twitid">493722919646670000</column>
      <column name="date">1406547691</column>
      <column name="name">ipotekavmoskve</column>
      <column name="text">Райффайзенбанк расширяет сеть приема заявок на ипотеку  #жилье #ипотека</column>
      <column name="sberbank">NULL</column>
      <column name="vtb">NULL</column>
      <column name="gazprom">NULL</column>
      <column name="alfabank">NULL</column>
      <column name="bankmoskvy">NULL</column>
      <column name="raiffeisen">1</column>
      <column name="uralsib">NULL</column>
      <column name="rshb">NULL</column>
    </table>
    <table name="bank">
      <column name="id">568</column>
      <column name="twitid">493725760696630000</column>
      <column name="date">1406548368</column>
      <column name="name">Kudrysha</column>
      <column name="text">@Oksikom конечно) Сбербанк онлайн называется)</column>
      <column name="sberbank">0</column>
      <column name="vtb">NULL</column>
      <column name="gazprom">NULL</column>
      <column name="alfabank">NULL</column>
      <column name="bankmoskvy">NULL</column>
      <column name="raiffeisen">NULL</column>
      <column name="uralsib">NULL</column>
      <column name="rshb">NULL</column>
    </table>
    <table name="bank">
      <column name="id">569</column>
      <column name="twitid">493726494070280000</column>
      <column name="date">1406548543</column>
      <column name="name">realdoctorsoul</column>
      <column name="text">У @sberbank на вопросы в личном кабинете Сберонлайна все равно отвечают &quot;обратитесь в отделение&quot;. В чем тогда смысл улучшеший?</column>
      <column name="sberbank">-1</column>
      <column name="vtb">NULL</column>
      <column name="gazprom">NULL</column>
      <column name="alfabank">NULL</column>
      <column name="bankmoskvy">NULL</column>
      <column name="raiffeisen">NULL</column>
      <column name="uralsib">NULL</column>
      <column name="rshb">NULL</column>
    </table>
    <table name="bank">
      <column name="id">570</column>
      <column name="twitid">493730176417940000</column>
      <column name="date">1406549421</column>
      <column name="name">shebapvbaylor</column>
      <column name="text">условия кредита в россельхозбанке http://t.co/5uQX5cFBKy</column>
      <column name="sberbank">NULL</column>
      <column name="vtb">NULL</column>
      <column name="gazprom">NULL</column>
      <column name="alfabank">NULL</column>
      <column name="bankmoskvy">NULL</column>
      <column name="raiffeisen">NULL</column>
      <column name="uralsib">NULL</column>
      <column name="rshb">0</column>
    </table>
    <table name="bank">
      <column name="id">571</column>
      <column name="twitid">493730265580450000</column>
      <column name="date">1406549443</column>
      <column name="name">buluguqyjyg</column>
      <column name="text">Выгоден ли кредит россельхозбанка http://t.co/RBlEsfuR4w</column>
      <column name="sberbank">NULL</column>
      <column name="vtb">NULL</column>
      <column name="gazprom">NULL</column>
      <column name="alfabank">NULL</column>
      <column name="bankmoskvy">NULL</column>
      <column name="raiffeisen">NULL</column>
      <column name="uralsib">NULL</column>
      <column name="rshb">0</column>
    </table>
    <table name="bank">
      <column name="id">572</column>
      <column name="twitid">493731016738360000</column>
      <column name="date">1406549622</column>
      <column name="name">FancyWriter</column>
      <column name="text">RT @vmakeev: @alfa_bank, @vkotovv, мы не хотим безопасность! Мы хотим покупать фигню в интернете!</column>
      <column name="sberbank">NULL</column>
      <column name="vtb">NULL</column>
      <column name="gazprom">NULL</column>
      <column name="alfabank">--</column>
      <column name="bankmoskvy">NULL</column>
      <column name="raiffeisen">NULL</column>
      <column name="uralsib">NULL</column>
      <column name="rshb">NULL</column>
    </table>
    <table name="bank">
      <column name="id">573</column>
      <column name="twitid">493731708622370000</column>
      <column name="date">1406549787</column>
      <column name="name">1gorboriskin040</column>
      <column name="text">Кредит в сбербанк россии http://t.co/IHt0eYqxFz</column>
      <column name="sberbank">0</column>
      <column name="vtb">NULL</column>
      <column name="gazprom">NULL</column>
      <column name="alfabank">NULL</column>
      <column name="bankmoskvy">NULL</column>
      <column name="raiffeisen">NULL</column>
      <column name="uralsib">NULL</column>
      <column name="rshb">NULL</column>
    </table>
    <table name="bank">
      <column name="id">574</column>
      <column name="twitid">493731709872260000</column>
      <column name="date">1406549787</column>
      <column name="name">xyhojosun</column>
      <column name="text">Банк втб 24 г омск потребительский кредит http://t.co/dALfP9oW8R</column>
      <column name="sberbank">NULL</column>
      <column name="vtb">0</column>
      <column name="gazprom">NULL</column>
      <column name="alfabank">NULL</column>
      <column name="bankmoskvy">NULL</column>
      <column name="raiffeisen">NULL</column>
      <column name="uralsib">NULL</column>
      <column name="rshb">NULL</column>
    </table>
    <table name="bank">
      <column name="id">575</column>
      <column name="twitid">493731754264760000</column>
      <column name="date">1406549797</column>
      <column name="name">inamaclull</column>
      <column name="text">как взять кредит россельхозбанке http://t.co/RKWH3m60kD</column>
      <column name="sberbank">NULL</column>
      <column name="vtb">NULL</column>
      <column name="gazprom">NULL</column>
      <column name="alfabank">NULL</column>
      <column name="bankmoskvy">NULL</column>
      <column name="raiffeisen">NULL</column>
      <column name="uralsib">NULL</column>
      <column name="rshb">0</column>
    </table>
    <table name="bank">
      <column name="id">576</column>
      <column name="twitid">493735232617850000</column>
      <column name="date">1406550627</column>
      <column name="name">nnikolaevskij</column>
      <column name="text">Как взять кредит в россельхозбанке на покупку жилья http://t.co/m8RPM8S68B</column>
      <column name="sberbank">NULL</column>
      <column name="vtb">NULL</column>
      <column name="gazprom">NULL</column>
      <column name="alfabank">NULL</column>
      <column name="bankmoskvy">NULL</column>
      <column name="raiffeisen">NULL</column>
      <column name="uralsib">NULL</column>
      <column name="rshb">0</column>
    </table>
    <table name="bank">
      <column name="id">577</column>
      <column name="twitid">493735601842450000</column>
      <column name="date">1406550715</column>
      <column name="name">AnxiousDeer</column>
      <column name="text">RT @koffboy: Цифра дня: средняя зарплата в Газпромбанке превышает 375 тысяч рублей http://t.co/xNqSg4kCCA</column>
      <column name="sberbank">NULL</column>
      <column name="vtb">NULL</column>
      <column name="gazprom">0</column>
      <column name="alfabank">NULL</column>
      <column name="bankmoskvy">NULL</column>
      <column name="raiffeisen">NULL</column>
      <column name="uralsib">NULL</column>
      <column name="rshb">NULL</column>
    </table>
    <table name="bank">
      <column name="id">578</column>
      <column name="twitid">493738278840190000</column>
      <column name="date">1406551353</column>
      <column name="name">sablezzzubaya</column>
      <column name="text">@ifat76  Но еще хуже - Банк Москвы и ВТБ - там совсем провал) Сайт ВТБ вообще работает пару дней в неделю))</column>
      <column name="sberbank">NULL</column>
      <column name="vtb">-1</column>
      <column name="gazprom">NULL</column>
      <column name="alfabank">NULL</column>
      <column name="bankmoskvy">-1</column>
      <column name="raiffeisen">NULL</column>
      <column name="uralsib">NULL</column>
      <column name="rshb">NULL</column>
    </table>
    <table name="bank">
      <column name="id">579</column>
      <column name="twitid">493740350616650000</column>
      <column name="date">1406551847</column>
      <column name="name">omryorcf</column>
      <column name="text">как закрыть кредитную карту в альфа банке http://t.co/8FvfB8pQDP</column>
      <column name="sberbank">NULL</column>
      <column name="vtb">NULL</column>
      <column name="gazprom">NULL</column>
      <column name="alfabank">0</column>
      <column name="bankmoskvy">NULL</column>
      <column name="raiffeisen">NULL</column>
      <column name="uralsib">NULL</column>
      <column name="rshb">NULL</column>
    </table>
    <table name="bank">
      <column name="id">580</column>
      <column name="twitid">493743282292540000</column>
      <column name="date">1406552546</column>
      <column name="name">woryfybafil</column>
      <column name="text">Как подать заявку на кредит в втб 24 http://t.co/USW2hkvjw8</column>
      <column name="sberbank">NULL</column>
      <column name="vtb">0</column>
      <column name="gazprom">NULL</column>
      <column name="alfabank">NULL</column>
      <column name="bankmoskvy">NULL</column>
      <column name="raiffeisen">NULL</column>
      <column name="uralsib">NULL</column>
      <column name="rshb">NULL</column>
    </table>
    <table name="bank">
      <column name="id">581</column>
      <column name="twitid">493743789732040000</column>
      <column name="date">1406552667</column>
      <column name="name">eglistrbb</column>
      <column name="text">кредиты для физических лиц в райффайзен http://t.co/EYHdzlGYy6</column>
      <column name="sberbank">NULL</column>
      <column name="vtb">NULL</column>
      <column name="gazprom">NULL</column>
      <column name="alfabank">NULL</column>
      <column name="bankmoskvy">NULL</column>
      <column name="raiffeisen">0</column>
      <column name="uralsib">NULL</column>
      <column name="rshb">NULL</column>
    </table>
    <table name="bank">
      <column name="id">582</column>
      <column name="twitid">493745097763490000</column>
      <column name="date">1406552979</column>
      <column name="name">33devici</column>
      <column name="text">RT @IlyaNovo: Потратить «Спасибо» от Сбербанка в магазинах
http://t.co/6cPwNlNFVE
#сбербанк #спасибо #sb #sberbank #spasibo http://t.co/dHB…</column>
      <column name="sberbank">1</column>
      <column name="vtb">NULL</column>
      <column name="gazprom">NULL</column>
      <column name="alfabank">NULL</column>
      <column name="bankmoskvy">NULL</column>
      <column name="raiffeisen">NULL</column>
      <column name="uralsib">NULL</column>
      <column name="rshb">NULL</column>
    </table>
    <table name="bank">
      <column name="id">583</column>
      <column name="twitid">493745332191500000</column>
      <column name="date">1406553035</column>
      <column name="name">theolazwagsierr</column>
      <column name="text">завка на кредит в альфа банк http://t.co/CNU3CZkCrB</column>
      <column name="sberbank">NULL</column>
      <column name="vtb">NULL</column>
      <column name="gazprom">NULL</column>
      <column name="alfabank">0</column>
      <column name="bankmoskvy">NULL</column>
      <column name="raiffeisen">NULL</column>
      <column name="uralsib">NULL</column>
      <column name="rshb">NULL</column>
    </table>
    <table name="bank">
      <column name="id">584</column>
      <column name="twitid">493745424822700000</column>
      <column name="date">1406553057</column>
      <column name="name">tovtmm</column>
      <column name="text">Возьмите работать в газпромбанк ?&quot;@koffboy: Цифра дня: средняя зарплата в Газпромбанке превышает 375 тысяч рублей http://t.co/t4ep9N4TxS&quot;</column>
      <column name="sberbank">NULL</column>
      <column name="vtb">NULL</column>
      <column name="gazprom">0</column>
      <column name="alfabank">NULL</column>
      <column name="bankmoskvy">NULL</column>
      <column name="raiffeisen">NULL</column>
      <column name="uralsib">NULL</column>
      <column name="rshb">NULL</column>
    </table>
    <table name="bank">
      <column name="id">585</column>
      <column name="twitid">493746429815300000</column>
      <column name="date">1406553296</column>
      <column name="name">bagvafylla</column>
      <column name="text">Global Finance признал Сбербанк ОнЛ@йн лучшим розничным интернет-банком в России</column>
      <column name="sberbank">1</column>
      <column name="vtb">NULL</column>
      <column name="gazprom">NULL</column>
      <column name="alfabank">NULL</column>
      <column name="bankmoskvy">NULL</column>
      <column name="raiffeisen">NULL</column>
      <column name="uralsib">NULL</column>
      <column name="rshb">NULL</column>
    </table>
    <table name="bank">
      <column name="id">586</column>
      <column name="twitid">493746814990840000</column>
      <column name="date">1406553388</column>
      <column name="name">diuwyelu</column>
      <column name="text">Объем розничного кредитования вырос во втором квартале на 40% — Сбербанк #R</column>
      <column name="sberbank">1</column>
      <column name="vtb">NULL</column>
      <column name="gazprom">NULL</column>
      <column name="alfabank">NULL</column>
      <column name="bankmoskvy">NULL</column>
      <column name="raiffeisen">NULL</column>
      <column name="uralsib">NULL</column>
      <column name="rshb">NULL</column>
    </table>
    <table name="bank">
      <column name="id">587</column>
      <column name="twitid">493747791429380000</column>
      <column name="date">1406553621</column>
      <column name="name">nejokaxerof</column>
      <column name="text">оформить кредитную карту в альфа банке http://t.co/KopGCNSJyd</column>
      <column name="sberbank">NULL</column>
      <column name="vtb">NULL</column>
      <column name="gazprom">NULL</column>
      <column name="alfabank">0</column>
      <column name="bankmoskvy">NULL</column>
      <column name="raiffeisen">NULL</column>
      <column name="uralsib">NULL</column>
      <column name="rshb">NULL</column>
    </table>
    <table name="bank">
      <column name="id">588</column>
      <column name="twitid">493749926351080000</column>
      <column name="date">1406554130</column>
      <column name="name">riddler63</column>
      <column name="text">@sberbank ну вот в вашем отделении в Тольятти делают по другому. Закрыли и открыли новый (Управляй на 3 месяца).</column>
      <column name="sberbank">0</column>
      <column name="vtb">NULL</column>
      <column name="gazprom">NULL</column>
      <column name="alfabank">NULL</column>
      <column name="bankmoskvy">NULL</column>
      <column name="raiffeisen">NULL</column>
      <column name="uralsib">NULL</column>
      <column name="rshb">NULL</column>
    </table>
    <table name="bank">
      <column name="id">589</column>
      <column name="twitid">493750859897910000</column>
      <column name="date">1406554353</column>
      <column name="name">shaneutwchavis</column>
      <column name="text">автокредит втб 24 ростов на дону http://t.co/LKjUS45hqP</column>
      <column name="sberbank">NULL</column>
      <column name="vtb">0</column>
      <column name="gazprom">NULL</column>
      <column name="alfabank">NULL</column>
      <column name="bankmoskvy">NULL</column>
      <column name="raiffeisen">NULL</column>
      <column name="uralsib">NULL</column>
      <column name="rshb">NULL</column>
    </table>
    <table name="bank">
      <column name="id">590</column>
      <column name="twitid">493752138724810000</column>
      <column name="date">1406554658</column>
      <column name="name">kursdollarbank</column>
      <column name="text">курс доллара в банках Красноярска  /  / Сбербанк России 34,75  36,05  / ОТП Банк 34,50  36,50  / Газпромбанк 34.. http://t.co/wRnixiCLfa</column>
      <column name="sberbank">0</column>
      <column name="vtb">NULL</column>
      <column name="gazprom">0</column>
      <column name="alfabank">NULL</column>
      <column name="bankmoskvy">NULL</column>
      <column name="raiffeisen">NULL</column>
      <column name="uralsib">NULL</column>
      <column name="rshb">NULL</column>
    </table>
    <table name="bank">
      <column name="id">591</column>
      <column name="twitid">493754121183580000</column>
      <column name="date">1406555130</column>
      <column name="name">drysyov</column>
      <column name="text">RT @sberbank Цифра дня: 60 млн пользователей подключили услугу «Мобильный банк» Сб</column>
      <column name="sberbank">1</column>
      <column name="vtb">NULL</column>
      <column name="gazprom">NULL</column>
      <column name="alfabank">NULL</column>
      <column name="bankmoskvy">NULL</column>
      <column name="raiffeisen">NULL</column>
      <column name="uralsib">NULL</column>
      <column name="rshb">NULL</column>
    </table>
    <table name="bank">
      <column name="id">592</column>
      <column name="twitid">493754375794200000</column>
      <column name="date">1406555191</column>
      <column name="name">ArdithGanz</column>
      <column name="text">банковский pos терминал сбербанк инструкция для продавца http://t.co/xNz49hDDMF #продавца</column>
      <column name="sberbank">0</column>
      <column name="vtb">NULL</column>
      <column name="gazprom">NULL</column>
      <column name="alfabank">NULL</column>
      <column name="bankmoskvy">NULL</column>
      <column name="raiffeisen">NULL</column>
      <column name="uralsib">NULL</column>
      <column name="rshb">NULL</column>
    </table>
    <table name="bank">
      <column name="id">593</column>
      <column name="twitid">493755696815420000</column>
      <column name="date">1406555506</column>
      <column name="name">ninzadim</column>
      <column name="text">Годовой отчет ИТ-монстра #КРОК: в прошлом #Сбербанк и ВТБ, впереди роботы и &quot;умные города&quot;:) http://t.co/8dk54s3A0f</column>
      <column name="sberbank">0</column>
      <column name="vtb">0</column>
      <column name="gazprom">NULL</column>
      <column name="alfabank">NULL</column>
      <column name="bankmoskvy">NULL</column>
      <column name="raiffeisen">NULL</column>
      <column name="uralsib">NULL</column>
      <column name="rshb">NULL</column>
    </table>
    <table name="bank">
      <column name="id">594</column>
      <column name="twitid">493757366626960000</column>
      <column name="date">1406555904</column>
      <column name="name">bewe079</column>
      <column name="text">банк уралсиб магнитогорск кредит http://t.co/m6skrx9Jeb</column>
      <column name="sberbank">NULL</column>
      <column name="vtb">NULL</column>
      <column name="gazprom">NULL</column>
      <column name="alfabank">NULL</column>
      <column name="bankmoskvy">NULL</column>
      <column name="raiffeisen">NULL</column>
      <column name="uralsib">0</column>
      <column name="rshb">NULL</column>
    </table>
    <table name="bank">
      <column name="id">595</column>
      <column name="twitid">493757408268020000</column>
      <column name="date">1406555914</column>
      <column name="name">janellekowages</column>
      <column name="text">кредит на квартиру сбербанк омск http://t.co/pxJsLjwtKS</column>
      <column name="sberbank">0</column>
      <column name="vtb">NULL</column>
      <column name="gazprom">NULL</column>
      <column name="alfabank">NULL</column>
      <column name="bankmoskvy">NULL</column>
      <column name="raiffeisen">NULL</column>
      <column name="uralsib">NULL</column>
      <column name="rshb">NULL</column>
    </table>
    <table name="bank">
      <column name="id">596</column>
      <column name="twitid">493758285343120000</column>
      <column name="date">1406556123</column>
      <column name="name">RosellaFrost13</column>
      <column name="text">В линейке ПИФов появился ОПИФ фондов &quot;Райффайзен - Долговые рынки развитых стран&quot;</column>
      <column name="sberbank">NULL</column>
      <column name="vtb">NULL</column>
      <column name="gazprom">NULL</column>
      <column name="alfabank">NULL</column>
      <column name="bankmoskvy">NULL</column>
      <column name="raiffeisen">0</column>
      <column name="uralsib">NULL</column>
      <column name="rshb">NULL</column>
    </table>
    <table name="bank">
      <column name="id">597</column>
      <column name="twitid">493758500020160000</column>
      <column name="date">1406556174</column>
      <column name="name">zoTemple</column>
      <column name="text">Пресс-релиз. &quot;Райффайзен Капитал&quot;: Предлагает новую консервативную стратегию инвестирования</column>
      <column name="sberbank">NULL</column>
      <column name="vtb">NULL</column>
      <column name="gazprom">NULL</column>
      <column name="alfabank">NULL</column>
      <column name="bankmoskvy">NULL</column>
      <column name="raiffeisen">0</column>
      <column name="uralsib">NULL</column>
      <column name="rshb">NULL</column>
    </table>
    <table name="bank">
      <column name="id">598</column>
      <column name="twitid">493760441982910000</column>
      <column name="date">1406556637</column>
      <column name="name">qeduwovoraj</column>
      <column name="text">Сложно ли получить кредитную карту альфа банка http://t.co/lz8Appn1zE</column>
      <column name="sberbank">NULL</column>
      <column name="vtb">NULL</column>
      <column name="gazprom">NULL</column>
      <column name="alfabank">0</column>
      <column name="bankmoskvy">NULL</column>
      <column name="raiffeisen">NULL</column>
      <column name="uralsib">NULL</column>
      <column name="rshb">NULL</column>
    </table>
    <table name="bank">
      <column name="id">599</column>
      <column name="twitid">493761846206550000</column>
      <column name="date">1406556972</column>
      <column name="name">dykijyvixy</column>
      <column name="text">Россельхозбанк кредит под материнский капитал http://t.co/C7E6bBKMYD</column>
      <column name="sberbank">NULL</column>
      <column name="vtb">NULL</column>
      <column name="gazprom">NULL</column>
      <column name="alfabank">NULL</column>
      <column name="bankmoskvy">NULL</column>
      <column name="raiffeisen">NULL</column>
      <column name="uralsib">NULL</column>
      <column name="rshb">0</column>
    </table>
    <table name="bank">
      <column name="id">600</column>
      <column name="twitid">493766468719210000</column>
      <column name="date">1406558074</column>
      <column name="name">news24hblr</column>
      <column name="text">В Воложине открылся кредитный центр банка ВТБ: Банк ВТБ продолжает активно расширять свою сеть. Теперь восполь... http://t.co/zUy8V6Gmgg</column>
      <column name="sberbank">NULL</column>
      <column name="vtb">1</column>
      <column name="gazprom">NULL</column>
      <column name="alfabank">NULL</column>
      <column name="bankmoskvy">NULL</column>
      <column name="raiffeisen">NULL</column>
      <column name="uralsib">NULL</column>
      <column name="rshb">NULL</column>
    </table>
  </database>
</pma_xml_export>
