<?xml version="1.0" encoding="utf-8"?>
<!--
- phpMyAdmin XML Dump
- version 4.0.4.1
- http://www.phpmyadmin.net
-
- Хост: localhost
- Время создания: Окт 28 2014 г., 09:03
- Версия сервера: 5.6.12
- Версия PHP: 5.5.3
-->

<pma_xml_export version="1.0" xmlns:pma="http://www.phpmyadmin.net/some_doc_url/">
    <!--
    - Structure schemas
    -->
    <pma:structure_schemas>
        <pma:database name="Romip" collation="utf8_general_ci" charset="utf8">
            <pma:table name="bank">
                CREATE TABLE `bank` (
                  `id` int(11) NOT NULL AUTO_INCREMENT,
                  `twitid` bigint(32) NOT NULL DEFAULT '0',
                  `date` varchar(128) DEFAULT NULL,
                  `name` varchar(128) DEFAULT NULL,
                  `text` varchar(256) DEFAULT NULL,
                  `sberbank` int(11) DEFAULT NULL,
                  `vtb` int(11) DEFAULT NULL,
                  `gazprom` int(11) DEFAULT NULL,
                  `alfabank` int(11) DEFAULT NULL,
                  `bankmoskvy` int(11) DEFAULT NULL,
                  `raiffeisen` int(11) DEFAULT NULL,
                  `uralsib` int(11) DEFAULT NULL,
                  `rshb` int(11) DEFAULT NULL,
                  PRIMARY KEY (`id`),
                  UNIQUE KEY `id` (`twitid`)
                ) ENGINE=InnoDB AUTO_INCREMENT=7924 DEFAULT CHARSET=utf8;
            </pma:table>
        </pma:database>
    </pma:structure_schemas>

    <!--
    - База данных: 'Romip'
    -->
    <database name="Romip">
        <!-- Таблица bank -->
        <table name="bank">
            <column name="id">1201</column>
            <column name="twitid">494282264415850000</column>
            <column name="date">1406681049</column>
            <column name="name">coughmukati1978</column>
            <column name="text">#Евросоюз намерен ввести санкции против #Сбербанка и #ВТБ   #sledui</column>
            <column name="sberbank">-1</column>
            <column name="vtb">-1</column>
            <column name="gazprom">NULL</column>
            <column name="alfabank">NULL</column>
            <column name="bankmoskvy">NULL</column>
            <column name="raiffeisen">NULL</column>
            <column name="uralsib">NULL</column>
            <column name="rshb">NULL</column>
        </table>
        <table name="bank">
            <column name="id">1202</column>
            <column name="twitid">494282509329260000</column>
            <column name="date">1406681108</column>
            <column name="name">coasmalunin2</column>
            <column name="text">#The #Wall #Street #Journal опровергла информацию о возможных санкциях против #Сбербанка и #ВТБ (63) https://t.co/qtc8OER68U #VIPFollow</column>
            <column name="sberbank">0</column>
            <column name="vtb">0</column>
            <column name="gazprom">NULL</column>
            <column name="alfabank">NULL</column>
            <column name="bankmoskvy">NULL</column>
            <column name="raiffeisen">NULL</column>
            <column name="uralsib">NULL</column>
            <column name="rshb">NULL</column>
        </table>
        <table name="bank">
            <column name="id">1203</column>
            <column name="twitid">494282600614070000</column>
            <column name="date">1406681129</column>
            <column name="name">seosoftprenel8</column>
            <column name="text">#Российские #СМИ исказили информацию о санкциях против «#Сбербанка» и #ВТБ (4)   #1000aday</column>
            <column name="sberbank">0</column>
            <column name="vtb">0</column>
            <column name="gazprom">NULL</column>
            <column name="alfabank">NULL</column>
            <column name="bankmoskvy">NULL</column>
            <column name="raiffeisen">NULL</column>
            <column name="uralsib">NULL</column>
            <column name="rshb">NULL</column>
        </table>
        <table name="bank">
            <column name="id">1204</column>
            <column name="twitid">494283511377840000</column>
            <column name="date">1406681347</column>
            <column name="name">amotbhuj</column>
            <column name="text">http://t.co/i1Uo9qxuc8 сбербанк москвы кредиты</column>
            <column name="sberbank">0</column>
            <column name="vtb">NULL</column>
            <column name="gazprom">NULL</column>
            <column name="alfabank">NULL</column>
            <column name="bankmoskvy">0</column>
            <column name="raiffeisen">NULL</column>
            <column name="uralsib">NULL</column>
            <column name="rshb">NULL</column>
        </table>
        <table name="bank">
            <column name="id">1205</column>
            <column name="twitid">494283591690750000</column>
            <column name="date">1406681366</column>
            <column name="name">HALLOBEWOHNER</column>
            <column name="text">ВТБ и сбер о/
Вова разозлится</column>
            <column name="sberbank">0</column>
            <column name="vtb">0</column>
            <column name="gazprom">NULL</column>
            <column name="alfabank">NULL</column>
            <column name="bankmoskvy">NULL</column>
            <column name="raiffeisen">NULL</column>
            <column name="uralsib">NULL</column>
            <column name="rshb">NULL</column>
        </table>
        <table name="bank">
            <column name="id">1206</column>
            <column name="twitid">494283906191870000</column>
            <column name="date">1406681441</column>
            <column name="name">duremarpepel85</column>
            <column name="text">http://t.co/X3AvxhtCUx США ввели новые санкции в отношении России: против Банка Москвы, ВТБ, Россельхозбанка. Как сообщает Минфин</column>
            <column name="sberbank">NULL</column>
            <column name="vtb">-1</column>
            <column name="gazprom">NULL</column>
            <column name="alfabank">NULL</column>
            <column name="bankmoskvy">-1</column>
            <column name="raiffeisen">NULL</column>
            <column name="uralsib">NULL</column>
            <column name="rshb">-1</column>
        </table>
        <table name="bank">
            <column name="id">1207</column>
            <column name="twitid">494284114070360000</column>
            <column name="date">1406681490</column>
            <column name="name">xyjmashy</column>
            <column name="text">http://t.co/vrDfWxHP0D Россельхозбанк оформить кредит лпх</column>
            <column name="sberbank">NULL</column>
            <column name="vtb">NULL</column>
            <column name="gazprom">NULL</column>
            <column name="alfabank">NULL</column>
            <column name="bankmoskvy">NULL</column>
            <column name="raiffeisen">NULL</column>
            <column name="uralsib">NULL</column>
            <column name="rshb">0</column>
        </table>
        <table name="bank">
            <column name="id">1208</column>
            <column name="twitid">494284263177880000</column>
            <column name="date">1406681526</column>
            <column name="name">hozax9</column>
            <column name="text">Под расширенные санкции США попали ВТБ, Банк Москвы и Россельхозбанк</column>
            <column name="sberbank">NULL</column>
            <column name="vtb">-1</column>
            <column name="gazprom">NULL</column>
            <column name="alfabank">NULL</column>
            <column name="bankmoskvy">-1</column>
            <column name="raiffeisen">NULL</column>
            <column name="uralsib">NULL</column>
            <column name="rshb">-1</column>
        </table>
        <table name="bank">
            <column name="id">1209</column>
            <column name="twitid">494284388021320000</column>
            <column name="date">1406681556</column>
            <column name="name">evamygop1979</column>
            <column name="text">США ввели санкции против ВТБ, Россельхозбанка, Банка Москвы и Объединенной судостроительной корпорации Перейти к источнику. США расширили с</column>
            <column name="sberbank">NULL</column>
            <column name="vtb">-1</column>
            <column name="gazprom">NULL</column>
            <column name="alfabank">NULL</column>
            <column name="bankmoskvy">-1</column>
            <column name="raiffeisen">NULL</column>
            <column name="uralsib">NULL</column>
            <column name="rshb">-1</column>
        </table>
        <table name="bank">
            <column name="id">1210</column>
            <column name="twitid">494284608247060000</column>
            <column name="date">1406681608</column>
            <column name="name">DmitryyDAS</column>
            <column name="text">Дальневосточный Сбербанк способствует развитию птицеводства в Магаданской</column>
            <column name="sberbank">1</column>
            <column name="vtb">NULL</column>
            <column name="gazprom">NULL</column>
            <column name="alfabank">NULL</column>
            <column name="bankmoskvy">NULL</column>
            <column name="raiffeisen">NULL</column>
            <column name="uralsib">NULL</column>
            <column name="rshb">NULL</column>
        </table>
        <table name="bank">
            <column name="id">1211</column>
            <column name="twitid">494285948327190000</column>
            <column name="date">1406681928</column>
            <column name="name">hillesRyb</column>
            <column name="text">образец заявления на мошейничествочере сбербанк http://t.co/qYwyn38BXU #мошейничествочере #на</column>
            <column name="sberbank">0</column>
            <column name="vtb">NULL</column>
            <column name="gazprom">NULL</column>
            <column name="alfabank">NULL</column>
            <column name="bankmoskvy">NULL</column>
            <column name="raiffeisen">NULL</column>
            <column name="uralsib">NULL</column>
            <column name="rshb">NULL</column>
        </table>
        <table name="bank">
            <column name="id">1212</column>
            <column name="twitid">494285987695300000</column>
            <column name="date">1406681937</column>
            <column name="name">riceGholst</column>
            <column name="text">http://t.co/AG07cZnzRg Переоформить кредит на другое лицо в райффайзен банке</column>
            <column name="sberbank">NULL</column>
            <column name="vtb">NULL</column>
            <column name="gazprom">NULL</column>
            <column name="alfabank">NULL</column>
            <column name="bankmoskvy">NULL</column>
            <column name="raiffeisen">0</column>
            <column name="uralsib">NULL</column>
            <column name="rshb">NULL</column>
        </table>
        <table name="bank">
            <column name="id">1213</column>
            <column name="twitid">494287762326300000</column>
            <column name="date">1406682360</column>
            <column name="name">sponsorperm</column>
            <column name="text">Это не санкции. Это херня полная. Тьфу. Где сбер? Какие втб, банк москвы и россельхоз? Кто чо курит в белом доме? Это как слону дробина</column>
            <column name="sberbank">0</column>
            <column name="vtb">0</column>
            <column name="gazprom">NULL</column>
            <column name="alfabank">NULL</column>
            <column name="bankmoskvy">0</column>
            <column name="raiffeisen">NULL</column>
            <column name="uralsib">NULL</column>
            <column name="rshb">0</column>
        </table>
        <table name="bank">
            <column name="id">1214</column>
            <column name="twitid">494287974004430000</column>
            <column name="date">1406682411</column>
            <column name="name">fogexg81</column>
            <column name="text">http://t.co/3EiHk0TmVh Де взять потребительский кредит в газпромбанке</column>
            <column name="sberbank">NULL</column>
            <column name="vtb">NULL</column>
            <column name="gazprom">0</column>
            <column name="alfabank">NULL</column>
            <column name="bankmoskvy">NULL</column>
            <column name="raiffeisen">NULL</column>
            <column name="uralsib">NULL</column>
            <column name="rshb">NULL</column>
        </table>
        <table name="bank">
            <column name="id">1215</column>
            <column name="twitid">494288070058210000</column>
            <column name="date">1406682434</column>
            <column name="name">siranehylob</column>
            <column name="text">RT @citybusicyti: Сбербанк поможет своему должнику построить Керченский мост</column>
            <column name="sberbank">1</column>
            <column name="vtb">NULL</column>
            <column name="gazprom">NULL</column>
            <column name="alfabank">NULL</column>
            <column name="bankmoskvy">NULL</column>
            <column name="raiffeisen">NULL</column>
            <column name="uralsib">NULL</column>
            <column name="rshb">NULL</column>
        </table>
        <table name="bank">
            <column name="id">1216</column>
            <column name="twitid">494288583268640000</column>
            <column name="date">1406682556</column>
            <column name="name">upbaficq</column>
            <column name="text">http://t.co/PgQNqVkNI4 кредиты в газпромбанке отзывы</column>
            <column name="sberbank">NULL</column>
            <column name="vtb">NULL</column>
            <column name="gazprom">0</column>
            <column name="alfabank">NULL</column>
            <column name="bankmoskvy">NULL</column>
            <column name="raiffeisen">NULL</column>
            <column name="uralsib">NULL</column>
            <column name="rshb">NULL</column>
        </table>
        <table name="bank">
            <column name="id">1217</column>
            <column name="twitid">494288985582470000</column>
            <column name="date">1406682652</column>
            <column name="name">vvnews777</column>
            <column name="text">Дальневосточный Сбербанк способствует развитию птицеводства в Магаданской области #Владивосток
http://t.co/AerXopfTxP http://t.co/K7ke48pPCL</column>
            <column name="sberbank">1</column>
            <column name="vtb">NULL</column>
            <column name="gazprom">NULL</column>
            <column name="alfabank">NULL</column>
            <column name="bankmoskvy">NULL</column>
            <column name="raiffeisen">NULL</column>
            <column name="uralsib">NULL</column>
            <column name="rshb">NULL</column>
        </table>
        <table name="bank">
            <column name="id">1218</column>
            <column name="twitid">494289254491900000</column>
            <column name="date">1406682716</column>
            <column name="name">wemetfoffi</column>
            <column name="text">http://t.co/Qm0EDRfI1z Как оформить кредитную карту в райфайзен банке</column>
            <column name="sberbank">NULL</column>
            <column name="vtb">NULL</column>
            <column name="gazprom">NULL</column>
            <column name="alfabank">NULL</column>
            <column name="bankmoskvy">NULL</column>
            <column name="raiffeisen">0</column>
            <column name="uralsib">NULL</column>
            <column name="rshb">NULL</column>
        </table>
        <table name="bank">
            <column name="id">1219</column>
            <column name="twitid">494291770654480000</column>
            <column name="date">1406683316</column>
            <column name="name">esnicisukid</column>
            <column name="text">http://t.co/nXjgkArrT4 россельхозбанк кредит онлайн заявка</column>
            <column name="sberbank">NULL</column>
            <column name="vtb">NULL</column>
            <column name="gazprom">NULL</column>
            <column name="alfabank">NULL</column>
            <column name="bankmoskvy">NULL</column>
            <column name="raiffeisen">NULL</column>
            <column name="uralsib">NULL</column>
            <column name="rshb">0</column>
        </table>
        <table name="bank">
            <column name="id">1220</column>
            <column name="twitid">494291853941170000</column>
            <column name="date">1406683336</column>
            <column name="name">AmburCunha</column>
            <column name="text">http://t.co/uv3xJOStoS Банк втб 24 кредит оформить</column>
            <column name="sberbank">NULL</column>
            <column name="vtb">0</column>
            <column name="gazprom">NULL</column>
            <column name="alfabank">NULL</column>
            <column name="bankmoskvy">NULL</column>
            <column name="raiffeisen">NULL</column>
            <column name="uralsib">NULL</column>
            <column name="rshb">NULL</column>
        </table>
        <table name="bank">
            <column name="id">1221</column>
            <column name="twitid">494293328465500000</column>
            <column name="date">1406683687</column>
            <column name="name">eronymusHi</column>
            <column name="text">http://t.co/5JSbrY0Ekz Взять кредит в альфа банке онлайн заявка</column>
            <column name="sberbank">NULL</column>
            <column name="vtb">NULL</column>
            <column name="gazprom">NULL</column>
            <column name="alfabank">0</column>
            <column name="bankmoskvy">NULL</column>
            <column name="raiffeisen">NULL</column>
            <column name="uralsib">NULL</column>
            <column name="rshb">NULL</column>
        </table>
        <table name="bank">
            <column name="id">1222</column>
            <column name="twitid">494293441866920000</column>
            <column name="date">1406683714</column>
            <column name="name">mmineLuya</column>
            <column name="text">http://t.co/eqJ5AnhNhU Как оформить кредит в альфа банке</column>
            <column name="sberbank">NULL</column>
            <column name="vtb">NULL</column>
            <column name="gazprom">NULL</column>
            <column name="alfabank">0</column>
            <column name="bankmoskvy">NULL</column>
            <column name="raiffeisen">NULL</column>
            <column name="uralsib">NULL</column>
            <column name="rshb">NULL</column>
        </table>
        <table name="bank">
            <column name="id">1223</column>
            <column name="twitid">494294249752370000</column>
            <column name="date">1406683907</column>
            <column name="name">ChrisBostick1</column>
            <column name="text">Восьмые информеры выбирают сбербанк ювелирными фазами, вслед за этим подходящие концепции в сентябре существуют со юмора. #music</column>
            <column name="sberbank">--</column>
            <column name="vtb">NULL</column>
            <column name="gazprom">NULL</column>
            <column name="alfabank">NULL</column>
            <column name="bankmoskvy">NULL</column>
            <column name="raiffeisen">NULL</column>
            <column name="uralsib">NULL</column>
            <column name="rshb">NULL</column>
        </table>
        <table name="bank">
            <column name="id">1224</column>
            <column name="twitid">494294335530100000</column>
            <column name="date">1406683927</column>
            <column name="name">kiraivanof</column>
            <column name="text">США ввели санкции против ВТБ «Банка Москвы» и Россельхозбанка</column>
            <column name="sberbank">NULL</column>
            <column name="vtb">-1</column>
            <column name="gazprom">NULL</column>
            <column name="alfabank">NULL</column>
            <column name="bankmoskvy">-1</column>
            <column name="raiffeisen">NULL</column>
            <column name="uralsib">NULL</column>
            <column name="rshb">-1</column>
        </table>
        <table name="bank">
            <column name="id">1225</column>
            <column name="twitid">494294379012850000</column>
            <column name="date">1406683938</column>
            <column name="name">upbaficq</column>
            <column name="text">http://t.co/tqUwRbYYdt кредиты в россельхозбанке на строительство</column>
            <column name="sberbank">NULL</column>
            <column name="vtb">NULL</column>
            <column name="gazprom">NULL</column>
            <column name="alfabank">NULL</column>
            <column name="bankmoskvy">NULL</column>
            <column name="raiffeisen">NULL</column>
            <column name="uralsib">NULL</column>
            <column name="rshb">0</column>
        </table>
        <table name="bank">
            <column name="id">1226</column>
            <column name="twitid">494294761004890000</column>
            <column name="date">1406684029</column>
            <column name="name">wogixelkas</column>
            <column name="text">http://t.co/y7E9OlVOAf Взять кредит в райффайзенбанке через интернет</column>
            <column name="sberbank">NULL</column>
            <column name="vtb">NULL</column>
            <column name="gazprom">NULL</column>
            <column name="alfabank">NULL</column>
            <column name="bankmoskvy">NULL</column>
            <column name="raiffeisen">0</column>
            <column name="uralsib">NULL</column>
            <column name="rshb">NULL</column>
        </table>
        <table name="bank">
            <column name="id">1227</column>
            <column name="twitid">494295717591410000</column>
            <column name="date">1406684257</column>
            <column name="name">eprimyr22</column>
            <column name="text">http://t.co/ime2EHzPWO Альфа банк взять кредит просто</column>
            <column name="sberbank">NULL</column>
            <column name="vtb">NULL</column>
            <column name="gazprom">NULL</column>
            <column name="alfabank">1</column>
            <column name="bankmoskvy">NULL</column>
            <column name="raiffeisen">NULL</column>
            <column name="uralsib">NULL</column>
            <column name="rshb">NULL</column>
        </table>
        <table name="bank">
            <column name="id">1228</column>
            <column name="twitid">494295894183790000</column>
            <column name="date">1406684299</column>
            <column name="name">MaximilianKote</column>
            <column name="text">США ввели санкции против «Банка Москвы», ВТБ и Россельхозбанка - Быстрый Slon http://t.co/tYHxO8QdrN</column>
            <column name="sberbank">NULL</column>
            <column name="vtb">-1</column>
            <column name="gazprom">NULL</column>
            <column name="alfabank">NULL</column>
            <column name="bankmoskvy">-1</column>
            <column name="raiffeisen">NULL</column>
            <column name="uralsib">NULL</column>
            <column name="rshb">-1</column>
        </table>
        <table name="bank">
            <column name="id">1229</column>
            <column name="twitid">494296195377160000</column>
            <column name="date">1406684371</column>
            <column name="name">quxqocchin</column>
            <column name="text">http://t.co/QI6v4NNvYa Сбербанк взять кредит пенсионерам</column>
            <column name="sberbank">0</column>
            <column name="vtb">NULL</column>
            <column name="gazprom">NULL</column>
            <column name="alfabank">NULL</column>
            <column name="bankmoskvy">NULL</column>
            <column name="raiffeisen">NULL</column>
            <column name="uralsib">NULL</column>
            <column name="rshb">NULL</column>
        </table>
        <table name="bank">
            <column name="id">1230</column>
            <column name="twitid">494296887483450000</column>
            <column name="date">1406684536</column>
            <column name="name">yraqosho</column>
            <column name="text">http://t.co/5AlTNfhEr4 Альфа банк оформить кредит прямо сейчас</column>
            <column name="sberbank">NULL</column>
            <column name="vtb">NULL</column>
            <column name="gazprom">NULL</column>
            <column name="alfabank">0</column>
            <column name="bankmoskvy">NULL</column>
            <column name="raiffeisen">NULL</column>
            <column name="uralsib">NULL</column>
            <column name="rshb">NULL</column>
        </table>
        <table name="bank">
            <column name="id">1231</column>
            <column name="twitid">494297020036040000</column>
            <column name="date">1406684567</column>
            <column name="name">OBondarenko32</column>
            <column name="text">После Газпромбанка и ВЭБа США вводит санкции против ВТБ. Информация об этом появилась еще во вторник, и весь день банк провел, опровергая с</column>
            <column name="sberbank">NULL</column>
            <column name="vtb">-1</column>
            <column name="gazprom">-1</column>
            <column name="alfabank">NULL</column>
            <column name="bankmoskvy">NULL</column>
            <column name="raiffeisen">NULL</column>
            <column name="uralsib">NULL</column>
            <column name="rshb">NULL</column>
        </table>
        <table name="bank">
            <column name="id">1232</column>
            <column name="twitid">494297279675650000</column>
            <column name="date">1406684629</column>
            <column name="name">selliKui</column>
            <column name="text">http://t.co/HiAKKXRAXb сбербанк россий кредит потребительский</column>
            <column name="sberbank">0</column>
            <column name="vtb">NULL</column>
            <column name="gazprom">NULL</column>
            <column name="alfabank">NULL</column>
            <column name="bankmoskvy">NULL</column>
            <column name="raiffeisen">NULL</column>
            <column name="uralsib">NULL</column>
            <column name="rshb">NULL</column>
        </table>
        <table name="bank">
            <column name="id">1233</column>
            <column name="twitid">494297596844720000</column>
            <column name="date">1406684705</column>
            <column name="name">ChernobayMariy</column>
            <column name="text">США ввели санкции против трех российских банков (Банка Москвы,ВТБ,Россельхозбанка)http://t.co/VbXphnO0E4</column>
            <column name="sberbank">NULL</column>
            <column name="vtb">-1</column>
            <column name="gazprom">NULL</column>
            <column name="alfabank">NULL</column>
            <column name="bankmoskvy">-1</column>
            <column name="raiffeisen">NULL</column>
            <column name="uralsib">NULL</column>
            <column name="rshb">-1</column>
        </table>
        <table name="bank">
            <column name="id">1234</column>
            <column name="twitid">494297643326390000</column>
            <column name="date">1406684716</column>
            <column name="name">nohtomanq</column>
            <column name="text">http://t.co/RgdNWXbe5H Как взять кредит в втб 24 уссурийск</column>
            <column name="sberbank">NULL</column>
            <column name="vtb">0</column>
            <column name="gazprom">NULL</column>
            <column name="alfabank">NULL</column>
            <column name="bankmoskvy">NULL</column>
            <column name="raiffeisen">NULL</column>
            <column name="uralsib">NULL</column>
            <column name="rshb">NULL</column>
        </table>
        <table name="bank">
            <column name="id">1235</column>
            <column name="twitid">494298746704760000</column>
            <column name="date">1406684979</column>
            <column name="name">rumliconsterpga</column>
            <column name="text">http://t.co/HBripkMkyk банк уралсиб онлайн заявка на потребительский кредит</column>
            <column name="sberbank">NULL</column>
            <column name="vtb">NULL</column>
            <column name="gazprom">NULL</column>
            <column name="alfabank">NULL</column>
            <column name="bankmoskvy">NULL</column>
            <column name="raiffeisen">NULL</column>
            <column name="uralsib">0</column>
            <column name="rshb">NULL</column>
        </table>
        <table name="bank">
            <column name="id">1236</column>
            <column name="twitid">494298756943460000</column>
            <column name="date">1406684981</column>
            <column name="name">rumliconsterpga</column>
            <column name="text">http://t.co/KIPFcop4mE банк уралсиб онлайн заявка на потребительский кредит</column>
            <column name="sberbank">NULL</column>
            <column name="vtb">NULL</column>
            <column name="gazprom">NULL</column>
            <column name="alfabank">NULL</column>
            <column name="bankmoskvy">NULL</column>
            <column name="raiffeisen">NULL</column>
            <column name="uralsib">0</column>
            <column name="rshb">NULL</column>
        </table>
        <table name="bank">
            <column name="id">1237</column>
            <column name="twitid">494299157432390000</column>
            <column name="date">1406685077</column>
            <column name="name">ehorlakuq</column>
            <column name="text">http://t.co/z3OT8lQtVw Взять кредит в втб 24 в вологде</column>
            <column name="sberbank">NULL</column>
            <column name="vtb">0</column>
            <column name="gazprom">NULL</column>
            <column name="alfabank">NULL</column>
            <column name="bankmoskvy">NULL</column>
            <column name="raiffeisen">NULL</column>
            <column name="uralsib">NULL</column>
            <column name="rshb">NULL</column>
        </table>
        <table name="bank">
            <column name="id">1238</column>
            <column name="twitid">494299459032200000</column>
            <column name="date">1406685149</column>
            <column name="name">rchetSch</column>
            <column name="text">http://t.co/9rq62knttM россельхозбанк наличные кредиты</column>
            <column name="sberbank">NULL</column>
            <column name="vtb">NULL</column>
            <column name="gazprom">NULL</column>
            <column name="alfabank">NULL</column>
            <column name="bankmoskvy">NULL</column>
            <column name="raiffeisen">NULL</column>
            <column name="uralsib">NULL</column>
            <column name="rshb">0</column>
        </table>
        <table name="bank">
            <column name="id">1239</column>
            <column name="twitid">494299469350200000</column>
            <column name="date">1406685151</column>
            <column name="name">eprimyr22</column>
            <column name="text">http://t.co/jMHS25Tr92 Сбербанк взять кредитную карту в новодвинске</column>
            <column name="sberbank">0</column>
            <column name="vtb">NULL</column>
            <column name="gazprom">NULL</column>
            <column name="alfabank">NULL</column>
            <column name="bankmoskvy">NULL</column>
            <column name="raiffeisen">NULL</column>
            <column name="uralsib">NULL</column>
            <column name="rshb">NULL</column>
        </table>
        <table name="bank">
            <column name="id">1240</column>
            <column name="twitid">494299474504610000</column>
            <column name="date">1406685153</column>
            <column name="name">rchetSch</column>
            <column name="text">http://t.co/AQ9XJdV7Gq россельхозбанк наличные кредиты</column>
            <column name="sberbank">NULL</column>
            <column name="vtb">NULL</column>
            <column name="gazprom">NULL</column>
            <column name="alfabank">NULL</column>
            <column name="bankmoskvy">NULL</column>
            <column name="raiffeisen">NULL</column>
            <column name="uralsib">NULL</column>
            <column name="rshb">0</column>
        </table>
        <table name="bank">
            <column name="id">1241</column>
            <column name="twitid">494299508268740000</column>
            <column name="date">1406685161</column>
            <column name="name">breakkinliamole</column>
            <column name="text">http://t.co/PeG3QjGIJo россельхозбанк наличные кредиты</column>
            <column name="sberbank">NULL</column>
            <column name="vtb">NULL</column>
            <column name="gazprom">NULL</column>
            <column name="alfabank">NULL</column>
            <column name="bankmoskvy">NULL</column>
            <column name="raiffeisen">NULL</column>
            <column name="uralsib">NULL</column>
            <column name="rshb">0</column>
        </table>
        <table name="bank">
            <column name="id">1242</column>
            <column name="twitid">494299518348060000</column>
            <column name="date">1406685163</column>
            <column name="name">breakkinliamole</column>
            <column name="text">http://t.co/qYzVhC0zpH россельхозбанк наличные кредиты</column>
            <column name="sberbank">NULL</column>
            <column name="vtb">NULL</column>
            <column name="gazprom">NULL</column>
            <column name="alfabank">NULL</column>
            <column name="bankmoskvy">NULL</column>
            <column name="raiffeisen">NULL</column>
            <column name="uralsib">NULL</column>
            <column name="rshb">0</column>
        </table>
        <table name="bank">
            <column name="id">1243</column>
            <column name="twitid">494300501924520000</column>
            <column name="date">1406685397</column>
            <column name="name">kirejiljush</column>
            <column name="text">США распространили санкции на &quot;Россельхозбанк&quot;, ВТБ и &quot;Банк Москвы&quot;, - Reuters</column>
            <column name="sberbank">NULL</column>
            <column name="vtb">-1</column>
            <column name="gazprom">NULL</column>
            <column name="alfabank">NULL</column>
            <column name="bankmoskvy">-1</column>
            <column name="raiffeisen">NULL</column>
            <column name="uralsib">NULL</column>
            <column name="rshb">-1</column>
        </table>
        <table name="bank">
            <column name="id">1244</column>
            <column name="twitid">494301149663860000</column>
            <column name="date">1406685552</column>
            <column name="name">worldnewsday</column>
            <column name="text">Я.Новости | Блоги: США ввели санкции против ОСК, Банка Москвы, ВТБ, Россельхозбанка http://t.co/U8kSoh3BYw</column>
            <column name="sberbank">NULL</column>
            <column name="vtb">-1</column>
            <column name="gazprom">NULL</column>
            <column name="alfabank">NULL</column>
            <column name="bankmoskvy">-1</column>
            <column name="raiffeisen">NULL</column>
            <column name="uralsib">NULL</column>
            <column name="rshb">-1</column>
        </table>
        <table name="bank">
            <column name="id">1245</column>
            <column name="twitid">494301301958660000</column>
            <column name="date">1406685588</column>
            <column name="name">upbaficq</column>
            <column name="text">http://t.co/BCN1y28GRO ипотечный кредит газпромбанка</column>
            <column name="sberbank">NULL</column>
            <column name="vtb">NULL</column>
            <column name="gazprom">0</column>
            <column name="alfabank">NULL</column>
            <column name="bankmoskvy">NULL</column>
            <column name="raiffeisen">NULL</column>
            <column name="uralsib">NULL</column>
            <column name="rshb">NULL</column>
        </table>
        <table name="bank">
            <column name="id">1246</column>
            <column name="twitid">494301786459870000</column>
            <column name="date">1406685704</column>
            <column name="name">fogexg81</column>
            <column name="text">http://t.co/yyBJGCFiBm Банк москвы оформить кредит онлайн</column>
            <column name="sberbank">NULL</column>
            <column name="vtb">NULL</column>
            <column name="gazprom">NULL</column>
            <column name="alfabank">NULL</column>
            <column name="bankmoskvy">0</column>
            <column name="raiffeisen">NULL</column>
            <column name="uralsib">NULL</column>
            <column name="rshb">NULL</column>
        </table>
        <table name="bank">
            <column name="id">1247</column>
            <column name="twitid">494302218556690000</column>
            <column name="date">1406685807</column>
            <column name="name">terfmortrearate</column>
            <column name="text">http://t.co/A3fJUGvKIz потребительский кредит сбербанк квартира в сочи</column>
            <column name="sberbank">0</column>
            <column name="vtb">NULL</column>
            <column name="gazprom">NULL</column>
            <column name="alfabank">NULL</column>
            <column name="bankmoskvy">NULL</column>
            <column name="raiffeisen">NULL</column>
            <column name="uralsib">NULL</column>
            <column name="rshb">NULL</column>
        </table>
        <table name="bank">
            <column name="id">1248</column>
            <column name="twitid">494302386455070000</column>
            <column name="date">1406685847</column>
            <column name="name">toqovefemej</column>
            <column name="text">RT @bosacoworavu: США ввели санкции против ВТБ, Банка Москвы и Россельхозбанка</column>
            <column name="sberbank">NULL</column>
            <column name="vtb">-1</column>
            <column name="gazprom">NULL</column>
            <column name="alfabank">NULL</column>
            <column name="bankmoskvy">-1</column>
            <column name="raiffeisen">NULL</column>
            <column name="uralsib">NULL</column>
            <column name="rshb">-1</column>
        </table>
        <table name="bank">
            <column name="id">1249</column>
            <column name="twitid">494302436845030000</column>
            <column name="date">1406685859</column>
            <column name="name">lexacom</column>
            <column name="text">Справка по форме банка банк москвы http://t.co/2iyGx7e3ie</column>
            <column name="sberbank">NULL</column>
            <column name="vtb">NULL</column>
            <column name="gazprom">NULL</column>
            <column name="alfabank">NULL</column>
            <column name="bankmoskvy">0</column>
            <column name="raiffeisen">NULL</column>
            <column name="uralsib">NULL</column>
            <column name="rshb">NULL</column>
        </table>
        <table name="bank">
            <column name="id">1250</column>
            <column name="twitid">494302677271330000</column>
            <column name="date">1406685916</column>
            <column name="name">vypbistipo</column>
            <column name="text">http://t.co/JvschFqO7a Втб 24 взять кредит онлайн наличными</column>
            <column name="sberbank">NULL</column>
            <column name="vtb">0</column>
            <column name="gazprom">NULL</column>
            <column name="alfabank">NULL</column>
            <column name="bankmoskvy">NULL</column>
            <column name="raiffeisen">NULL</column>
            <column name="uralsib">NULL</column>
            <column name="rshb">NULL</column>
        </table>
        <table name="bank">
            <column name="id">1251</column>
            <column name="twitid">494302780060750000</column>
            <column name="date">1406685941</column>
            <column name="name">niscastketkeipo</column>
            <column name="text">http://t.co/6rGseF7EbI сбербанк потребительские кредиты ульяновск</column>
            <column name="sberbank">0</column>
            <column name="vtb">NULL</column>
            <column name="gazprom">NULL</column>
            <column name="alfabank">NULL</column>
            <column name="bankmoskvy">NULL</column>
            <column name="raiffeisen">NULL</column>
            <column name="uralsib">NULL</column>
            <column name="rshb">NULL</column>
        </table>
        <table name="bank">
            <column name="id">1252</column>
            <column name="twitid">494302829025040000</column>
            <column name="date">1406685952</column>
            <column name="name">buxalam690</column>
            <column name="text">руководство россельхозбанк самара http://t.co/xjkJBGPX6E #руководство #россельхозбанк</column>
            <column name="sberbank">NULL</column>
            <column name="vtb">NULL</column>
            <column name="gazprom">NULL</column>
            <column name="alfabank">NULL</column>
            <column name="bankmoskvy">NULL</column>
            <column name="raiffeisen">NULL</column>
            <column name="uralsib">NULL</column>
            <column name="rshb">0</column>
        </table>
        <table name="bank">
            <column name="id">1253</column>
            <column name="twitid">494302920699950000</column>
            <column name="date">1406685974</column>
            <column name="name">nerssuzeroutig</column>
            <column name="text">http://t.co/xKmiplumAI россельхозбанк процентные ставки по кредитам</column>
            <column name="sberbank">NULL</column>
            <column name="vtb">NULL</column>
            <column name="gazprom">NULL</column>
            <column name="alfabank">NULL</column>
            <column name="bankmoskvy">NULL</column>
            <column name="raiffeisen">NULL</column>
            <column name="uralsib">NULL</column>
            <column name="rshb">0</column>
        </table>
        <table name="bank">
            <column name="id">1254</column>
            <column name="twitid">494303004162810000</column>
            <column name="date">1406685994</column>
            <column name="name">tingkolinuzoll</column>
            <column name="text">http://t.co/f8dDMaw4Fj онлайн заявка на кредит наличными в газпромбанке</column>
            <column name="sberbank">NULL</column>
            <column name="vtb">NULL</column>
            <column name="gazprom">0</column>
            <column name="alfabank">NULL</column>
            <column name="bankmoskvy">NULL</column>
            <column name="raiffeisen">NULL</column>
            <column name="uralsib">NULL</column>
            <column name="rshb">NULL</column>
        </table>
        <table name="bank">
            <column name="id">1255</column>
            <column name="twitid">494303252633370000</column>
            <column name="date">1406686053</column>
            <column name="name">doradoSu</column>
            <column name="text">http://t.co/eXR5InKHSQ Взять кредит онлайн заявка альфа банк</column>
            <column name="sberbank">NULL</column>
            <column name="vtb">NULL</column>
            <column name="gazprom">NULL</column>
            <column name="alfabank">0</column>
            <column name="bankmoskvy">NULL</column>
            <column name="raiffeisen">NULL</column>
            <column name="uralsib">NULL</column>
            <column name="rshb">NULL</column>
        </table>
        <table name="bank">
            <column name="id">1256</column>
            <column name="twitid">494303472284890000</column>
            <column name="date">1406686106</column>
            <column name="name">netbovalsase</column>
            <column name="text">http://t.co/BIuifZddYw кредит на лпх в сбербанк условия</column>
            <column name="sberbank">0</column>
            <column name="vtb">NULL</column>
            <column name="gazprom">NULL</column>
            <column name="alfabank">NULL</column>
            <column name="bankmoskvy">NULL</column>
            <column name="raiffeisen">NULL</column>
            <column name="uralsib">NULL</column>
            <column name="rshb">NULL</column>
        </table>
        <table name="bank">
            <column name="id">1257</column>
            <column name="twitid">494303480853840000</column>
            <column name="date">1406686108</column>
            <column name="name">AndiCoggin</column>
            <column name="text">http://t.co/9Arn2Kkggy кредит на лпх в сбербанк условия</column>
            <column name="sberbank">0</column>
            <column name="vtb">NULL</column>
            <column name="gazprom">NULL</column>
            <column name="alfabank">NULL</column>
            <column name="bankmoskvy">NULL</column>
            <column name="raiffeisen">NULL</column>
            <column name="uralsib">NULL</column>
            <column name="rshb">NULL</column>
        </table>
        <table name="bank">
            <column name="id">1258</column>
            <column name="twitid">494303513426820000</column>
            <column name="date">1406686115</column>
            <column name="name">gibbokiltida</column>
            <column name="text">http://t.co/6L7MnOXb4q сбербанк россии ипотечный кредит условия</column>
            <column name="sberbank">0</column>
            <column name="vtb">NULL</column>
            <column name="gazprom">NULL</column>
            <column name="alfabank">NULL</column>
            <column name="bankmoskvy">NULL</column>
            <column name="raiffeisen">NULL</column>
            <column name="uralsib">NULL</column>
            <column name="rshb">NULL</column>
        </table>
        <table name="bank">
            <column name="id">1259</column>
            <column name="twitid">494303525329830000</column>
            <column name="date">1406686118</column>
            <column name="name">gibbokiltida</column>
            <column name="text">http://t.co/2PKumZQCUc сбербанк россии ипотечный кредит условия</column>
            <column name="sberbank">0</column>
            <column name="vtb">NULL</column>
            <column name="gazprom">NULL</column>
            <column name="alfabank">NULL</column>
            <column name="bankmoskvy">NULL</column>
            <column name="raiffeisen">NULL</column>
            <column name="uralsib">NULL</column>
            <column name="rshb">NULL</column>
        </table>
        <table name="bank">
            <column name="id">1260</column>
            <column name="twitid">494303780867810000</column>
            <column name="date">1406686179</column>
            <column name="name">mountchin</column>
            <column name="text">США ввели санкции против Банка Москвы, ВТБ, Россельхозбанка и ОСК http://t.co/0roM7rYbNC- во уроды, да против всех и сразу введите поскорей</column>
            <column name="sberbank">NULL</column>
            <column name="vtb">-1</column>
            <column name="gazprom">NULL</column>
            <column name="alfabank">NULL</column>
            <column name="bankmoskvy">-1</column>
            <column name="raiffeisen">NULL</column>
            <column name="uralsib">NULL</column>
            <column name="rshb">-1</column>
        </table>
        <table name="bank">
            <column name="id">1261</column>
            <column name="twitid">494305184973980000</column>
            <column name="date">1406686514</column>
            <column name="name">paskahismoinock</column>
            <column name="text">http://t.co/3OYEF1OoYe альфа банк потребительский кредит досрочное погашение</column>
            <column name="sberbank">NULL</column>
            <column name="vtb">NULL</column>
            <column name="gazprom">NULL</column>
            <column name="alfabank">0</column>
            <column name="bankmoskvy">NULL</column>
            <column name="raiffeisen">NULL</column>
            <column name="uralsib">NULL</column>
            <column name="rshb">NULL</column>
        </table>
        <table name="bank">
            <column name="id">1262</column>
            <column name="twitid">494305220940550000</column>
            <column name="date">1406686523</column>
            <column name="name">RebeccaVance17</column>
            <column name="text">условия автокредита в райффайзен банк</column>
            <column name="sberbank">NULL</column>
            <column name="vtb">NULL</column>
            <column name="gazprom">NULL</column>
            <column name="alfabank">NULL</column>
            <column name="bankmoskvy">NULL</column>
            <column name="raiffeisen">0</column>
            <column name="uralsib">NULL</column>
            <column name="rshb">NULL</column>
        </table>
        <table name="bank">
            <column name="id">1263</column>
            <column name="twitid">494305361797840000</column>
            <column name="date">1406686556</column>
            <column name="name">evTwifor</column>
            <column name="text">http://t.co/di4PhdtqI1 Как взять кредит россельхозбанке на корову</column>
            <column name="sberbank">NULL</column>
            <column name="vtb">NULL</column>
            <column name="gazprom">NULL</column>
            <column name="alfabank">NULL</column>
            <column name="bankmoskvy">NULL</column>
            <column name="raiffeisen">NULL</column>
            <column name="uralsib">NULL</column>
            <column name="rshb">0</column>
        </table>
        <table name="bank">
            <column name="id">1264</column>
            <column name="twitid">494305533323920000</column>
            <column name="date">1406686597</column>
            <column name="name">eprimyr22</column>
            <column name="text">http://t.co/Ea2b1zOFZP Как взять кредит в втб 24 если я ип</column>
            <column name="sberbank">NULL</column>
            <column name="vtb">0</column>
            <column name="gazprom">NULL</column>
            <column name="alfabank">NULL</column>
            <column name="bankmoskvy">NULL</column>
            <column name="raiffeisen">NULL</column>
            <column name="uralsib">NULL</column>
            <column name="rshb">NULL</column>
        </table>
        <table name="bank">
            <column name="id">1265</column>
            <column name="twitid">494305609873770000</column>
            <column name="date">1406686615</column>
            <column name="name">EricaHe59074025</column>
            <column name="text">Не посвященная шри ланка является рожденной мамой, следом красный сбербанк не подобрал. #юмор http://t.co/KKHBH48k8V</column>
            <column name="sberbank">--</column>
            <column name="vtb">NULL</column>
            <column name="gazprom">NULL</column>
            <column name="alfabank">NULL</column>
            <column name="bankmoskvy">NULL</column>
            <column name="raiffeisen">NULL</column>
            <column name="uralsib">NULL</column>
            <column name="rshb">NULL</column>
        </table>
        <table name="bank">
            <column name="id">1266</column>
            <column name="twitid">494305880654240000</column>
            <column name="date">1406686680</column>
            <column name="name">riceGholst</column>
            <column name="text">http://t.co/uXuR1Fv0PF Хочу взять кредит в альфа банке</column>
            <column name="sberbank">NULL</column>
            <column name="vtb">NULL</column>
            <column name="gazprom">NULL</column>
            <column name="alfabank">0</column>
            <column name="bankmoskvy">NULL</column>
            <column name="raiffeisen">NULL</column>
            <column name="uralsib">NULL</column>
            <column name="rshb">NULL</column>
        </table>
        <table name="bank">
            <column name="id">1267</column>
            <column name="twitid">494306223597300000</column>
            <column name="date">1406686762</column>
            <column name="name">L_Spiridonova34</column>
            <column name="text">Sberbank Investment Research, аналитическое подразделение Sberbank CIB, понизил прогнозную стоимость глобальных депозитарных расписок (GDR)</column>
            <column name="sberbank">0</column>
            <column name="vtb">NULL</column>
            <column name="gazprom">NULL</column>
            <column name="alfabank">NULL</column>
            <column name="bankmoskvy">NULL</column>
            <column name="raiffeisen">NULL</column>
            <column name="uralsib">NULL</column>
            <column name="rshb">NULL</column>
        </table>
        <table name="bank">
            <column name="id">1268</column>
            <column name="twitid">494306250516340000</column>
            <column name="date">1406686768</column>
            <column name="name">doradoSu</column>
            <column name="text">http://t.co/r8tTWyhLlf Оформить кредит в альфабанке</column>
            <column name="sberbank">NULL</column>
            <column name="vtb">NULL</column>
            <column name="gazprom">NULL</column>
            <column name="alfabank">0</column>
            <column name="bankmoskvy">NULL</column>
            <column name="raiffeisen">NULL</column>
            <column name="uralsib">NULL</column>
            <column name="rshb">NULL</column>
        </table>
        <table name="bank">
            <column name="id">1269</column>
            <column name="twitid">494307346575660000</column>
            <column name="date">1406687029</column>
            <column name="name">makerlami</column>
            <column name="text">Суд привлек главу «Мостовика» к делу по иску Газпромбанка на 3&amp;amp;#8230;</column>
            <column name="sberbank">NULL</column>
            <column name="vtb">NULL</column>
            <column name="gazprom">0</column>
            <column name="alfabank">NULL</column>
            <column name="bankmoskvy">NULL</column>
            <column name="raiffeisen">NULL</column>
            <column name="uralsib">NULL</column>
            <column name="rshb">NULL</column>
        </table>
        <table name="bank">
            <column name="id">1270</column>
            <column name="twitid">494309721500020000</column>
            <column name="date">1406687596</column>
            <column name="name">ehorlakuq</column>
            <column name="text">http://t.co/Rxdu9wbAfw Как получить кредит россельхозбанке на рыбоводство</column>
            <column name="sberbank">NULL</column>
            <column name="vtb">NULL</column>
            <column name="gazprom">NULL</column>
            <column name="alfabank">NULL</column>
            <column name="bankmoskvy">NULL</column>
            <column name="raiffeisen">NULL</column>
            <column name="uralsib">NULL</column>
            <column name="rshb">0</column>
        </table>
        <table name="bank">
            <column name="id">1271</column>
            <column name="twitid">494310107275360000</column>
            <column name="date">1406687688</column>
            <column name="name">AOstanin49</column>
            <column name="text">США ввели санкции против трех российских банков: Банка Москвы, ВТБ и Россельхозбанка. Также санкции введены против против Объединенной судо</column>
            <column name="sberbank">NULL</column>
            <column name="vtb">-1</column>
            <column name="gazprom">NULL</column>
            <column name="alfabank">NULL</column>
            <column name="bankmoskvy">-1</column>
            <column name="raiffeisen">NULL</column>
            <column name="uralsib">NULL</column>
            <column name="rshb">-1</column>
        </table>
        <table name="bank">
            <column name="id">1272</column>
            <column name="twitid">494310780599160000</column>
            <column name="date">1406687848</column>
            <column name="name">breakkinliamole</column>
            <column name="text">http://t.co/DRy6fFkl10 втб 24 ростов на дону кредиты</column>
            <column name="sberbank">NULL</column>
            <column name="vtb">0</column>
            <column name="gazprom">NULL</column>
            <column name="alfabank">NULL</column>
            <column name="bankmoskvy">NULL</column>
            <column name="raiffeisen">NULL</column>
            <column name="uralsib">NULL</column>
            <column name="rshb">NULL</column>
        </table>
        <table name="bank">
            <column name="id">1273</column>
            <column name="twitid">494310827499870000</column>
            <column name="date">1406687859</column>
            <column name="name">acdenisgeta</column>
            <column name="text">http://t.co/OcQ7AxG7wj автокредит в банке банк москвы</column>
            <column name="sberbank">NULL</column>
            <column name="vtb">NULL</column>
            <column name="gazprom">NULL</column>
            <column name="alfabank">NULL</column>
            <column name="bankmoskvy">0</column>
            <column name="raiffeisen">NULL</column>
            <column name="uralsib">NULL</column>
            <column name="rshb">NULL</column>
        </table>
        <table name="bank">
            <column name="id">1274</column>
            <column name="twitid">494311784304890000</column>
            <column name="date">1406688087</column>
            <column name="name">ehucpligi</column>
            <column name="text">http://t.co/ph8WyrdpxN Как взять кредит в россельхозбанке в красном куте</column>
            <column name="sberbank">NULL</column>
            <column name="vtb">NULL</column>
            <column name="gazprom">NULL</column>
            <column name="alfabank">NULL</column>
            <column name="bankmoskvy">NULL</column>
            <column name="raiffeisen">NULL</column>
            <column name="uralsib">NULL</column>
            <column name="rshb">0</column>
        </table>
        <table name="bank">
            <column name="id">1275</column>
            <column name="twitid">494311828751530000</column>
            <column name="date">1406688098</column>
            <column name="name">netbovalsase</column>
            <column name="text">http://t.co/PfkZ3AqxbM потребительский кредит альфабанка</column>
            <column name="sberbank">NULL</column>
            <column name="vtb">NULL</column>
            <column name="gazprom">NULL</column>
            <column name="alfabank">0</column>
            <column name="bankmoskvy">NULL</column>
            <column name="raiffeisen">NULL</column>
            <column name="uralsib">NULL</column>
            <column name="rshb">NULL</column>
        </table>
        <table name="bank">
            <column name="id">1276</column>
            <column name="twitid">494311876314950000</column>
            <column name="date">1406688109</column>
            <column name="name">selliKui</column>
            <column name="text">http://t.co/hLq1LGyJCP потребительский кредит альфабанка</column>
            <column name="sberbank">NULL</column>
            <column name="vtb">NULL</column>
            <column name="gazprom">NULL</column>
            <column name="alfabank">0</column>
            <column name="bankmoskvy">NULL</column>
            <column name="raiffeisen">NULL</column>
            <column name="uralsib">NULL</column>
            <column name="rshb">NULL</column>
        </table>
        <table name="bank">
            <column name="id">1277</column>
            <column name="twitid">494312051448500000</column>
            <column name="date">1406688151</column>
            <column name="name">DNazarov50</column>
            <column name="text">США ввели санкции против российской Объединенной судостроительной корпорации и банков ВТБ, Россельхозбанка и Банка Москвы Перейти к источни</column>
            <column name="sberbank">NULL</column>
            <column name="vtb">-1</column>
            <column name="gazprom">NULL</column>
            <column name="alfabank">NULL</column>
            <column name="bankmoskvy">-1</column>
            <column name="raiffeisen">NULL</column>
            <column name="uralsib">NULL</column>
            <column name="rshb">-1</column>
        </table>
        <table name="bank">
            <column name="id">1278</column>
            <column name="twitid">494313291586760000</column>
            <column name="date">1406688447</column>
            <column name="name">yraqosho</column>
            <column name="text">http://t.co/fVJCmKHgZI Сбербанк как взять кредит с ребенком</column>
            <column name="sberbank">0</column>
            <column name="vtb">NULL</column>
            <column name="gazprom">NULL</column>
            <column name="alfabank">NULL</column>
            <column name="bankmoskvy">NULL</column>
            <column name="raiffeisen">NULL</column>
            <column name="uralsib">NULL</column>
            <column name="rshb">NULL</column>
        </table>
        <table name="bank">
            <column name="id">1279</column>
            <column name="twitid">494313304622650000</column>
            <column name="date">1406688450</column>
            <column name="name">I_Bolotova33</column>
            <column name="text">Вашингтон ввел во вторник санкции против ВТБ, Банка Москвы, Россельхозбанка и &quot;Объединенной судостроительной корпорации&quot;. Выступивший с экс</column>
            <column name="sberbank">NULL</column>
            <column name="vtb">-1</column>
            <column name="gazprom">NULL</column>
            <column name="alfabank">NULL</column>
            <column name="bankmoskvy">-1</column>
            <column name="raiffeisen">NULL</column>
            <column name="uralsib">NULL</column>
            <column name="rshb">-1</column>
        </table>
        <table name="bank">
            <column name="id">1280</column>
            <column name="twitid">494313333978580000</column>
            <column name="date">1406688457</column>
            <column name="name">abdousnaniching</column>
            <column name="text">http://t.co/Oynj8JQTu3 автокредит калькулятор банк москвы</column>
            <column name="sberbank">NULL</column>
            <column name="vtb">NULL</column>
            <column name="gazprom">NULL</column>
            <column name="alfabank">NULL</column>
            <column name="bankmoskvy">0</column>
            <column name="raiffeisen">NULL</column>
            <column name="uralsib">NULL</column>
            <column name="rshb">NULL</column>
        </table>
        <table name="bank">
            <column name="id">1281</column>
            <column name="twitid">494313345604800000</column>
            <column name="date">1406688460</column>
            <column name="name">abdousnaniching</column>
            <column name="text">http://t.co/jHktJfc0Xn автокредит калькулятор банк москвы</column>
            <column name="sberbank">NULL</column>
            <column name="vtb">NULL</column>
            <column name="gazprom">NULL</column>
            <column name="alfabank">NULL</column>
            <column name="bankmoskvy">0</column>
            <column name="raiffeisen">NULL</column>
            <column name="uralsib">NULL</column>
            <column name="rshb">NULL</column>
        </table>
        <table name="bank">
            <column name="id">1282</column>
            <column name="twitid">494313385883070000</column>
            <column name="date">1406688469</column>
            <column name="name">juwunoginegi</column>
            <column name="text">США объявили о санкциях против Россельхозбанка, Банка Москвы и ВТБ</column>
            <column name="sberbank">NULL</column>
            <column name="vtb">-1</column>
            <column name="gazprom">NULL</column>
            <column name="alfabank">NULL</column>
            <column name="bankmoskvy">-1</column>
            <column name="raiffeisen">NULL</column>
            <column name="uralsib">NULL</column>
            <column name="rshb">-1</column>
        </table>
        <table name="bank">
            <column name="id">1283</column>
            <column name="twitid">494313740435590000</column>
            <column name="date">1406688554</column>
            <column name="name">kondakov_a</column>
            <column name="text">США ввели санкции против Банка Москвы, ВТБ, Россельхозбанка и ОСК http://t.co/3UoqaPIw7p с помощью @rianru</column>
            <column name="sberbank">NULL</column>
            <column name="vtb">-1</column>
            <column name="gazprom">NULL</column>
            <column name="alfabank">NULL</column>
            <column name="bankmoskvy">-1</column>
            <column name="raiffeisen">NULL</column>
            <column name="uralsib">NULL</column>
            <column name="rshb">-1</column>
        </table>
        <table name="bank">
            <column name="id">1284</column>
            <column name="twitid">494313861773030000</column>
            <column name="date">1406688583</column>
            <column name="name">Corielmada</column>
            <column name="text">США ввели санкции против ВТБ, Россельхозбанка и «Банка Москвы»</column>
            <column name="sberbank">NULL</column>
            <column name="vtb">-1</column>
            <column name="gazprom">NULL</column>
            <column name="alfabank">NULL</column>
            <column name="bankmoskvy">-1</column>
            <column name="raiffeisen">NULL</column>
            <column name="uralsib">NULL</column>
            <column name="rshb">-1</column>
        </table>
        <table name="bank">
            <column name="id">1285</column>
            <column name="twitid">494313964462170000</column>
            <column name="date">1406688607</column>
            <column name="name">DDenisov37</column>
            <column name="text">США ввели санкции против ВТБ, Россельхозбанка, Банка Москвы и Объединенной судостроительной корпорации Перейти к источнику</column>
            <column name="sberbank">NULL</column>
            <column name="vtb">-1</column>
            <column name="gazprom">NULL</column>
            <column name="alfabank">NULL</column>
            <column name="bankmoskvy">-1</column>
            <column name="raiffeisen">NULL</column>
            <column name="uralsib">NULL</column>
            <column name="rshb">-1</column>
        </table>
        <table name="bank">
            <column name="id">1286</column>
            <column name="twitid">494314125372040000</column>
            <column name="date">1406688646</column>
            <column name="name">umyjoiwaq</column>
            <column name="text">http://t.co/SyamGqlsnp втб 24 кредит наличными отзыв</column>
            <column name="sberbank">NULL</column>
            <column name="vtb">0</column>
            <column name="gazprom">NULL</column>
            <column name="alfabank">NULL</column>
            <column name="bankmoskvy">NULL</column>
            <column name="raiffeisen">NULL</column>
            <column name="uralsib">NULL</column>
            <column name="rshb">NULL</column>
        </table>
        <table name="bank">
            <column name="id">1287</column>
            <column name="twitid">494314178841020000</column>
            <column name="date">1406688658</column>
            <column name="name">losslira87</column>
            <column name="text">RT @lar1sa060384: #Оформить Кредитную Карту Сбербанк Сыктывкар http://t.co/snEP9ze1xI</column>
            <column name="sberbank">0</column>
            <column name="vtb">NULL</column>
            <column name="gazprom">NULL</column>
            <column name="alfabank">NULL</column>
            <column name="bankmoskvy">NULL</column>
            <column name="raiffeisen">NULL</column>
            <column name="uralsib">NULL</column>
            <column name="rshb">NULL</column>
        </table>
        <table name="bank">
            <column name="id">1288</column>
            <column name="twitid">494314346051170000</column>
            <column name="date">1406688698</column>
            <column name="name">crisnalitosti</column>
            <column name="text">http://t.co/8n8TF04h1o кредиты втб 24 физическим лицам калькулятор</column>
            <column name="sberbank">NULL</column>
            <column name="vtb">0</column>
            <column name="gazprom">NULL</column>
            <column name="alfabank">NULL</column>
            <column name="bankmoskvy">NULL</column>
            <column name="raiffeisen">NULL</column>
            <column name="uralsib">NULL</column>
            <column name="rshb">NULL</column>
        </table>
        <table name="bank">
            <column name="id">1289</column>
            <column name="twitid">494314354817660000</column>
            <column name="date">1406688700</column>
            <column name="name">crisnalitosti</column>
            <column name="text">http://t.co/hCbxEUk4vo кредиты втб 24 физическим лицам калькулятор</column>
            <column name="sberbank">NULL</column>
            <column name="vtb">0</column>
            <column name="gazprom">NULL</column>
            <column name="alfabank">NULL</column>
            <column name="bankmoskvy">NULL</column>
            <column name="raiffeisen">NULL</column>
            <column name="uralsib">NULL</column>
            <column name="rshb">NULL</column>
        </table>
        <table name="bank">
            <column name="id">1290</column>
            <column name="twitid">494315233586840000</column>
            <column name="date">1406688910</column>
            <column name="name">ElectronTv</column>
            <column name="text">США ввели санкции против Банка Москвы, ВТБ и Россельхозбанка http://t.co/OFpQtb7fuv с помощью @RT_russian</column>
            <column name="sberbank">NULL</column>
            <column name="vtb">-1</column>
            <column name="gazprom">NULL</column>
            <column name="alfabank">NULL</column>
            <column name="bankmoskvy">-1</column>
            <column name="raiffeisen">NULL</column>
            <column name="uralsib">NULL</column>
            <column name="rshb">-1</column>
        </table>
        <table name="bank">
            <column name="id">1291</column>
            <column name="twitid">494315978755700000</column>
            <column name="date">1406689087</column>
            <column name="name">oleg75energetik</column>
            <column name="text">RT @Vinokurov12: &quot;США ввели санкции против Банка Москвы, ВТБ и Россельхозбанка&quot;</column>
            <column name="sberbank">NULL</column>
            <column name="vtb">-1</column>
            <column name="gazprom">NULL</column>
            <column name="alfabank">NULL</column>
            <column name="bankmoskvy">-1</column>
            <column name="raiffeisen">NULL</column>
            <column name="uralsib">NULL</column>
            <column name="rshb">-1</column>
        </table>
        <table name="bank">
            <column name="id">1292</column>
            <column name="twitid">494316115862900000</column>
            <column name="date">1406689120</column>
            <column name="name">trantegambbahgk</column>
            <column name="text">http://t.co/wRQzp8XXAO центр ипотечного кредитования сбербанк в москве</column>
            <column name="sberbank">0</column>
            <column name="vtb">NULL</column>
            <column name="gazprom">NULL</column>
            <column name="alfabank">NULL</column>
            <column name="bankmoskvy">NULL</column>
            <column name="raiffeisen">NULL</column>
            <column name="uralsib">NULL</column>
            <column name="rshb">NULL</column>
        </table>
        <table name="bank">
            <column name="id">1293</column>
            <column name="twitid">494316375423610000</column>
            <column name="date">1406689182</column>
            <column name="name">Valpust</column>
            <column name="text">RT @anti_maydan: США ввели санкции против Банка Москвы, ВТБ и Россельхозбанка
https://t.co/Gw6U94FpI8</column>
            <column name="sberbank">NULL</column>
            <column name="vtb">-1</column>
            <column name="gazprom">NULL</column>
            <column name="alfabank">NULL</column>
            <column name="bankmoskvy">-1</column>
            <column name="raiffeisen">NULL</column>
            <column name="uralsib">NULL</column>
            <column name="rshb">-1</column>
        </table>
        <table name="bank">
            <column name="id">1294</column>
            <column name="twitid">494316639480200000</column>
            <column name="date">1406689245</column>
            <column name="name">AlexandreCalilx</column>
            <column name="text">райффайзен банк омск кредитная карта http://t.co/rReKll4oEZ</column>
            <column name="sberbank">NULL</column>
            <column name="vtb">NULL</column>
            <column name="gazprom">NULL</column>
            <column name="alfabank">NULL</column>
            <column name="bankmoskvy">NULL</column>
            <column name="raiffeisen">0</column>
            <column name="uralsib">NULL</column>
            <column name="rshb">NULL</column>
        </table>
        <table name="bank">
            <column name="id">1295</column>
            <column name="twitid">494317800383850000</column>
            <column name="date">1406689522</column>
            <column name="name">tyumin_ru</column>
            <column name="text">США расширили черный список: ВТБ, &quot;Банк Москвы&quot;, &quot;Россельхозбанк&quot; и ОСК http://t.co/drmK57o00o</column>
            <column name="sberbank">NULL</column>
            <column name="vtb">-1</column>
            <column name="gazprom">NULL</column>
            <column name="alfabank">NULL</column>
            <column name="bankmoskvy">-1</column>
            <column name="raiffeisen">NULL</column>
            <column name="uralsib">NULL</column>
            <column name="rshb">-1</column>
        </table>
        <table name="bank">
            <column name="id">1296</column>
            <column name="twitid">494318118194270000</column>
            <column name="date">1406689598</column>
            <column name="name">forciritanip</column>
            <column name="text">http://t.co/9TNWzJk3m4 условия кредита в россельхозбанке</column>
            <column name="sberbank">NULL</column>
            <column name="vtb">NULL</column>
            <column name="gazprom">NULL</column>
            <column name="alfabank">NULL</column>
            <column name="bankmoskvy">NULL</column>
            <column name="raiffeisen">NULL</column>
            <column name="uralsib">NULL</column>
            <column name="rshb">0</column>
        </table>
        <table name="bank">
            <column name="id">1297</column>
            <column name="twitid">494318123315900000</column>
            <column name="date">1406689599</column>
            <column name="name">vypbistipo</column>
            <column name="text">http://t.co/amTKKAnaOp Сбербанк оформить кредит г саранск</column>
            <column name="sberbank">0</column>
            <column name="vtb">NULL</column>
            <column name="gazprom">NULL</column>
            <column name="alfabank">NULL</column>
            <column name="bankmoskvy">NULL</column>
            <column name="raiffeisen">NULL</column>
            <column name="uralsib">NULL</column>
            <column name="rshb">NULL</column>
        </table>
        <table name="bank">
            <column name="id">1298</column>
            <column name="twitid">494318167561240000</column>
            <column name="date">1406689609</column>
            <column name="name">MaltiBoger</column>
            <column name="text">http://t.co/qFbpkRcmTZ условия кредита в россельхозбанке</column>
            <column name="sberbank">NULL</column>
            <column name="vtb">NULL</column>
            <column name="gazprom">NULL</column>
            <column name="alfabank">NULL</column>
            <column name="bankmoskvy">NULL</column>
            <column name="raiffeisen">NULL</column>
            <column name="uralsib">NULL</column>
            <column name="rshb">0</column>
        </table>
        <table name="bank">
            <column name="id">1299</column>
            <column name="twitid">494319765532740000</column>
            <column name="date">1406689990</column>
            <column name="name">zotfambo</column>
            <column name="text">http://t.co/yfqCAv48QJ Можно ли взять кредит второй раз в альфа банке</column>
            <column name="sberbank">NULL</column>
            <column name="vtb">NULL</column>
            <column name="gazprom">NULL</column>
            <column name="alfabank">0</column>
            <column name="bankmoskvy">NULL</column>
            <column name="raiffeisen">NULL</column>
            <column name="uralsib">NULL</column>
            <column name="rshb">NULL</column>
        </table>
        <table name="bank">
            <column name="id">1300</column>
            <column name="twitid">494319991848580000</column>
            <column name="date">1406690044</column>
            <column name="name">NolaLovelady</column>
            <column name="text">Дальневосточный Сбербанк способствует развитию птицеводства в Магаданской области</column>
            <column name="sberbank">1</column>
            <column name="vtb">NULL</column>
            <column name="gazprom">NULL</column>
            <column name="alfabank">NULL</column>
            <column name="bankmoskvy">NULL</column>
            <column name="raiffeisen">NULL</column>
            <column name="uralsib">NULL</column>
            <column name="rshb">NULL</column>
        </table>
    </database>
</pma_xml_export>