<?xml version="1.0" encoding="utf-8"?>
<!--
- phpMyAdmin XML Dump
- version 4.0.4.1
- http://www.phpmyadmin.net
-
- Хост: localhost
- Время создания: Окт 28 2014 г., 09:04
- Версия сервера: 5.6.12
- Версия PHP: 5.5.3
-->

<pma_xml_export version="1.0" xmlns:pma="http://www.phpmyadmin.net/some_doc_url/">
    <!--
    - Structure schemas
    -->
    <pma:structure_schemas>
        <pma:database name="Romip" collation="utf8_general_ci" charset="utf8">
            <pma:table name="bank">
                CREATE TABLE `bank` (
                  `id` int(11) NOT NULL AUTO_INCREMENT,
                  `twitid` bigint(32) NOT NULL DEFAULT '0',
                  `date` varchar(128) DEFAULT NULL,
                  `name` varchar(128) DEFAULT NULL,
                  `text` varchar(256) DEFAULT NULL,
                  `sberbank` int(11) DEFAULT NULL,
                  `vtb` int(11) DEFAULT NULL,
                  `gazprom` int(11) DEFAULT NULL,
                  `alfabank` int(11) DEFAULT NULL,
                  `bankmoskvy` int(11) DEFAULT NULL,
                  `raiffeisen` int(11) DEFAULT NULL,
                  `uralsib` int(11) DEFAULT NULL,
                  `rshb` int(11) DEFAULT NULL,
                  PRIMARY KEY (`id`),
                  UNIQUE KEY `id` (`twitid`)
                ) ENGINE=InnoDB AUTO_INCREMENT=7924 DEFAULT CHARSET=utf8;
            </pma:table>
        </pma:database>
    </pma:structure_schemas>

    <!--
    - База данных: 'Romip'
    -->
    <database name="Romip">
        <!-- Таблица bank -->
        <table name="bank">
            <column name="id">4101</column>
            <column name="twitid">498143350042920000</column>
            <column name="date">1407601604</column>
            <column name="name">rolandeomcclana</column>
            <column name="text">Деньги в кредит наличными сбербанк http://t.co/fFXJY2kLov</column>
            <column name="sberbank">0</column>
            <column name="vtb">NULL</column>
            <column name="gazprom">NULL</column>
            <column name="alfabank">NULL</column>
            <column name="bankmoskvy">NULL</column>
            <column name="raiffeisen">NULL</column>
            <column name="uralsib">NULL</column>
            <column name="rshb">NULL</column>
        </table>
        <table name="bank">
            <column name="id">4102</column>
            <column name="twitid">498143728146860000</column>
            <column name="date">1407601694</column>
            <column name="name">ubblecin</column>
            <column name="text">помощь получение кредита сбербанк http://t.co/BMkpJGU7EO</column>
            <column name="sberbank">0</column>
            <column name="vtb">NULL</column>
            <column name="gazprom">NULL</column>
            <column name="alfabank">NULL</column>
            <column name="bankmoskvy">NULL</column>
            <column name="raiffeisen">NULL</column>
            <column name="uralsib">NULL</column>
            <column name="rshb">NULL</column>
        </table>
        <table name="bank">
            <column name="id">4103</column>
            <column name="twitid">498145144252960000</column>
            <column name="date">1407602032</column>
            <column name="name">u_kolesnikov</column>
            <column name="text">Не связывайтесь со @sberbank Подозрение в мошенничестве. В понедельник ввожу санкции.</column>
            <column name="sberbank">-1</column>
            <column name="vtb">NULL</column>
            <column name="gazprom">NULL</column>
            <column name="alfabank">NULL</column>
            <column name="bankmoskvy">NULL</column>
            <column name="raiffeisen">NULL</column>
            <column name="uralsib">NULL</column>
            <column name="rshb">NULL</column>
        </table>
        <table name="bank">
            <column name="id">4104</column>
            <column name="twitid">498146082913020000</column>
            <column name="date">1407602255</column>
            <column name="name">RAntonov35</column>
            <column name="text">Держитесь, когда-нибудь будете со смехом рассказывать эту историю, станет семейной легендой. Обязательно что-то переведу на сбер на след.</column>
            <column name="sberbank">--</column>
            <column name="vtb">NULL</column>
            <column name="gazprom">NULL</column>
            <column name="alfabank">NULL</column>
            <column name="bankmoskvy">NULL</column>
            <column name="raiffeisen">NULL</column>
            <column name="uralsib">NULL</column>
            <column name="rshb">NULL</column>
        </table>
        <table name="bank">
            <column name="id">4105</column>
            <column name="twitid">498147258995850000</column>
            <column name="date">1407602536</column>
            <column name="name">qeduwovoraj</column>
            <column name="text">Кредит на недвижимость в альфа банк http://t.co/omvLNCQZjR</column>
            <column name="sberbank">NULL</column>
            <column name="vtb">NULL</column>
            <column name="gazprom">NULL</column>
            <column name="alfabank">0</column>
            <column name="bankmoskvy">NULL</column>
            <column name="raiffeisen">NULL</column>
            <column name="uralsib">NULL</column>
            <column name="rshb">NULL</column>
        </table>
        <table name="bank">
            <column name="id">4106</column>
            <column name="twitid">498147314939460000</column>
            <column name="date">1407602549</column>
            <column name="name">bujequqy</column>
            <column name="text">Кредиты расчет формула сбербанк россии http://t.co/gvCSyT4khu</column>
            <column name="sberbank">0</column>
            <column name="vtb">NULL</column>
            <column name="gazprom">NULL</column>
            <column name="alfabank">NULL</column>
            <column name="bankmoskvy">NULL</column>
            <column name="raiffeisen">NULL</column>
            <column name="uralsib">NULL</column>
            <column name="rshb">NULL</column>
        </table>
        <table name="bank">
            <column name="id">4107</column>
            <column name="twitid">498153803984550000</column>
            <column name="date">1407604096</column>
            <column name="name">MbI_CAMAPCKIE</column>
            <column name="text">Поволжский Сбербанк проведет семинар по брокерскому обслуживанию - АиФ Самара http://t.co/6pjaP9R5W0 #vk</column>
            <column name="sberbank">0</column>
            <column name="vtb">NULL</column>
            <column name="gazprom">NULL</column>
            <column name="alfabank">NULL</column>
            <column name="bankmoskvy">NULL</column>
            <column name="raiffeisen">NULL</column>
            <column name="uralsib">NULL</column>
            <column name="rshb">NULL</column>
        </table>
        <table name="bank">
            <column name="id">4108</column>
            <column name="twitid">498157554607060000</column>
            <column name="date">1407604991</column>
            <column name="name">EvilInCookie</column>
            <column name="text">Донецк сегодня. Паломничество в Сбербанк России. http://t.co/kkqS827gkw</column>
            <column name="sberbank">0</column>
            <column name="vtb">NULL</column>
            <column name="gazprom">NULL</column>
            <column name="alfabank">NULL</column>
            <column name="bankmoskvy">NULL</column>
            <column name="raiffeisen">NULL</column>
            <column name="uralsib">NULL</column>
            <column name="rshb">NULL</column>
        </table>
        <table name="bank">
            <column name="id">4109</column>
            <column name="twitid">498161048453530000</column>
            <column name="date">1407605824</column>
            <column name="name">wohizofokid</column>
            <column name="text">RT @sjm9095: @hikarukaruuu сбербанк онлайн
я проверила ;(</column>
            <column name="sberbank">0</column>
            <column name="vtb">NULL</column>
            <column name="gazprom">NULL</column>
            <column name="alfabank">NULL</column>
            <column name="bankmoskvy">NULL</column>
            <column name="raiffeisen">NULL</column>
            <column name="uralsib">NULL</column>
            <column name="rshb">NULL</column>
        </table>
        <table name="bank">
            <column name="id">4110</column>
            <column name="twitid">498163444441700000</column>
            <column name="date">1407606395</column>
            <column name="name">epfstapa</column>
            <column name="text">райффайзенбанк потребительский кредит нижний новгород http://t.co/YTreyE69DX</column>
            <column name="sberbank">NULL</column>
            <column name="vtb">NULL</column>
            <column name="gazprom">NULL</column>
            <column name="alfabank">NULL</column>
            <column name="bankmoskvy">NULL</column>
            <column name="raiffeisen">0</column>
            <column name="uralsib">NULL</column>
            <column name="rshb">NULL</column>
        </table>
        <table name="bank">
            <column name="id">4111</column>
            <column name="twitid">498163813133610000</column>
            <column name="date">1407606483</column>
            <column name="name">kekezevoxeny</column>
            <column name="text">RT @estonDahl: альфа банк квартира в кредит http://t.co/zewOBihk3D</column>
            <column name="sberbank">NULL</column>
            <column name="vtb">NULL</column>
            <column name="gazprom">NULL</column>
            <column name="alfabank">0</column>
            <column name="bankmoskvy">NULL</column>
            <column name="raiffeisen">NULL</column>
            <column name="uralsib">NULL</column>
            <column name="rshb">NULL</column>
        </table>
        <table name="bank">
            <column name="id">4112</column>
            <column name="twitid">498170255794260000</column>
            <column name="date">1407608019</column>
            <column name="name">BrebanYard</column>
            <column name="text">http://t.co/oaYZppe8pR Банк москвывзять кредит по интернету</column>
            <column name="sberbank">NULL</column>
            <column name="vtb">NULL</column>
            <column name="gazprom">NULL</column>
            <column name="alfabank">NULL</column>
            <column name="bankmoskvy">0</column>
            <column name="raiffeisen">NULL</column>
            <column name="uralsib">NULL</column>
            <column name="rshb">NULL</column>
        </table>
        <table name="bank">
            <column name="id">4113</column>
            <column name="twitid">498171305867630000</column>
            <column name="date">1407608269</column>
            <column name="name">IDanilova30</column>
            <column name="text">#фолловинг Сложили бы в сбер и не парились) а киви наверное и комиссию берет?</column>
            <column name="sberbank">1</column>
            <column name="vtb">NULL</column>
            <column name="gazprom">NULL</column>
            <column name="alfabank">NULL</column>
            <column name="bankmoskvy">NULL</column>
            <column name="raiffeisen">NULL</column>
            <column name="uralsib">NULL</column>
            <column name="rshb">NULL</column>
        </table>
        <table name="bank">
            <column name="id">4114</column>
            <column name="twitid">498174089488790000</column>
            <column name="date">1407608933</column>
            <column name="name">axdrumylga</column>
            <column name="text">проценты по ипотечному кредитованию сбербанк http://t.co/UmlZPwU44q</column>
            <column name="sberbank">0</column>
            <column name="vtb">NULL</column>
            <column name="gazprom">NULL</column>
            <column name="alfabank">NULL</column>
            <column name="bankmoskvy">NULL</column>
            <column name="raiffeisen">NULL</column>
            <column name="uralsib">NULL</column>
            <column name="rshb">NULL</column>
        </table>
        <table name="bank">
            <column name="id">4115</column>
            <column name="twitid">498174409170260000</column>
            <column name="date">1407609009</column>
            <column name="name">JeannetteNarasi</column>
            <column name="text">Первый банк москвы как взять кредит какие нужны документы http://t.co/navHUCQVtB</column>
            <column name="sberbank">NULL</column>
            <column name="vtb">NULL</column>
            <column name="gazprom">NULL</column>
            <column name="alfabank">NULL</column>
            <column name="bankmoskvy">0</column>
            <column name="raiffeisen">NULL</column>
            <column name="uralsib">NULL</column>
            <column name="rshb">NULL</column>
        </table>
        <table name="bank">
            <column name="id">4116</column>
            <column name="twitid">498175767319410000</column>
            <column name="date">1407609333</column>
            <column name="name">ruzohozyxoje</column>
            <column name="text">RT @gyjabonycyb: втб 24 таганрог ипотека http://t.co/vU0kbMm3bf</column>
            <column name="sberbank">NULL</column>
            <column name="vtb">0</column>
            <column name="gazprom">NULL</column>
            <column name="alfabank">NULL</column>
            <column name="bankmoskvy">NULL</column>
            <column name="raiffeisen">NULL</column>
            <column name="uralsib">NULL</column>
            <column name="rshb">NULL</column>
        </table>
        <table name="bank">
            <column name="id">4117</column>
            <column name="twitid">498179668089270000</column>
            <column name="date">1407610263</column>
            <column name="name">VBukin35</column>
            <column name="text">Не хотите рисковать - кладите деньги в Сбер или ВТБ под минимальный %. В ином случае рискуете на свой страх и риск.</column>
            <column name="sberbank">1</column>
            <column name="vtb">1</column>
            <column name="gazprom">NULL</column>
            <column name="alfabank">NULL</column>
            <column name="bankmoskvy">NULL</column>
            <column name="raiffeisen">NULL</column>
            <column name="uralsib">NULL</column>
            <column name="rshb">NULL</column>
        </table>
        <table name="bank">
            <column name="id">4118</column>
            <column name="twitid">498180583005380000</column>
            <column name="date">1407610481</column>
            <column name="name">shauntaudcswart</column>
            <column name="text">условия выдачи кредита втб 24 http://t.co/jbqOq4rRZ0</column>
            <column name="sberbank">NULL</column>
            <column name="vtb">0</column>
            <column name="gazprom">NULL</column>
            <column name="alfabank">NULL</column>
            <column name="bankmoskvy">NULL</column>
            <column name="raiffeisen">NULL</column>
            <column name="uralsib">NULL</column>
            <column name="rshb">NULL</column>
        </table>
        <table name="bank">
            <column name="id">4119</column>
            <column name="twitid">498182232247650000</column>
            <column name="date">1407610874</column>
            <column name="name">tigageci</column>
            <column name="text">Калькулятор расчета кредита сбербанк http://t.co/9rRV4XsGeM</column>
            <column name="sberbank">0</column>
            <column name="vtb">NULL</column>
            <column name="gazprom">NULL</column>
            <column name="alfabank">NULL</column>
            <column name="bankmoskvy">NULL</column>
            <column name="raiffeisen">NULL</column>
            <column name="uralsib">NULL</column>
            <column name="rshb">NULL</column>
        </table>
        <table name="bank">
            <column name="id">4120</column>
            <column name="twitid">498183224917770000</column>
            <column name="date">1407611111</column>
            <column name="name">beDarbonne</column>
            <column name="text">http://t.co/2r4YEoFL7A Как взять кредит в банке сбербанк г салават</column>
            <column name="sberbank">0</column>
            <column name="vtb">NULL</column>
            <column name="gazprom">NULL</column>
            <column name="alfabank">NULL</column>
            <column name="bankmoskvy">NULL</column>
            <column name="raiffeisen">NULL</column>
            <column name="uralsib">NULL</column>
            <column name="rshb">NULL</column>
        </table>
        <table name="bank">
            <column name="id">4121</column>
            <column name="twitid">498183401224950000</column>
            <column name="date">1407611153</column>
            <column name="name">KzTlek</column>
            <column name="text">Банк Москвы распродает свои заграничные филиалы » Банкоголик - Новости банков http://t.co/KMP3owzzKd</column>
            <column name="sberbank">NULL</column>
            <column name="vtb">NULL</column>
            <column name="gazprom">NULL</column>
            <column name="alfabank">NULL</column>
            <column name="bankmoskvy">0</column>
            <column name="raiffeisen">NULL</column>
            <column name="uralsib">NULL</column>
            <column name="rshb">NULL</column>
        </table>
        <table name="bank">
            <column name="id">4122</column>
            <column name="twitid">498186097776930000</column>
            <column name="date">1407611796</column>
            <column name="name">tacepigip</column>
            <column name="text">Череповец кредитная карта втб 24 http://t.co/pshsZpFgM7</column>
            <column name="sberbank">NULL</column>
            <column name="vtb">0</column>
            <column name="gazprom">NULL</column>
            <column name="alfabank">NULL</column>
            <column name="bankmoskvy">NULL</column>
            <column name="raiffeisen">NULL</column>
            <column name="uralsib">NULL</column>
            <column name="rshb">NULL</column>
        </table>
        <table name="bank">
            <column name="id">4123</column>
            <column name="twitid">498191210348310000</column>
            <column name="date">1407613015</column>
            <column name="name">mywobesuve</column>
            <column name="text">Потеря кредитной карты сбербанк http://t.co/FY3e3NxIj8</column>
            <column name="sberbank">0</column>
            <column name="vtb">NULL</column>
            <column name="gazprom">NULL</column>
            <column name="alfabank">NULL</column>
            <column name="bankmoskvy">NULL</column>
            <column name="raiffeisen">NULL</column>
            <column name="uralsib">NULL</column>
            <column name="rshb">NULL</column>
        </table>
        <table name="bank">
            <column name="id">4124</column>
            <column name="twitid">498191550560870000</column>
            <column name="date">1407613096</column>
            <column name="name">ormilale</column>
            <column name="text">автомобиль в кредит альфа банк http://t.co/ga1tM5LAFY</column>
            <column name="sberbank">NULL</column>
            <column name="vtb">NULL</column>
            <column name="gazprom">NULL</column>
            <column name="alfabank">0</column>
            <column name="bankmoskvy">NULL</column>
            <column name="raiffeisen">NULL</column>
            <column name="uralsib">NULL</column>
            <column name="rshb">NULL</column>
        </table>
        <table name="bank">
            <column name="id">4125</column>
            <column name="twitid">498192382077440000</column>
            <column name="date">1407613294</column>
            <column name="name">ctyosaylatan</column>
            <column name="text">RT @yihcsusye: Сбербанк России - 170 лет на рынке очередей!</column>
            <column name="sberbank">-1</column>
            <column name="vtb">NULL</column>
            <column name="gazprom">NULL</column>
            <column name="alfabank">NULL</column>
            <column name="bankmoskvy">NULL</column>
            <column name="raiffeisen">NULL</column>
            <column name="uralsib">NULL</column>
            <column name="rshb">NULL</column>
        </table>
        <table name="bank">
            <column name="id">4126</column>
            <column name="twitid">498193131616350000</column>
            <column name="date">1407613473</column>
            <column name="name">shebapvbaylor</column>
            <column name="text">кредитная карта виза сбербанк россии http://t.co/NLpp8BnnYg</column>
            <column name="sberbank">0</column>
            <column name="vtb">NULL</column>
            <column name="gazprom">NULL</column>
            <column name="alfabank">NULL</column>
            <column name="bankmoskvy">NULL</column>
            <column name="raiffeisen">NULL</column>
            <column name="uralsib">NULL</column>
            <column name="rshb">NULL</column>
        </table>
        <table name="bank">
            <column name="id">4127</column>
            <column name="twitid">498194163192840000</column>
            <column name="date">1407613719</column>
            <column name="name">punatywenyf</column>
            <column name="text">Калькулятор кредит банк втб 24 http://t.co/w6pLzT0RDY</column>
            <column name="sberbank">NULL</column>
            <column name="vtb">0</column>
            <column name="gazprom">NULL</column>
            <column name="alfabank">NULL</column>
            <column name="bankmoskvy">NULL</column>
            <column name="raiffeisen">NULL</column>
            <column name="uralsib">NULL</column>
            <column name="rshb">NULL</column>
        </table>
        <table name="bank">
            <column name="id">4128</column>
            <column name="twitid">498195575213660000</column>
            <column name="date">1407614055</column>
            <column name="name">sacimoci</column>
            <column name="text">Потребительский кредит сбербанк акция http://t.co/qPlWMUimiU</column>
            <column name="sberbank">0</column>
            <column name="vtb">NULL</column>
            <column name="gazprom">NULL</column>
            <column name="alfabank">NULL</column>
            <column name="bankmoskvy">NULL</column>
            <column name="raiffeisen">NULL</column>
            <column name="uralsib">NULL</column>
            <column name="rshb">NULL</column>
        </table>
        <table name="bank">
            <column name="id">4129</column>
            <column name="twitid">498198316552040000</column>
            <column name="date">1407614709</column>
            <column name="name">priapulipieuu40</column>
            <column name="text">потребительский кредит калькулятор банк втб http://t.co/OTWDT5BHi3</column>
            <column name="sberbank">NULL</column>
            <column name="vtb">0</column>
            <column name="gazprom">NULL</column>
            <column name="alfabank">NULL</column>
            <column name="bankmoskvy">NULL</column>
            <column name="raiffeisen">NULL</column>
            <column name="uralsib">NULL</column>
            <column name="rshb">NULL</column>
        </table>
        <table name="bank">
            <column name="id">4130</column>
            <column name="twitid">498201176564070000</column>
            <column name="date">1407615391</column>
            <column name="name">i94611osam</column>
            <column name="text">изменение кредитной ставки сбербанк http://t.co/ETsTMzfOvS</column>
            <column name="sberbank">0</column>
            <column name="vtb">NULL</column>
            <column name="gazprom">NULL</column>
            <column name="alfabank">NULL</column>
            <column name="bankmoskvy">NULL</column>
            <column name="raiffeisen">NULL</column>
            <column name="uralsib">NULL</column>
            <column name="rshb">NULL</column>
        </table>
        <table name="bank">
            <column name="id">4131</column>
            <column name="twitid">498201615656970000</column>
            <column name="date">1407615496</column>
            <column name="name">LisaSmi99975304</column>
            <column name="text">RT @JasonTroublefi3: Сбербанк начал выпуск карт на базе российской платежной системы ПРО100</column>
            <column name="sberbank">0</column>
            <column name="vtb">NULL</column>
            <column name="gazprom">NULL</column>
            <column name="alfabank">NULL</column>
            <column name="bankmoskvy">NULL</column>
            <column name="raiffeisen">NULL</column>
            <column name="uralsib">NULL</column>
            <column name="rshb">NULL</column>
        </table>
        <table name="bank">
            <column name="id">4132</column>
            <column name="twitid">498204252838570000</column>
            <column name="date">1407616124</column>
            <column name="name">juhytyjeqid</column>
            <column name="text">Иппотечный кредит банк уралсиб http://t.co/zGPfDJwk8k</column>
            <column name="sberbank">NULL</column>
            <column name="vtb">NULL</column>
            <column name="gazprom">NULL</column>
            <column name="alfabank">NULL</column>
            <column name="bankmoskvy">NULL</column>
            <column name="raiffeisen">NULL</column>
            <column name="uralsib">0</column>
            <column name="rshb">NULL</column>
        </table>
        <table name="bank">
            <column name="id">4133</column>
            <column name="twitid">498206663158280000</column>
            <column name="date">1407616699</column>
            <column name="name">alexandramrmart</column>
            <column name="text">кредиты на отечественные автомобили сбербанк http://t.co/Oofgnx9iAt</column>
            <column name="sberbank">0</column>
            <column name="vtb">NULL</column>
            <column name="gazprom">NULL</column>
            <column name="alfabank">NULL</column>
            <column name="bankmoskvy">NULL</column>
            <column name="raiffeisen">NULL</column>
            <column name="uralsib">NULL</column>
            <column name="rshb">NULL</column>
        </table>
        <table name="bank">
            <column name="id">4134</column>
            <column name="twitid">498206802862170000</column>
            <column name="date">1407616732</column>
            <column name="name">lorenaemewhitac</column>
            <column name="text">банк москвы екатеринбург кредит http://t.co/TDuDBssKEA</column>
            <column name="sberbank">NULL</column>
            <column name="vtb">NULL</column>
            <column name="gazprom">NULL</column>
            <column name="alfabank">NULL</column>
            <column name="bankmoskvy">0</column>
            <column name="raiffeisen">NULL</column>
            <column name="uralsib">NULL</column>
            <column name="rshb">NULL</column>
        </table>
        <table name="bank">
            <column name="id">4135</column>
            <column name="twitid">498209198753480000</column>
            <column name="date">1407617303</column>
            <column name="name">garrettnkhaudry</column>
            <column name="text">кредит юридическим лицам сбербанк http://t.co/yysTA7kTp6</column>
            <column name="sberbank">0</column>
            <column name="vtb">NULL</column>
            <column name="gazprom">NULL</column>
            <column name="alfabank">NULL</column>
            <column name="bankmoskvy">NULL</column>
            <column name="raiffeisen">NULL</column>
            <column name="uralsib">NULL</column>
            <column name="rshb">NULL</column>
        </table>
        <table name="bank">
            <column name="id">4136</column>
            <column name="twitid">498209864104310000</column>
            <column name="date">1407617462</column>
            <column name="name">BrebanYard</column>
            <column name="text">http://t.co/Yry6mTzZjy Как оформить кредит в сбер банк россиии</column>
            <column name="sberbank">0</column>
            <column name="vtb">NULL</column>
            <column name="gazprom">NULL</column>
            <column name="alfabank">NULL</column>
            <column name="bankmoskvy">NULL</column>
            <column name="raiffeisen">NULL</column>
            <column name="uralsib">NULL</column>
            <column name="rshb">NULL</column>
        </table>
        <table name="bank">
            <column name="id">4137</column>
            <column name="twitid">498212306560770000</column>
            <column name="date">1407618044</column>
            <column name="name">dybiruqici</column>
            <column name="text">сайт сбербанк кредитный калькулятор http://t.co/dasMKfdgUQ</column>
            <column name="sberbank">0</column>
            <column name="vtb">NULL</column>
            <column name="gazprom">NULL</column>
            <column name="alfabank">NULL</column>
            <column name="bankmoskvy">NULL</column>
            <column name="raiffeisen">NULL</column>
            <column name="uralsib">NULL</column>
            <column name="rshb">NULL</column>
        </table>
        <table name="bank">
            <column name="id">4138</column>
            <column name="twitid">498214686001610000</column>
            <column name="date">1407618612</column>
            <column name="name">MbI_CAMAPCKIE</column>
            <column name="text">Поволжский Сбербанк проведет семинар по брокерскому обслуживанию - АиФ Самара http://t.co/eNnWnTk4VX #vk</column>
            <column name="sberbank">0</column>
            <column name="vtb">NULL</column>
            <column name="gazprom">NULL</column>
            <column name="alfabank">NULL</column>
            <column name="bankmoskvy">NULL</column>
            <column name="raiffeisen">NULL</column>
            <column name="uralsib">NULL</column>
            <column name="rshb">NULL</column>
        </table>
        <table name="bank">
            <column name="id">4139</column>
            <column name="twitid">498216316160200000</column>
            <column name="date">1407619000</column>
            <column name="name">hisjjrofsa</column>
            <column name="text">Кредит неотложные нужды сбербанк россии http://t.co/vXTxpW6dE5</column>
            <column name="sberbank">0</column>
            <column name="vtb">NULL</column>
            <column name="gazprom">NULL</column>
            <column name="alfabank">NULL</column>
            <column name="bankmoskvy">NULL</column>
            <column name="raiffeisen">NULL</column>
            <column name="uralsib">NULL</column>
            <column name="rshb">NULL</column>
        </table>
        <table name="bank">
            <column name="id">4140</column>
            <column name="twitid">498216317582050000</column>
            <column name="date">1407619001</column>
            <column name="name">eldemoni1</column>
            <column name="text">Расчёт кредита сбербанк россии http://t.co/mJfL6fl2Mp</column>
            <column name="sberbank">0</column>
            <column name="vtb">NULL</column>
            <column name="gazprom">NULL</column>
            <column name="alfabank">NULL</column>
            <column name="bankmoskvy">NULL</column>
            <column name="raiffeisen">NULL</column>
            <column name="uralsib">NULL</column>
            <column name="rshb">NULL</column>
        </table>
        <table name="bank">
            <column name="id">4141</column>
            <column name="twitid">498217740495510000</column>
            <column name="date">1407619340</column>
            <column name="name">fantasy050484</column>
            <column name="text">Калькулятор кредитной карты сбербанк http://t.co/fQ7NscGiZy</column>
            <column name="sberbank">0</column>
            <column name="vtb">NULL</column>
            <column name="gazprom">NULL</column>
            <column name="alfabank">NULL</column>
            <column name="bankmoskvy">NULL</column>
            <column name="raiffeisen">NULL</column>
            <column name="uralsib">NULL</column>
            <column name="rshb">NULL</column>
        </table>
        <table name="bank">
            <column name="id">4142</column>
            <column name="twitid">498217792236440000</column>
            <column name="date">1407619352</column>
            <column name="name">kahowigiq</column>
            <column name="text">россельхозбанк документы для оформления кредита http://t.co/joV4xzk3JS</column>
            <column name="sberbank">NULL</column>
            <column name="vtb">NULL</column>
            <column name="gazprom">NULL</column>
            <column name="alfabank">NULL</column>
            <column name="bankmoskvy">NULL</column>
            <column name="raiffeisen">NULL</column>
            <column name="uralsib">NULL</column>
            <column name="rshb">0</column>
        </table>
        <table name="bank">
            <column name="id">4143</column>
            <column name="twitid">498217868564370000</column>
            <column name="date">1407619370</column>
            <column name="name">dohozafisud</column>
            <column name="text">потребительский кредит сбербанк санкт петербурга http://t.co/daJdRkemYA</column>
            <column name="sberbank">0</column>
            <column name="vtb">NULL</column>
            <column name="gazprom">NULL</column>
            <column name="alfabank">NULL</column>
            <column name="bankmoskvy">NULL</column>
            <column name="raiffeisen">NULL</column>
            <column name="uralsib">NULL</column>
            <column name="rshb">NULL</column>
        </table>
        <table name="bank">
            <column name="id">4144</column>
            <column name="twitid">498219260817470000</column>
            <column name="date">1407619702</column>
            <column name="name">jevopomofa</column>
            <column name="text">Банк москвы программы кредитования http://t.co/BAaFEmoii6</column>
            <column name="sberbank">NULL</column>
            <column name="vtb">NULL</column>
            <column name="gazprom">NULL</column>
            <column name="alfabank">NULL</column>
            <column name="bankmoskvy">0</column>
            <column name="raiffeisen">NULL</column>
            <column name="uralsib">NULL</column>
            <column name="rshb">NULL</column>
        </table>
        <table name="bank">
            <column name="id">4145</column>
            <column name="twitid">498221846303870000</column>
            <column name="date">1407620319</column>
            <column name="name">lorenaemewhitac</column>
            <column name="text">кредитная карта виза альфа банка http://t.co/Sc2jfiM0sw</column>
            <column name="sberbank">NULL</column>
            <column name="vtb">NULL</column>
            <column name="gazprom">NULL</column>
            <column name="alfabank">0</column>
            <column name="bankmoskvy">NULL</column>
            <column name="raiffeisen">NULL</column>
            <column name="uralsib">NULL</column>
            <column name="rshb">NULL</column>
        </table>
        <table name="bank">
            <column name="id">4146</column>
            <column name="twitid">498223310996790000</column>
            <column name="date">1407620668</column>
            <column name="name">kaxulimaxur</column>
            <column name="text">потребительский кредит банк втб 24 краснодар http://t.co/o6VfJrz5jU</column>
            <column name="sberbank">NULL</column>
            <column name="vtb">0</column>
            <column name="gazprom">NULL</column>
            <column name="alfabank">NULL</column>
            <column name="bankmoskvy">NULL</column>
            <column name="raiffeisen">NULL</column>
            <column name="uralsib">NULL</column>
            <column name="rshb">NULL</column>
        </table>
        <table name="bank">
            <column name="id">4147</column>
            <column name="twitid">498223313983130000</column>
            <column name="date">1407620669</column>
            <column name="name">mycivodiwyh</column>
            <column name="text">Перекредитование малый бизнес сбербанк http://t.co/zEPmecWHmA</column>
            <column name="sberbank">0</column>
            <column name="vtb">NULL</column>
            <column name="gazprom">NULL</column>
            <column name="alfabank">NULL</column>
            <column name="bankmoskvy">NULL</column>
            <column name="raiffeisen">NULL</column>
            <column name="uralsib">NULL</column>
            <column name="rshb">NULL</column>
        </table>
        <table name="bank">
            <column name="id">4148</column>
            <column name="twitid">498224928030980000</column>
            <column name="date">1407621054</column>
            <column name="name">NPanin31</column>
            <column name="text">Данное решение было принято руководством «Райффайзен Банк Аваль» после того, как состоялось присоединение Крыма к России.  </column>
            <column name="sberbank">NULL</column>
            <column name="vtb">NULL</column>
            <column name="gazprom">NULL</column>
            <column name="alfabank">NULL</column>
            <column name="bankmoskvy">NULL</column>
            <column name="raiffeisen">0</column>
            <column name="uralsib">NULL</column>
            <column name="rshb">NULL</column>
        </table>
        <table name="bank">
            <column name="id">4149</column>
            <column name="twitid">498224972297690000</column>
            <column name="date">1407621064</column>
            <column name="name">galeeaculver</column>
            <column name="text">банк москвы кредитный специалист http://t.co/JRgpAvgIGW</column>
            <column name="sberbank">NULL</column>
            <column name="vtb">NULL</column>
            <column name="gazprom">NULL</column>
            <column name="alfabank">NULL</column>
            <column name="bankmoskvy">0</column>
            <column name="raiffeisen">NULL</column>
            <column name="uralsib">NULL</column>
            <column name="rshb">NULL</column>
        </table>
        <table name="bank">
            <column name="id">4150</column>
            <column name="twitid">498225752421450000</column>
            <column name="date">1407621250</column>
            <column name="name">hycemsisliad</column>
            <column name="text">Банк Москвы может подключиться к финансированию возведения ТПУ в столице РФ</column>
            <column name="sberbank">NULL</column>
            <column name="vtb">NULL</column>
            <column name="gazprom">NULL</column>
            <column name="alfabank">NULL</column>
            <column name="bankmoskvy">0</column>
            <column name="raiffeisen">NULL</column>
            <column name="uralsib">NULL</column>
            <column name="rshb">NULL</column>
        </table>
        <table name="bank">
            <column name="id">4151</column>
            <column name="twitid">498226700598390000</column>
            <column name="date">1407621476</column>
            <column name="name">Andrienushka</column>
            <column name="text">Опубликовано фото @ Сбербанк России Дополнительный офис http://t.co/STLzqQZhfL</column>
            <column name="sberbank">0</column>
            <column name="vtb">NULL</column>
            <column name="gazprom">NULL</column>
            <column name="alfabank">NULL</column>
            <column name="bankmoskvy">NULL</column>
            <column name="raiffeisen">NULL</column>
            <column name="uralsib">NULL</column>
            <column name="rshb">NULL</column>
        </table>
        <table name="bank">
            <column name="id">4152</column>
            <column name="twitid">498228352168510000</column>
            <column name="date">1407621870</column>
            <column name="name">OKudinova53</column>
            <column name="text">Сергей Рыбкин (Проект Сбербанк Lite): «Смотришь на свою идею в 2 ночи, а затем в 6 утра и понимаешь, что это уже РАЗНЫЕ вещи». Apps4All про</column>
            <column name="sberbank">0</column>
            <column name="vtb">NULL</column>
            <column name="gazprom">NULL</column>
            <column name="alfabank">NULL</column>
            <column name="bankmoskvy">NULL</column>
            <column name="raiffeisen">NULL</column>
            <column name="uralsib">NULL</column>
            <column name="rshb">NULL</column>
        </table>
        <table name="bank">
            <column name="id">4153</column>
            <column name="twitid">498229290354630000</column>
            <column name="date">1407622094</column>
            <column name="name">beDarbonne</column>
            <column name="text">http://t.co/oK8g3qIA7z Как оформить кредит райффайзенбанк</column>
            <column name="sberbank">NULL</column>
            <column name="vtb">NULL</column>
            <column name="gazprom">NULL</column>
            <column name="alfabank">NULL</column>
            <column name="bankmoskvy">NULL</column>
            <column name="raiffeisen">0</column>
            <column name="uralsib">NULL</column>
            <column name="rshb">NULL</column>
        </table>
        <table name="bank">
            <column name="id">4154</column>
            <column name="twitid">498229832279680000</column>
            <column name="date">1407622223</column>
            <column name="name">vibidyvoxu</column>
            <column name="text">Скрытые платежи райффайзен автокредит http://t.co/V2kHqMiRJo</column>
            <column name="sberbank">NULL</column>
            <column name="vtb">NULL</column>
            <column name="gazprom">NULL</column>
            <column name="alfabank">NULL</column>
            <column name="bankmoskvy">NULL</column>
            <column name="raiffeisen">0</column>
            <column name="uralsib">NULL</column>
            <column name="rshb">NULL</column>
        </table>
        <table name="bank">
            <column name="id">4155</column>
            <column name="twitid">498229833139490000</column>
            <column name="date">1407622223</column>
            <column name="name">hilyvequj</column>
            <column name="text">Взяскания по ипотечным кредитам втб 24 http://t.co/hUemStsyKr</column>
            <column name="sberbank">NULL</column>
            <column name="vtb">0</column>
            <column name="gazprom">NULL</column>
            <column name="alfabank">NULL</column>
            <column name="bankmoskvy">NULL</column>
            <column name="raiffeisen">NULL</column>
            <column name="uralsib">NULL</column>
            <column name="rshb">NULL</column>
        </table>
        <table name="bank">
            <column name="id">4156</column>
            <column name="twitid">498229878417020000</column>
            <column name="date">1407622234</column>
            <column name="name">nnikolaevskij</column>
            <column name="text">Потребительские кредиты в оао банк москвы http://t.co/oPaM7GZUrP</column>
            <column name="sberbank">NULL</column>
            <column name="vtb">NULL</column>
            <column name="gazprom">NULL</column>
            <column name="alfabank">NULL</column>
            <column name="bankmoskvy">0</column>
            <column name="raiffeisen">NULL</column>
            <column name="uralsib">NULL</column>
            <column name="rshb">NULL</column>
        </table>
        <table name="bank">
            <column name="id">4157</column>
            <column name="twitid">498232387839750000</column>
            <column name="date">1407622832</column>
            <column name="name">nuxicuzunubi</column>
            <column name="text">RT @rdeGilli: Сбербанк начал выпуск карт на базе российской платежной системы ПРО100</column>
            <column name="sberbank">0</column>
            <column name="vtb">NULL</column>
            <column name="gazprom">NULL</column>
            <column name="alfabank">NULL</column>
            <column name="bankmoskvy">NULL</column>
            <column name="raiffeisen">NULL</column>
            <column name="uralsib">NULL</column>
            <column name="rshb">NULL</column>
        </table>
        <table name="bank">
            <column name="id">4158</column>
            <column name="twitid">498233367763350000</column>
            <column name="date">1407623066</column>
            <column name="name">tamarnqrkphan</column>
            <column name="text">условия выдачи кредитов россельхозбанком http://t.co/C1KYYRJZKg</column>
            <column name="sberbank">NULL</column>
            <column name="vtb">NULL</column>
            <column name="gazprom">NULL</column>
            <column name="alfabank">NULL</column>
            <column name="bankmoskvy">NULL</column>
            <column name="raiffeisen">NULL</column>
            <column name="uralsib">NULL</column>
            <column name="rshb">0</column>
        </table>
        <table name="bank">
            <column name="id">4159</column>
            <column name="twitid">498233466375640000</column>
            <column name="date">1407623089</column>
            <column name="name">mywobesuve</column>
            <column name="text">Кредит на недвижимость сбербанк рф http://t.co/sKNgr2HOMu</column>
            <column name="sberbank">0</column>
            <column name="vtb">NULL</column>
            <column name="gazprom">NULL</column>
            <column name="alfabank">NULL</column>
            <column name="bankmoskvy">NULL</column>
            <column name="raiffeisen">NULL</column>
            <column name="uralsib">NULL</column>
            <column name="rshb">NULL</column>
        </table>
        <table name="bank">
            <column name="id">4160</column>
            <column name="twitid">498233506611610000</column>
            <column name="date">1407623099</column>
            <column name="name">buluguqyjyg</column>
            <column name="text">Рассчитать кредит альфа банк http://t.co/4nlcHT8n8C</column>
            <column name="sberbank">NULL</column>
            <column name="vtb">NULL</column>
            <column name="gazprom">NULL</column>
            <column name="alfabank">0</column>
            <column name="bankmoskvy">NULL</column>
            <column name="raiffeisen">NULL</column>
            <column name="uralsib">NULL</column>
            <column name="rshb">NULL</column>
        </table>
        <table name="bank">
            <column name="id">4161</column>
            <column name="twitid">498234073727630000</column>
            <column name="date">1407623234</column>
            <column name="name">ABaranova27</column>
            <column name="text">График работы подразделений Северного банка в праздничные дни января 2014 года. Сбербанк объявил график работы в праздничные дни января 201</column>
            <column name="sberbank">0</column>
            <column name="vtb">NULL</column>
            <column name="gazprom">NULL</column>
            <column name="alfabank">NULL</column>
            <column name="bankmoskvy">NULL</column>
            <column name="raiffeisen">NULL</column>
            <column name="uralsib">NULL</column>
            <column name="rshb">NULL</column>
        </table>
        <table name="bank">
            <column name="id">4162</column>
            <column name="twitid">498234824273170000</column>
            <column name="date">1407623413</column>
            <column name="name">rikelnoan</column>
            <column name="text">авто кредит сбербанк отзывы http://t.co/pOODZS1zQ7</column>
            <column name="sberbank">0</column>
            <column name="vtb">NULL</column>
            <column name="gazprom">NULL</column>
            <column name="alfabank">NULL</column>
            <column name="bankmoskvy">NULL</column>
            <column name="raiffeisen">NULL</column>
            <column name="uralsib">NULL</column>
            <column name="rshb">NULL</column>
        </table>
        <table name="bank">
            <column name="id">4163</column>
            <column name="twitid">498234861103370000</column>
            <column name="date">1407623422</column>
            <column name="name">dybiruqici</column>
            <column name="text">заявление на получение кредита сбербанк http://t.co/RabzfKHDhn</column>
            <column name="sberbank">0</column>
            <column name="vtb">NULL</column>
            <column name="gazprom">NULL</column>
            <column name="alfabank">NULL</column>
            <column name="bankmoskvy">NULL</column>
            <column name="raiffeisen">NULL</column>
            <column name="uralsib">NULL</column>
            <column name="rshb">NULL</column>
        </table>
        <table name="bank">
            <column name="id">4164</column>
            <column name="twitid">498234952518230000</column>
            <column name="date">1407623444</column>
            <column name="name">hymilyastk</column>
            <column name="text">кредиты на автомобили альфа банк http://t.co/hP9ok4UI8k</column>
            <column name="sberbank">NULL</column>
            <column name="vtb">NULL</column>
            <column name="gazprom">NULL</column>
            <column name="alfabank">0</column>
            <column name="bankmoskvy">NULL</column>
            <column name="raiffeisen">NULL</column>
            <column name="uralsib">NULL</column>
            <column name="rshb">NULL</column>
        </table>
        <table name="bank">
            <column name="id">4165</column>
            <column name="twitid">498236363486290000</column>
            <column name="date">1407623780</column>
            <column name="name">ulapaulea</column>
            <column name="text">RT @cygidopydyfi: Оплатить визу в США через ВТБ 24 теперь нельзя</column>
            <column name="sberbank">NULL</column>
            <column name="vtb">-1</column>
            <column name="gazprom">NULL</column>
            <column name="alfabank">NULL</column>
            <column name="bankmoskvy">NULL</column>
            <column name="raiffeisen">NULL</column>
            <column name="uralsib">NULL</column>
            <column name="rshb">NULL</column>
        </table>
        <table name="bank">
            <column name="id">4166</column>
            <column name="twitid">498236837446820000</column>
            <column name="date">1407623893</column>
            <column name="name">vejigepoqy</column>
            <column name="text">Автокредит в втб 24 http://t.co/jddt4GTlNy</column>
            <column name="sberbank">NULL</column>
            <column name="vtb">0</column>
            <column name="gazprom">NULL</column>
            <column name="alfabank">NULL</column>
            <column name="bankmoskvy">NULL</column>
            <column name="raiffeisen">NULL</column>
            <column name="uralsib">NULL</column>
            <column name="rshb">NULL</column>
        </table>
        <table name="bank">
            <column name="id">4167</column>
            <column name="twitid">498236883177320000</column>
            <column name="date">1407623904</column>
            <column name="name">cupokuso</column>
            <column name="text">потребительский кредит калькулятор банк втб http://t.co/Cf6Hpximwd</column>
            <column name="sberbank">NULL</column>
            <column name="vtb">0</column>
            <column name="gazprom">NULL</column>
            <column name="alfabank">NULL</column>
            <column name="bankmoskvy">NULL</column>
            <column name="raiffeisen">NULL</column>
            <column name="uralsib">NULL</column>
            <column name="rshb">NULL</column>
        </table>
        <table name="bank">
            <column name="id">4168</column>
            <column name="twitid">498236922100460000</column>
            <column name="date">1407623913</column>
            <column name="name">reikoflamcnamee</column>
            <column name="text">кредиты на автомобили альфа банк http://t.co/ZMLqUZJ8ja</column>
            <column name="sberbank">NULL</column>
            <column name="vtb">NULL</column>
            <column name="gazprom">NULL</column>
            <column name="alfabank">0</column>
            <column name="bankmoskvy">NULL</column>
            <column name="raiffeisen">NULL</column>
            <column name="uralsib">NULL</column>
            <column name="rshb">NULL</column>
        </table>
        <table name="bank">
            <column name="id">4169</column>
            <column name="twitid">498237012923910000</column>
            <column name="date">1407623935</column>
            <column name="name">sharylwelliott</column>
            <column name="text">как получить кредит в банке втб 24 http://t.co/I9O5onAGgj</column>
            <column name="sberbank">NULL</column>
            <column name="vtb">0</column>
            <column name="gazprom">NULL</column>
            <column name="alfabank">NULL</column>
            <column name="bankmoskvy">NULL</column>
            <column name="raiffeisen">NULL</column>
            <column name="uralsib">NULL</column>
            <column name="rshb">NULL</column>
        </table>
        <table name="bank">
            <column name="id">4170</column>
            <column name="twitid">498237014085760000</column>
            <column name="date">1407623935</column>
            <column name="name">mxmracqor</column>
            <column name="text">ставки на кредит автомобиль сбербанк втб http://t.co/rYO4112mGL</column>
            <column name="sberbank">0</column>
            <column name="vtb">0</column>
            <column name="gazprom">NULL</column>
            <column name="alfabank">NULL</column>
            <column name="bankmoskvy">NULL</column>
            <column name="raiffeisen">NULL</column>
            <column name="uralsib">NULL</column>
            <column name="rshb">NULL</column>
        </table>
        <table name="bank">
            <column name="id">4171</column>
            <column name="twitid">498241137224980000</column>
            <column name="date">1407624918</column>
            <column name="name">motawyfirix</column>
            <column name="text">RT @hogokyhimapohe: где находится сбербанк в алмате http://t.co/DzGT2r5em3</column>
            <column name="sberbank">0</column>
            <column name="vtb">NULL</column>
            <column name="gazprom">NULL</column>
            <column name="alfabank">NULL</column>
            <column name="bankmoskvy">NULL</column>
            <column name="raiffeisen">NULL</column>
            <column name="uralsib">NULL</column>
            <column name="rshb">NULL</column>
        </table>
        <table name="bank">
            <column name="id">4172</column>
            <column name="twitid">498242044901730000</column>
            <column name="date">1407625135</column>
            <column name="name">izumvig</column>
            <column name="text">автокредит в газпром банке http://t.co/5XN4mBw9Rv</column>
            <column name="sberbank">NULL</column>
            <column name="vtb">NULL</column>
            <column name="gazprom">0</column>
            <column name="alfabank">NULL</column>
            <column name="bankmoskvy">NULL</column>
            <column name="raiffeisen">NULL</column>
            <column name="uralsib">NULL</column>
            <column name="rshb">NULL</column>
        </table>
        <table name="bank">
            <column name="id">4173</column>
            <column name="twitid">498243391168470000</column>
            <column name="date">1407625456</column>
            <column name="name">kasyqabihuh</column>
            <column name="text">Банки москвы кредиты сбербанк http://t.co/oYYQaXEqHN</column>
            <column name="sberbank">0</column>
            <column name="vtb">NULL</column>
            <column name="gazprom">NULL</column>
            <column name="alfabank">NULL</column>
            <column name="bankmoskvy">NULL</column>
            <column name="raiffeisen">NULL</column>
            <column name="uralsib">NULL</column>
            <column name="rshb">NULL</column>
        </table>
        <table name="bank">
            <column name="id">4174</column>
            <column name="twitid">498243396692360000</column>
            <column name="date">1407625457</column>
            <column name="name">ninafiba</column>
            <column name="text">Банк втб 24 кредиты отзывы http://t.co/QA9Nw2Vkwk</column>
            <column name="sberbank">NULL</column>
            <column name="vtb">0</column>
            <column name="gazprom">NULL</column>
            <column name="alfabank">NULL</column>
            <column name="bankmoskvy">NULL</column>
            <column name="raiffeisen">NULL</column>
            <column name="uralsib">NULL</column>
            <column name="rshb">NULL</column>
        </table>
        <table name="bank">
            <column name="id">4175</column>
            <column name="twitid">498243442364130000</column>
            <column name="date">1407625468</column>
            <column name="name">umxxmsvizn</column>
            <column name="text">Кредит на газификацию сбербанк http://t.co/i88HrHYqpW</column>
            <column name="sberbank">0</column>
            <column name="vtb">NULL</column>
            <column name="gazprom">NULL</column>
            <column name="alfabank">NULL</column>
            <column name="bankmoskvy">NULL</column>
            <column name="raiffeisen">NULL</column>
            <column name="uralsib">NULL</column>
            <column name="rshb">NULL</column>
        </table>
        <table name="bank">
            <column name="id">4176</column>
            <column name="twitid">498243580071540000</column>
            <column name="date">1407625501</column>
            <column name="name">zuqojode</column>
            <column name="text">Ипотечный кредит в сбер банке http://t.co/RHFbmEYTD4</column>
            <column name="sberbank">0</column>
            <column name="vtb">NULL</column>
            <column name="gazprom">NULL</column>
            <column name="alfabank">NULL</column>
            <column name="bankmoskvy">NULL</column>
            <column name="raiffeisen">NULL</column>
            <column name="uralsib">NULL</column>
            <column name="rshb">NULL</column>
        </table>
        <table name="bank">
            <column name="id">4177</column>
            <column name="twitid">498243746954510000</column>
            <column name="date">1407625540</column>
            <column name="name">caxicubenuno</column>
            <column name="text">RT @gogedirebici: кредитная карта альфа банк</column>
            <column name="sberbank">NULL</column>
            <column name="vtb">NULL</column>
            <column name="gazprom">NULL</column>
            <column name="alfabank">0</column>
            <column name="bankmoskvy">NULL</column>
            <column name="raiffeisen">NULL</column>
            <column name="uralsib">NULL</column>
            <column name="rshb">NULL</column>
        </table>
        <table name="bank">
            <column name="id">4178</column>
            <column name="twitid">498244405829340000</column>
            <column name="date">1407625697</column>
            <column name="name">zvybormbor</column>
            <column name="text">http://t.co/mpEOPOF31w Как взять кредит в альфа банке город орск</column>
            <column name="sberbank">NULL</column>
            <column name="vtb">NULL</column>
            <column name="gazprom">NULL</column>
            <column name="alfabank">0</column>
            <column name="bankmoskvy">NULL</column>
            <column name="raiffeisen">NULL</column>
            <column name="uralsib">NULL</column>
            <column name="rshb">NULL</column>
        </table>
        <table name="bank">
            <column name="id">4179</column>
            <column name="twitid">498244575996440000</column>
            <column name="date">1407625738</column>
            <column name="name">vjen32npra</column>
            <column name="text">лада в кредит сбербанк http://t.co/tN563ruKXz</column>
            <column name="sberbank">0</column>
            <column name="vtb">NULL</column>
            <column name="gazprom">NULL</column>
            <column name="alfabank">NULL</column>
            <column name="bankmoskvy">NULL</column>
            <column name="raiffeisen">NULL</column>
            <column name="uralsib">NULL</column>
            <column name="rshb">NULL</column>
        </table>
        <table name="bank">
            <column name="id">4180</column>
            <column name="twitid">498245959806370000</column>
            <column name="date">1407626068</column>
            <column name="name">dcee8wch</column>
            <column name="text">кредит на покупку дома сбербанк http://t.co/Qpd243Xu65</column>
            <column name="sberbank">0</column>
            <column name="vtb">NULL</column>
            <column name="gazprom">NULL</column>
            <column name="alfabank">NULL</column>
            <column name="bankmoskvy">NULL</column>
            <column name="raiffeisen">NULL</column>
            <column name="uralsib">NULL</column>
            <column name="rshb">NULL</column>
        </table>
        <table name="bank">
            <column name="id">4181</column>
            <column name="twitid">498246528621120000</column>
            <column name="date">1407626204</column>
            <column name="name">mamcomdidu1983</column>
            <column name="text">Одно из российских изданий 7 августа опубликовало что из-за ввода международных санкций Газпромбанк и Россельфозбанк были вынуждены просить</column>
            <column name="sberbank">NULL</column>
            <column name="vtb">NULL</column>
            <column name="gazprom">-1</column>
            <column name="alfabank">NULL</column>
            <column name="bankmoskvy">NULL</column>
            <column name="raiffeisen">NULL</column>
            <column name="uralsib">NULL</column>
            <column name="rshb">NULL</column>
        </table>
        <table name="bank">
            <column name="id">4182</column>
            <column name="twitid">498246965755640000</column>
            <column name="date">1407626308</column>
            <column name="name">StroganovValya</column>
            <column name="text">Рассчитать кредит в россельхозбанке http://t.co/db02dTE2yP</column>
            <column name="sberbank">NULL</column>
            <column name="vtb">NULL</column>
            <column name="gazprom">NULL</column>
            <column name="alfabank">NULL</column>
            <column name="bankmoskvy">NULL</column>
            <column name="raiffeisen">NULL</column>
            <column name="uralsib">NULL</column>
            <column name="rshb">0</column>
        </table>
        <table name="bank">
            <column name="id">4183</column>
            <column name="twitid">498247450868850000</column>
            <column name="date">1407626423</column>
            <column name="name">trogxyrhow</column>
            <column name="text">кредит в россельхозбанке конаково http://t.co/8oM9omrCGl</column>
            <column name="sberbank">NULL</column>
            <column name="vtb">NULL</column>
            <column name="gazprom">NULL</column>
            <column name="alfabank">NULL</column>
            <column name="bankmoskvy">NULL</column>
            <column name="raiffeisen">NULL</column>
            <column name="uralsib">NULL</column>
            <column name="rshb">0</column>
        </table>
        <table name="bank">
            <column name="id">4184</column>
            <column name="twitid">498248427269270000</column>
            <column name="date">1407626656</column>
            <column name="name">nliseedit</column>
            <column name="text">калькулятор кредита на неотложные нужды сбербанк http://t.co/zRvJc9NxFs</column>
            <column name="sberbank">0</column>
            <column name="vtb">NULL</column>
            <column name="gazprom">NULL</column>
            <column name="alfabank">NULL</column>
            <column name="bankmoskvy">NULL</column>
            <column name="raiffeisen">NULL</column>
            <column name="uralsib">NULL</column>
            <column name="rshb">NULL</column>
        </table>
        <table name="bank">
            <column name="id">4185</column>
            <column name="twitid">498248655175180000</column>
            <column name="date">1407626711</column>
            <column name="name">cogidisuwed</column>
            <column name="text">RT @janabidibeh: альфа банк кредит</column>
            <column name="sberbank">NULL</column>
            <column name="vtb">NULL</column>
            <column name="gazprom">NULL</column>
            <column name="alfabank">0</column>
            <column name="bankmoskvy">NULL</column>
            <column name="raiffeisen">NULL</column>
            <column name="uralsib">NULL</column>
            <column name="rshb">NULL</column>
        </table>
        <table name="bank">
            <column name="id">4186</column>
            <column name="twitid">498248698540090000</column>
            <column name="date">1407626721</column>
            <column name="name">g0nehan</column>
            <column name="text">новосибирск кировский район сбербанк http://t.co/oxsp6vFsll</column>
            <column name="sberbank">0</column>
            <column name="vtb">NULL</column>
            <column name="gazprom">NULL</column>
            <column name="alfabank">NULL</column>
            <column name="bankmoskvy">NULL</column>
            <column name="raiffeisen">NULL</column>
            <column name="uralsib">NULL</column>
            <column name="rshb">NULL</column>
        </table>
        <table name="bank">
            <column name="id">4187</column>
            <column name="twitid">498249444446730000</column>
            <column name="date">1407626899</column>
            <column name="name">mxmracqor</column>
            <column name="text">кредит в сбербанк россии украина http://t.co/7JwGO9djVI</column>
            <column name="sberbank">0</column>
            <column name="vtb">NULL</column>
            <column name="gazprom">NULL</column>
            <column name="alfabank">NULL</column>
            <column name="bankmoskvy">NULL</column>
            <column name="raiffeisen">NULL</column>
            <column name="uralsib">NULL</column>
            <column name="rshb">NULL</column>
        </table>
        <table name="bank">
            <column name="id">4188</column>
            <column name="twitid">498249890346960000</column>
            <column name="date">1407627005</column>
            <column name="name">kingkredit</column>
            <column name="text">Всё о Кредитах у меня карта Сбербанк маестро я сейчас в Армении не могу снять деньги, связано ли это со санкциомы США http://t.co/rpPWbiK4H5</column>
            <column name="sberbank">-1</column>
            <column name="vtb">NULL</column>
            <column name="gazprom">NULL</column>
            <column name="alfabank">NULL</column>
            <column name="bankmoskvy">NULL</column>
            <column name="raiffeisen">NULL</column>
            <column name="uralsib">NULL</column>
            <column name="rshb">NULL</column>
        </table>
        <table name="bank">
            <column name="id">4189</column>
            <column name="twitid">498249934609860000</column>
            <column name="date">1407627016</column>
            <column name="name">mywobesuve</column>
            <column name="text">Райффайзен банк потребительский кредит заявка http://t.co/Rgv9MwU75N</column>
            <column name="sberbank">NULL</column>
            <column name="vtb">NULL</column>
            <column name="gazprom">NULL</column>
            <column name="alfabank">NULL</column>
            <column name="bankmoskvy">NULL</column>
            <column name="raiffeisen">0</column>
            <column name="uralsib">NULL</column>
            <column name="rshb">NULL</column>
        </table>
        <table name="bank">
            <column name="id">4190</column>
            <column name="twitid">498251968373330000</column>
            <column name="date">1407627500</column>
            <column name="name">randifavvmarsto</column>
            <column name="text">кредиты для физических лиц сбербанк краснодар http://t.co/oq0hglg5hp</column>
            <column name="sberbank">0</column>
            <column name="vtb">NULL</column>
            <column name="gazprom">NULL</column>
            <column name="alfabank">NULL</column>
            <column name="bankmoskvy">NULL</column>
            <column name="raiffeisen">NULL</column>
            <column name="uralsib">NULL</column>
            <column name="rshb">NULL</column>
        </table>
        <table name="bank">
            <column name="id">4191</column>
            <column name="twitid">498252010140210000</column>
            <column name="date">1407627510</column>
            <column name="name">tabethaspdvaca</column>
            <column name="text">должники по кредитам сбербанк россии http://t.co/J2jQwMGrAL</column>
            <column name="sberbank">0</column>
            <column name="vtb">NULL</column>
            <column name="gazprom">NULL</column>
            <column name="alfabank">NULL</column>
            <column name="bankmoskvy">NULL</column>
            <column name="raiffeisen">NULL</column>
            <column name="uralsib">NULL</column>
            <column name="rshb">NULL</column>
        </table>
        <table name="bank">
            <column name="id">4192</column>
            <column name="twitid">498252339430840000</column>
            <column name="date">1407627589</column>
            <column name="name">beDarbonne</column>
            <column name="text">http://t.co/aw6vKDsjsy Взять кредит райффайзен банка</column>
            <column name="sberbank">NULL</column>
            <column name="vtb">NULL</column>
            <column name="gazprom">NULL</column>
            <column name="alfabank">NULL</column>
            <column name="bankmoskvy">NULL</column>
            <column name="raiffeisen">0</column>
            <column name="uralsib">NULL</column>
            <column name="rshb">NULL</column>
        </table>
        <table name="bank">
            <column name="id">4193</column>
            <column name="twitid">498253473318980000</column>
            <column name="date">1407627859</column>
            <column name="name">wywiwogixe</column>
            <column name="text">Льготное кредитование автомобилей сбер http://t.co/KXKDcnWLVH</column>
            <column name="sberbank">0</column>
            <column name="vtb">NULL</column>
            <column name="gazprom">NULL</column>
            <column name="alfabank">NULL</column>
            <column name="bankmoskvy">NULL</column>
            <column name="raiffeisen">NULL</column>
            <column name="uralsib">NULL</column>
            <column name="rshb">NULL</column>
        </table>
        <table name="bank">
            <column name="id">4194</column>
            <column name="twitid">498253904107540000</column>
            <column name="date">1407627962</column>
            <column name="name">DehaatogA</column>
            <column name="text">Отделения Сбербанк Санкт-Петербург адреса, телефоны схемы проезда. http://t.co/ELXypkjhAC</column>
            <column name="sberbank">0</column>
            <column name="vtb">NULL</column>
            <column name="gazprom">NULL</column>
            <column name="alfabank">NULL</column>
            <column name="bankmoskvy">NULL</column>
            <column name="raiffeisen">NULL</column>
            <column name="uralsib">NULL</column>
            <column name="rshb">NULL</column>
        </table>
        <table name="bank">
            <column name="id">4195</column>
            <column name="twitid">498255512333730000</column>
            <column name="date">1407628345</column>
            <column name="name">lefowekem</column>
            <column name="text">Кредит в банке втб 24 г оренбург http://t.co/Fw2pmMyoRL</column>
            <column name="sberbank">NULL</column>
            <column name="vtb">0</column>
            <column name="gazprom">NULL</column>
            <column name="alfabank">NULL</column>
            <column name="bankmoskvy">NULL</column>
            <column name="raiffeisen">NULL</column>
            <column name="uralsib">NULL</column>
            <column name="rshb">NULL</column>
        </table>
        <table name="bank">
            <column name="id">4196</column>
            <column name="twitid">498256207971630000</column>
            <column name="date">1407628511</column>
            <column name="name">jnikusaev</column>
            <column name="text">RT @feluqycenav: банк втб 24 самара ипотека http://t.co/IW9ldp6tzm</column>
            <column name="sberbank">NULL</column>
            <column name="vtb">0</column>
            <column name="gazprom">NULL</column>
            <column name="alfabank">NULL</column>
            <column name="bankmoskvy">NULL</column>
            <column name="raiffeisen">NULL</column>
            <column name="uralsib">NULL</column>
            <column name="rshb">NULL</column>
        </table>
        <table name="bank">
            <column name="id">4197</column>
            <column name="twitid">498256244877310000</column>
            <column name="date">1407628520</column>
            <column name="name">maryzipifug</column>
            <column name="text">RT @niresogedymu: альфа банк новокузнецк кредит наличными житомир http://t.co/KXvyvqgNO8</column>
            <column name="sberbank">NULL</column>
            <column name="vtb">NULL</column>
            <column name="gazprom">NULL</column>
            <column name="alfabank">0</column>
            <column name="bankmoskvy">NULL</column>
            <column name="raiffeisen">NULL</column>
            <column name="uralsib">NULL</column>
            <column name="rshb">NULL</column>
        </table>
        <table name="bank">
            <column name="id">4198</column>
            <column name="twitid">498256283485890000</column>
            <column name="date">1407628529</column>
            <column name="name">ifan_cordy</column>
            <column name="text">RT @pemojohefoqe: банк ренессанс кредит в самаре сбербанк http://t.co/nJ5Bl3M3IX</column>
            <column name="sberbank">0</column>
            <column name="vtb">NULL</column>
            <column name="gazprom">NULL</column>
            <column name="alfabank">NULL</column>
            <column name="bankmoskvy">NULL</column>
            <column name="raiffeisen">NULL</column>
            <column name="uralsib">NULL</column>
            <column name="rshb">NULL</column>
        </table>
        <table name="bank">
            <column name="id">4199</column>
            <column name="twitid">498258533155360000</column>
            <column name="date">1407629066</column>
            <column name="name">xibofuto</column>
            <column name="text">Оао банк втб 24 кредиты http://t.co/3kcYZfvPsk</column>
            <column name="sberbank">NULL</column>
            <column name="vtb">0</column>
            <column name="gazprom">NULL</column>
            <column name="alfabank">NULL</column>
            <column name="bankmoskvy">NULL</column>
            <column name="raiffeisen">NULL</column>
            <column name="uralsib">NULL</column>
            <column name="rshb">NULL</column>
        </table>
        <table name="bank">
            <column name="id">4200</column>
            <column name="twitid">498260007969110000</column>
            <column name="date">1407629417</column>
            <column name="name">xoctocysty</column>
            <column name="text">повышение ставок кредитов сбербанк http://t.co/G4crnn8jks</column>
            <column name="sberbank">-1</column>
            <column name="vtb">NULL</column>
            <column name="gazprom">NULL</column>
            <column name="alfabank">NULL</column>
            <column name="bankmoskvy">NULL</column>
            <column name="raiffeisen">NULL</column>
            <column name="uralsib">NULL</column>
            <column name="rshb">NULL</column>
        </table>
    </database>
</pma_xml_export>