<?xml version="1.0" encoding="utf-8"?>
<!--
- phpMyAdmin XML Dump
- version 4.0.4.1
- http://www.phpmyadmin.net
-
- Хост: localhost
- Время создания: Окт 28 2014 г., 09:04
- Версия сервера: 5.6.12
- Версия PHP: 5.5.3
-->
<pma_xml_export version="1.0" xmlns:pma="http://www.phpmyadmin.net/some_doc_url/">
  <!--
    - Structure schemas
    -->
  <pma:structure_schemas>
    <pma:database name="Romip" collation="utf8_general_ci" charset="utf8">
      <pma:table name="bank">
                CREATE TABLE `bank` (
                  `id` int(11) NOT NULL AUTO_INCREMENT,
                  `twitid` bigint(32) NOT NULL DEFAULT '0',
                  `date` varchar(128) DEFAULT NULL,
                  `name` varchar(128) DEFAULT NULL,
                  `text` varchar(256) DEFAULT NULL,
                  `sberbank` int(11) DEFAULT NULL,
                  `vtb` int(11) DEFAULT NULL,
                  `gazprom` int(11) DEFAULT NULL,
                  `alfabank` int(11) DEFAULT NULL,
                  `bankmoskvy` int(11) DEFAULT NULL,
                  `raiffeisen` int(11) DEFAULT NULL,
                  `uralsib` int(11) DEFAULT NULL,
                  `rshb` int(11) DEFAULT NULL,
                  PRIMARY KEY (`id`),
                  UNIQUE KEY `id` (`twitid`)
                ) ENGINE=InnoDB AUTO_INCREMENT=7924 DEFAULT CHARSET=utf8;
            </pma:table>
    </pma:database>
  </pma:structure_schemas>
  <!--
    - База данных: 'Romip'
    -->
  <database name="Romip">
    <!-- Таблица bank -->
    <table name="bank">
      <column name="id">3101</column>
      <column name="twitid">496926109389560000</column>
      <column name="date">1407311391</column>
      <column name="name">SovaRisova</column>
      <column name="text">Новое оформление #сбербанк просто ужасно: мало того, что безвкусица, так еще мысли лезут, что это сайт мошенников)</column>
      <column name="sberbank">-1</column>
      <column name="vtb">NULL</column>
      <column name="gazprom">NULL</column>
      <column name="alfabank">NULL</column>
      <column name="bankmoskvy">NULL</column>
      <column name="raiffeisen">NULL</column>
      <column name="uralsib">NULL</column>
      <column name="rshb">NULL</column>
    </table>
    <table name="bank">
      <column name="id">3102</column>
      <column name="twitid">496926112556270000</column>
      <column name="date">1407311392</column>
      <column name="name">ISeregina55</column>
      <column name="text">#sledui сбербанк отлично выступает!</column>
      <column name="sberbank">1</column>
      <column name="vtb">NULL</column>
      <column name="gazprom">NULL</column>
      <column name="alfabank">NULL</column>
      <column name="bankmoskvy">NULL</column>
      <column name="raiffeisen">NULL</column>
      <column name="uralsib">NULL</column>
      <column name="rshb">NULL</column>
    </table>
    <table name="bank">
      <column name="id">3103</column>
      <column name="twitid">496927314496980000</column>
      <column name="date">1407311678</column>
      <column name="name">dehojulu</column>
      <column name="text">Можно ли гасить кредит досрочно сбербанк http://t.co/dJmnwbcmSu</column>
      <column name="sberbank">0</column>
      <column name="vtb">NULL</column>
      <column name="gazprom">NULL</column>
      <column name="alfabank">NULL</column>
      <column name="bankmoskvy">NULL</column>
      <column name="raiffeisen">NULL</column>
      <column name="uralsib">NULL</column>
      <column name="rshb">NULL</column>
    </table>
    <table name="bank">
      <column name="id">3104</column>
      <column name="twitid">496927779947320000</column>
      <column name="date">1407311789</column>
      <column name="name">RuslanBoRoF</column>
      <column name="text">RT @poppoppopkt: #Сбербанк России http://t.co/xSROoLGf3B</column>
      <column name="sberbank">--</column>
      <column name="vtb">NULL</column>
      <column name="gazprom">NULL</column>
      <column name="alfabank">NULL</column>
      <column name="bankmoskvy">NULL</column>
      <column name="raiffeisen">NULL</column>
      <column name="uralsib">NULL</column>
      <column name="rshb">NULL</column>
    </table>
    <table name="bank">
      <column name="id">3105</column>
      <column name="twitid">496932908503160000</column>
      <column name="date">1407313012</column>
      <column name="name">janatkassimchja</column>
      <column name="text">RT @KabanMadan: Пытаются выровнять Сбербанк http://t.co/8Gq1JI4MBZ</column>
      <column name="sberbank">0</column>
      <column name="vtb">NULL</column>
      <column name="gazprom">NULL</column>
      <column name="alfabank">NULL</column>
      <column name="bankmoskvy">NULL</column>
      <column name="raiffeisen">NULL</column>
      <column name="uralsib">NULL</column>
      <column name="rshb">NULL</column>
    </table>
    <table name="bank">
      <column name="id">3106</column>
      <column name="twitid">496935809371870000</column>
      <column name="date">1407313704</column>
      <column name="name">onurinremo</column>
      <column name="text">Ставки ипотечного кредита сбербанк http://t.co/dPpJ0S9i3g</column>
      <column name="sberbank">0</column>
      <column name="vtb">NULL</column>
      <column name="gazprom">NULL</column>
      <column name="alfabank">NULL</column>
      <column name="bankmoskvy">NULL</column>
      <column name="raiffeisen">NULL</column>
      <column name="uralsib">NULL</column>
      <column name="rshb">NULL</column>
    </table>
    <table name="bank">
      <column name="id">3107</column>
      <column name="twitid">496937317953990000</column>
      <column name="date">1407314063</column>
      <column name="name">rokitar</column>
      <column name="text">Теперь мне ехать в альфа банк.</column>
      <column name="sberbank">NULL</column>
      <column name="vtb">NULL</column>
      <column name="gazprom">NULL</column>
      <column name="alfabank">0</column>
      <column name="bankmoskvy">NULL</column>
      <column name="raiffeisen">NULL</column>
      <column name="uralsib">NULL</column>
      <column name="rshb">NULL</column>
    </table>
    <table name="bank">
      <column name="id">3108</column>
      <column name="twitid">496937401005380000</column>
      <column name="date">1407314083</column>
      <column name="name">wdenPoppel</column>
      <column name="text">http://t.co/BJj58lIdKR Получить небольшой кредит в райффайзен банке</column>
      <column name="sberbank">NULL</column>
      <column name="vtb">NULL</column>
      <column name="gazprom">NULL</column>
      <column name="alfabank">NULL</column>
      <column name="bankmoskvy">NULL</column>
      <column name="raiffeisen">0</column>
      <column name="uralsib">NULL</column>
      <column name="rshb">NULL</column>
    </table>
    <table name="bank">
      <column name="id">3109</column>
      <column name="twitid">496938015835840000</column>
      <column name="date">1407314230</column>
      <column name="name">caha51</column>
      <column name="text">RT @Zhekan_ukrop: Пытаются выровнять Сбербанк http://t.co/ws8cwKCdXc</column>
      <column name="sberbank">0</column>
      <column name="vtb">NULL</column>
      <column name="gazprom">NULL</column>
      <column name="alfabank">NULL</column>
      <column name="bankmoskvy">NULL</column>
      <column name="raiffeisen">NULL</column>
      <column name="uralsib">NULL</column>
      <column name="rshb">NULL</column>
    </table>
    <table name="bank">
      <column name="id">3110</column>
      <column name="twitid">496942286685870000</column>
      <column name="date">1407315248</column>
      <column name="name">KMorozov20</column>
      <column name="text">Россельхозбанк провел в Краснодаре «Открытый диалог» с предпринимателями.15 ноября ОАО &amp;amp;laquo;Россельхозбанк&amp;amp;raquo; провел в Краснодаре &amp;amp;la</column>
      <column name="sberbank">NULL</column>
      <column name="vtb">NULL</column>
      <column name="gazprom">NULL</column>
      <column name="alfabank">NULL</column>
      <column name="bankmoskvy">NULL</column>
      <column name="raiffeisen">NULL</column>
      <column name="uralsib">NULL</column>
      <column name="rshb">0</column>
    </table>
    <table name="bank">
      <column name="id">3111</column>
      <column name="twitid">496947862937560000</column>
      <column name="date">1407316578</column>
      <column name="name">axdrumylga</column>
      <column name="text">Формула расчета кредита втб 24 http://t.co/PecsStnk2k</column>
      <column name="sberbank">NULL</column>
      <column name="vtb">0</column>
      <column name="gazprom">NULL</column>
      <column name="alfabank">NULL</column>
      <column name="bankmoskvy">NULL</column>
      <column name="raiffeisen">NULL</column>
      <column name="uralsib">NULL</column>
      <column name="rshb">NULL</column>
    </table>
    <table name="bank">
      <column name="id">3112</column>
      <column name="twitid">496949352636880000</column>
      <column name="date">1407316933</column>
      <column name="name">qulisili</column>
      <column name="text">Кредиты наличными на малый бизнес сбербанк http://t.co/YAYEi6R85t</column>
      <column name="sberbank">0</column>
      <column name="vtb">NULL</column>
      <column name="gazprom">NULL</column>
      <column name="alfabank">NULL</column>
      <column name="bankmoskvy">NULL</column>
      <column name="raiffeisen">NULL</column>
      <column name="uralsib">NULL</column>
      <column name="rshb">NULL</column>
    </table>
    <table name="bank">
      <column name="id">3113</column>
      <column name="twitid">496949981665050000</column>
      <column name="date">1407317083</column>
      <column name="name">hufyfovyn</column>
      <column name="text">Диаграмма ипотечного кредита газпромбанка http://t.co/AupE0ymb69</column>
      <column name="sberbank">NULL</column>
      <column name="vtb">NULL</column>
      <column name="gazprom">0</column>
      <column name="alfabank">NULL</column>
      <column name="bankmoskvy">NULL</column>
      <column name="raiffeisen">NULL</column>
      <column name="uralsib">NULL</column>
      <column name="rshb">NULL</column>
    </table>
    <table name="bank">
      <column name="id">3114</column>
      <column name="twitid">496950402878030000</column>
      <column name="date">1407317183</column>
      <column name="name">myfalofafy</column>
      <column name="text">Процентная ставка по кредиту сбербанк http://t.co/WPH5cdl55F</column>
      <column name="sberbank">0</column>
      <column name="vtb">NULL</column>
      <column name="gazprom">NULL</column>
      <column name="alfabank">NULL</column>
      <column name="bankmoskvy">NULL</column>
      <column name="raiffeisen">NULL</column>
      <column name="uralsib">NULL</column>
      <column name="rshb">NULL</column>
    </table>
    <table name="bank">
      <column name="id">3115</column>
      <column name="twitid">496953873744270000</column>
      <column name="date">1407318011</column>
      <column name="name">botegyjalyk</column>
      <column name="text">RT @AppolonGod1980: Предварительный договор купли продажи земельного участка сбербанк http://t.co/cPWb7BEfsf</column>
      <column name="sberbank">0</column>
      <column name="vtb">NULL</column>
      <column name="gazprom">NULL</column>
      <column name="alfabank">NULL</column>
      <column name="bankmoskvy">NULL</column>
      <column name="raiffeisen">NULL</column>
      <column name="uralsib">NULL</column>
      <column name="rshb">NULL</column>
    </table>
    <table name="bank">
      <column name="id">3116</column>
      <column name="twitid">496954184529640000</column>
      <column name="date">1407318085</column>
      <column name="name">GoodGhostRu</column>
      <column name="text">@bm_twit мне предлагают кредитную карту с особыми условиями (у меня ваша зарплатная карта), просила условия на почту.</column>
      <column name="sberbank">NULL</column>
      <column name="vtb">NULL</column>
      <column name="gazprom">NULL</column>
      <column name="alfabank">NULL</column>
      <column name="bankmoskvy">0</column>
      <column name="raiffeisen">NULL</column>
      <column name="uralsib">NULL</column>
      <column name="rshb">NULL</column>
    </table>
    <table name="bank">
      <column name="id">3117</column>
      <column name="twitid">496958924512590000</column>
      <column name="date">1407319215</column>
      <column name="name">ApatrikL</column>
      <column name="text">MSCI может исключить Сбербанк из индексов</column>
      <column name="sberbank">-1</column>
      <column name="vtb">NULL</column>
      <column name="gazprom">NULL</column>
      <column name="alfabank">NULL</column>
      <column name="bankmoskvy">NULL</column>
      <column name="raiffeisen">NULL</column>
      <column name="uralsib">NULL</column>
      <column name="rshb">NULL</column>
    </table>
    <table name="bank">
      <column name="id">3118</column>
      <column name="twitid">496959503204890000</column>
      <column name="date">1407319353</column>
      <column name="name">mr_izmal</column>
      <column name="text">@bm_twit точный адрес не скажу, стоит у турникетов на Щелковской. http://t.co/Eig7FuxoXZ</column>
      <column name="sberbank">NULL</column>
      <column name="vtb">NULL</column>
      <column name="gazprom">NULL</column>
      <column name="alfabank">NULL</column>
      <column name="bankmoskvy">--</column>
      <column name="raiffeisen">NULL</column>
      <column name="uralsib">NULL</column>
      <column name="rshb">NULL</column>
    </table>
    <table name="bank">
      <column name="id">3119</column>
      <column name="twitid">496959704938350000</column>
      <column name="date">1407319401</column>
      <column name="name">OPavlova40</column>
      <column name="text">За два года число активных пользователей интернет-банка Сбербанк Онлайн в Байкальском банке Сбербанка выросло в два раза. Только за текущий</column>
      <column name="sberbank">1</column>
      <column name="vtb">NULL</column>
      <column name="gazprom">NULL</column>
      <column name="alfabank">NULL</column>
      <column name="bankmoskvy">NULL</column>
      <column name="raiffeisen">NULL</column>
      <column name="uralsib">NULL</column>
      <column name="rshb">NULL</column>
    </table>
    <table name="bank">
      <column name="id">3120</column>
      <column name="twitid">496961360224590000</column>
      <column name="date">1407319796</column>
      <column name="name">zuciratovip</column>
      <column name="text">RT @togifusolopa: http://t.co/2tOdG39GOL Сбербанк начал выпуск карт на базе российской платежной системы&amp;amp;#8230;</column>
      <column name="sberbank">1</column>
      <column name="vtb">NULL</column>
      <column name="gazprom">NULL</column>
      <column name="alfabank">NULL</column>
      <column name="bankmoskvy">NULL</column>
      <column name="raiffeisen">NULL</column>
      <column name="uralsib">NULL</column>
      <column name="rshb">NULL</column>
    </table>
    <table name="bank">
      <column name="id">3121</column>
      <column name="twitid">496961517385170000</column>
      <column name="date">1407319833</column>
      <column name="name">terisagtwvail</column>
      <column name="text">Банк Альфа Банк Челябинский Филиал | Рейтинговое агентство &quot;Русские Банки&quot; - банки, терминалы, креди http://t.co/0yMaKBkRgq</column>
      <column name="sberbank">NULL</column>
      <column name="vtb">NULL</column>
      <column name="gazprom">NULL</column>
      <column name="alfabank">0</column>
      <column name="bankmoskvy">NULL</column>
      <column name="raiffeisen">NULL</column>
      <column name="uralsib">NULL</column>
      <column name="rshb">NULL</column>
    </table>
    <table name="bank">
      <column name="id">3122</column>
      <column name="twitid">496966644628210000</column>
      <column name="date">1407321055</column>
      <column name="name">salleypqetillis</column>
      <column name="text">Кредитные карты альфа банка для физических лиц http://t.co/ihONAMr2zI</column>
      <column name="sberbank">NULL</column>
      <column name="vtb">NULL</column>
      <column name="gazprom">NULL</column>
      <column name="alfabank">0</column>
      <column name="bankmoskvy">NULL</column>
      <column name="raiffeisen">NULL</column>
      <column name="uralsib">NULL</column>
      <column name="rshb">NULL</column>
    </table>
    <table name="bank">
      <column name="id">3123</column>
      <column name="twitid">496968454839480000</column>
      <column name="date">1407321487</column>
      <column name="name">NicMatveev</column>
      <column name="text">И вообще, нисколько не удивлен, что @sberbank под санкциями ЕС. Скромнее надо быть, тоже мне революционеры, захотевшие этот мир перевернуть.</column>
      <column name="sberbank">-1</column>
      <column name="vtb">NULL</column>
      <column name="gazprom">NULL</column>
      <column name="alfabank">NULL</column>
      <column name="bankmoskvy">NULL</column>
      <column name="raiffeisen">NULL</column>
      <column name="uralsib">NULL</column>
      <column name="rshb">NULL</column>
    </table>
    <table name="bank">
      <column name="id">3124</column>
      <column name="twitid">496974246812200000</column>
      <column name="date">1407322868</column>
      <column name="name">SomViktoriy</column>
      <column name="text">@R_Zlata Сбербанк допустил возможность повышения ставок по вкладам: Зампре... http://t.co/l1KruUCUK4 #Взаимныйфолловинг</column>
      <column name="sberbank">1</column>
      <column name="vtb">NULL</column>
      <column name="gazprom">NULL</column>
      <column name="alfabank">NULL</column>
      <column name="bankmoskvy">NULL</column>
      <column name="raiffeisen">NULL</column>
      <column name="uralsib">NULL</column>
      <column name="rshb">NULL</column>
    </table>
    <table name="bank">
      <column name="id">3125</column>
      <column name="twitid">496974997551080000</column>
      <column name="date">1407323047</column>
      <column name="name">MissNadejda1001</column>
      <column name="text">Льготный кредит на авто сбербанк http://t.co/uWSVVEiliz</column>
      <column name="sberbank">0</column>
      <column name="vtb">NULL</column>
      <column name="gazprom">NULL</column>
      <column name="alfabank">NULL</column>
      <column name="bankmoskvy">NULL</column>
      <column name="raiffeisen">NULL</column>
      <column name="uralsib">NULL</column>
      <column name="rshb">NULL</column>
    </table>
    <table name="bank">
      <column name="id">3126</column>
      <column name="twitid">496975042019080000</column>
      <column name="date">1407323058</column>
      <column name="name">goodallzbjanel</column>
      <column name="text">Отзывы о кредите в альфа банке http://t.co/1X59VYJI6r</column>
      <column name="sberbank">NULL</column>
      <column name="vtb">NULL</column>
      <column name="gazprom">NULL</column>
      <column name="alfabank">0</column>
      <column name="bankmoskvy">NULL</column>
      <column name="raiffeisen">NULL</column>
      <column name="uralsib">NULL</column>
      <column name="rshb">NULL</column>
    </table>
    <table name="bank">
      <column name="id">3127</column>
      <column name="twitid">496975469963900000</column>
      <column name="date">1407323160</column>
      <column name="name">AioeAiaaai</column>
      <column name="text">RT @molodost__bz: #news Сбербанк допустил возможность повышения ставок по вкладам</column>
      <column name="sberbank">1</column>
      <column name="vtb">NULL</column>
      <column name="gazprom">NULL</column>
      <column name="alfabank">NULL</column>
      <column name="bankmoskvy">NULL</column>
      <column name="raiffeisen">NULL</column>
      <column name="uralsib">NULL</column>
      <column name="rshb">NULL</column>
    </table>
    <table name="bank">
      <column name="id">3128</column>
      <column name="twitid">496975792535250000</column>
      <column name="date">1407323236</column>
      <column name="name">evm_m</column>
      <column name="text">RT @valeriaromanov2: Сбербанк допустил возможность повышения ставок по вкладам: Зампред правления Сбербанка Александр Торбахов не исключил …</column>
      <column name="sberbank">1</column>
      <column name="vtb">NULL</column>
      <column name="gazprom">NULL</column>
      <column name="alfabank">NULL</column>
      <column name="bankmoskvy">NULL</column>
      <column name="raiffeisen">NULL</column>
      <column name="uralsib">NULL</column>
      <column name="rshb">NULL</column>
    </table>
    <table name="bank">
      <column name="id">3129</column>
      <column name="twitid">496976105589700000</column>
      <column name="date">1407323311</column>
      <column name="name">SSorokin21</column>
      <column name="text">Однако, опыт тот мне еще долго помогал. Как будто в сбербанк на книжку деньги положил я. Долго потом за счет накоплений жил.</column>
      <column name="sberbank">1</column>
      <column name="vtb">NULL</column>
      <column name="gazprom">NULL</column>
      <column name="alfabank">NULL</column>
      <column name="bankmoskvy">NULL</column>
      <column name="raiffeisen">NULL</column>
      <column name="uralsib">NULL</column>
      <column name="rshb">NULL</column>
    </table>
    <table name="bank">
      <column name="id">3130</column>
      <column name="twitid">496978719701870000</column>
      <column name="date">1407323934</column>
      <column name="name">xirupycirubuj28</column>
      <column name="text">Кредит жилье сбербанк льготы http://t.co/uRB05lECsR</column>
      <column name="sberbank">0</column>
      <column name="vtb">NULL</column>
      <column name="gazprom">NULL</column>
      <column name="alfabank">NULL</column>
      <column name="bankmoskvy">NULL</column>
      <column name="raiffeisen">NULL</column>
      <column name="uralsib">NULL</column>
      <column name="rshb">NULL</column>
    </table>
    <table name="bank">
      <column name="id">3131</column>
      <column name="twitid">496984174641680000</column>
      <column name="date">1407325235</column>
      <column name="name">NRuzanow</column>
      <column name="text">@zaymigoru брал у вас в Zaymigo займ. Но сбер затупил с займом на пол дня. А так все норм.</column>
      <column name="sberbank">-1</column>
      <column name="vtb">NULL</column>
      <column name="gazprom">NULL</column>
      <column name="alfabank">NULL</column>
      <column name="bankmoskvy">NULL</column>
      <column name="raiffeisen">NULL</column>
      <column name="uralsib">NULL</column>
      <column name="rshb">NULL</column>
    </table>
    <table name="bank">
      <column name="id">3132</column>
      <column name="twitid">496987678072910000</column>
      <column name="date">1407326070</column>
      <column name="name">JMakeev34</column>
      <column name="text">УрБК, Москва, 06.08.2014. Сбербанк не исключает роста ставок по кредитам в связи с ростом стоимости денег на рынке. Об этом заявил заместит</column>
      <column name="sberbank">0</column>
      <column name="vtb">NULL</column>
      <column name="gazprom">NULL</column>
      <column name="alfabank">NULL</column>
      <column name="bankmoskvy">NULL</column>
      <column name="raiffeisen">NULL</column>
      <column name="uralsib">NULL</column>
      <column name="rshb">NULL</column>
    </table>
    <table name="bank">
      <column name="id">3133</column>
      <column name="twitid">496991910339150000</column>
      <column name="date">1407327079</column>
      <column name="name">dmitrychara</column>
      <column name="text">Доля Сбербанка на рынке привлеченных средств населения достигла 46,3%: Сбербанк подвел итоги работы своего розничного...  #финансы</column>
      <column name="sberbank">0</column>
      <column name="vtb">NULL</column>
      <column name="gazprom">NULL</column>
      <column name="alfabank">NULL</column>
      <column name="bankmoskvy">NULL</column>
      <column name="raiffeisen">NULL</column>
      <column name="uralsib">NULL</column>
      <column name="rshb">NULL</column>
    </table>
    <table name="bank">
      <column name="id">3134</column>
      <column name="twitid">496994195534790000</column>
      <column name="date">1407327624</column>
      <column name="name">SingerBaritone</column>
      <column name="text">RT @EduardBagirov: Сбербанк по-прежнему уверенно держит планку самой поганой и омерзительной говноконторы страны. Никогда не было у них мое…</column>
      <column name="sberbank">-1</column>
      <column name="vtb">NULL</column>
      <column name="gazprom">NULL</column>
      <column name="alfabank">NULL</column>
      <column name="bankmoskvy">NULL</column>
      <column name="raiffeisen">NULL</column>
      <column name="uralsib">NULL</column>
      <column name="rshb">NULL</column>
    </table>
    <table name="bank">
      <column name="id">3135</column>
      <column name="twitid">496994302321760000</column>
      <column name="date">1407327650</column>
      <column name="name">diluxekob</column>
      <column name="text">Кредиты банка втб 24 г волгограда http://t.co/v6IMOEgqQg</column>
      <column name="sberbank">NULL</column>
      <column name="vtb">0</column>
      <column name="gazprom">NULL</column>
      <column name="alfabank">NULL</column>
      <column name="bankmoskvy">NULL</column>
      <column name="raiffeisen">NULL</column>
      <column name="uralsib">NULL</column>
      <column name="rshb">NULL</column>
    </table>
    <table name="bank">
      <column name="id">3136</column>
      <column name="twitid">496994456416310000</column>
      <column name="date">1407327686</column>
      <column name="name">nellaTra</column>
      <column name="text">Сбербанк допустил повышение ставок по кредитам: Сбербанк может повысить ставки по кредитам из-за проблем с при... http://t.co/Oe1CB3fBDX</column>
      <column name="sberbank">-1</column>
      <column name="vtb">NULL</column>
      <column name="gazprom">NULL</column>
      <column name="alfabank">NULL</column>
      <column name="bankmoskvy">NULL</column>
      <column name="raiffeisen">NULL</column>
      <column name="uralsib">NULL</column>
      <column name="rshb">NULL</column>
    </table>
    <table name="bank">
      <column name="id">3137</column>
      <column name="twitid">496999223028910000</column>
      <column name="date">1407328823</column>
      <column name="name">jevopomofa</column>
      <column name="text">Новые проценты по кредитам сбербанк http://t.co/IkdZWIj0OT</column>
      <column name="sberbank">0</column>
      <column name="vtb">NULL</column>
      <column name="gazprom">NULL</column>
      <column name="alfabank">NULL</column>
      <column name="bankmoskvy">NULL</column>
      <column name="raiffeisen">NULL</column>
      <column name="uralsib">NULL</column>
      <column name="rshb">NULL</column>
    </table>
    <table name="bank">
      <column name="id">3138</column>
      <column name="twitid">496999672809290000</column>
      <column name="date">1407328930</column>
      <column name="name">afinin_90</column>
      <column name="text">MSCI намерен исключить Сбербанк из своих индексов</column>
      <column name="sberbank">-1</column>
      <column name="vtb">NULL</column>
      <column name="gazprom">NULL</column>
      <column name="alfabank">NULL</column>
      <column name="bankmoskvy">NULL</column>
      <column name="raiffeisen">NULL</column>
      <column name="uralsib">NULL</column>
      <column name="rshb">NULL</column>
    </table>
    <table name="bank">
      <column name="id">3139</column>
      <column name="twitid">497000846216160000</column>
      <column name="date">1407329210</column>
      <column name="name">luzenavaw</column>
      <column name="text">Потребительский кредит в втб 24 спб http://t.co/d1NGWEUYXz</column>
      <column name="sberbank">NULL</column>
      <column name="vtb">0</column>
      <column name="gazprom">NULL</column>
      <column name="alfabank">NULL</column>
      <column name="bankmoskvy">NULL</column>
      <column name="raiffeisen">NULL</column>
      <column name="uralsib">NULL</column>
      <column name="rshb">NULL</column>
    </table>
    <table name="bank">
      <column name="id">3140</column>
      <column name="twitid">497001772784050000</column>
      <column name="date">1407329431</column>
      <column name="name">ipasha150274</column>
      <column name="text">Райфайзен банк кредиты санкт петербург http://t.co/PK82m3FSmK</column>
      <column name="sberbank">NULL</column>
      <column name="vtb">NULL</column>
      <column name="gazprom">NULL</column>
      <column name="alfabank">NULL</column>
      <column name="bankmoskvy">NULL</column>
      <column name="raiffeisen">0</column>
      <column name="uralsib">NULL</column>
      <column name="rshb">NULL</column>
    </table>
    <table name="bank">
      <column name="id">3141</column>
      <column name="twitid">497005585439530000</column>
      <column name="date">1407330340</column>
      <column name="name">Janaina_Barioni</column>
      <column name="text">завтра утром в райфайзен. ой ё. удачи мне</column>
      <column name="sberbank">NULL</column>
      <column name="vtb">NULL</column>
      <column name="gazprom">NULL</column>
      <column name="alfabank">NULL</column>
      <column name="bankmoskvy">NULL</column>
      <column name="raiffeisen">0</column>
      <column name="uralsib">NULL</column>
      <column name="rshb">NULL</column>
    </table>
    <table name="bank">
      <column name="id">3142</column>
      <column name="twitid">497005855691510000</column>
      <column name="date">1407330404</column>
      <column name="name">diluxekob</column>
      <column name="text">Кредит одобренный сбер банк рф http://t.co/KT3wogsqgx</column>
      <column name="sberbank">0</column>
      <column name="vtb">NULL</column>
      <column name="gazprom">NULL</column>
      <column name="alfabank">NULL</column>
      <column name="bankmoskvy">NULL</column>
      <column name="raiffeisen">NULL</column>
      <column name="uralsib">NULL</column>
      <column name="rshb">NULL</column>
    </table>
    <table name="bank">
      <column name="id">3143</column>
      <column name="twitid">497007233461650000</column>
      <column name="date">1407330733</column>
      <column name="name">molfly</column>
      <column name="text">Пришёл в Альфабанк, а тут одни хипстеры.</column>
      <column name="sberbank">NULL</column>
      <column name="vtb">NULL</column>
      <column name="gazprom">NULL</column>
      <column name="alfabank">-1</column>
      <column name="bankmoskvy">NULL</column>
      <column name="raiffeisen">NULL</column>
      <column name="uralsib">NULL</column>
      <column name="rshb">NULL</column>
    </table>
    <table name="bank">
      <column name="id">3144</column>
      <column name="twitid">497007390601260000</column>
      <column name="date">1407330770</column>
      <column name="name">ASafin56</column>
      <column name="text">С 4 августа банк ВТБ 24 приостановил прием консульского сбора за визу США. Об этом РБК сообщил представитель колл-центра банка. «Через наш</column>
      <column name="sberbank">NULL</column>
      <column name="vtb">-1</column>
      <column name="gazprom">NULL</column>
      <column name="alfabank">NULL</column>
      <column name="bankmoskvy">NULL</column>
      <column name="raiffeisen">NULL</column>
      <column name="uralsib">NULL</column>
      <column name="rshb">NULL</column>
    </table>
    <table name="bank">
      <column name="id">3145</column>
      <column name="twitid">497007861537730000</column>
      <column name="date">1407330882</column>
      <column name="name">bobbyekjbrinton</column>
      <column name="text">До кредитный центр таганский втб 24 http://t.co/Tz93TCGrEU</column>
      <column name="sberbank">NULL</column>
      <column name="vtb">0</column>
      <column name="gazprom">NULL</column>
      <column name="alfabank">NULL</column>
      <column name="bankmoskvy">NULL</column>
      <column name="raiffeisen">NULL</column>
      <column name="uralsib">NULL</column>
      <column name="rshb">NULL</column>
    </table>
    <table name="bank">
      <column name="id">3146</column>
      <column name="twitid">497009761863620000</column>
      <column name="date">1407331335</column>
      <column name="name">boqizedag</column>
      <column name="text">Банк москвы кредиты ноябрь http://t.co/VT0IvLj7vB</column>
      <column name="sberbank">NULL</column>
      <column name="vtb">NULL</column>
      <column name="gazprom">NULL</column>
      <column name="alfabank">NULL</column>
      <column name="bankmoskvy">0</column>
      <column name="raiffeisen">NULL</column>
      <column name="uralsib">NULL</column>
      <column name="rshb">NULL</column>
    </table>
    <table name="bank">
      <column name="id">3147</column>
      <column name="twitid">497009916264330000</column>
      <column name="date">1407331372</column>
      <column name="name">zizuduxeqo</column>
      <column name="text">Банк уралсиб новосибирск потребительский кредит http://t.co/ztlcrIQUZM</column>
      <column name="sberbank">NULL</column>
      <column name="vtb">NULL</column>
      <column name="gazprom">NULL</column>
      <column name="alfabank">NULL</column>
      <column name="bankmoskvy">NULL</column>
      <column name="raiffeisen">NULL</column>
      <column name="uralsib">0</column>
      <column name="rshb">NULL</column>
    </table>
    <table name="bank">
      <column name="id">3148</column>
      <column name="twitid">497013346177410000</column>
      <column name="date">1407332190</column>
      <column name="name">genjakua</column>
      <column name="text">RT @Fyodorrrrr: “@ru_rbc: ВТБ 24 ответил на санкции США приостановкой приема консульского сбора за американские визы” Америка от этого не о…</column>
      <column name="sberbank">NULL</column>
      <column name="vtb">-1</column>
      <column name="gazprom">NULL</column>
      <column name="alfabank">NULL</column>
      <column name="bankmoskvy">NULL</column>
      <column name="raiffeisen">NULL</column>
      <column name="uralsib">NULL</column>
      <column name="rshb">NULL</column>
    </table>
    <table name="bank">
      <column name="id">3149</column>
      <column name="twitid">497015411092000000</column>
      <column name="date">1407332682</column>
      <column name="name">hiklunov</column>
      <column name="text">Оренбург кредит потребительский сбербанк http://t.co/gdr04MKUa8</column>
      <column name="sberbank">0</column>
      <column name="vtb">NULL</column>
      <column name="gazprom">NULL</column>
      <column name="alfabank">NULL</column>
      <column name="bankmoskvy">NULL</column>
      <column name="raiffeisen">NULL</column>
      <column name="uralsib">NULL</column>
      <column name="rshb">NULL</column>
    </table>
    <table name="bank">
      <column name="id">3150</column>
      <column name="twitid">497018368734810000</column>
      <column name="date">1407333387</column>
      <column name="name">Tourist67</column>
      <column name="text">RT @ru_rbc: ВТБ 24 ответил на санкции США приостановкой приема консульского сбора за американские визы
http://t.co/jPWXwF3niS</column>
      <column name="sberbank">NULL</column>
      <column name="vtb">-1</column>
      <column name="gazprom">NULL</column>
      <column name="alfabank">NULL</column>
      <column name="bankmoskvy">NULL</column>
      <column name="raiffeisen">NULL</column>
      <column name="uralsib">NULL</column>
      <column name="rshb">NULL</column>
    </table>
    <table name="bank">
      <column name="id">3151</column>
      <column name="twitid">497018803851920000</column>
      <column name="date">1407333491</column>
      <column name="name">viniminarez</column>
      <column name="text">Кредитные карты сбербанк москва http://t.co/ESO9HxY097</column>
      <column name="sberbank">0</column>
      <column name="vtb">NULL</column>
      <column name="gazprom">NULL</column>
      <column name="alfabank">NULL</column>
      <column name="bankmoskvy">NULL</column>
      <column name="raiffeisen">NULL</column>
      <column name="uralsib">NULL</column>
      <column name="rshb">NULL</column>
    </table>
    <table name="bank">
      <column name="id">3152</column>
      <column name="twitid">497018855626400000</column>
      <column name="date">1407333504</column>
      <column name="name">makokizoky</column>
      <column name="text">Кредит под залог квартиры сбербанк http://t.co/y2bhKYV4QK</column>
      <column name="sberbank">0</column>
      <column name="vtb">NULL</column>
      <column name="gazprom">NULL</column>
      <column name="alfabank">NULL</column>
      <column name="bankmoskvy">NULL</column>
      <column name="raiffeisen">NULL</column>
      <column name="uralsib">NULL</column>
      <column name="rshb">NULL</column>
    </table>
    <table name="bank">
      <column name="id">3153</column>
      <column name="twitid">497020556760590000</column>
      <column name="date">1407333909</column>
      <column name="name">sireahTi</column>
      <column name="text">http://t.co/in0GL45yhF Взять кредит в райфайзен банкаваль</column>
      <column name="sberbank">NULL</column>
      <column name="vtb">NULL</column>
      <column name="gazprom">NULL</column>
      <column name="alfabank">NULL</column>
      <column name="bankmoskvy">NULL</column>
      <column name="raiffeisen">0</column>
      <column name="uralsib">NULL</column>
      <column name="rshb">NULL</column>
    </table>
    <table name="bank">
      <column name="id">3154</column>
      <column name="twitid">497020710884470000</column>
      <column name="date">1407333946</column>
      <column name="name">Tourist67</column>
      <column name="text">RT @Segozavr: Сбербанк не исключает роста ставок по кредитам в связи с ростом стоимости денег на рынке http://t.co/nf2I2Vc2iF</column>
      <column name="sberbank">-1</column>
      <column name="vtb">NULL</column>
      <column name="gazprom">NULL</column>
      <column name="alfabank">NULL</column>
      <column name="bankmoskvy">NULL</column>
      <column name="raiffeisen">NULL</column>
      <column name="uralsib">NULL</column>
      <column name="rshb">NULL</column>
    </table>
    <table name="bank">
      <column name="id">3155</column>
      <column name="twitid">497022382989910000</column>
      <column name="date">1407334345</column>
      <column name="name">xobiqicu</column>
      <column name="text">Калининград сбербанк ипотечное кредитование http://t.co/BCT05Vy6r9</column>
      <column name="sberbank">0</column>
      <column name="vtb">NULL</column>
      <column name="gazprom">NULL</column>
      <column name="alfabank">NULL</column>
      <column name="bankmoskvy">NULL</column>
      <column name="raiffeisen">NULL</column>
      <column name="uralsib">NULL</column>
      <column name="rshb">NULL</column>
    </table>
    <table name="bank">
      <column name="id">3156</column>
      <column name="twitid">497025904078770000</column>
      <column name="date">1407335184</column>
      <column name="name">bobbyekjbrinton</column>
      <column name="text">Кредитная карта альфа банк эльдорадо http://t.co/u0IvuF8WFk</column>
      <column name="sberbank">NULL</column>
      <column name="vtb">NULL</column>
      <column name="gazprom">NULL</column>
      <column name="alfabank">0</column>
      <column name="bankmoskvy">NULL</column>
      <column name="raiffeisen">NULL</column>
      <column name="uralsib">NULL</column>
      <column name="rshb">NULL</column>
    </table>
    <table name="bank">
      <column name="id">3157</column>
      <column name="twitid">497026409584690000</column>
      <column name="date">1407335305</column>
      <column name="name">OMaksimov38</column>
      <column name="text">В связи с внесением Сбербанка в список ЕС,  Сбербанк заявляет.Сбербанк России с сожалением воспринимает факт введения санкций</column>
      <column name="sberbank">-1</column>
      <column name="vtb">NULL</column>
      <column name="gazprom">NULL</column>
      <column name="alfabank">NULL</column>
      <column name="bankmoskvy">NULL</column>
      <column name="raiffeisen">NULL</column>
      <column name="uralsib">NULL</column>
      <column name="rshb">NULL</column>
    </table>
    <table name="bank">
      <column name="id">3158</column>
      <column name="twitid">497034085651320000</column>
      <column name="date">1407337135</column>
      <column name="name">kazuhija</column>
      <column name="text">Жилищное кредитование сбербанк вологда http://t.co/NmM0ePRM1N</column>
      <column name="sberbank">0</column>
      <column name="vtb">NULL</column>
      <column name="gazprom">NULL</column>
      <column name="alfabank">NULL</column>
      <column name="bankmoskvy">NULL</column>
      <column name="raiffeisen">NULL</column>
      <column name="uralsib">NULL</column>
      <column name="rshb">NULL</column>
    </table>
    <table name="bank">
      <column name="id">3159</column>
      <column name="twitid">497035482837300000</column>
      <column name="date">1407337468</column>
      <column name="name">Belyi_Mish</column>
      <column name="text">RT @findozor: Сбербанк допустил повышение ставок по кредитам http://t.co/QSu2cUCRUs</column>
      <column name="sberbank">-1</column>
      <column name="vtb">NULL</column>
      <column name="gazprom">NULL</column>
      <column name="alfabank">NULL</column>
      <column name="bankmoskvy">NULL</column>
      <column name="raiffeisen">NULL</column>
      <column name="uralsib">NULL</column>
      <column name="rshb">NULL</column>
    </table>
    <table name="bank">
      <column name="id">3160</column>
      <column name="twitid">497035484649260000</column>
      <column name="date">1407337468</column>
      <column name="name">keithalzohare</column>
      <column name="text">Банк москвы в петрозаводске кредит http://t.co/jE1Wygi3RX</column>
      <column name="sberbank">NULL</column>
      <column name="vtb">NULL</column>
      <column name="gazprom">NULL</column>
      <column name="alfabank">NULL</column>
      <column name="bankmoskvy">0</column>
      <column name="raiffeisen">NULL</column>
      <column name="uralsib">NULL</column>
      <column name="rshb">NULL</column>
    </table>
    <table name="bank">
      <column name="id">3161</column>
      <column name="twitid">497035485655880000</column>
      <column name="date">1407337468</column>
      <column name="name">laxorynaqeb</column>
      <column name="text">Г липецк сбербанк кредиты http://t.co/9bDttiSgn1</column>
      <column name="sberbank">0</column>
      <column name="vtb">NULL</column>
      <column name="gazprom">NULL</column>
      <column name="alfabank">NULL</column>
      <column name="bankmoskvy">NULL</column>
      <column name="raiffeisen">NULL</column>
      <column name="uralsib">NULL</column>
      <column name="rshb">NULL</column>
    </table>
    <table name="bank">
      <column name="id">3162</column>
      <column name="twitid">497035529620590000</column>
      <column name="date">1407337479</column>
      <column name="name">melaniajogosavo</column>
      <column name="text">Льготный автокредит калькулятор сбербанк http://t.co/eZfbaYNUJg</column>
      <column name="sberbank">0</column>
      <column name="vtb">NULL</column>
      <column name="gazprom">NULL</column>
      <column name="alfabank">NULL</column>
      <column name="bankmoskvy">NULL</column>
      <column name="raiffeisen">NULL</column>
      <column name="uralsib">NULL</column>
      <column name="rshb">NULL</column>
    </table>
    <table name="bank">
      <column name="id">3163</column>
      <column name="twitid">497035792209150000</column>
      <column name="date">1407337542</column>
      <column name="name">hom3chuk</column>
      <column name="text">RT @rusplt: Канада ввела санкции против ВТБ, Россельхозбанка и «Добролёта» http://t.co/KolaMo1tpx</column>
      <column name="sberbank">NULL</column>
      <column name="vtb">-1</column>
      <column name="gazprom">NULL</column>
      <column name="alfabank">NULL</column>
      <column name="bankmoskvy">NULL</column>
      <column name="raiffeisen">NULL</column>
      <column name="uralsib">NULL</column>
      <column name="rshb">-1</column>
    </table>
    <table name="bank">
      <column name="id">3164</column>
      <column name="twitid">497039098960700000</column>
      <column name="date">1407338330</column>
      <column name="name">tndnupsk</column>
      <column name="text">Данные о кредитах в альфа банке http://t.co/vS7B7zrJq0</column>
      <column name="sberbank">NULL</column>
      <column name="vtb">NULL</column>
      <column name="gazprom">NULL</column>
      <column name="alfabank">0</column>
      <column name="bankmoskvy">NULL</column>
      <column name="raiffeisen">NULL</column>
      <column name="uralsib">NULL</column>
      <column name="rshb">NULL</column>
    </table>
    <table name="bank">
      <column name="id">3165</column>
      <column name="twitid">497040193787280000</column>
      <column name="date">1407338591</column>
      <column name="name">MilitaryMaps</column>
      <column name="text">RT @itass: ВТБ 24 прекратил прием платежей за визы США http://t.co/DjPODBM2UJ</column>
      <column name="sberbank">NULL</column>
      <column name="vtb">-1</column>
      <column name="gazprom">NULL</column>
      <column name="alfabank">NULL</column>
      <column name="bankmoskvy">NULL</column>
      <column name="raiffeisen">NULL</column>
      <column name="uralsib">NULL</column>
      <column name="rshb">NULL</column>
    </table>
    <table name="bank">
      <column name="id">3166</column>
      <column name="twitid">497040673896300000</column>
      <column name="date">1407338705</column>
      <column name="name">Jasnyj3</column>
      <column name="text">Правительство Канады в среду объявило о расширении санкционного списка против РФ, добавив в него, в частности, ВТБ, Россельхозбанк, Б...</column>
      <column name="sberbank">NULL</column>
      <column name="vtb">-1</column>
      <column name="gazprom">NULL</column>
      <column name="alfabank">NULL</column>
      <column name="bankmoskvy">NULL</column>
      <column name="raiffeisen">NULL</column>
      <column name="uralsib">NULL</column>
      <column name="rshb">-1</column>
    </table>
    <table name="bank">
      <column name="id">3167</column>
      <column name="twitid">497042129932530000</column>
      <column name="date">1407339053</column>
      <column name="name">kthulpamer</column>
      <column name="text">Кредит в уралсиб банк http://t.co/G6JhlmFRRA</column>
      <column name="sberbank">NULL</column>
      <column name="vtb">NULL</column>
      <column name="gazprom">NULL</column>
      <column name="alfabank">NULL</column>
      <column name="bankmoskvy">NULL</column>
      <column name="raiffeisen">NULL</column>
      <column name="uralsib">0</column>
      <column name="rshb">NULL</column>
    </table>
    <table name="bank">
      <column name="id">3168</column>
      <column name="twitid">497044850429390000</column>
      <column name="date">1407339701</column>
      <column name="name">AlexZDnepra</column>
      <column name="text">RT @Spaspb: Канада включила в санкционный список &quot;Добролет&quot;, ВТБ, Банк Москвы и Нургалиева http://t.co/hwBAYKDH5Y</column>
      <column name="sberbank">NULL</column>
      <column name="vtb">-1</column>
      <column name="gazprom">NULL</column>
      <column name="alfabank">NULL</column>
      <column name="bankmoskvy">-1</column>
      <column name="raiffeisen">NULL</column>
      <column name="uralsib">NULL</column>
      <column name="rshb">NULL</column>
    </table>
    <table name="bank">
      <column name="id">3169</column>
      <column name="twitid">497047338607580000</column>
      <column name="date">1407340294</column>
      <column name="name">forexakcija</column>
      <column name="text">РОССИЙСКИЙ РЫНОК – ИТОГИ ТОРГОВ: Очередной обвал рынка акций. В лидерах Сбербанк и ВТБ:... http://t.co/UccU01vZvs http://t.co/ItNn3wgw9H</column>
      <column name="sberbank">-1</column>
      <column name="vtb">-1</column>
      <column name="gazprom">NULL</column>
      <column name="alfabank">NULL</column>
      <column name="bankmoskvy">NULL</column>
      <column name="raiffeisen">NULL</column>
      <column name="uralsib">NULL</column>
      <column name="rshb">NULL</column>
    </table>
    <table name="bank">
      <column name="id">3170</column>
      <column name="twitid">497048181897990000</column>
      <column name="date">1407340495</column>
      <column name="name">rochupkin1978</column>
      <column name="text">RT @rgrus: ВТБ 24 прекратил прием платежей за визы США  http://t.co/9sa7s47fcU</column>
      <column name="sberbank">NULL</column>
      <column name="vtb">-1</column>
      <column name="gazprom">NULL</column>
      <column name="alfabank">NULL</column>
      <column name="bankmoskvy">NULL</column>
      <column name="raiffeisen">NULL</column>
      <column name="uralsib">NULL</column>
      <column name="rshb">NULL</column>
    </table>
    <table name="bank">
      <column name="id">3171</column>
      <column name="twitid">497048955578880000</column>
      <column name="date">1407340680</column>
      <column name="name">arutyunyan_vl</column>
      <column name="text">В канадский санкционный список попали ВТБ, &quot;Банк Москвы&quot; и &quot;Добролет&quot;: Канадские власти ввели дополнительные с... http://t.co/ZjCMZ6BCLP</column>
      <column name="sberbank">NULL</column>
      <column name="vtb">-1</column>
      <column name="gazprom">NULL</column>
      <column name="alfabank">NULL</column>
      <column name="bankmoskvy">-1</column>
      <column name="raiffeisen">NULL</column>
      <column name="uralsib">NULL</column>
      <column name="rshb">NULL</column>
    </table>
    <table name="bank">
      <column name="id">3172</column>
      <column name="twitid">497050301518840000</column>
      <column name="date">1407341001</column>
      <column name="name">VKoneva18</column>
      <column name="text">Канада ввела санкции в отношении ВТБ, Россельхозбанка, «Банка Москвы» и Российского Национального Коммерческого Банка. Об этом сообщает пре</column>
      <column name="sberbank">NULL</column>
      <column name="vtb">-1</column>
      <column name="gazprom">NULL</column>
      <column name="alfabank">NULL</column>
      <column name="bankmoskvy">-1</column>
      <column name="raiffeisen">NULL</column>
      <column name="uralsib">NULL</column>
      <column name="rshb">-1</column>
    </table>
    <table name="bank">
      <column name="id">3173</column>
      <column name="twitid">497050725575580000</column>
      <column name="date">1407341102</column>
      <column name="name">cugizusosab</column>
      <column name="text">Условия по кредиту сбербанк россии http://t.co/nSJrE5DMlU</column>
      <column name="sberbank">0</column>
      <column name="vtb">NULL</column>
      <column name="gazprom">NULL</column>
      <column name="alfabank">NULL</column>
      <column name="bankmoskvy">NULL</column>
      <column name="raiffeisen">NULL</column>
      <column name="uralsib">NULL</column>
      <column name="rshb">NULL</column>
    </table>
    <table name="bank">
      <column name="id">3174</column>
      <column name="twitid">497051070422870000</column>
      <column name="date">1407341184</column>
      <column name="name">sueliccamic1974</column>
      <column name="text">Юрий Яковлев назначен председателем правления  ОАО Банка ВТБ (Азербайджан).Решением Наблюдательного совета ОАО Банк ВТБ (Азербайджан) Юрий</column>
      <column name="sberbank">NULL</column>
      <column name="vtb">0</column>
      <column name="gazprom">NULL</column>
      <column name="alfabank">NULL</column>
      <column name="bankmoskvy">NULL</column>
      <column name="raiffeisen">NULL</column>
      <column name="uralsib">NULL</column>
      <column name="rshb">NULL</column>
    </table>
    <table name="bank">
      <column name="id">3175</column>
      <column name="twitid">497053553429870000</column>
      <column name="date">1407341776</column>
      <column name="name">NPonomarenko48</column>
      <column name="text">В 2014 году ОАО «Россельхозбанк» впервые вошел в рейтинг крупнейших банковских брендов мира.</column>
      <column name="sberbank">NULL</column>
      <column name="vtb">NULL</column>
      <column name="gazprom">NULL</column>
      <column name="alfabank">NULL</column>
      <column name="bankmoskvy">NULL</column>
      <column name="raiffeisen">NULL</column>
      <column name="uralsib">NULL</column>
      <column name="rshb">1</column>
    </table>
    <table name="bank">
      <column name="id">3176</column>
      <column name="twitid">497053676536870000</column>
      <column name="date">1407341805</column>
      <column name="name">Rept1le78</column>
      <column name="text">Кредитные карты альфа банка отзывы http://t.co/3o44QoQKfv</column>
      <column name="sberbank">NULL</column>
      <column name="vtb">NULL</column>
      <column name="gazprom">NULL</column>
      <column name="alfabank">0</column>
      <column name="bankmoskvy">NULL</column>
      <column name="raiffeisen">NULL</column>
      <column name="uralsib">NULL</column>
      <column name="rshb">NULL</column>
    </table>
    <table name="bank">
      <column name="id">3177</column>
      <column name="twitid">497055678167790000</column>
      <column name="date">1407342283</column>
      <column name="name">itaymalahi</column>
      <column name="text">Взимодействие банков при выдаче кредитов альфа банк http://t.co/XKt2HkksJO</column>
      <column name="sberbank">NULL</column>
      <column name="vtb">NULL</column>
      <column name="gazprom">NULL</column>
      <column name="alfabank">0</column>
      <column name="bankmoskvy">NULL</column>
      <column name="raiffeisen">NULL</column>
      <column name="uralsib">NULL</column>
      <column name="rshb">NULL</column>
    </table>
    <table name="bank">
      <column name="id">3178</column>
      <column name="twitid">497058685139840000</column>
      <column name="date">1407343000</column>
      <column name="name">Tzardadon1974</column>
      <column name="text">Кредит в втб 24 рассчитать http://t.co/Z0g3psKm6T</column>
      <column name="sberbank">NULL</column>
      <column name="vtb">0</column>
      <column name="gazprom">NULL</column>
      <column name="alfabank">NULL</column>
      <column name="bankmoskvy">NULL</column>
      <column name="raiffeisen">NULL</column>
      <column name="uralsib">NULL</column>
      <column name="rshb">NULL</column>
    </table>
    <table name="bank">
      <column name="id">3179</column>
      <column name="twitid">497060221668590000</column>
      <column name="date">1407343366</column>
      <column name="name">xitudovih</column>
      <column name="text">Кредитные ставки в газпромбанке http://t.co/R7JcmGYTwq</column>
      <column name="sberbank">NULL</column>
      <column name="vtb">NULL</column>
      <column name="gazprom">0</column>
      <column name="alfabank">NULL</column>
      <column name="bankmoskvy">NULL</column>
      <column name="raiffeisen">NULL</column>
      <column name="uralsib">NULL</column>
      <column name="rshb">NULL</column>
    </table>
    <table name="bank">
      <column name="id">3180</column>
      <column name="twitid">497062085747300000</column>
      <column name="date">1407343810</column>
      <column name="name">i94611osam</column>
      <column name="text">Райффайзен банк калуга кредиты http://t.co/O7clPaDRU8</column>
      <column name="sberbank">NULL</column>
      <column name="vtb">NULL</column>
      <column name="gazprom">NULL</column>
      <column name="alfabank">NULL</column>
      <column name="bankmoskvy">NULL</column>
      <column name="raiffeisen">0</column>
      <column name="uralsib">NULL</column>
      <column name="rshb">NULL</column>
    </table>
    <table name="bank">
      <column name="id">3181</column>
      <column name="twitid">497062087211120000</column>
      <column name="date">1407343811</column>
      <column name="name">nik_volokitin</column>
      <column name="text">Потребительский кредит сбербанк самара калькулятор http://t.co/DhtK4Pmkm2</column>
      <column name="sberbank">0</column>
      <column name="vtb">NULL</column>
      <column name="gazprom">NULL</column>
      <column name="alfabank">NULL</column>
      <column name="bankmoskvy">NULL</column>
      <column name="raiffeisen">NULL</column>
      <column name="uralsib">NULL</column>
      <column name="rshb">NULL</column>
    </table>
    <table name="bank">
      <column name="id">3182</column>
      <column name="twitid">497066670901690000</column>
      <column name="date">1407344904</column>
      <column name="name">ninafiba</column>
      <column name="text">Райффайзенбанк кредиты с 18 лет http://t.co/zspV4Ixnxg</column>
      <column name="sberbank">NULL</column>
      <column name="vtb">NULL</column>
      <column name="gazprom">NULL</column>
      <column name="alfabank">NULL</column>
      <column name="bankmoskvy">NULL</column>
      <column name="raiffeisen">0</column>
      <column name="uralsib">NULL</column>
      <column name="rshb">NULL</column>
    </table>
    <table name="bank">
      <column name="id">3183</column>
      <column name="twitid">497066832105200000</column>
      <column name="date">1407344942</column>
      <column name="name">ozellatucwroy</column>
      <column name="text">Кредитные условия банке втб 24 http://t.co/RcoFUQrIa2</column>
      <column name="sberbank">NULL</column>
      <column name="vtb">0</column>
      <column name="gazprom">NULL</column>
      <column name="alfabank">NULL</column>
      <column name="bankmoskvy">NULL</column>
      <column name="raiffeisen">NULL</column>
      <column name="uralsib">NULL</column>
      <column name="rshb">NULL</column>
    </table>
    <table name="bank">
      <column name="id">3184</column>
      <column name="twitid">497068208118320000</column>
      <column name="date">1407345270</column>
      <column name="name">mejiaspualexand</column>
      <column name="text">Калькулятор по автокредитованию газпромбанка http://t.co/r5qb6IgPBT</column>
      <column name="sberbank">NULL</column>
      <column name="vtb">NULL</column>
      <column name="gazprom">0</column>
      <column name="alfabank">NULL</column>
      <column name="bankmoskvy">NULL</column>
      <column name="raiffeisen">NULL</column>
      <column name="uralsib">NULL</column>
      <column name="rshb">NULL</column>
    </table>
    <table name="bank">
      <column name="id">3185</column>
      <column name="twitid">497068250547890000</column>
      <column name="date">1407345280</column>
      <column name="name">ZoyaDidenko</column>
      <column name="text">Образовательный кредит райффайзен банк http://t.co/aZW0yHkKho</column>
      <column name="sberbank">NULL</column>
      <column name="vtb">NULL</column>
      <column name="gazprom">NULL</column>
      <column name="alfabank">NULL</column>
      <column name="bankmoskvy">NULL</column>
      <column name="raiffeisen">0</column>
      <column name="uralsib">NULL</column>
      <column name="rshb">NULL</column>
    </table>
    <table name="bank">
      <column name="id">3186</column>
      <column name="twitid">497068682288190000</column>
      <column name="date">1407345383</column>
      <column name="name">PeacefulChe</column>
      <column name="text">ВТБ прекратил прием платежей за визу США: ВТБ 24 прекратил прием консульских сборов за оплату ... http://t.co/9MZL1nuRRO #новости</column>
      <column name="sberbank">NULL</column>
      <column name="vtb">-1</column>
      <column name="gazprom">NULL</column>
      <column name="alfabank">NULL</column>
      <column name="bankmoskvy">NULL</column>
      <column name="raiffeisen">NULL</column>
      <column name="uralsib">NULL</column>
      <column name="rshb">NULL</column>
    </table>
    <table name="bank">
      <column name="id">3187</column>
      <column name="twitid">497068682728970000</column>
      <column name="date">1407345383</column>
      <column name="name">evgiven</column>
      <column name="text">RT @interfax_news: ВТБ 24 прекратил прием консульских сборов за оформление виз США http://t.co/zghg3wLMXq</column>
      <column name="sberbank">NULL</column>
      <column name="vtb">-1</column>
      <column name="gazprom">NULL</column>
      <column name="alfabank">NULL</column>
      <column name="bankmoskvy">NULL</column>
      <column name="raiffeisen">NULL</column>
      <column name="uralsib">NULL</column>
      <column name="rshb">NULL</column>
    </table>
    <table name="bank">
      <column name="id">3188</column>
      <column name="twitid">497068683869450000</column>
      <column name="date">1407345383</column>
      <column name="name">SASHAMOSTOVOJ</column>
      <column name="text">ВТБ прекратил прием платежей за визу США: ВТБ 24 прекратил прием консульских сборов за оплату виз США, сообщае... http://t.co/K6IdSBGaTh</column>
      <column name="sberbank">NULL</column>
      <column name="vtb">-1</column>
      <column name="gazprom">NULL</column>
      <column name="alfabank">NULL</column>
      <column name="bankmoskvy">NULL</column>
      <column name="raiffeisen">NULL</column>
      <column name="uralsib">NULL</column>
      <column name="rshb">NULL</column>
    </table>
    <table name="bank">
      <column name="id">3189</column>
      <column name="twitid">497068685618450000</column>
      <column name="date">1407345384</column>
      <column name="name">Mordexai</column>
      <column name="text">ВТБ прекратил прием платежей за визу США: ВТБ 24 прекратил прием консульских сборов за оплату виз США, сообщае... http://t.co/wWivwOBLc3</column>
      <column name="sberbank">NULL</column>
      <column name="vtb">-1</column>
      <column name="gazprom">NULL</column>
      <column name="alfabank">NULL</column>
      <column name="bankmoskvy">NULL</column>
      <column name="raiffeisen">NULL</column>
      <column name="uralsib">NULL</column>
      <column name="rshb">NULL</column>
    </table>
    <table name="bank">
      <column name="id">3190</column>
      <column name="twitid">497073159334820000</column>
      <column name="date">1407346451</column>
      <column name="name">SunMarinka2</column>
      <column name="text">RT @duremarik: Вот оно! Санкции начали работать! Читайте внимательно.
RT @findozor: Сбербанк допустил повышение ставок по кредитам http://t…</column>
      <column name="sberbank">-1</column>
      <column name="vtb">NULL</column>
      <column name="gazprom">NULL</column>
      <column name="alfabank">NULL</column>
      <column name="bankmoskvy">NULL</column>
      <column name="raiffeisen">NULL</column>
      <column name="uralsib">NULL</column>
      <column name="rshb">NULL</column>
    </table>
    <table name="bank">
      <column name="id">3191</column>
      <column name="twitid">497073309801280000</column>
      <column name="date">1407346486</column>
      <column name="name">nliseedit</column>
      <column name="text">Банк втб 24 кредитные ставки http://t.co/hB8a1HyYIX</column>
      <column name="sberbank">NULL</column>
      <column name="vtb">0</column>
      <column name="gazprom">NULL</column>
      <column name="alfabank">NULL</column>
      <column name="bankmoskvy">NULL</column>
      <column name="raiffeisen">NULL</column>
      <column name="uralsib">NULL</column>
      <column name="rshb">NULL</column>
    </table>
    <table name="bank">
      <column name="id">3192</column>
      <column name="twitid">497074415721780000</column>
      <column name="date">1407346750</column>
      <column name="name">link2020</column>
      <column name="text">@StateMC_Q2ZA @sberbank поздравляю броу)</column>
      <column name="sberbank">--</column>
      <column name="vtb">NULL</column>
      <column name="gazprom">NULL</column>
      <column name="alfabank">NULL</column>
      <column name="bankmoskvy">NULL</column>
      <column name="raiffeisen">NULL</column>
      <column name="uralsib">NULL</column>
      <column name="rshb">NULL</column>
    </table>
    <table name="bank">
      <column name="id">3193</column>
      <column name="twitid">497076527205730000</column>
      <column name="date">1407347253</column>
      <column name="name">StateMC_Q2ZA</column>
      <column name="text">@ymalinovskay @sberbank написал в последнем твите сейчас)</column>
      <column name="sberbank">0</column>
      <column name="vtb">NULL</column>
      <column name="gazprom">NULL</column>
      <column name="alfabank">NULL</column>
      <column name="bankmoskvy">NULL</column>
      <column name="raiffeisen">NULL</column>
      <column name="uralsib">NULL</column>
      <column name="rshb">NULL</column>
    </table>
    <table name="bank">
      <column name="id">3194</column>
      <column name="twitid">497078806071750000</column>
      <column name="date">1407347797</column>
      <column name="name">ristamKoep</column>
      <column name="text">Газпром - Нафтогазу, - Вы должны уже $6 млд. Нафтогаз - Газпромбанку, - Вам куда перевести - Visa или Mastercard?</column>
      <column name="sberbank">NULL</column>
      <column name="vtb">NULL</column>
      <column name="gazprom">0</column>
      <column name="alfabank">NULL</column>
      <column name="bankmoskvy">NULL</column>
      <column name="raiffeisen">NULL</column>
      <column name="uralsib">NULL</column>
      <column name="rshb">NULL</column>
    </table>
    <table name="bank">
      <column name="id">3195</column>
      <column name="twitid">497078809183550000</column>
      <column name="date">1407347798</column>
      <column name="name">ncentNewh</column>
      <column name="text">ВТБ, «Банк Москвы», РСХБ, РНКБ, ОСК и «Добролет» попали под канадские санкции</column>
      <column name="sberbank">NULL</column>
      <column name="vtb">-1</column>
      <column name="gazprom">NULL</column>
      <column name="alfabank">NULL</column>
      <column name="bankmoskvy">-1</column>
      <column name="raiffeisen">NULL</column>
      <column name="uralsib">NULL</column>
      <column name="rshb">-1</column>
    </table>
    <table name="bank">
      <column name="id">3196</column>
      <column name="twitid">497079251808820000</column>
      <column name="date">1407347903</column>
      <column name="name">idflaminmi1970</column>
      <column name="text">Вологодские власти заручились поддержкой Россельхозбанка</column>
      <column name="sberbank">NULL</column>
      <column name="vtb">NULL</column>
      <column name="gazprom">NULL</column>
      <column name="alfabank">NULL</column>
      <column name="bankmoskvy">NULL</column>
      <column name="raiffeisen">NULL</column>
      <column name="uralsib">NULL</column>
      <column name="rshb">0</column>
    </table>
    <table name="bank">
      <column name="id">3197</column>
      <column name="twitid">497079829448370000</column>
      <column name="date">1407348041</column>
      <column name="name">contsimotio1977</column>
      <column name="text">Канада ввела санкции в отношении ВТБ, Россельхозбанка, &quot;Банка Москвы&quot; и Российского Национального Коммерческого Банка. Об этом сообщает пре</column>
      <column name="sberbank">NULL</column>
      <column name="vtb">-1</column>
      <column name="gazprom">NULL</column>
      <column name="alfabank">NULL</column>
      <column name="bankmoskvy">-1</column>
      <column name="raiffeisen">NULL</column>
      <column name="uralsib">NULL</column>
      <column name="rshb">-1</column>
    </table>
    <table name="bank">
      <column name="id">3198</column>
      <column name="twitid">497079992757810000</column>
      <column name="date">1407348080</column>
      <column name="name">pubkegecircbour</column>
      <column name="text">RT @dabfastvatochi: кредит наличными казань сбербанк http://t.co/fjp7wi9uCN</column>
      <column name="sberbank">0</column>
      <column name="vtb">NULL</column>
      <column name="gazprom">NULL</column>
      <column name="alfabank">NULL</column>
      <column name="bankmoskvy">NULL</column>
      <column name="raiffeisen">NULL</column>
      <column name="uralsib">NULL</column>
      <column name="rshb">NULL</column>
    </table>
    <table name="bank">
      <column name="id">3199</column>
      <column name="twitid">497085915333160000</column>
      <column name="date">1407349492</column>
      <column name="name">ducale1309</column>
      <column name="text">RT @Zhekan_ukrop: Сбербанк http://t.co/EXsnnoPMYe</column>
      <column name="sberbank">0</column>
      <column name="vtb">NULL</column>
      <column name="gazprom">NULL</column>
      <column name="alfabank">NULL</column>
      <column name="bankmoskvy">NULL</column>
      <column name="raiffeisen">NULL</column>
      <column name="uralsib">NULL</column>
      <column name="rshb">NULL</column>
    </table>
    <table name="bank">
      <column name="id">3200</column>
      <column name="twitid">497086787735390000</column>
      <column name="date">1407349700</column>
      <column name="name">greattatesum</column>
      <column name="text">Волгоградский Сбербанк принял участие в мероприятии День поля</column>
      <column name="sberbank">0</column>
      <column name="vtb">NULL</column>
      <column name="gazprom">NULL</column>
      <column name="alfabank">NULL</column>
      <column name="bankmoskvy">NULL</column>
      <column name="raiffeisen">NULL</column>
      <column name="uralsib">NULL</column>
      <column name="rshb">NULL</column>
    </table>
  </database>
</pma_xml_export>
