<?xml version="1.0" encoding="utf-8"?>
<!--
- phpMyAdmin XML Dump
- version 4.0.4.1
- http://www.phpmyadmin.net
-
- Хост: localhost
- Время создания: Окт 28 2014 г., 09:03
- Версия сервера: 5.6.12
- Версия PHP: 5.5.3
-->
<pma_xml_export version="1.0" xmlns:pma="http://www.phpmyadmin.net/some_doc_url/">
  <!--
    - Structure schemas
    -->
  <pma:structure_schemas>
    <pma:database name="Romip" collation="utf8_general_ci" charset="utf8">
      <pma:table name="bank">
                CREATE TABLE `bank` (
                  `id` int(11) NOT NULL AUTO_INCREMENT,
                  `twitid` bigint(32) NOT NULL DEFAULT '0',
                  `date` varchar(128) DEFAULT NULL,
                  `name` varchar(128) DEFAULT NULL,
                  `text` varchar(256) DEFAULT NULL,
                  `sberbank` int(11) DEFAULT NULL,
                  `vtb` int(11) DEFAULT NULL,
                  `gazprom` int(11) DEFAULT NULL,
                  `alfabank` int(11) DEFAULT NULL,
                  `bankmoskvy` int(11) DEFAULT NULL,
                  `raiffeisen` int(11) DEFAULT NULL,
                  `uralsib` int(11) DEFAULT NULL,
                  `rshb` int(11) DEFAULT NULL,
                  PRIMARY KEY (`id`),
                  UNIQUE KEY `id` (`twitid`)
                ) ENGINE=InnoDB AUTO_INCREMENT=7924 DEFAULT CHARSET=utf8;
            </pma:table>
    </pma:database>
  </pma:structure_schemas>
  <!--
    - База данных: 'Romip'
    -->
  <database name="Romip">
    <!-- Таблица bank -->
    <table name="bank">
      <column name="id">701</column>
      <column name="twitid">493885846597030000</column>
      <column name="date">1406586536</column>
      <column name="name">KarlAndersonn</column>
      <column name="text">ur-help1.ru В список санкций ЕС будут включены Сбербанк и ВТБ:  http://t.co/RsB5pLkbUa</column>
      <column name="sberbank">-1</column>
      <column name="vtb">-1</column>
      <column name="gazprom">NULL</column>
      <column name="alfabank">NULL</column>
      <column name="bankmoskvy">NULL</column>
      <column name="raiffeisen">NULL</column>
      <column name="uralsib">NULL</column>
      <column name="rshb">NULL</column>
    </table>
    <table name="bank">
      <column name="id">702</column>
      <column name="twitid">493887026182520000</column>
      <column name="date">1406586817</column>
      <column name="name">zayka_lyubimogo</column>
      <column name="text">Справка для оформления кредита поручительства сбербанк скачать http://t.co/VQbV6YtWDl</column>
      <column name="sberbank">0</column>
      <column name="vtb">NULL</column>
      <column name="gazprom">NULL</column>
      <column name="alfabank">NULL</column>
      <column name="bankmoskvy">NULL</column>
      <column name="raiffeisen">NULL</column>
      <column name="uralsib">NULL</column>
      <column name="rshb">NULL</column>
    </table>
    <table name="bank">
      <column name="id">703</column>
      <column name="twitid">493887779664040000</column>
      <column name="date">1406586997</column>
      <column name="name">nliseedit</column>
      <column name="text">Калькулятор автокредита банк москвы http://t.co/2SBLLD4dc4</column>
      <column name="sberbank">NULL</column>
      <column name="vtb">NULL</column>
      <column name="gazprom">NULL</column>
      <column name="alfabank">NULL</column>
      <column name="bankmoskvy">0</column>
      <column name="raiffeisen">NULL</column>
      <column name="uralsib">NULL</column>
      <column name="rshb">NULL</column>
    </table>
    <table name="bank">
      <column name="id">704</column>
      <column name="twitid">493891077364250000</column>
      <column name="date">1406587783</column>
      <column name="name">starosteen</column>
      <column name="text">“@koffboy: Бывает такое http://t.co/hVdeS1uqwY” #RW #sberbank</column>
      <column name="sberbank">--</column>
      <column name="vtb">NULL</column>
      <column name="gazprom">NULL</column>
      <column name="alfabank">NULL</column>
      <column name="bankmoskvy">NULL</column>
      <column name="raiffeisen">NULL</column>
      <column name="uralsib">NULL</column>
      <column name="rshb">NULL</column>
    </table>
    <table name="bank">
      <column name="id">705</column>
      <column name="twitid">493891255852890000</column>
      <column name="date">1406587826</column>
      <column name="name">krystinnmkhpres</column>
      <column name="text">Как оплачивать кредит в валюте в альфа банк http://t.co/YifsvsQnW5</column>
      <column name="sberbank">NULL</column>
      <column name="vtb">NULL</column>
      <column name="gazprom">NULL</column>
      <column name="alfabank">0</column>
      <column name="bankmoskvy">NULL</column>
      <column name="raiffeisen">NULL</column>
      <column name="uralsib">NULL</column>
      <column name="rshb">NULL</column>
    </table>
    <table name="bank">
      <column name="id">706</column>
      <column name="twitid">493893306016100000</column>
      <column name="date">1406588314</column>
      <column name="name">garrettnkhaudry</column>
      <column name="text">Автокредит втб 24 г таганрог http://t.co/eOUvIO4AjG</column>
      <column name="sberbank">NULL</column>
      <column name="vtb">0</column>
      <column name="gazprom">NULL</column>
      <column name="alfabank">NULL</column>
      <column name="bankmoskvy">NULL</column>
      <column name="raiffeisen">NULL</column>
      <column name="uralsib">NULL</column>
      <column name="rshb">NULL</column>
    </table>
    <table name="bank">
      <column name="id">707</column>
      <column name="twitid">493893694991270000</column>
      <column name="date">1406588407</column>
      <column name="name">stjee51pro</column>
      <column name="text">RT @rayburncsuzanne: http://t.co/YUrLHcuC76 Сбербанк и ВТБ попадут под санкции Евросоюза</column>
      <column name="sberbank">-1</column>
      <column name="vtb">-1</column>
      <column name="gazprom">NULL</column>
      <column name="alfabank">NULL</column>
      <column name="bankmoskvy">NULL</column>
      <column name="raiffeisen">NULL</column>
      <column name="uralsib">NULL</column>
      <column name="rshb">NULL</column>
    </table>
    <table name="bank">
      <column name="id">708</column>
      <column name="twitid">493895036447490000</column>
      <column name="date">1406588727</column>
      <column name="name">seXyg1rla</column>
      <column name="text">WSJ: в список санкций ЕС будут включены Сбербанк и ВТБ http://t.co/mcji8D6deR #InstantFollow #AutoFollowBack #IFollowBack #InstantFollowBack</column>
      <column name="sberbank">-1</column>
      <column name="vtb">-1</column>
      <column name="gazprom">NULL</column>
      <column name="alfabank">NULL</column>
      <column name="bankmoskvy">NULL</column>
      <column name="raiffeisen">NULL</column>
      <column name="uralsib">NULL</column>
      <column name="rshb">NULL</column>
    </table>
    <table name="bank">
      <column name="id">709</column>
      <column name="twitid">493896556622650000</column>
      <column name="date">1406589089</column>
      <column name="name">PavelBagdanov</column>
      <column name="text">Образец справки по форме банка банк москвы http://t.co/Z0EMOCAdT4</column>
      <column name="sberbank">NULL</column>
      <column name="vtb">NULL</column>
      <column name="gazprom">NULL</column>
      <column name="alfabank">NULL</column>
      <column name="bankmoskvy">0</column>
      <column name="raiffeisen">NULL</column>
      <column name="uralsib">NULL</column>
      <column name="rshb">NULL</column>
    </table>
    <table name="bank">
      <column name="id">710</column>
      <column name="twitid">493897251656560000</column>
      <column name="date">1406589255</column>
      <column name="name">worldnewsday</column>
      <column name="text">Я.Новости | Финансы: WSJ: в список санкций ЕС будут включены Сбербанк и ВТБ http://t.co/kfPTk1zWQv</column>
      <column name="sberbank">-1</column>
      <column name="vtb">-1</column>
      <column name="gazprom">NULL</column>
      <column name="alfabank">NULL</column>
      <column name="bankmoskvy">NULL</column>
      <column name="raiffeisen">NULL</column>
      <column name="uralsib">NULL</column>
      <column name="rshb">NULL</column>
    </table>
    <table name="bank">
      <column name="id">711</column>
      <column name="twitid">493897252944240000</column>
      <column name="date">1406589255</column>
      <column name="name">worldnewsday</column>
      <column name="text">Я.Новости | Блоги: WSJ: в список санкций ЕС будут включены Сбербанк и ВТБ http://t.co/kfPTk1zWQv</column>
      <column name="sberbank">-1</column>
      <column name="vtb">-1</column>
      <column name="gazprom">NULL</column>
      <column name="alfabank">NULL</column>
      <column name="bankmoskvy">NULL</column>
      <column name="raiffeisen">NULL</column>
      <column name="uralsib">NULL</column>
      <column name="rshb">NULL</column>
    </table>
    <table name="bank">
      <column name="id">712</column>
      <column name="twitid">493898511113400000</column>
      <column name="date">1406589555</column>
      <column name="name">BuvRo</column>
      <column name="text">WSJ: в список санкций ЕС будут включены Сбербанк и ВТБ  #новость</column>
      <column name="sberbank">-1</column>
      <column name="vtb">-1</column>
      <column name="gazprom">NULL</column>
      <column name="alfabank">NULL</column>
      <column name="bankmoskvy">NULL</column>
      <column name="raiffeisen">NULL</column>
      <column name="uralsib">NULL</column>
      <column name="rshb">NULL</column>
    </table>
    <table name="bank">
      <column name="id">713</column>
      <column name="twitid">493901071774130000</column>
      <column name="date">1406590166</column>
      <column name="name">LaiPee</column>
      <column name="text">Образец кредитного договора по ипотеке сбербанк http://t.co/F6l7A9eJ3z</column>
      <column name="sberbank">0</column>
      <column name="vtb">NULL</column>
      <column name="gazprom">NULL</column>
      <column name="alfabank">NULL</column>
      <column name="bankmoskvy">NULL</column>
      <column name="raiffeisen">NULL</column>
      <column name="uralsib">NULL</column>
      <column name="rshb">NULL</column>
    </table>
    <table name="bank">
      <column name="id">714</column>
      <column name="twitid">493902442858570000</column>
      <column name="date">1406590493</column>
      <column name="name">CassandraMakhno</column>
      <column name="text">“@Dobrokhotov: Сбербанк и ВТБ под санкциями - это конец российской финансовой системе http://t.co/eQ4cfHB01G”</column>
      <column name="sberbank">-1</column>
      <column name="vtb">-1</column>
      <column name="gazprom">NULL</column>
      <column name="alfabank">NULL</column>
      <column name="bankmoskvy">NULL</column>
      <column name="raiffeisen">NULL</column>
      <column name="uralsib">NULL</column>
      <column name="rshb">NULL</column>
    </table>
    <table name="bank">
      <column name="id">715</column>
      <column name="twitid">493903310739360000</column>
      <column name="date">1406590700</column>
      <column name="name">EuromaidanPR_RU</column>
      <column name="text">В новый список санкций ЕС выйдут Сбербанк и ВТБ http://t.co/Tw5OvuZlRi</column>
      <column name="sberbank">-1</column>
      <column name="vtb">-1</column>
      <column name="gazprom">NULL</column>
      <column name="alfabank">NULL</column>
      <column name="bankmoskvy">NULL</column>
      <column name="raiffeisen">NULL</column>
      <column name="uralsib">NULL</column>
      <column name="rshb">NULL</column>
    </table>
    <table name="bank">
      <column name="id">716</column>
      <column name="twitid">493904006532450000</column>
      <column name="date">1406590866</column>
      <column name="name">VolkArtuom</column>
      <column name="text">Бланк квитанции об оплате сбербанк http://t.co/zESwo4nHmL</column>
      <column name="sberbank">0</column>
      <column name="vtb">NULL</column>
      <column name="gazprom">NULL</column>
      <column name="alfabank">NULL</column>
      <column name="bankmoskvy">NULL</column>
      <column name="raiffeisen">NULL</column>
      <column name="uralsib">NULL</column>
      <column name="rshb">NULL</column>
    </table>
    <table name="bank">
      <column name="id">717</column>
      <column name="twitid">493904354202890000</column>
      <column name="date">1406590949</column>
      <column name="name">lauscorexap1976</column>
      <column name="text">&quot;Сбербанк Онлайн&quot; признан лучшим интернет-банком в России. Больше того, Сбербанк выиграл в трех номинациях в рейтинге лучших банков в Центр</column>
      <column name="sberbank">1</column>
      <column name="vtb">NULL</column>
      <column name="gazprom">NULL</column>
      <column name="alfabank">NULL</column>
      <column name="bankmoskvy">NULL</column>
      <column name="raiffeisen">NULL</column>
      <column name="uralsib">NULL</column>
      <column name="rshb">NULL</column>
    </table>
    <table name="bank">
      <column name="id">718</column>
      <column name="twitid">493906085095280000</column>
      <column name="date">1406591361</column>
      <column name="name">KurinnyyV</column>
      <column name="text">RT @EuromaidanPR_RU: В новый список санкций ЕС выйдут Сбербанк и ВТБ http://t.co/Tw5OvuZlRi</column>
      <column name="sberbank">-1</column>
      <column name="vtb">-1</column>
      <column name="gazprom">NULL</column>
      <column name="alfabank">NULL</column>
      <column name="bankmoskvy">NULL</column>
      <column name="raiffeisen">NULL</column>
      <column name="uralsib">NULL</column>
      <column name="rshb">NULL</column>
    </table>
    <table name="bank">
      <column name="id">719</column>
      <column name="twitid">493906429322220000</column>
      <column name="date">1406591443</column>
      <column name="name">danielekvshuler</column>
      <column name="text">Откуда сбербанк узна т что есть ещ кредит http://t.co/GSFRL1xPgT</column>
      <column name="sberbank">0</column>
      <column name="vtb">NULL</column>
      <column name="gazprom">NULL</column>
      <column name="alfabank">NULL</column>
      <column name="bankmoskvy">NULL</column>
      <column name="raiffeisen">NULL</column>
      <column name="uralsib">NULL</column>
      <column name="rshb">NULL</column>
    </table>
    <table name="bank">
      <column name="id">720</column>
      <column name="twitid">493907542880170000</column>
      <column name="date">1406591709</column>
      <column name="name">alfrolov5</column>
      <column name="text">СМИ: В санкционный список ЕС могут попасть Сбербанк и ВТБ - Комсомольская правда</column>
      <column name="sberbank">-1</column>
      <column name="vtb">-1</column>
      <column name="gazprom">NULL</column>
      <column name="alfabank">NULL</column>
      <column name="bankmoskvy">NULL</column>
      <column name="raiffeisen">NULL</column>
      <column name="uralsib">NULL</column>
      <column name="rshb">NULL</column>
    </table>
    <table name="bank">
      <column name="id">721</column>
      <column name="twitid">493907544268480000</column>
      <column name="date">1406591709</column>
      <column name="name">santairis</column>
      <column name="text">#новости СМИ: В санкционный список ЕС могут попасть Сбербанк и ВТБ - Комсомольская правда  #Россия</column>
      <column name="sberbank">-1</column>
      <column name="vtb">-1</column>
      <column name="gazprom">NULL</column>
      <column name="alfabank">NULL</column>
      <column name="bankmoskvy">NULL</column>
      <column name="raiffeisen">NULL</column>
      <column name="uralsib">NULL</column>
      <column name="rshb">NULL</column>
    </table>
    <table name="bank">
      <column name="id">722</column>
      <column name="twitid">493907548185970000</column>
      <column name="date">1406591710</column>
      <column name="name">graft71</column>
      <column name="text">СМИ: В санкционный список ЕС могут попасть Сбербанк и ВТБ - Комсомольская правда http://t.co/RaygJi4zv1 #Читай</column>
      <column name="sberbank">-1</column>
      <column name="vtb">-1</column>
      <column name="gazprom">NULL</column>
      <column name="alfabank">NULL</column>
      <column name="bankmoskvy">NULL</column>
      <column name="raiffeisen">NULL</column>
      <column name="uralsib">NULL</column>
      <column name="rshb">NULL</column>
    </table>
    <table name="bank">
      <column name="id">723</column>
      <column name="twitid">493907810468390000</column>
      <column name="date">1406591773</column>
      <column name="name">ekobus1</column>
      <column name="text">СМИ: В санкционном списке ЕС могут оказаться Сбербанк и ВТБ</column>
      <column name="sberbank">-1</column>
      <column name="vtb">-1</column>
      <column name="gazprom">NULL</column>
      <column name="alfabank">NULL</column>
      <column name="bankmoskvy">NULL</column>
      <column name="raiffeisen">NULL</column>
      <column name="uralsib">NULL</column>
      <column name="rshb">NULL</column>
    </table>
    <table name="bank">
      <column name="id">724</column>
      <column name="twitid">493907810476770000</column>
      <column name="date">1406591773</column>
      <column name="name">RussianNewsline</column>
      <column name="text">СМИ: В санкционном списке ЕС могут оказаться Сбербанк и ВТБ: Европейский союз готовится добавить еще пять чело... http://t.co/pxLlCVu3BC</column>
      <column name="sberbank">-1</column>
      <column name="vtb">-1</column>
      <column name="gazprom">NULL</column>
      <column name="alfabank">NULL</column>
      <column name="bankmoskvy">NULL</column>
      <column name="raiffeisen">NULL</column>
      <column name="uralsib">NULL</column>
      <column name="rshb">NULL</column>
    </table>
    <table name="bank">
      <column name="id">725</column>
      <column name="twitid">493908372279020000</column>
      <column name="date">1406591906</column>
      <column name="name">uesk711xak</column>
      <column name="text">Автокредит без справок о доходах сбербанк http://t.co/XkMH27WgxZ</column>
      <column name="sberbank">0</column>
      <column name="vtb">NULL</column>
      <column name="gazprom">NULL</column>
      <column name="alfabank">NULL</column>
      <column name="bankmoskvy">NULL</column>
      <column name="raiffeisen">NULL</column>
      <column name="uralsib">NULL</column>
      <column name="rshb">NULL</column>
    </table>
    <table name="bank">
      <column name="id">726</column>
      <column name="twitid">493909923000910000</column>
      <column name="date">1406592276</column>
      <column name="name">AnviOfficial</column>
      <column name="text">Справка о доходах райфайзен банка http://t.co/LtwjGAsEos</column>
      <column name="sberbank">NULL</column>
      <column name="vtb">NULL</column>
      <column name="gazprom">NULL</column>
      <column name="alfabank">NULL</column>
      <column name="bankmoskvy">NULL</column>
      <column name="raiffeisen">0</column>
      <column name="uralsib">NULL</column>
      <column name="rshb">NULL</column>
    </table>
    <table name="bank">
      <column name="id">727</column>
      <column name="twitid">493911066976340000</column>
      <column name="date">1406592549</column>
      <column name="name">Zagorut</column>
      <column name="text">СМИ: Сбербанк и ВТБ попадут в санкционный список ЕС</column>
      <column name="sberbank">-1</column>
      <column name="vtb">-1</column>
      <column name="gazprom">NULL</column>
      <column name="alfabank">NULL</column>
      <column name="bankmoskvy">NULL</column>
      <column name="raiffeisen">NULL</column>
      <column name="uralsib">NULL</column>
      <column name="rshb">NULL</column>
    </table>
    <table name="bank">
      <column name="id">728</column>
      <column name="twitid">493911151986480000</column>
      <column name="date">1406592569</column>
      <column name="name">rychimmo</column>
      <column name="text">СМИ: Сбербанк и ВТБ попадут в санкционный список ЕС - Сбербанк и ВТБ могут попасть в санкционный список Евросоюза из-за ситуации на...</column>
      <column name="sberbank">-1</column>
      <column name="vtb">-1</column>
      <column name="gazprom">NULL</column>
      <column name="alfabank">NULL</column>
      <column name="bankmoskvy">NULL</column>
      <column name="raiffeisen">NULL</column>
      <column name="uralsib">NULL</column>
      <column name="rshb">NULL</column>
    </table>
    <table name="bank">
      <column name="id">729</column>
      <column name="twitid">493912788629460000</column>
      <column name="date">1406592959</column>
      <column name="name">garrettnkhaudry</column>
      <column name="text">Россельхозбанк воронеж кредитный калькулятор http://t.co/Qag9S7YlBq</column>
      <column name="sberbank">NULL</column>
      <column name="vtb">NULL</column>
      <column name="gazprom">NULL</column>
      <column name="alfabank">NULL</column>
      <column name="bankmoskvy">NULL</column>
      <column name="raiffeisen">NULL</column>
      <column name="uralsib">NULL</column>
      <column name="rshb">0</column>
    </table>
    <table name="bank">
      <column name="id">730</column>
      <column name="twitid">493913264896490000</column>
      <column name="date">1406593073</column>
      <column name="name">cotoore25</column>
      <column name="text">Под санкции ЕС попадут крупнейшие российские банки - Сбербанк и ВТБ</column>
      <column name="sberbank">-1</column>
      <column name="vtb">-1</column>
      <column name="gazprom">NULL</column>
      <column name="alfabank">NULL</column>
      <column name="bankmoskvy">NULL</column>
      <column name="raiffeisen">NULL</column>
      <column name="uralsib">NULL</column>
      <column name="rshb">NULL</column>
    </table>
    <table name="bank">
      <column name="id">731</column>
      <column name="twitid">493913266406850000</column>
      <column name="date">1406593073</column>
      <column name="name">viniminarez</column>
      <column name="text">Банк уралсиб в самаре образовательный кредит http://t.co/rUgqivdnOA</column>
      <column name="sberbank">NULL</column>
      <column name="vtb">NULL</column>
      <column name="gazprom">NULL</column>
      <column name="alfabank">NULL</column>
      <column name="bankmoskvy">NULL</column>
      <column name="raiffeisen">NULL</column>
      <column name="uralsib">0</column>
      <column name="rshb">NULL</column>
    </table>
    <table name="bank">
      <column name="id">732</column>
      <column name="twitid">493913353660940000</column>
      <column name="date">1406593094</column>
      <column name="name">lidolave</column>
      <column name="text">Если не платить кредит в втб 24 http://t.co/jpMGtl3J4M</column>
      <column name="sberbank">NULL</column>
      <column name="vtb">0</column>
      <column name="gazprom">NULL</column>
      <column name="alfabank">NULL</column>
      <column name="bankmoskvy">NULL</column>
      <column name="raiffeisen">NULL</column>
      <column name="uralsib">NULL</column>
      <column name="rshb">NULL</column>
    </table>
    <table name="bank">
      <column name="id">733</column>
      <column name="twitid">493913440885680000</column>
      <column name="date">1406593115</column>
      <column name="name">epdefre</column>
      <column name="text">Совершенствование бухгалтерского учета кредитных операций в оао россельхозбанк http://t.co/NwPDBBpXTZ</column>
      <column name="sberbank">NULL</column>
      <column name="vtb">NULL</column>
      <column name="gazprom">NULL</column>
      <column name="alfabank">NULL</column>
      <column name="bankmoskvy">NULL</column>
      <column name="raiffeisen">NULL</column>
      <column name="uralsib">NULL</column>
      <column name="rshb">0</column>
    </table>
    <table name="bank">
      <column name="id">734</column>
      <column name="twitid">493915669503550000</column>
      <column name="date">1406593646</column>
      <column name="name">_nitochka</column>
      <column name="text">@bezobrazya СМИ: Сбербанк и ВТБ попадут в санкционный список ЕС: Сбербанк ... http://t.co/aK8iiMyFMe #Взаимныйфолловинг</column>
      <column name="sberbank">-1</column>
      <column name="vtb">-1</column>
      <column name="gazprom">NULL</column>
      <column name="alfabank">NULL</column>
      <column name="bankmoskvy">NULL</column>
      <column name="raiffeisen">NULL</column>
      <column name="uralsib">NULL</column>
      <column name="rshb">NULL</column>
    </table>
    <table name="bank">
      <column name="id">735</column>
      <column name="twitid">493915670745080000</column>
      <column name="date">1406593647</column>
      <column name="name">SvetaAbramenko</column>
      <column name="text">@ViolaMazurova СМИ: Сбербанк и ВТБ попадут в санкционный список ЕС: Сберба... http://t.co/FIKnmPFzGk #Взаимныйфолловинг</column>
      <column name="sberbank">-1</column>
      <column name="vtb">-1</column>
      <column name="gazprom">NULL</column>
      <column name="alfabank">NULL</column>
      <column name="bankmoskvy">NULL</column>
      <column name="raiffeisen">NULL</column>
      <column name="uralsib">NULL</column>
      <column name="rshb">NULL</column>
    </table>
    <table name="bank">
      <column name="id">736</column>
      <column name="twitid">493915673572020000</column>
      <column name="date">1406593647</column>
      <column name="name">raskrasivaya</column>
      <column name="text">@SomViktoriy СМИ: Сбербанк и ВТБ попадут в санкционный список ЕС: Сбербанк... http://t.co/37TSFO0hoe #Взаимныйфолловинг</column>
      <column name="sberbank">-1</column>
      <column name="vtb">-1</column>
      <column name="gazprom">NULL</column>
      <column name="alfabank">NULL</column>
      <column name="bankmoskvy">NULL</column>
      <column name="raiffeisen">NULL</column>
      <column name="uralsib">NULL</column>
      <column name="rshb">NULL</column>
    </table>
    <table name="bank">
      <column name="id">737</column>
      <column name="twitid">493915673580400000</column>
      <column name="date">1406593647</column>
      <column name="name">aliseykol</column>
      <column name="text">СМИ: Сбербанк и ВТБ попадут в санкционный список ЕС: Сбербанк и ВТБ могут попасть в санкционный список Евросоюза из-за ситуации на Ук...</column>
      <column name="sberbank">-1</column>
      <column name="vtb">-1</column>
      <column name="gazprom">NULL</column>
      <column name="alfabank">NULL</column>
      <column name="bankmoskvy">NULL</column>
      <column name="raiffeisen">NULL</column>
      <column name="uralsib">NULL</column>
      <column name="rshb">NULL</column>
    </table>
    <table name="bank">
      <column name="id">738</column>
      <column name="twitid">493915673626550000</column>
      <column name="date">1406593647</column>
      <column name="name">Interesno__Vsem</column>
      <column name="text">#RT СМИ: Сбербанк и ВТБ попадут в санкционный список ЕС  #FF</column>
      <column name="sberbank">-1</column>
      <column name="vtb">-1</column>
      <column name="gazprom">NULL</column>
      <column name="alfabank">NULL</column>
      <column name="bankmoskvy">NULL</column>
      <column name="raiffeisen">NULL</column>
      <column name="uralsib">NULL</column>
      <column name="rshb">NULL</column>
    </table>
    <table name="bank">
      <column name="id">739</column>
      <column name="twitid">493915675530780000</column>
      <column name="date">1406593648</column>
      <column name="name">mirsensation</column>
      <column name="text">#RT СМИ: Сбербанк и ВТБ попадут в санкционный список ЕС http://t.co/4g4mhMSBr0 #followme</column>
      <column name="sberbank">-1</column>
      <column name="vtb">-1</column>
      <column name="gazprom">NULL</column>
      <column name="alfabank">NULL</column>
      <column name="bankmoskvy">NULL</column>
      <column name="raiffeisen">NULL</column>
      <column name="uralsib">NULL</column>
      <column name="rshb">NULL</column>
    </table>
    <table name="bank">
      <column name="id">740</column>
      <column name="twitid">493915758704210000</column>
      <column name="date">1406593668</column>
      <column name="name">Foxx_Magan</column>
      <column name="text">RT @S_pjlowec: Сбербанк и ВТБ могут попасть в санкционный список Евросоюза из-за ситуации на Украине. Это резко ограничит деятельность кред…</column>
      <column name="sberbank">-1</column>
      <column name="vtb">-1</column>
      <column name="gazprom">NULL</column>
      <column name="alfabank">NULL</column>
      <column name="bankmoskvy">NULL</column>
      <column name="raiffeisen">NULL</column>
      <column name="uralsib">NULL</column>
      <column name="rshb">NULL</column>
    </table>
    <table name="bank">
      <column name="id">741</column>
      <column name="twitid">493916060085520000</column>
      <column name="date">1406593739</column>
      <column name="name">CureMyAmnesia</column>
      <column name="text">Справка о доходах райффайзенбанка http://t.co/eLpJmjOj7v</column>
      <column name="sberbank">NULL</column>
      <column name="vtb">NULL</column>
      <column name="gazprom">NULL</column>
      <column name="alfabank">NULL</column>
      <column name="bankmoskvy">NULL</column>
      <column name="raiffeisen">0</column>
      <column name="uralsib">NULL</column>
      <column name="rshb">NULL</column>
    </table>
    <table name="bank">
      <column name="id">742</column>
      <column name="twitid">493916100501860000</column>
      <column name="date">1406593749</column>
      <column name="name">Serg_Triton</column>
      <column name="text">Справка россельхозбанка потребительский кредит http://t.co/1g9aWry6n9</column>
      <column name="sberbank">NULL</column>
      <column name="vtb">NULL</column>
      <column name="gazprom">NULL</column>
      <column name="alfabank">NULL</column>
      <column name="bankmoskvy">NULL</column>
      <column name="raiffeisen">NULL</column>
      <column name="uralsib">NULL</column>
      <column name="rshb">0</column>
    </table>
    <table name="bank">
      <column name="id">743</column>
      <column name="twitid">493916509404920000</column>
      <column name="date">1406593847</column>
      <column name="name">dudewytag</column>
      <column name="text">Кредит под нежилое помещение сбербанк http://t.co/fK4Tg9Bhqp</column>
      <column name="sberbank">0</column>
      <column name="vtb">NULL</column>
      <column name="gazprom">NULL</column>
      <column name="alfabank">NULL</column>
      <column name="bankmoskvy">NULL</column>
      <column name="raiffeisen">NULL</column>
      <column name="uralsib">NULL</column>
      <column name="rshb">NULL</column>
    </table>
    <table name="bank">
      <column name="id">744</column>
      <column name="twitid">493919762183770000</column>
      <column name="date">1406594622</column>
      <column name="name">_537495650414</column>
      <column name="text">СМИ: В санкционный список ЕС могут попасть Сбербанк и ВТБ http://t.co/p2xvAdhl52</column>
      <column name="sberbank">-1</column>
      <column name="vtb">-1</column>
      <column name="gazprom">NULL</column>
      <column name="alfabank">NULL</column>
      <column name="bankmoskvy">NULL</column>
      <column name="raiffeisen">NULL</column>
      <column name="uralsib">NULL</column>
      <column name="rshb">NULL</column>
    </table>
    <table name="bank">
      <column name="id">745</column>
      <column name="twitid">493919806488580000</column>
      <column name="date">1406594633</column>
      <column name="name">giqefyqi</column>
      <column name="text">Красноуфимск проценты кредит сроссельхозбанк http://t.co/vVtY8BskxD</column>
      <column name="sberbank">NULL</column>
      <column name="vtb">NULL</column>
      <column name="gazprom">NULL</column>
      <column name="alfabank">NULL</column>
      <column name="bankmoskvy">NULL</column>
      <column name="raiffeisen">NULL</column>
      <column name="uralsib">NULL</column>
      <column name="rshb">0</column>
    </table>
    <table name="bank">
      <column name="id">746</column>
      <column name="twitid">493920164334010000</column>
      <column name="date">1406594718</column>
      <column name="name">dupbacknurlalec</column>
      <column name="text">#вмире Под санкции ЕС попадут крупнейшие российские банки - Сбербанк и ВТБ:  ЕС расширил список лиц, к которым будут прим...  #Путин</column>
      <column name="sberbank">-1</column>
      <column name="vtb">-1</column>
      <column name="gazprom">NULL</column>
      <column name="alfabank">NULL</column>
      <column name="bankmoskvy">NULL</column>
      <column name="raiffeisen">NULL</column>
      <column name="uralsib">NULL</column>
      <column name="rshb">NULL</column>
    </table>
    <table name="bank">
      <column name="id">747</column>
      <column name="twitid">493924071529520000</column>
      <column name="date">1406595649</column>
      <column name="name">anayarvonnie</column>
      <column name="text">Адреса банков для кредитов сбербанк http://t.co/bO92TeRwF2</column>
      <column name="sberbank">0</column>
      <column name="vtb">NULL</column>
      <column name="gazprom">NULL</column>
      <column name="alfabank">NULL</column>
      <column name="bankmoskvy">NULL</column>
      <column name="raiffeisen">NULL</column>
      <column name="uralsib">NULL</column>
      <column name="rshb">NULL</column>
    </table>
    <table name="bank">
      <column name="id">748</column>
      <column name="twitid">493926525683910000</column>
      <column name="date">1406596235</column>
      <column name="name">xyseqyfy</column>
      <column name="text">Как рассчитать выплаты по кредиту сбербанк http://t.co/NJNV8ZwVdL</column>
      <column name="sberbank">0</column>
      <column name="vtb">NULL</column>
      <column name="gazprom">NULL</column>
      <column name="alfabank">NULL</column>
      <column name="bankmoskvy">NULL</column>
      <column name="raiffeisen">NULL</column>
      <column name="uralsib">NULL</column>
      <column name="rshb">NULL</column>
    </table>
    <table name="bank">
      <column name="id">749</column>
      <column name="twitid">493926572626560000</column>
      <column name="date">1406596246</column>
      <column name="name">worldnewsday</column>
      <column name="text">Я.Новости | Блоги: СМИ: Сбербанк и ВТБ попадут в санкционный список ЕС http://t.co/QNTP7LPoQr</column>
      <column name="sberbank">-1</column>
      <column name="vtb">-1</column>
      <column name="gazprom">NULL</column>
      <column name="alfabank">NULL</column>
      <column name="bankmoskvy">NULL</column>
      <column name="raiffeisen">NULL</column>
      <column name="uralsib">NULL</column>
      <column name="rshb">NULL</column>
    </table>
    <table name="bank">
      <column name="id">750</column>
      <column name="twitid">493926915204710000</column>
      <column name="date">1406596327</column>
      <column name="name">Halturinadiscme</column>
      <column name="text">29.07.2014 00:01: Сбербанк и ВТБ могут оказаться в санкционных списках Евросоюза. Об этом пишет WSJ. Как рассказал газете источник в диплом</column>
      <column name="sberbank">-1</column>
      <column name="vtb">-1</column>
      <column name="gazprom">NULL</column>
      <column name="alfabank">NULL</column>
      <column name="bankmoskvy">NULL</column>
      <column name="raiffeisen">NULL</column>
      <column name="uralsib">NULL</column>
      <column name="rshb">NULL</column>
    </table>
    <table name="bank">
      <column name="id">751</column>
      <column name="twitid">493926963221120000</column>
      <column name="date">1406596339</column>
      <column name="name">sharilynahitaka</column>
      <column name="text">Заявка кредит сбербанк нет ответа http://t.co/croEEsrnlg</column>
      <column name="sberbank">0</column>
      <column name="vtb">NULL</column>
      <column name="gazprom">NULL</column>
      <column name="alfabank">NULL</column>
      <column name="bankmoskvy">NULL</column>
      <column name="raiffeisen">NULL</column>
      <column name="uralsib">NULL</column>
      <column name="rshb">NULL</column>
    </table>
    <table name="bank">
      <column name="id">752</column>
      <column name="twitid">493927864409290000</column>
      <column name="date">1406596554</column>
      <column name="name">qunidezuhas</column>
      <column name="text">Банк втб 24 кредитная карточка http://t.co/7ymlcJUq01</column>
      <column name="sberbank">NULL</column>
      <column name="vtb">0</column>
      <column name="gazprom">NULL</column>
      <column name="alfabank">NULL</column>
      <column name="bankmoskvy">NULL</column>
      <column name="raiffeisen">NULL</column>
      <column name="uralsib">NULL</column>
      <column name="rshb">NULL</column>
    </table>
    <table name="bank">
      <column name="id">753</column>
      <column name="twitid">493927869585060000</column>
      <column name="date">1406596555</column>
      <column name="name">walokewyxal</column>
      <column name="text">Потребительский кредит в райффайзенбанк http://t.co/NmXk9PsDoF</column>
      <column name="sberbank">NULL</column>
      <column name="vtb">NULL</column>
      <column name="gazprom">NULL</column>
      <column name="alfabank">NULL</column>
      <column name="bankmoskvy">NULL</column>
      <column name="raiffeisen">0</column>
      <column name="uralsib">NULL</column>
      <column name="rshb">NULL</column>
    </table>
    <table name="bank">
      <column name="id">754</column>
      <column name="twitid">493928000795070000</column>
      <column name="date">1406596586</column>
      <column name="name">ifasiafi</column>
      <column name="text">СМИ: В санкционный список ЕС могут попасть Сбербанк и ВТБ</column>
      <column name="sberbank">-1</column>
      <column name="vtb">-1</column>
      <column name="gazprom">NULL</column>
      <column name="alfabank">NULL</column>
      <column name="bankmoskvy">NULL</column>
      <column name="raiffeisen">NULL</column>
      <column name="uralsib">NULL</column>
      <column name="rshb">NULL</column>
    </table>
    <table name="bank">
      <column name="id">755</column>
      <column name="twitid">493928293402300000</column>
      <column name="date">1406596656</column>
      <column name="name">esaGeoghe</column>
      <column name="text">#всеновости Банк ВТБ продолжает активно расширять свою сеть. Теперь воспользоваться услугами банка,... http://t.co/YVXZh5llPG #втему</column>
      <column name="sberbank">NULL</column>
      <column name="vtb">1</column>
      <column name="gazprom">NULL</column>
      <column name="alfabank">NULL</column>
      <column name="bankmoskvy">NULL</column>
      <column name="raiffeisen">NULL</column>
      <column name="uralsib">NULL</column>
      <column name="rshb">NULL</column>
    </table>
    <table name="bank">
      <column name="id">756</column>
      <column name="twitid">493928427582660000</column>
      <column name="date">1406596688</column>
      <column name="name">caigyfaler</column>
      <column name="text">Банк москвы кредит батурина http://t.co/igrX7fmSuq</column>
      <column name="sberbank">NULL</column>
      <column name="vtb">NULL</column>
      <column name="gazprom">NULL</column>
      <column name="alfabank">NULL</column>
      <column name="bankmoskvy">0</column>
      <column name="raiffeisen">NULL</column>
      <column name="uralsib">NULL</column>
      <column name="rshb">NULL</column>
    </table>
    <table name="bank">
      <column name="id">757</column>
      <column name="twitid">493928469487940000</column>
      <column name="date">1406596698</column>
      <column name="name">ocabso</column>
      <column name="text">Зао банк втб 24 автокредит http://t.co/j6SVytmM6Z</column>
      <column name="sberbank">NULL</column>
      <column name="vtb">0</column>
      <column name="gazprom">NULL</column>
      <column name="alfabank">NULL</column>
      <column name="bankmoskvy">NULL</column>
      <column name="raiffeisen">NULL</column>
      <column name="uralsib">NULL</column>
      <column name="rshb">NULL</column>
    </table>
    <table name="bank">
      <column name="id">758</column>
      <column name="twitid">493929084414860000</column>
      <column name="date">1406596845</column>
      <column name="name">VitPonomarev</column>
      <column name="text">RT @zvezdanews: Европейский союз планирует добавить в свой санкционный список Сбербанк и ВТБ.  Подробнее: http://t.co/dBK2J09qZE http://t.c…</column>
      <column name="sberbank">-1</column>
      <column name="vtb">-1</column>
      <column name="gazprom">NULL</column>
      <column name="alfabank">NULL</column>
      <column name="bankmoskvy">NULL</column>
      <column name="raiffeisen">NULL</column>
      <column name="uralsib">NULL</column>
      <column name="rshb">NULL</column>
    </table>
    <table name="bank">
      <column name="id">759</column>
      <column name="twitid">493930553633010000</column>
      <column name="date">1406597195</column>
      <column name="name">elunizits</column>
      <column name="text">образец регистрации на этп сбербанк аст http://t.co/z6Mkkzguel #аст #образец</column>
      <column name="sberbank">0</column>
      <column name="vtb">NULL</column>
      <column name="gazprom">NULL</column>
      <column name="alfabank">NULL</column>
      <column name="bankmoskvy">NULL</column>
      <column name="raiffeisen">NULL</column>
      <column name="uralsib">NULL</column>
      <column name="rshb">NULL</column>
    </table>
    <table name="bank">
      <column name="id">760</column>
      <column name="twitid">493932226958990000</column>
      <column name="date">1406597594</column>
      <column name="name">niafederaciya</column>
      <column name="text">На Сбербанк и ВТБ могут распространиться европейские санкции:http://t.co/xosJ3IrkQB</column>
      <column name="sberbank">-1</column>
      <column name="vtb">-1</column>
      <column name="gazprom">NULL</column>
      <column name="alfabank">NULL</column>
      <column name="bankmoskvy">NULL</column>
      <column name="raiffeisen">NULL</column>
      <column name="uralsib">NULL</column>
      <column name="rshb">NULL</column>
    </table>
    <table name="bank">
      <column name="id">761</column>
      <column name="twitid">493933058928950000</column>
      <column name="date">1406597792</column>
      <column name="name">LyudaRykvskaya</column>
      <column name="text">Кредит для железнодорожников в украине банк втб условия http://t.co/PhQuM6bxIR</column>
      <column name="sberbank">NULL</column>
      <column name="vtb">0</column>
      <column name="gazprom">NULL</column>
      <column name="alfabank">NULL</column>
      <column name="bankmoskvy">NULL</column>
      <column name="raiffeisen">NULL</column>
      <column name="uralsib">NULL</column>
      <column name="rshb">NULL</column>
    </table>
    <table name="bank">
      <column name="id">762</column>
      <column name="twitid">493933282128460000</column>
      <column name="date">1406597845</column>
      <column name="name">inp_business</column>
      <column name="text">ЕС добавит в списки санкций Сбербанк и ВТБ: Власти ЕС намерены добавить в новый санкционный список две российс... http://t.co/oLcPrdgBD2</column>
      <column name="sberbank">-1</column>
      <column name="vtb">-1</column>
      <column name="gazprom">NULL</column>
      <column name="alfabank">NULL</column>
      <column name="bankmoskvy">NULL</column>
      <column name="raiffeisen">NULL</column>
      <column name="uralsib">NULL</column>
      <column name="rshb">NULL</column>
    </table>
    <table name="bank">
      <column name="id">763</column>
      <column name="twitid">493934525550830000</column>
      <column name="date">1406598142</column>
      <column name="name">LakishaDietrich</column>
      <column name="text">СМИ сообщают о том, что в санкционный список ЕС будут включены Сбербанк и ВТБ</column>
      <column name="sberbank">-1</column>
      <column name="vtb">-1</column>
      <column name="gazprom">NULL</column>
      <column name="alfabank">NULL</column>
      <column name="bankmoskvy">NULL</column>
      <column name="raiffeisen">NULL</column>
      <column name="uralsib">NULL</column>
      <column name="rshb">NULL</column>
    </table>
    <table name="bank">
      <column name="id">764</column>
      <column name="twitid">493934564323390000</column>
      <column name="date">1406598151</column>
      <column name="name">rozikizutuc</column>
      <column name="text">Дает ли сбербанк кредит под залог квартиры http://t.co/4QfNdIxKG6</column>
      <column name="sberbank">0</column>
      <column name="vtb">NULL</column>
      <column name="gazprom">NULL</column>
      <column name="alfabank">NULL</column>
      <column name="bankmoskvy">NULL</column>
      <column name="raiffeisen">NULL</column>
      <column name="uralsib">NULL</column>
      <column name="rshb">NULL</column>
    </table>
    <table name="bank">
      <column name="id">765</column>
      <column name="twitid">493934564415660000</column>
      <column name="date">1406598151</column>
      <column name="name">pamyqawyvyp</column>
      <column name="text">Льготные кредиты втб 24 http://t.co/CQEH9M6DOi</column>
      <column name="sberbank">NULL</column>
      <column name="vtb">0</column>
      <column name="gazprom">NULL</column>
      <column name="alfabank">NULL</column>
      <column name="bankmoskvy">NULL</column>
      <column name="raiffeisen">NULL</column>
      <column name="uralsib">NULL</column>
      <column name="rshb">NULL</column>
    </table>
    <table name="bank">
      <column name="id">766</column>
      <column name="twitid">493934564432430000</column>
      <column name="date">1406598151</column>
      <column name="name">Kate__merallisa</column>
      <column name="text">Скидки и акции от генерального банка - партнера оао сбербанк россии. 3-. К улучшенка в кирп... http://t.co/6u8hhwsyji http://t.co/f6N7azWCLz</column>
      <column name="sberbank">1</column>
      <column name="vtb">NULL</column>
      <column name="gazprom">NULL</column>
      <column name="alfabank">NULL</column>
      <column name="bankmoskvy">NULL</column>
      <column name="raiffeisen">NULL</column>
      <column name="uralsib">NULL</column>
      <column name="rshb">NULL</column>
    </table>
    <table name="bank">
      <column name="id">767</column>
      <column name="twitid">493935101357850000</column>
      <column name="date">1406598279</column>
      <column name="name">seemahfwmkeeley</column>
      <column name="text">Кредит банк сбербанк росии http://t.co/nahLfzlnD6</column>
      <column name="sberbank">0</column>
      <column name="vtb">NULL</column>
      <column name="gazprom">NULL</column>
      <column name="alfabank">NULL</column>
      <column name="bankmoskvy">NULL</column>
      <column name="raiffeisen">NULL</column>
      <column name="uralsib">NULL</column>
      <column name="rshb">NULL</column>
    </table>
    <table name="bank">
      <column name="id">768</column>
      <column name="twitid">493935356366950000</column>
      <column name="date">1406598340</column>
      <column name="name">Kozebuk</column>
      <column name="text">СМИ: Сбербанк и ВТБ попадут в санкционный список ЕС: Сбербанк и ВТБ могут попасть в санкционный список Евросою... http://t.co/LXklf34TKf</column>
      <column name="sberbank">-1</column>
      <column name="vtb">-1</column>
      <column name="gazprom">NULL</column>
      <column name="alfabank">NULL</column>
      <column name="bankmoskvy">NULL</column>
      <column name="raiffeisen">NULL</column>
      <column name="uralsib">NULL</column>
      <column name="rshb">NULL</column>
    </table>
    <table name="bank">
      <column name="id">769</column>
      <column name="twitid">493936518252490000</column>
      <column name="date">1406598617</column>
      <column name="name">enagrandiq</column>
      <column name="text">Сочи сбербанк кредит карта http://t.co/6V15uyIMTk</column>
      <column name="sberbank">0</column>
      <column name="vtb">NULL</column>
      <column name="gazprom">NULL</column>
      <column name="alfabank">NULL</column>
      <column name="bankmoskvy">NULL</column>
      <column name="raiffeisen">NULL</column>
      <column name="uralsib">NULL</column>
      <column name="rshb">NULL</column>
    </table>
    <table name="bank">
      <column name="id">770</column>
      <column name="twitid">493936563194440000</column>
      <column name="date">1406598628</column>
      <column name="name">ikaii0101</column>
      <column name="text">Внедрение новых видов кредитов сбербанк http://t.co/FzEr6ugQbU</column>
      <column name="sberbank">1</column>
      <column name="vtb">NULL</column>
      <column name="gazprom">NULL</column>
      <column name="alfabank">NULL</column>
      <column name="bankmoskvy">NULL</column>
      <column name="raiffeisen">NULL</column>
      <column name="uralsib">NULL</column>
      <column name="rshb">NULL</column>
    </table>
    <table name="bank">
      <column name="id">771</column>
      <column name="twitid">493938782958540000</column>
      <column name="date">1406599157</column>
      <column name="name">yraqosho</column>
      <column name="text">http://t.co/KcGq8Os316 Россельхозбанк оформить заявку на кредит онлайн</column>
      <column name="sberbank">NULL</column>
      <column name="vtb">NULL</column>
      <column name="gazprom">NULL</column>
      <column name="alfabank">NULL</column>
      <column name="bankmoskvy">NULL</column>
      <column name="raiffeisen">NULL</column>
      <column name="uralsib">NULL</column>
      <column name="rshb">0</column>
    </table>
    <table name="bank">
      <column name="id">772</column>
      <column name="twitid">493939152149550000</column>
      <column name="date">1406599245</column>
      <column name="name">desaireu</column>
      <column name="text">RT @magorbacardi: Зря Сбербанк и ВТБ не открывали отделений в Крыму опасаясь санкций. Кара все равно настигла героев.</column>
      <column name="sberbank">-1</column>
      <column name="vtb">-1</column>
      <column name="gazprom">NULL</column>
      <column name="alfabank">NULL</column>
      <column name="bankmoskvy">NULL</column>
      <column name="raiffeisen">NULL</column>
      <column name="uralsib">NULL</column>
      <column name="rshb">NULL</column>
    </table>
    <table name="bank">
      <column name="id">773</column>
      <column name="twitid">493939545126480000</column>
      <column name="date">1406599339</column>
      <column name="name">rekovosegi</column>
      <column name="text">Показники кредитування в райффайзен банк аваль http://t.co/hzKgtEzQyn</column>
      <column name="sberbank">NULL</column>
      <column name="vtb">NULL</column>
      <column name="gazprom">NULL</column>
      <column name="alfabank">NULL</column>
      <column name="bankmoskvy">NULL</column>
      <column name="raiffeisen">0</column>
      <column name="uralsib">NULL</column>
      <column name="rshb">NULL</column>
    </table>
    <table name="bank">
      <column name="id">774</column>
      <column name="twitid">493940423527000000</column>
      <column name="date">1406599548</column>
      <column name="name">ehorlakuq</column>
      <column name="text">http://t.co/eiC2PGMuBa Как оформить кредит в уралсиб банке</column>
      <column name="sberbank">NULL</column>
      <column name="vtb">NULL</column>
      <column name="gazprom">NULL</column>
      <column name="alfabank">NULL</column>
      <column name="bankmoskvy">NULL</column>
      <column name="raiffeisen">NULL</column>
      <column name="uralsib">0</column>
      <column name="rshb">NULL</column>
    </table>
    <table name="bank">
      <column name="id">775</column>
      <column name="twitid">493940973156980000</column>
      <column name="date">1406599679</column>
      <column name="name">wuwupaxe</column>
      <column name="text">Выдаёт ли сбербанк кредиты http://t.co/2NYpY3cmyE</column>
      <column name="sberbank">0</column>
      <column name="vtb">NULL</column>
      <column name="gazprom">NULL</column>
      <column name="alfabank">NULL</column>
      <column name="bankmoskvy">NULL</column>
      <column name="raiffeisen">NULL</column>
      <column name="uralsib">NULL</column>
      <column name="rshb">NULL</column>
    </table>
    <table name="bank">
      <column name="id">776</column>
      <column name="twitid">493941606962040000</column>
      <column name="date">1406599830</column>
      <column name="name">connieedfchurch</column>
      <column name="text">банк москвы саратов http://t.co/02VyDhfJSk</column>
      <column name="sberbank">NULL</column>
      <column name="vtb">NULL</column>
      <column name="gazprom">NULL</column>
      <column name="alfabank">NULL</column>
      <column name="bankmoskvy">0</column>
      <column name="raiffeisen">NULL</column>
      <column name="uralsib">NULL</column>
      <column name="rshb">NULL</column>
    </table>
    <table name="bank">
      <column name="id">777</column>
      <column name="twitid">493941906595150000</column>
      <column name="date">1406599902</column>
      <column name="name">quxqocchin</column>
      <column name="text">http://t.co/Jv6fKVjqcK Взять кредит втб 24 он лайн</column>
      <column name="sberbank">NULL</column>
      <column name="vtb">0</column>
      <column name="gazprom">NULL</column>
      <column name="alfabank">NULL</column>
      <column name="bankmoskvy">NULL</column>
      <column name="raiffeisen">NULL</column>
      <column name="uralsib">NULL</column>
      <column name="rshb">NULL</column>
    </table>
    <table name="bank">
      <column name="id">778</column>
      <column name="twitid">493942627708840000</column>
      <column name="date">1406600074</column>
      <column name="name">mashaKuncova</column>
      <column name="text">gazeta.ru -  Сбербанк и ВТБ попадут под санкции ЕС</column>
      <column name="sberbank">-1</column>
      <column name="vtb">-1</column>
      <column name="gazprom">NULL</column>
      <column name="alfabank">NULL</column>
      <column name="bankmoskvy">NULL</column>
      <column name="raiffeisen">NULL</column>
      <column name="uralsib">NULL</column>
      <column name="rshb">NULL</column>
    </table>
    <table name="bank">
      <column name="id">779</column>
      <column name="twitid">493942765005590000</column>
      <column name="date">1406600106</column>
      <column name="name">wanegods87</column>
      <column name="text">СМИ: ЕС может внести в санкционный список Сбербанк и ВТБ</column>
      <column name="sberbank">-1</column>
      <column name="vtb">-1</column>
      <column name="gazprom">NULL</column>
      <column name="alfabank">NULL</column>
      <column name="bankmoskvy">NULL</column>
      <column name="raiffeisen">NULL</column>
      <column name="uralsib">NULL</column>
      <column name="rshb">NULL</column>
    </table>
    <table name="bank">
      <column name="id">780</column>
      <column name="twitid">493943028739220000</column>
      <column name="date">1406600169</column>
      <column name="name">xyhojosun</column>
      <column name="text">Кредит втб 24 без справке о доходах http://t.co/mHXsftm5dS</column>
      <column name="sberbank">NULL</column>
      <column name="vtb">0</column>
      <column name="gazprom">NULL</column>
      <column name="alfabank">NULL</column>
      <column name="bankmoskvy">NULL</column>
      <column name="raiffeisen">NULL</column>
      <column name="uralsib">NULL</column>
      <column name="rshb">NULL</column>
    </table>
    <table name="bank">
      <column name="id">781</column>
      <column name="twitid">493943073836380000</column>
      <column name="date">1406600180</column>
      <column name="name">antionettenccli</column>
      <column name="text">Кредитную карту альфа банк http://t.co/poETAI5b9O</column>
      <column name="sberbank">NULL</column>
      <column name="vtb">NULL</column>
      <column name="gazprom">NULL</column>
      <column name="alfabank">0</column>
      <column name="bankmoskvy">NULL</column>
      <column name="raiffeisen">NULL</column>
      <column name="uralsib">NULL</column>
      <column name="rshb">NULL</column>
    </table>
    <table name="bank">
      <column name="id">782</column>
      <column name="twitid">493943431366860000</column>
      <column name="date">1406600265</column>
      <column name="name">sibbanks</column>
      <column name="text">Решение ЦБ РФ по денежно-кредитной политике: смело, но преждевременно и рискованно http://t.co/jEhveyh1ur #втб #цбрф #банки</column>
      <column name="sberbank">NULL</column>
      <column name="vtb">0</column>
      <column name="gazprom">NULL</column>
      <column name="alfabank">NULL</column>
      <column name="bankmoskvy">NULL</column>
      <column name="raiffeisen">NULL</column>
      <column name="uralsib">NULL</column>
      <column name="rshb">NULL</column>
    </table>
    <table name="bank">
      <column name="id">783</column>
      <column name="twitid">493943566222520000</column>
      <column name="date">1406600297</column>
      <column name="name">xagiguwysefi</column>
      <column name="text">http://t.co/EDz6KOigca WSJ: в список санкций ЕС будут включены Сбербанк и ВТБ</column>
      <column name="sberbank">-1</column>
      <column name="vtb">-1</column>
      <column name="gazprom">NULL</column>
      <column name="alfabank">NULL</column>
      <column name="bankmoskvy">NULL</column>
      <column name="raiffeisen">NULL</column>
      <column name="uralsib">NULL</column>
      <column name="rshb">NULL</column>
    </table>
    <table name="bank">
      <column name="id">784</column>
      <column name="twitid">493944035103370000</column>
      <column name="date">1406600409</column>
      <column name="name">abessantesemp</column>
      <column name="text">RT @peddsecraiticri: Сбербанк разместил еврооблигации на &amp;amp;euro;1 млрд на 5,5 лет под 3,35% годовых #бизнес</column>
      <column name="sberbank">1</column>
      <column name="vtb">NULL</column>
      <column name="gazprom">NULL</column>
      <column name="alfabank">NULL</column>
      <column name="bankmoskvy">NULL</column>
      <column name="raiffeisen">NULL</column>
      <column name="uralsib">NULL</column>
      <column name="rshb">NULL</column>
    </table>
    <table name="bank">
      <column name="id">785</column>
      <column name="twitid">493944477841890000</column>
      <column name="date">1406600515</column>
      <column name="name">vuxazicihix</column>
      <column name="text">Проблемные вопросы кредитования сельхозпредприятий россельхозбанком http://t.co/eRqXfDf9Bt</column>
      <column name="sberbank">NULL</column>
      <column name="vtb">NULL</column>
      <column name="gazprom">NULL</column>
      <column name="alfabank">NULL</column>
      <column name="bankmoskvy">NULL</column>
      <column name="raiffeisen">NULL</column>
      <column name="uralsib">NULL</column>
      <column name="rshb">0</column>
    </table>
    <table name="bank">
      <column name="id">786</column>
      <column name="twitid">493944734738840000</column>
      <column name="date">1406600576</column>
      <column name="name">nohtomanq</column>
      <column name="text">http://t.co/synmhzMuQl Взять кредит онлайн альфа банк</column>
      <column name="sberbank">NULL</column>
      <column name="vtb">NULL</column>
      <column name="gazprom">NULL</column>
      <column name="alfabank">0</column>
      <column name="bankmoskvy">NULL</column>
      <column name="raiffeisen">NULL</column>
      <column name="uralsib">NULL</column>
      <column name="rshb">NULL</column>
    </table>
    <table name="bank">
      <column name="id">787</column>
      <column name="twitid">493946686163910000</column>
      <column name="date">1406601041</column>
      <column name="name">bbaHawth</column>
      <column name="text">http://t.co/JMTQMlTQ5C Банк втб кредиты как взять кредит</column>
      <column name="sberbank">NULL</column>
      <column name="vtb">0</column>
      <column name="gazprom">NULL</column>
      <column name="alfabank">NULL</column>
      <column name="bankmoskvy">NULL</column>
      <column name="raiffeisen">NULL</column>
      <column name="uralsib">NULL</column>
      <column name="rshb">NULL</column>
    </table>
    <table name="bank">
      <column name="id">788</column>
      <column name="twitid">493947189727460000</column>
      <column name="date">1406601161</column>
      <column name="name">worldnewsday</column>
      <column name="text">Я.Новости | Общество: Сбербанк и ВТБ попадут под санкции ЕС http://t.co/dtWyO3aEk9</column>
      <column name="sberbank">-1</column>
      <column name="vtb">-1</column>
      <column name="gazprom">NULL</column>
      <column name="alfabank">NULL</column>
      <column name="bankmoskvy">NULL</column>
      <column name="raiffeisen">NULL</column>
      <column name="uralsib">NULL</column>
      <column name="rshb">NULL</column>
    </table>
    <table name="bank">
      <column name="id">789</column>
      <column name="twitid">493948061232920000</column>
      <column name="date">1406601369</column>
      <column name="name">nynahafuq</column>
      <column name="text">Автокредитование сбербанк процентная с http://t.co/SCBW2KtJ9X</column>
      <column name="sberbank">0</column>
      <column name="vtb">NULL</column>
      <column name="gazprom">NULL</column>
      <column name="alfabank">NULL</column>
      <column name="bankmoskvy">NULL</column>
      <column name="raiffeisen">NULL</column>
      <column name="uralsib">NULL</column>
      <column name="rshb">NULL</column>
    </table>
    <table name="bank">
      <column name="id">790</column>
      <column name="twitid">493948496773660000</column>
      <column name="date">1406601473</column>
      <column name="name">worldnewsday</column>
      <column name="text">Я.Новости | Экономика: Сбербанк и ВТБ попадут под санкции ЕС http://t.co/knV01XuV83</column>
      <column name="sberbank">-1</column>
      <column name="vtb">-1</column>
      <column name="gazprom">NULL</column>
      <column name="alfabank">NULL</column>
      <column name="bankmoskvy">NULL</column>
      <column name="raiffeisen">NULL</column>
      <column name="uralsib">NULL</column>
      <column name="rshb">NULL</column>
    </table>
    <table name="bank">
      <column name="id">791</column>
      <column name="twitid">493948835563990000</column>
      <column name="date">1406601554</column>
      <column name="name">egorovott</column>
      <column name="text">Сбербанк и ВТБ попадут под санкции ЕС: Сбербанк и ВТБ попадут под санкции ЕС. Он расширил список лиц, к которы... http://t.co/eQ7oL7138R</column>
      <column name="sberbank">-1</column>
      <column name="vtb">-1</column>
      <column name="gazprom">NULL</column>
      <column name="alfabank">NULL</column>
      <column name="bankmoskvy">NULL</column>
      <column name="raiffeisen">NULL</column>
      <column name="uralsib">NULL</column>
      <column name="rshb">NULL</column>
    </table>
    <table name="bank">
      <column name="id">792</column>
      <column name="twitid">493948837279440000</column>
      <column name="date">1406601554</column>
      <column name="name">andreevott</column>
      <column name="text">Сбербанк и ВТБ попадут под санкции ЕС: Сбербанк и ВТБ попадут под санкции ЕС. Он расширил список лиц, к которы... http://t.co/BuUCzrnTHK</column>
      <column name="sberbank">-1</column>
      <column name="vtb">-1</column>
      <column name="gazprom">NULL</column>
      <column name="alfabank">NULL</column>
      <column name="bankmoskvy">NULL</column>
      <column name="raiffeisen">NULL</column>
      <column name="uralsib">NULL</column>
      <column name="rshb">NULL</column>
    </table>
    <table name="bank">
      <column name="id">793</column>
      <column name="twitid">493948839343030000</column>
      <column name="date">1406601555</column>
      <column name="name">platonovott</column>
      <column name="text">Сбербанк и ВТБ попадут под санкции ЕС: Сбербанк и ВТБ попадут под санкции ЕС. Он расширил список лиц, к которы... http://t.co/4zXpzWxsVN</column>
      <column name="sberbank">-1</column>
      <column name="vtb">-1</column>
      <column name="gazprom">NULL</column>
      <column name="alfabank">NULL</column>
      <column name="bankmoskvy">NULL</column>
      <column name="raiffeisen">NULL</column>
      <column name="uralsib">NULL</column>
      <column name="rshb">NULL</column>
    </table>
    <table name="bank">
      <column name="id">794</column>
      <column name="twitid">493948841394060000</column>
      <column name="date">1406601555</column>
      <column name="name">ull4i</column>
      <column name="text">Сбербанк и ВТБ попадут под санкции ЕС: Сбербанк и ВТБ попадут под санкции ЕС. Он расширил список лиц, к которы... http://t.co/Em8jlEh8Rt</column>
      <column name="sberbank">-1</column>
      <column name="vtb">-1</column>
      <column name="gazprom">NULL</column>
      <column name="alfabank">NULL</column>
      <column name="bankmoskvy">NULL</column>
      <column name="raiffeisen">NULL</column>
      <column name="uralsib">NULL</column>
      <column name="rshb">NULL</column>
    </table>
    <table name="bank">
      <column name="id">795</column>
      <column name="twitid">493948842409080000</column>
      <column name="date">1406601555</column>
      <column name="name">petrovaorr</column>
      <column name="text">Сбербанк и ВТБ попадут под санкции ЕС: Сбербанк и ВТБ попадут под санкции ЕС. Он расширил список лиц, к которы... http://t.co/dDDPwX1dtP</column>
      <column name="sberbank">-1</column>
      <column name="vtb">-1</column>
      <column name="gazprom">NULL</column>
      <column name="alfabank">NULL</column>
      <column name="bankmoskvy">NULL</column>
      <column name="raiffeisen">NULL</column>
      <column name="uralsib">NULL</column>
      <column name="rshb">NULL</column>
    </table>
    <table name="bank">
      <column name="id">796</column>
      <column name="twitid">493948843843530000</column>
      <column name="date">1406601556</column>
      <column name="name">osipovorr</column>
      <column name="text">Сбербанк и ВТБ попадут под санкции ЕС: Сбербанк и ВТБ попадут под санкции ЕС. Он расширил список лиц, к которы... http://t.co/LTkQlHxjKT</column>
      <column name="sberbank">-1</column>
      <column name="vtb">-1</column>
      <column name="gazprom">NULL</column>
      <column name="alfabank">NULL</column>
      <column name="bankmoskvy">NULL</column>
      <column name="raiffeisen">NULL</column>
      <column name="uralsib">NULL</column>
      <column name="rshb">NULL</column>
    </table>
    <table name="bank">
      <column name="id">797</column>
      <column name="twitid">493948845428970000</column>
      <column name="date">1406601556</column>
      <column name="name">zaisevaott</column>
      <column name="text">Сбербанк и ВТБ попадут под санкции ЕС: Сбербанк и ВТБ попадут под санкции ЕС. Он расширил список лиц, к которы... http://t.co/4UFmKzvuug</column>
      <column name="sberbank">-1</column>
      <column name="vtb">-1</column>
      <column name="gazprom">NULL</column>
      <column name="alfabank">NULL</column>
      <column name="bankmoskvy">NULL</column>
      <column name="raiffeisen">NULL</column>
      <column name="uralsib">NULL</column>
      <column name="rshb">NULL</column>
    </table>
    <table name="bank">
      <column name="id">798</column>
      <column name="twitid">493949540064440000</column>
      <column name="date">1406601722</column>
      <column name="name">russnewscast</column>
      <column name="text">Сбербанк и ВТБ попадут под санкции ЕС: Сбербанк и ВТБ попадут под санкции ЕС. Он расширил список лиц, к которы... http://t.co/4BauV6mjrM</column>
      <column name="sberbank">-1</column>
      <column name="vtb">-1</column>
      <column name="gazprom">NULL</column>
      <column name="alfabank">NULL</column>
      <column name="bankmoskvy">NULL</column>
      <column name="raiffeisen">NULL</column>
      <column name="uralsib">NULL</column>
      <column name="rshb">NULL</column>
    </table>
    <table name="bank">
      <column name="id">799</column>
      <column name="twitid">493950188097400000</column>
      <column name="date">1406601876</column>
      <column name="name">emelykunboothe</column>
      <column name="text">Акционный автокредит от альфа банка от 2 годовых http://t.co/zlNJ1B5XwO</column>
      <column name="sberbank">NULL</column>
      <column name="vtb">NULL</column>
      <column name="gazprom">NULL</column>
      <column name="alfabank">0</column>
      <column name="bankmoskvy">NULL</column>
      <column name="raiffeisen">NULL</column>
      <column name="uralsib">NULL</column>
      <column name="rshb">NULL</column>
    </table>
    <table name="bank">
      <column name="id">800</column>
      <column name="twitid">493950356934890000</column>
      <column name="date">1406601916</column>
      <column name="name">riafanru</column>
      <column name="text">В санкционный список могут попасть Сбербанк и ВТБ http://t.co/Mrp3gKQNEp http://t.co/9A0Gcsxyxq</column>
      <column name="sberbank">-1</column>
      <column name="vtb">-1</column>
      <column name="gazprom">NULL</column>
      <column name="alfabank">NULL</column>
      <column name="bankmoskvy">NULL</column>
      <column name="raiffeisen">NULL</column>
      <column name="uralsib">NULL</column>
      <column name="rshb">NULL</column>
    </table>
  </database>
</pma_xml_export>
