<?xml version="1.0" encoding="utf-8"?>
<!--
- phpMyAdmin XML Dump
- version 4.0.4.1
- http://www.phpmyadmin.net
-
- Хост: localhost
- Время создания: Окт 28 2014 г., 09:03
- Версия сервера: 5.6.12
- Версия PHP: 5.5.3
-->
<pma_xml_export version="1.0" xmlns:pma="http://www.phpmyadmin.net/some_doc_url/">
  <!--
    - Structure schemas
    -->
  <pma:structure_schemas>
    <pma:database name="Romip" collation="utf8_general_ci" charset="utf8">
      <pma:table name="bank">
                CREATE TABLE `bank` (
                  `id` int(11) NOT NULL AUTO_INCREMENT,
                  `twitid` bigint(32) NOT NULL DEFAULT '0',
                  `date` varchar(128) DEFAULT NULL,
                  `name` varchar(128) DEFAULT NULL,
                  `text` varchar(256) DEFAULT NULL,
                  `sberbank` int(11) DEFAULT NULL,
                  `vtb` int(11) DEFAULT NULL,
                  `gazprom` int(11) DEFAULT NULL,
                  `alfabank` int(11) DEFAULT NULL,
                  `bankmoskvy` int(11) DEFAULT NULL,
                  `raiffeisen` int(11) DEFAULT NULL,
                  `uralsib` int(11) DEFAULT NULL,
                  `rshb` int(11) DEFAULT NULL,
                  PRIMARY KEY (`id`),
                  UNIQUE KEY `id` (`twitid`)
                ) ENGINE=InnoDB AUTO_INCREMENT=7924 DEFAULT CHARSET=utf8;
            </pma:table>
    </pma:database>
  </pma:structure_schemas>
  <!--
    - База данных: 'Romip'
    -->
  <database name="Romip">
    <!-- Таблица bank -->
    <table name="bank">
      <column name="id">401</column>
      <column name="twitid">493508615844920000</column>
      <column name="date">1406496597</column>
      <column name="name">cindalosasaki</column>
      <column name="text">дает ли сбербанк аввтокредиты сегодня http://t.co/xdzvXs67IA</column>
      <column name="sberbank">0</column>
      <column name="vtb">NULL</column>
      <column name="gazprom">NULL</column>
      <column name="alfabank">NULL</column>
      <column name="bankmoskvy">NULL</column>
      <column name="raiffeisen">NULL</column>
      <column name="uralsib">NULL</column>
      <column name="rshb">NULL</column>
    </table>
    <table name="bank">
      <column name="id">402</column>
      <column name="twitid">493509654052600000</column>
      <column name="date">1406496845</column>
      <column name="name">isserBell</column>
      <column name="text">http://t.co/zvJedUHSoM Получить кредит в газпром банке</column>
      <column name="sberbank">NULL</column>
      <column name="vtb">NULL</column>
      <column name="gazprom">0</column>
      <column name="alfabank">NULL</column>
      <column name="bankmoskvy">NULL</column>
      <column name="raiffeisen">NULL</column>
      <column name="uralsib">NULL</column>
      <column name="rshb">NULL</column>
    </table>
    <table name="bank">
      <column name="id">403</column>
      <column name="twitid">493512132684960000</column>
      <column name="date">1406497436</column>
      <column name="name">melaniajogosavo</column>
      <column name="text">Кредит под залог имеющейся недвижимости сбербанк http://t.co/7anprzkTpH</column>
      <column name="sberbank">0</column>
      <column name="vtb">NULL</column>
      <column name="gazprom">NULL</column>
      <column name="alfabank">NULL</column>
      <column name="bankmoskvy">NULL</column>
      <column name="raiffeisen">NULL</column>
      <column name="uralsib">NULL</column>
      <column name="rshb">NULL</column>
    </table>
    <table name="bank">
      <column name="id">404</column>
      <column name="twitid">493513841201150000</column>
      <column name="date">1406497843</column>
      <column name="name">Temekabdfh</column>
      <column name="text">отсрочка платежей по кредиту альфа банк http://t.co/kFOzI2uEv5</column>
      <column name="sberbank">NULL</column>
      <column name="vtb">NULL</column>
      <column name="gazprom">NULL</column>
      <column name="alfabank">1</column>
      <column name="bankmoskvy">NULL</column>
      <column name="raiffeisen">NULL</column>
      <column name="uralsib">NULL</column>
      <column name="rshb">NULL</column>
    </table>
    <table name="bank">
      <column name="id">405</column>
      <column name="twitid">493515646337320000</column>
      <column name="date">1406498273</column>
      <column name="name">iwarahe</column>
      <column name="text">кредит втб 24 ставрополь http://t.co/JJLIFVTAPe</column>
      <column name="sberbank">NULL</column>
      <column name="vtb">0</column>
      <column name="gazprom">NULL</column>
      <column name="alfabank">NULL</column>
      <column name="bankmoskvy">NULL</column>
      <column name="raiffeisen">NULL</column>
      <column name="uralsib">NULL</column>
      <column name="rshb">NULL</column>
    </table>
    <table name="bank">
      <column name="id">406</column>
      <column name="twitid">493523793592460000</column>
      <column name="date">1406500216</column>
      <column name="name">maybelleymoherd</column>
      <column name="text">RT @loreennalazaro: потребительский кредит наличными в сбербанк самара http://t.co/4uBTjDr7SP</column>
      <column name="sberbank">0</column>
      <column name="vtb">NULL</column>
      <column name="gazprom">NULL</column>
      <column name="alfabank">NULL</column>
      <column name="bankmoskvy">NULL</column>
      <column name="raiffeisen">NULL</column>
      <column name="uralsib">NULL</column>
      <column name="rshb">NULL</column>
    </table>
    <table name="bank">
      <column name="id">407</column>
      <column name="twitid">493531420544210000</column>
      <column name="date">1406502034</column>
      <column name="name">suscillawi</column>
      <column name="text">взять кредитв сбербанк россии http://t.co/OSbR46YiFH</column>
      <column name="sberbank">0</column>
      <column name="vtb">NULL</column>
      <column name="gazprom">NULL</column>
      <column name="alfabank">NULL</column>
      <column name="bankmoskvy">NULL</column>
      <column name="raiffeisen">NULL</column>
      <column name="uralsib">NULL</column>
      <column name="rshb">NULL</column>
    </table>
    <table name="bank">
      <column name="id">408</column>
      <column name="twitid">493532472660220000</column>
      <column name="date">1406502285</column>
      <column name="name">wdenPoppel</column>
      <column name="text">http://t.co/aJyiu7mmwC Сбербанк взять кредит наличными</column>
      <column name="sberbank">0</column>
      <column name="vtb">NULL</column>
      <column name="gazprom">NULL</column>
      <column name="alfabank">NULL</column>
      <column name="bankmoskvy">NULL</column>
      <column name="raiffeisen">NULL</column>
      <column name="uralsib">NULL</column>
      <column name="rshb">NULL</column>
    </table>
    <table name="bank">
      <column name="id">409</column>
      <column name="twitid">493532476682530000</column>
      <column name="date">1406502286</column>
      <column name="name">Markelovdaegerc</column>
      <column name="text">RT @trubadur33: Сбербанк не ворует, просто эти деньги зависают. Ок. Вот у нас все так.</column>
      <column name="sberbank">+-</column>
      <column name="vtb">NULL</column>
      <column name="gazprom">NULL</column>
      <column name="alfabank">NULL</column>
      <column name="bankmoskvy">NULL</column>
      <column name="raiffeisen">NULL</column>
      <column name="uralsib">NULL</column>
      <column name="rshb">NULL</column>
    </table>
    <table name="bank">
      <column name="id">410</column>
      <column name="twitid">493533365791110000</column>
      <column name="date">1406502498</column>
      <column name="name">nadiamkpollock</column>
      <column name="text">россельхозбанк курган кредит http://t.co/VnMBYKjYsq</column>
      <column name="sberbank">NULL</column>
      <column name="vtb">NULL</column>
      <column name="gazprom">NULL</column>
      <column name="alfabank">NULL</column>
      <column name="bankmoskvy">NULL</column>
      <column name="raiffeisen">NULL</column>
      <column name="uralsib">NULL</column>
      <column name="rshb">0</column>
    </table>
    <table name="bank">
      <column name="id">411</column>
      <column name="twitid">493534945168870000</column>
      <column name="date">1406502875</column>
      <column name="name">Temekabdfh</column>
      <column name="text">кредит быстро альфа банк http://t.co/CbP6PGx3oJ</column>
      <column name="sberbank">NULL</column>
      <column name="vtb">NULL</column>
      <column name="gazprom">NULL</column>
      <column name="alfabank">0</column>
      <column name="bankmoskvy">NULL</column>
      <column name="raiffeisen">NULL</column>
      <column name="uralsib">NULL</column>
      <column name="rshb">NULL</column>
    </table>
    <table name="bank">
      <column name="id">412</column>
      <column name="twitid">493538351216350000</column>
      <column name="date">1406503687</column>
      <column name="name">sywuckee08</column>
      <column name="text">надым банк уралсиб потребительский кредит http://t.co/DvXMIv0IfO</column>
      <column name="sberbank">NULL</column>
      <column name="vtb">NULL</column>
      <column name="gazprom">NULL</column>
      <column name="alfabank">NULL</column>
      <column name="bankmoskvy">NULL</column>
      <column name="raiffeisen">NULL</column>
      <column name="uralsib">0</column>
      <column name="rshb">NULL</column>
    </table>
    <table name="bank">
      <column name="id">413</column>
      <column name="twitid">493538485794790000</column>
      <column name="date">1406503719</column>
      <column name="name">aldaoqjmfrederi</column>
      <column name="text">выдает ли кредиты сбербанк россии http://t.co/NfZO4SZg4L</column>
      <column name="sberbank">0</column>
      <column name="vtb">NULL</column>
      <column name="gazprom">NULL</column>
      <column name="alfabank">NULL</column>
      <column name="bankmoskvy">NULL</column>
      <column name="raiffeisen">NULL</column>
      <column name="uralsib">NULL</column>
      <column name="rshb">NULL</column>
    </table>
    <table name="bank">
      <column name="id">414</column>
      <column name="twitid">493538487497680000</column>
      <column name="date">1406503719</column>
      <column name="name">bekypequcyh</column>
      <column name="text">Автокредит в райфайзен банке калькулятор http://t.co/45MWcnxW6V</column>
      <column name="sberbank">NULL</column>
      <column name="vtb">NULL</column>
      <column name="gazprom">NULL</column>
      <column name="alfabank">NULL</column>
      <column name="bankmoskvy">NULL</column>
      <column name="raiffeisen">0</column>
      <column name="uralsib">NULL</column>
      <column name="rshb">NULL</column>
    </table>
    <table name="bank">
      <column name="id">415</column>
      <column name="twitid">493539784611340000</column>
      <column name="date">1406504028</column>
      <column name="name">agipaoyuvg</column>
      <column name="text">http://t.co/VdsHFq1Kq7 Как получить кредит в банке втб 24 город владикавказ</column>
      <column name="sberbank">NULL</column>
      <column name="vtb">0</column>
      <column name="gazprom">NULL</column>
      <column name="alfabank">NULL</column>
      <column name="bankmoskvy">NULL</column>
      <column name="raiffeisen">NULL</column>
      <column name="uralsib">NULL</column>
      <column name="rshb">NULL</column>
    </table>
    <table name="bank">
      <column name="id">416</column>
      <column name="twitid">493540361978270000</column>
      <column name="date">1406504166</column>
      <column name="name">icocej6</column>
      <column name="text">автосалон кредит сбербанк http://t.co/KvSKrpF58K</column>
      <column name="sberbank">0</column>
      <column name="vtb">NULL</column>
      <column name="gazprom">NULL</column>
      <column name="alfabank">NULL</column>
      <column name="bankmoskvy">NULL</column>
      <column name="raiffeisen">NULL</column>
      <column name="uralsib">NULL</column>
      <column name="rshb">NULL</column>
    </table>
    <table name="bank">
      <column name="id">417</column>
      <column name="twitid">493540490038750000</column>
      <column name="date">1406504197</column>
      <column name="name">nurypyja</column>
      <column name="text">Райфайзенбанк в городе москае система кредитования http://t.co/PEXdDSPUdY</column>
      <column name="sberbank">NULL</column>
      <column name="vtb">NULL</column>
      <column name="gazprom">NULL</column>
      <column name="alfabank">NULL</column>
      <column name="bankmoskvy">NULL</column>
      <column name="raiffeisen">0</column>
      <column name="uralsib">NULL</column>
      <column name="rshb">NULL</column>
    </table>
    <table name="bank">
      <column name="id">418</column>
      <column name="twitid">493541409191100000</column>
      <column name="date">1406504416</column>
      <column name="name">georgineujbecht</column>
      <column name="text">автомобили автокредит сбербанк http://t.co/jq9KxPwsIX</column>
      <column name="sberbank">0</column>
      <column name="vtb">NULL</column>
      <column name="gazprom">NULL</column>
      <column name="alfabank">NULL</column>
      <column name="bankmoskvy">NULL</column>
      <column name="raiffeisen">NULL</column>
      <column name="uralsib">NULL</column>
      <column name="rshb">NULL</column>
    </table>
    <table name="bank">
      <column name="id">419</column>
      <column name="twitid">493541710883220000</column>
      <column name="date">1406504488</column>
      <column name="name">serovanata</column>
      <column name="text">Global Finance признал Сбербанк Онлайн лучшим розничным интернет-банком в России</column>
      <column name="sberbank">1</column>
      <column name="vtb">NULL</column>
      <column name="gazprom">NULL</column>
      <column name="alfabank">NULL</column>
      <column name="bankmoskvy">NULL</column>
      <column name="raiffeisen">NULL</column>
      <column name="uralsib">NULL</column>
      <column name="rshb">NULL</column>
    </table>
    <table name="bank">
      <column name="id">420</column>
      <column name="twitid">493542270516600000</column>
      <column name="date">1406504621</column>
      <column name="name">obufpatca</column>
      <column name="text">http://t.co/lxzmhwi2cj Взять кредит в втб 24 онлайн</column>
      <column name="sberbank">NULL</column>
      <column name="vtb">0</column>
      <column name="gazprom">NULL</column>
      <column name="alfabank">NULL</column>
      <column name="bankmoskvy">NULL</column>
      <column name="raiffeisen">NULL</column>
      <column name="uralsib">NULL</column>
      <column name="rshb">NULL</column>
    </table>
    <table name="bank">
      <column name="id">421</column>
      <column name="twitid">493542405011160000</column>
      <column name="date">1406504653</column>
      <column name="name">madalenenhansen</column>
      <column name="text">автокредит втб сбербанк http://t.co/RQMULOL5VQ</column>
      <column name="sberbank">0</column>
      <column name="vtb">0</column>
      <column name="gazprom">NULL</column>
      <column name="alfabank">NULL</column>
      <column name="bankmoskvy">NULL</column>
      <column name="raiffeisen">NULL</column>
      <column name="uralsib">NULL</column>
      <column name="rshb">NULL</column>
    </table>
    <table name="bank">
      <column name="id">422</column>
      <column name="twitid">493542492944730000</column>
      <column name="date">1406504674</column>
      <column name="name">wudadizep</column>
      <column name="text">ипотечное кредитование сбербанк москвы http://t.co/UIHcEOj2Y8</column>
      <column name="sberbank">0</column>
      <column name="vtb">NULL</column>
      <column name="gazprom">NULL</column>
      <column name="alfabank">NULL</column>
      <column name="bankmoskvy">0</column>
      <column name="raiffeisen">NULL</column>
      <column name="uralsib">NULL</column>
      <column name="rshb">NULL</column>
    </table>
    <table name="bank">
      <column name="id">423</column>
      <column name="twitid">493544702201710000</column>
      <column name="date">1406505201</column>
      <column name="name">kndnba</column>
      <column name="text">@Feelyatina @AlmoArkanarskii я через сбербанк онлайн оплатил</column>
      <column name="sberbank">0</column>
      <column name="vtb">NULL</column>
      <column name="gazprom">NULL</column>
      <column name="alfabank">NULL</column>
      <column name="bankmoskvy">NULL</column>
      <column name="raiffeisen">NULL</column>
      <column name="uralsib">NULL</column>
      <column name="rshb">NULL</column>
    </table>
    <table name="bank">
      <column name="id">424</column>
      <column name="twitid">493544832531690000</column>
      <column name="date">1406505232</column>
      <column name="name">omryorcf</column>
      <column name="text">райфайзен банк заявка на кредитную карту http://t.co/9lxJBQlmOO</column>
      <column name="sberbank">NULL</column>
      <column name="vtb">NULL</column>
      <column name="gazprom">NULL</column>
      <column name="alfabank">NULL</column>
      <column name="bankmoskvy">NULL</column>
      <column name="raiffeisen">0</column>
      <column name="uralsib">NULL</column>
      <column name="rshb">NULL</column>
    </table>
    <table name="bank">
      <column name="id">425</column>
      <column name="twitid">493544836612760000</column>
      <column name="date">1406505233</column>
      <column name="name">xirupycirubuj28</column>
      <column name="text">Брал кредит в райффайзене http://t.co/jUvApunJvP</column>
      <column name="sberbank">NULL</column>
      <column name="vtb">NULL</column>
      <column name="gazprom">NULL</column>
      <column name="alfabank">NULL</column>
      <column name="bankmoskvy">NULL</column>
      <column name="raiffeisen">0</column>
      <column name="uralsib">NULL</column>
      <column name="rshb">NULL</column>
    </table>
    <table name="bank">
      <column name="id">426</column>
      <column name="twitid">493545409491760000</column>
      <column name="date">1406505369</column>
      <column name="name">zigobukiqe</column>
      <column name="text">кредитный отдел сбербанк иркутск ленина http://t.co/QSgnhFe7DK</column>
      <column name="sberbank">0</column>
      <column name="vtb">NULL</column>
      <column name="gazprom">NULL</column>
      <column name="alfabank">NULL</column>
      <column name="bankmoskvy">NULL</column>
      <column name="raiffeisen">NULL</column>
      <column name="uralsib">NULL</column>
      <column name="rshb">NULL</column>
    </table>
    <table name="bank">
      <column name="id">427</column>
      <column name="twitid">493546337716420000</column>
      <column name="date">1406505591</column>
      <column name="name">yrnospenez</column>
      <column name="text">россельхозбанк проценты по кредитам http://t.co/2zgwfbxlTh</column>
      <column name="sberbank">NULL</column>
      <column name="vtb">NULL</column>
      <column name="gazprom">NULL</column>
      <column name="alfabank">NULL</column>
      <column name="bankmoskvy">NULL</column>
      <column name="raiffeisen">NULL</column>
      <column name="uralsib">NULL</column>
      <column name="rshb">0</column>
    </table>
    <table name="bank">
      <column name="id">428</column>
      <column name="twitid">493547356961640000</column>
      <column name="date">1406505834</column>
      <column name="name">weuxercero</column>
      <column name="text">банк райффайзен ипотечный кредит http://t.co/5k8CIS9gkL</column>
      <column name="sberbank">NULL</column>
      <column name="vtb">NULL</column>
      <column name="gazprom">NULL</column>
      <column name="alfabank">NULL</column>
      <column name="bankmoskvy">NULL</column>
      <column name="raiffeisen">0</column>
      <column name="uralsib">NULL</column>
      <column name="rshb">NULL</column>
    </table>
    <table name="bank">
      <column name="id">429</column>
      <column name="twitid">493547531813800000</column>
      <column name="date">1406505875</column>
      <column name="name">mickiembfpgrady</column>
      <column name="text">кредит в альфабанке шелехов http://t.co/r64V56alh7</column>
      <column name="sberbank">NULL</column>
      <column name="vtb">NULL</column>
      <column name="gazprom">NULL</column>
      <column name="alfabank">0</column>
      <column name="bankmoskvy">NULL</column>
      <column name="raiffeisen">NULL</column>
      <column name="uralsib">NULL</column>
      <column name="rshb">NULL</column>
    </table>
    <table name="bank">
      <column name="id">430</column>
      <column name="twitid">493547927995180000</column>
      <column name="date">1406505970</column>
      <column name="name">savkulych200578</column>
      <column name="text">Невозможность своевременно внести кредит банк москвы http://t.co/54XpNyGZCn</column>
      <column name="sberbank">NULL</column>
      <column name="vtb">NULL</column>
      <column name="gazprom">NULL</column>
      <column name="alfabank">NULL</column>
      <column name="bankmoskvy">-1</column>
      <column name="raiffeisen">NULL</column>
      <column name="uralsib">NULL</column>
      <column name="rshb">NULL</column>
    </table>
    <table name="bank">
      <column name="id">431</column>
      <column name="twitid">493547966180110000</column>
      <column name="date">1406505979</column>
      <column name="name">AdamenkoKatena</column>
      <column name="text">Кредиты втб 24 кострома http://t.co/7nRtRwtSX5</column>
      <column name="sberbank">NULL</column>
      <column name="vtb">0</column>
      <column name="gazprom">NULL</column>
      <column name="alfabank">NULL</column>
      <column name="bankmoskvy">NULL</column>
      <column name="raiffeisen">NULL</column>
      <column name="uralsib">NULL</column>
      <column name="rshb">NULL</column>
    </table>
    <table name="bank">
      <column name="id">432</column>
      <column name="twitid">493547969678180000</column>
      <column name="date">1406505980</column>
      <column name="name">xefopogojo</column>
      <column name="text">Райффайзенбанк кредиты в самаре http://t.co/HijR4haRO6</column>
      <column name="sberbank">NULL</column>
      <column name="vtb">NULL</column>
      <column name="gazprom">NULL</column>
      <column name="alfabank">NULL</column>
      <column name="bankmoskvy">NULL</column>
      <column name="raiffeisen">0</column>
      <column name="uralsib">NULL</column>
      <column name="rshb">NULL</column>
    </table>
    <table name="bank">
      <column name="id">433</column>
      <column name="twitid">493548054084340000</column>
      <column name="date">1406506000</column>
      <column name="name">fybosehewu</column>
      <column name="text">Лизинговое кредитования в оао россельхозбанке http://t.co/Tz7Yxb1EwE</column>
      <column name="sberbank">NULL</column>
      <column name="vtb">NULL</column>
      <column name="gazprom">NULL</column>
      <column name="alfabank">NULL</column>
      <column name="bankmoskvy">NULL</column>
      <column name="raiffeisen">NULL</column>
      <column name="uralsib">NULL</column>
      <column name="rshb">0</column>
    </table>
    <table name="bank">
      <column name="id">434</column>
      <column name="twitid">493549652202250000</column>
      <column name="date">1406506381</column>
      <column name="name">TarasovaAnasta4</column>
      <column name="text">Если вдруг в дороге у вас закончились наличные и нечем расплачиваться на АЗС, то СБЕРБАНК всегда выручит вас. СБЕРБ.. http://t.co/BXoxTg3XEJ</column>
      <column name="sberbank">1</column>
      <column name="vtb">NULL</column>
      <column name="gazprom">NULL</column>
      <column name="alfabank">NULL</column>
      <column name="bankmoskvy">NULL</column>
      <column name="raiffeisen">NULL</column>
      <column name="uralsib">NULL</column>
      <column name="rshb">NULL</column>
    </table>
    <table name="bank">
      <column name="id">435</column>
      <column name="twitid">493550870764990000</column>
      <column name="date">1406506671</column>
      <column name="name">jowoqenym</column>
      <column name="text">Взять кредит в банке газпромбанк http://t.co/nl2Ivf89M5</column>
      <column name="sberbank">NULL</column>
      <column name="vtb">NULL</column>
      <column name="gazprom">0</column>
      <column name="alfabank">NULL</column>
      <column name="bankmoskvy">NULL</column>
      <column name="raiffeisen">NULL</column>
      <column name="uralsib">NULL</column>
      <column name="rshb">NULL</column>
    </table>
    <table name="bank">
      <column name="id">436</column>
      <column name="twitid">493552450335700000</column>
      <column name="date">1406507048</column>
      <column name="name">pnaa93</column>
      <column name="text">россельхозбанк казань кредит http://t.co/IEu9mn02iP</column>
      <column name="sberbank">NULL</column>
      <column name="vtb">NULL</column>
      <column name="gazprom">NULL</column>
      <column name="alfabank">NULL</column>
      <column name="bankmoskvy">NULL</column>
      <column name="raiffeisen">NULL</column>
      <column name="uralsib">NULL</column>
      <column name="rshb">0</column>
    </table>
    <table name="bank">
      <column name="id">437</column>
      <column name="twitid">493553859826970000</column>
      <column name="date">1406507384</column>
      <column name="name">imaveriaV</column>
      <column name="text">инструкции банка россельхозбанк http://t.co/LB4UqQxDiZ #банка</column>
      <column name="sberbank">NULL</column>
      <column name="vtb">NULL</column>
      <column name="gazprom">NULL</column>
      <column name="alfabank">NULL</column>
      <column name="bankmoskvy">NULL</column>
      <column name="raiffeisen">NULL</column>
      <column name="uralsib">NULL</column>
      <column name="rshb">0</column>
    </table>
    <table name="bank">
      <column name="id">438</column>
      <column name="twitid">493553916995700000</column>
      <column name="date">1406507398</column>
      <column name="name">avilnoclov</column>
      <column name="text">пакет документов в сбербанк на кредит http://t.co/kw40ezcu56</column>
      <column name="sberbank">0</column>
      <column name="vtb">NULL</column>
      <column name="gazprom">NULL</column>
      <column name="alfabank">NULL</column>
      <column name="bankmoskvy">NULL</column>
      <column name="raiffeisen">NULL</column>
      <column name="uralsib">NULL</column>
      <column name="rshb">NULL</column>
    </table>
    <table name="bank">
      <column name="id">439</column>
      <column name="twitid">493554047614740000</column>
      <column name="date">1406507429</column>
      <column name="name">bessddlundgren</column>
      <column name="text">авто кредит сбербанк санкт петербург http://t.co/RqqgypAfTv</column>
      <column name="sberbank">0</column>
      <column name="vtb">NULL</column>
      <column name="gazprom">NULL</column>
      <column name="alfabank">NULL</column>
      <column name="bankmoskvy">NULL</column>
      <column name="raiffeisen">NULL</column>
      <column name="uralsib">NULL</column>
      <column name="rshb">NULL</column>
    </table>
    <table name="bank">
      <column name="id">440</column>
      <column name="twitid">493554127247770000</column>
      <column name="date">1406507448</column>
      <column name="name">synthiaotvdsilv</column>
      <column name="text">пролонгация кредитов сбербанк с х производителей http://t.co/rsEOYHNwEt</column>
      <column name="sberbank">0</column>
      <column name="vtb">NULL</column>
      <column name="gazprom">NULL</column>
      <column name="alfabank">NULL</column>
      <column name="bankmoskvy">NULL</column>
      <column name="raiffeisen">NULL</column>
      <column name="uralsib">NULL</column>
      <column name="rshb">NULL</column>
    </table>
    <table name="bank">
      <column name="id">441</column>
      <column name="twitid">493555500236430000</column>
      <column name="date">1406507775</column>
      <column name="name">moiweez</column>
      <column name="text">калькулятор кредита наличными сбер банк http://t.co/udGo511qTT</column>
      <column name="sberbank">0</column>
      <column name="vtb">NULL</column>
      <column name="gazprom">NULL</column>
      <column name="alfabank">NULL</column>
      <column name="bankmoskvy">NULL</column>
      <column name="raiffeisen">NULL</column>
      <column name="uralsib">NULL</column>
      <column name="rshb">NULL</column>
    </table>
    <table name="bank">
      <column name="id">442</column>
      <column name="twitid">493555588564260000</column>
      <column name="date">1406507796</column>
      <column name="name">paksizka9710z</column>
      <column name="text">кредитная карта альфа банка правила пользования http://t.co/1oGQwZ4m7T</column>
      <column name="sberbank">NULL</column>
      <column name="vtb">NULL</column>
      <column name="gazprom">NULL</column>
      <column name="alfabank">0</column>
      <column name="bankmoskvy">NULL</column>
      <column name="raiffeisen">NULL</column>
      <column name="uralsib">NULL</column>
      <column name="rshb">NULL</column>
    </table>
    <table name="bank">
      <column name="id">443</column>
      <column name="twitid">493556938836570000</column>
      <column name="date">1406508118</column>
      <column name="name">tacepigip</column>
      <column name="text">В семее про деньги кредиты альфа банк http://t.co/NoabmEcMol</column>
      <column name="sberbank">NULL</column>
      <column name="vtb">NULL</column>
      <column name="gazprom">NULL</column>
      <column name="alfabank">0</column>
      <column name="bankmoskvy">NULL</column>
      <column name="raiffeisen">NULL</column>
      <column name="uralsib">NULL</column>
      <column name="rshb">NULL</column>
    </table>
    <table name="bank">
      <column name="id">444</column>
      <column name="twitid">493556988115450000</column>
      <column name="date">1406508130</column>
      <column name="name">vicapyvasi</column>
      <column name="text">Рефинансирование кредитов россельхозбанк новосибирск http://t.co/tdEIiTBIqW</column>
      <column name="sberbank">NULL</column>
      <column name="vtb">NULL</column>
      <column name="gazprom">NULL</column>
      <column name="alfabank">NULL</column>
      <column name="bankmoskvy">NULL</column>
      <column name="raiffeisen">NULL</column>
      <column name="uralsib">NULL</column>
      <column name="rshb">0</column>
    </table>
    <table name="bank">
      <column name="id">445</column>
      <column name="twitid">493557071804400000</column>
      <column name="date">1406508150</column>
      <column name="name">puseveputa</column>
      <column name="text">Кредит в банке сбербанк для преподавателей http://t.co/7CfcTdjime</column>
      <column name="sberbank">0</column>
      <column name="vtb">NULL</column>
      <column name="gazprom">NULL</column>
      <column name="alfabank">NULL</column>
      <column name="bankmoskvy">NULL</column>
      <column name="raiffeisen">NULL</column>
      <column name="uralsib">NULL</column>
      <column name="rshb">NULL</column>
    </table>
    <table name="bank">
      <column name="id">446</column>
      <column name="twitid">493560128860590000</column>
      <column name="date">1406508879</column>
      <column name="name">dyfawoxavy</column>
      <column name="text">Автокредит втб 24 оставить заявку http://t.co/YwmxIC2VSM</column>
      <column name="sberbank">NULL</column>
      <column name="vtb">0</column>
      <column name="gazprom">NULL</column>
      <column name="alfabank">NULL</column>
      <column name="bankmoskvy">NULL</column>
      <column name="raiffeisen">NULL</column>
      <column name="uralsib">NULL</column>
      <column name="rshb">NULL</column>
    </table>
    <table name="bank">
      <column name="id">447</column>
      <column name="twitid">493560130160820000</column>
      <column name="date">1406508879</column>
      <column name="name">groversmartin</column>
      <column name="text">кредиты на жилье россельхозбанк http://t.co/QdfUFbarVr</column>
      <column name="sberbank">NULL</column>
      <column name="vtb">NULL</column>
      <column name="gazprom">NULL</column>
      <column name="alfabank">NULL</column>
      <column name="bankmoskvy">NULL</column>
      <column name="raiffeisen">NULL</column>
      <column name="uralsib">NULL</column>
      <column name="rshb">0</column>
    </table>
    <table name="bank">
      <column name="id">448</column>
      <column name="twitid">493560787462810000</column>
      <column name="date">1406509036</column>
      <column name="name">wdenPoppel</column>
      <column name="text">http://t.co/9j939UrHOF В россельхозбанке взять кредит пенсионеру</column>
      <column name="sberbank">NULL</column>
      <column name="vtb">NULL</column>
      <column name="gazprom">NULL</column>
      <column name="alfabank">NULL</column>
      <column name="bankmoskvy">NULL</column>
      <column name="raiffeisen">NULL</column>
      <column name="uralsib">NULL</column>
      <column name="rshb">0</column>
    </table>
    <table name="bank">
      <column name="id">449</column>
      <column name="twitid">493561438401990000</column>
      <column name="date">1406509191</column>
      <column name="name">iteatgel</column>
      <column name="text">Банк москвы кредитные карты их преимущество http://t.co/S8IkcSpJ5X</column>
      <column name="sberbank">NULL</column>
      <column name="vtb">NULL</column>
      <column name="gazprom">NULL</column>
      <column name="alfabank">NULL</column>
      <column name="bankmoskvy">0</column>
      <column name="raiffeisen">NULL</column>
      <column name="uralsib">NULL</column>
      <column name="rshb">NULL</column>
    </table>
    <table name="bank">
      <column name="id">450</column>
      <column name="twitid">493561443334520000</column>
      <column name="date">1406509192</column>
      <column name="name">ralidicel</column>
      <column name="text">Осталась карта альфа банка после кредита http://t.co/6eOKVxrx9b</column>
      <column name="sberbank">NULL</column>
      <column name="vtb">NULL</column>
      <column name="gazprom">NULL</column>
      <column name="alfabank">0</column>
      <column name="bankmoskvy">NULL</column>
      <column name="raiffeisen">NULL</column>
      <column name="uralsib">NULL</column>
      <column name="rshb">NULL</column>
    </table>
    <table name="bank">
      <column name="id">451</column>
      <column name="twitid">493563456583650000</column>
      <column name="date">1406509672</column>
      <column name="name">ozbyakowne</column>
      <column name="text">кредитная карточка альфабанк г краснодар http://t.co/9MT5wAkvpj</column>
      <column name="sberbank">NULL</column>
      <column name="vtb">NULL</column>
      <column name="gazprom">NULL</column>
      <column name="alfabank">0</column>
      <column name="bankmoskvy">NULL</column>
      <column name="raiffeisen">NULL</column>
      <column name="uralsib">NULL</column>
      <column name="rshb">NULL</column>
    </table>
    <table name="bank">
      <column name="id">452</column>
      <column name="twitid">493563541505700000</column>
      <column name="date">1406509692</column>
      <column name="name">tndnupsk</column>
      <column name="text">потребительский кредит газпромбанк москва http://t.co/npKi4C1lSL</column>
      <column name="sberbank">NULL</column>
      <column name="vtb">NULL</column>
      <column name="gazprom">0</column>
      <column name="alfabank">NULL</column>
      <column name="bankmoskvy">NULL</column>
      <column name="raiffeisen">NULL</column>
      <column name="uralsib">NULL</column>
      <column name="rshb">NULL</column>
    </table>
    <table name="bank">
      <column name="id">453</column>
      <column name="twitid">493563543799990000</column>
      <column name="date">1406509693</column>
      <column name="name">bawibiha</column>
      <column name="text">Волгоград втб 24 банк кредиты http://t.co/ivWiOC7upE</column>
      <column name="sberbank">NULL</column>
      <column name="vtb">0</column>
      <column name="gazprom">NULL</column>
      <column name="alfabank">NULL</column>
      <column name="bankmoskvy">NULL</column>
      <column name="raiffeisen">NULL</column>
      <column name="uralsib">NULL</column>
      <column name="rshb">NULL</column>
    </table>
    <table name="bank">
      <column name="id">454</column>
      <column name="twitid">493563547801390000</column>
      <column name="date">1406509694</column>
      <column name="name">ineinchuhc</column>
      <column name="text">продо не погасили кредит альфа банку http://t.co/RG7TVlnWyE</column>
      <column name="sberbank">NULL</column>
      <column name="vtb">NULL</column>
      <column name="gazprom">NULL</column>
      <column name="alfabank">-1</column>
      <column name="bankmoskvy">NULL</column>
      <column name="raiffeisen">NULL</column>
      <column name="uralsib">NULL</column>
      <column name="rshb">NULL</column>
    </table>
    <table name="bank">
      <column name="id">455</column>
      <column name="twitid">493563636007590000</column>
      <column name="date">1406509715</column>
      <column name="name">rasixunehys</column>
      <column name="text">Формула льготное автокредитование сбербанк http://t.co/lOXAcycyWN</column>
      <column name="sberbank">0</column>
      <column name="vtb">NULL</column>
      <column name="gazprom">NULL</column>
      <column name="alfabank">NULL</column>
      <column name="bankmoskvy">NULL</column>
      <column name="raiffeisen">NULL</column>
      <column name="uralsib">NULL</column>
      <column name="rshb">NULL</column>
    </table>
    <table name="bank">
      <column name="id">456</column>
      <column name="twitid">493564790737230000</column>
      <column name="date">1406509990</column>
      <column name="name">tnibkiljvu</column>
      <column name="text">http://t.co/c73YvgIVm4 Газпромбанк оформить кредит в нижнем тагиле</column>
      <column name="sberbank">NULL</column>
      <column name="vtb">NULL</column>
      <column name="gazprom">0</column>
      <column name="alfabank">NULL</column>
      <column name="bankmoskvy">NULL</column>
      <column name="raiffeisen">NULL</column>
      <column name="uralsib">NULL</column>
      <column name="rshb">NULL</column>
    </table>
    <table name="bank">
      <column name="id">457</column>
      <column name="twitid">493569004255320000</column>
      <column name="date">1406510995</column>
      <column name="name">migejizy</column>
      <column name="text">Сколько по времени сбербанк одобряет кредит http://t.co/iwg4RgS5Uj</column>
      <column name="sberbank">0</column>
      <column name="vtb">NULL</column>
      <column name="gazprom">NULL</column>
      <column name="alfabank">NULL</column>
      <column name="bankmoskvy">NULL</column>
      <column name="raiffeisen">NULL</column>
      <column name="uralsib">NULL</column>
      <column name="rshb">NULL</column>
    </table>
    <table name="bank">
      <column name="id">458</column>
      <column name="twitid">493569005513610000</column>
      <column name="date">1406510995</column>
      <column name="name">woodleybjshea</column>
      <column name="text">кредиты банка втб 24 http://t.co/pPWKwNKgQG</column>
      <column name="sberbank">NULL</column>
      <column name="vtb">0</column>
      <column name="gazprom">NULL</column>
      <column name="alfabank">NULL</column>
      <column name="bankmoskvy">NULL</column>
      <column name="raiffeisen">NULL</column>
      <column name="uralsib">NULL</column>
      <column name="rshb">NULL</column>
    </table>
    <table name="bank">
      <column name="id">459</column>
      <column name="twitid">493572023193710000</column>
      <column name="date">1406511715</column>
      <column name="name">buluguqyjyg</column>
      <column name="text">Деньги в кредит на авто втб 24 http://t.co/cIx6D06bG3</column>
      <column name="sberbank">NULL</column>
      <column name="vtb">0</column>
      <column name="gazprom">NULL</column>
      <column name="alfabank">NULL</column>
      <column name="bankmoskvy">NULL</column>
      <column name="raiffeisen">NULL</column>
      <column name="uralsib">NULL</column>
      <column name="rshb">NULL</column>
    </table>
    <table name="bank">
      <column name="id">460</column>
      <column name="twitid">493574108672950000</column>
      <column name="date">1406512212</column>
      <column name="name">bifibakove</column>
      <column name="text">Автокредит от банка втб 24 http://t.co/8Nm0gpzDox</column>
      <column name="sberbank">NULL</column>
      <column name="vtb">0</column>
      <column name="gazprom">NULL</column>
      <column name="alfabank">NULL</column>
      <column name="bankmoskvy">NULL</column>
      <column name="raiffeisen">NULL</column>
      <column name="uralsib">NULL</column>
      <column name="rshb">NULL</column>
    </table>
    <table name="bank">
      <column name="id">461</column>
      <column name="twitid">493575596409380000</column>
      <column name="date">1406512567</column>
      <column name="name">tonysazocyp</column>
      <column name="text">Райффайзен банк список должников по кредитам http://t.co/A8SwqQLm89</column>
      <column name="sberbank">NULL</column>
      <column name="vtb">NULL</column>
      <column name="gazprom">NULL</column>
      <column name="alfabank">NULL</column>
      <column name="bankmoskvy">NULL</column>
      <column name="raiffeisen">0</column>
      <column name="uralsib">NULL</column>
      <column name="rshb">NULL</column>
    </table>
    <table name="bank">
      <column name="id">462</column>
      <column name="twitid">493577272134100000</column>
      <column name="date">1406512966</column>
      <column name="name">BieberMyGreyson</column>
      <column name="text">Туры в кредит с альфа банком</column>
      <column name="sberbank">NULL</column>
      <column name="vtb">NULL</column>
      <column name="gazprom">NULL</column>
      <column name="alfabank">0</column>
      <column name="bankmoskvy">NULL</column>
      <column name="raiffeisen">NULL</column>
      <column name="uralsib">NULL</column>
      <column name="rshb">NULL</column>
    </table>
    <table name="bank">
      <column name="id">463</column>
      <column name="twitid">493577492209600000</column>
      <column name="date">1406513019</column>
      <column name="name">isserBell</column>
      <column name="text">http://t.co/fZLidLErxa Хочу взять кредит втб 24 спб</column>
      <column name="sberbank">NULL</column>
      <column name="vtb">0</column>
      <column name="gazprom">NULL</column>
      <column name="alfabank">NULL</column>
      <column name="bankmoskvy">NULL</column>
      <column name="raiffeisen">NULL</column>
      <column name="uralsib">NULL</column>
      <column name="rshb">NULL</column>
    </table>
    <table name="bank">
      <column name="id">464</column>
      <column name="twitid">493577581275270000</column>
      <column name="date">1406513040</column>
      <column name="name">riepultaca</column>
      <column name="text">В Махачкале задержали подозреваемого в убийстве главы местного отделения Россельхозбанка</column>
      <column name="sberbank">NULL</column>
      <column name="vtb">NULL</column>
      <column name="gazprom">NULL</column>
      <column name="alfabank">NULL</column>
      <column name="bankmoskvy">NULL</column>
      <column name="raiffeisen">NULL</column>
      <column name="uralsib">NULL</column>
      <column name="rshb">--</column>
    </table>
    <table name="bank">
      <column name="id">465</column>
      <column name="twitid">493578136366640000</column>
      <column name="date">1406513172</column>
      <column name="name">Agnusrpxo</column>
      <column name="text">кредитный продукт райфайзен банк г пермь http://t.co/GS68egcEC2</column>
      <column name="sberbank">NULL</column>
      <column name="vtb">NULL</column>
      <column name="gazprom">NULL</column>
      <column name="alfabank">NULL</column>
      <column name="bankmoskvy">NULL</column>
      <column name="raiffeisen">0</column>
      <column name="uralsib">NULL</column>
      <column name="rshb">NULL</column>
    </table>
    <table name="bank">
      <column name="id">466</column>
      <column name="twitid">493580391027320000</column>
      <column name="date">1406513710</column>
      <column name="name">rahozuqajej</column>
      <column name="text">sberbank ru автокредит</column>
      <column name="sberbank">0</column>
      <column name="vtb">NULL</column>
      <column name="gazprom">NULL</column>
      <column name="alfabank">NULL</column>
      <column name="bankmoskvy">NULL</column>
      <column name="raiffeisen">NULL</column>
      <column name="uralsib">NULL</column>
      <column name="rshb">NULL</column>
    </table>
    <table name="bank">
      <column name="id">467</column>
      <column name="twitid">493580564126250000</column>
      <column name="date">1406513751</column>
      <column name="name">watazaptah</column>
      <column name="text">уралсиб банк взять кредит http://t.co/52rOInhVxb</column>
      <column name="sberbank">NULL</column>
      <column name="vtb">NULL</column>
      <column name="gazprom">NULL</column>
      <column name="alfabank">NULL</column>
      <column name="bankmoskvy">NULL</column>
      <column name="raiffeisen">NULL</column>
      <column name="uralsib">0</column>
      <column name="rshb">NULL</column>
    </table>
    <table name="bank">
      <column name="id">468</column>
      <column name="twitid">493580564356950000</column>
      <column name="date">1406513751</column>
      <column name="name">fizisoxe</column>
      <column name="text">Ипотечный кредит 5 ставка банк москвы http://t.co/sTVOyoyPX6</column>
      <column name="sberbank">NULL</column>
      <column name="vtb">NULL</column>
      <column name="gazprom">NULL</column>
      <column name="alfabank">NULL</column>
      <column name="bankmoskvy">0</column>
      <column name="raiffeisen">NULL</column>
      <column name="uralsib">NULL</column>
      <column name="rshb">NULL</column>
    </table>
    <table name="bank">
      <column name="id">469</column>
      <column name="twitid">493580949649520000</column>
      <column name="date">1406513843</column>
      <column name="name">kitsun_nik</column>
      <column name="text">Калькулятор ипотечного кредита ВТБ 24 http://t.co/jUtEIXnOiV</column>
      <column name="sberbank">NULL</column>
      <column name="vtb">0</column>
      <column name="gazprom">NULL</column>
      <column name="alfabank">NULL</column>
      <column name="bankmoskvy">NULL</column>
      <column name="raiffeisen">NULL</column>
      <column name="uralsib">NULL</column>
      <column name="rshb">NULL</column>
    </table>
    <table name="bank">
      <column name="id">470</column>
      <column name="twitid">493582795026200000</column>
      <column name="date">1406514283</column>
      <column name="name">urollyy01w</column>
      <column name="text">условия предоставления ипотечного кредитования сбербанк россии http://t.co/h4qwGoKMby</column>
      <column name="sberbank">0</column>
      <column name="vtb">NULL</column>
      <column name="gazprom">NULL</column>
      <column name="alfabank">NULL</column>
      <column name="bankmoskvy">NULL</column>
      <column name="raiffeisen">NULL</column>
      <column name="uralsib">NULL</column>
      <column name="rshb">NULL</column>
    </table>
    <table name="bank">
      <column name="id">471</column>
      <column name="twitid">493584656814840000</column>
      <column name="date">1406514727</column>
      <column name="name">lezedacewom</column>
      <column name="text">как оформить кредит в сбер банке http://t.co/9zXQ2h9ODz</column>
      <column name="sberbank">0</column>
      <column name="vtb">NULL</column>
      <column name="gazprom">NULL</column>
      <column name="alfabank">NULL</column>
      <column name="bankmoskvy">NULL</column>
      <column name="raiffeisen">NULL</column>
      <column name="uralsib">NULL</column>
      <column name="rshb">NULL</column>
    </table>
    <table name="bank">
      <column name="id">472</column>
      <column name="twitid">493585387575460000</column>
      <column name="date">1406514901</column>
      <column name="name">eraxahycu</column>
      <column name="text">платежка образец сбербанк госпошлина физическое лицо http://t.co/IEnwUhNrQg #лицо #сбербанк</column>
      <column name="sberbank">0</column>
      <column name="vtb">NULL</column>
      <column name="gazprom">NULL</column>
      <column name="alfabank">NULL</column>
      <column name="bankmoskvy">NULL</column>
      <column name="raiffeisen">NULL</column>
      <column name="uralsib">NULL</column>
      <column name="rshb">NULL</column>
    </table>
    <table name="bank">
      <column name="id">473</column>
      <column name="twitid">493585651913080000</column>
      <column name="date">1406514964</column>
      <column name="name">LarisaKovanko</column>
      <column name="text">Россельхозбанк предлагает &quot;Быстрое решение&quot; для своих клиентов</column>
      <column name="sberbank">NULL</column>
      <column name="vtb">NULL</column>
      <column name="gazprom">NULL</column>
      <column name="alfabank">NULL</column>
      <column name="bankmoskvy">NULL</column>
      <column name="raiffeisen">NULL</column>
      <column name="uralsib">NULL</column>
      <column name="rshb">0</column>
    </table>
    <table name="bank">
      <column name="id">474</column>
      <column name="twitid">493586214822630000</column>
      <column name="date">1406515098</column>
      <column name="name">pldavig</column>
      <column name="text">форд фокус новый кредит сбербанк http://t.co/PfMWJ1d3g9</column>
      <column name="sberbank">0</column>
      <column name="vtb">NULL</column>
      <column name="gazprom">NULL</column>
      <column name="alfabank">NULL</column>
      <column name="bankmoskvy">NULL</column>
      <column name="raiffeisen">NULL</column>
      <column name="uralsib">NULL</column>
      <column name="rshb">NULL</column>
    </table>
    <table name="bank">
      <column name="id">475</column>
      <column name="twitid">493586257218240000</column>
      <column name="date">1406515108</column>
      <column name="name">hishent</column>
      <column name="text">http://t.co/s3yMv3be4s справка по форме банка сбербанк образец заполнения</column>
      <column name="sberbank">0</column>
      <column name="vtb">NULL</column>
      <column name="gazprom">NULL</column>
      <column name="alfabank">NULL</column>
      <column name="bankmoskvy">NULL</column>
      <column name="raiffeisen">NULL</column>
      <column name="uralsib">NULL</column>
      <column name="rshb">NULL</column>
    </table>
    <table name="bank">
      <column name="id">476</column>
      <column name="twitid">493586767870950000</column>
      <column name="date">1406515230</column>
      <column name="name">riyaDesha</column>
      <column name="text">http://t.co/30EcMSANMZ Сбербанк рязань кредит получить пенсионеру</column>
      <column name="sberbank">0</column>
      <column name="vtb">NULL</column>
      <column name="gazprom">NULL</column>
      <column name="alfabank">NULL</column>
      <column name="bankmoskvy">NULL</column>
      <column name="raiffeisen">NULL</column>
      <column name="uralsib">NULL</column>
      <column name="rshb">NULL</column>
    </table>
    <table name="bank">
      <column name="id">477</column>
      <column name="twitid">493587674473960000</column>
      <column name="date">1406515446</column>
      <column name="name">milnertxrelyse</column>
      <column name="text">кредит без залога банк райфайзен http://t.co/ygi32XQ1PV</column>
      <column name="sberbank">NULL</column>
      <column name="vtb">NULL</column>
      <column name="gazprom">NULL</column>
      <column name="alfabank">NULL</column>
      <column name="bankmoskvy">NULL</column>
      <column name="raiffeisen">0</column>
      <column name="uralsib">NULL</column>
      <column name="rshb">NULL</column>
    </table>
    <table name="bank">
      <column name="id">478</column>
      <column name="twitid">493587809249530000</column>
      <column name="date">1406515478</column>
      <column name="name">tuxurozewif</column>
      <column name="text">кредит на квартиру в новостройке сбербанк http://t.co/87t51uhoIx</column>
      <column name="sberbank">0</column>
      <column name="vtb">NULL</column>
      <column name="gazprom">NULL</column>
      <column name="alfabank">NULL</column>
      <column name="bankmoskvy">NULL</column>
      <column name="raiffeisen">NULL</column>
      <column name="uralsib">NULL</column>
      <column name="rshb">NULL</column>
    </table>
    <table name="bank">
      <column name="id">479</column>
      <column name="twitid">493588782931660000</column>
      <column name="date">1406515710</column>
      <column name="name">omevivylpa</column>
      <column name="text">график платежей по кредиту сбербанк бланк http://t.co/33BI1kMwGj #по #бланк</column>
      <column name="sberbank">0</column>
      <column name="vtb">NULL</column>
      <column name="gazprom">NULL</column>
      <column name="alfabank">NULL</column>
      <column name="bankmoskvy">NULL</column>
      <column name="raiffeisen">NULL</column>
      <column name="uralsib">NULL</column>
      <column name="rshb">NULL</column>
    </table>
    <table name="bank">
      <column name="id">480</column>
      <column name="twitid">493591196447810000</column>
      <column name="date">1406516286</column>
      <column name="name">ajh766n</column>
      <column name="text">Ноутбук в кредит через сбербанк с http://t.co/n7Vhj8i0Tz</column>
      <column name="sberbank">0</column>
      <column name="vtb">NULL</column>
      <column name="gazprom">NULL</column>
      <column name="alfabank">NULL</column>
      <column name="bankmoskvy">NULL</column>
      <column name="raiffeisen">NULL</column>
      <column name="uralsib">NULL</column>
      <column name="rshb">NULL</column>
    </table>
    <table name="bank">
      <column name="id">481</column>
      <column name="twitid">493592804757860000</column>
      <column name="date">1406516669</column>
      <column name="name">ajh766n</column>
      <column name="text">Потребительский кредит сбербанк годовое обслуживание http://t.co/5khhul2T5I</column>
      <column name="sberbank">0</column>
      <column name="vtb">NULL</column>
      <column name="gazprom">NULL</column>
      <column name="alfabank">NULL</column>
      <column name="bankmoskvy">NULL</column>
      <column name="raiffeisen">NULL</column>
      <column name="uralsib">NULL</column>
      <column name="rshb">NULL</column>
    </table>
    <table name="bank">
      <column name="id">482</column>
      <column name="twitid">493594285389140000</column>
      <column name="date">1406517022</column>
      <column name="name">skyelldiorio</column>
      <column name="text">кредиты на жилье россельхозбанк рмэ http://t.co/s43WGbCll2</column>
      <column name="sberbank">NULL</column>
      <column name="vtb">NULL</column>
      <column name="gazprom">NULL</column>
      <column name="alfabank">NULL</column>
      <column name="bankmoskvy">NULL</column>
      <column name="raiffeisen">NULL</column>
      <column name="uralsib">NULL</column>
      <column name="rshb">0</column>
    </table>
    <table name="bank">
      <column name="id">483</column>
      <column name="twitid">493595663385370000</column>
      <column name="date">1406517351</column>
      <column name="name">ebyrolev</column>
      <column name="text">россельхозбанк документы на кредит бланк http://t.co/BDRy9p5SH7 #на #бланк</column>
      <column name="sberbank">NULL</column>
      <column name="vtb">NULL</column>
      <column name="gazprom">NULL</column>
      <column name="alfabank">NULL</column>
      <column name="bankmoskvy">NULL</column>
      <column name="raiffeisen">NULL</column>
      <column name="uralsib">NULL</column>
      <column name="rshb">0</column>
    </table>
    <table name="bank">
      <column name="id">484</column>
      <column name="twitid">493596287359790000</column>
      <column name="date">1406517500</column>
      <column name="name">qeduwovoraj</column>
      <column name="text">Кредитование малого бизнеса в россельхозбанке рб http://t.co/lAsC58ztvi</column>
      <column name="sberbank">NULL</column>
      <column name="vtb">NULL</column>
      <column name="gazprom">NULL</column>
      <column name="alfabank">NULL</column>
      <column name="bankmoskvy">NULL</column>
      <column name="raiffeisen">NULL</column>
      <column name="uralsib">NULL</column>
      <column name="rshb">0</column>
    </table>
    <table name="bank">
      <column name="id">485</column>
      <column name="twitid">493599114509430000</column>
      <column name="date">1406518174</column>
      <column name="name">beDarbonne</column>
      <column name="text">http://t.co/OyV8q7sHMj Втб 24 взять кредит через интернет</column>
      <column name="sberbank">NULL</column>
      <column name="vtb">0</column>
      <column name="gazprom">NULL</column>
      <column name="alfabank">NULL</column>
      <column name="bankmoskvy">NULL</column>
      <column name="raiffeisen">NULL</column>
      <column name="uralsib">NULL</column>
      <column name="rshb">NULL</column>
    </table>
    <table name="bank">
      <column name="id">486</column>
      <column name="twitid">493599810440930000</column>
      <column name="date">1406518340</column>
      <column name="name">cicumehy</column>
      <column name="text">Кредит в сбербанк в мама http://t.co/YyPGSOsxFh</column>
      <column name="sberbank">0</column>
      <column name="vtb">NULL</column>
      <column name="gazprom">NULL</column>
      <column name="alfabank">NULL</column>
      <column name="bankmoskvy">NULL</column>
      <column name="raiffeisen">NULL</column>
      <column name="uralsib">NULL</column>
      <column name="rshb">NULL</column>
    </table>
    <table name="bank">
      <column name="id">487</column>
      <column name="twitid">493600118294050000</column>
      <column name="date">1406518413</column>
      <column name="name">blerConnel</column>
      <column name="text">инструкция режим торгов т сбер http://t.co/gm8WHQv2Ug #т #торгов</column>
      <column name="sberbank">0</column>
      <column name="vtb">NULL</column>
      <column name="gazprom">NULL</column>
      <column name="alfabank">NULL</column>
      <column name="bankmoskvy">NULL</column>
      <column name="raiffeisen">NULL</column>
      <column name="uralsib">NULL</column>
      <column name="rshb">NULL</column>
    </table>
    <table name="bank">
      <column name="id">488</column>
      <column name="twitid">493601213569850000</column>
      <column name="date">1406518674</column>
      <column name="name">miss_nataliya12</column>
      <column name="text">Целевая программа россельхозбанка кредит под залог приобретаемой техники http://t.co/uevWtjUyUM</column>
      <column name="sberbank">NULL</column>
      <column name="vtb">NULL</column>
      <column name="gazprom">NULL</column>
      <column name="alfabank">NULL</column>
      <column name="bankmoskvy">NULL</column>
      <column name="raiffeisen">NULL</column>
      <column name="uralsib">NULL</column>
      <column name="rshb">0</column>
    </table>
    <table name="bank">
      <column name="id">489</column>
      <column name="twitid">493601341949090000</column>
      <column name="date">1406518705</column>
      <column name="name">zuqojode</column>
      <column name="text">Кредит в газпромбанке белгород онлайн заявка http://t.co/3p4bkWbscZ</column>
      <column name="sberbank">NULL</column>
      <column name="vtb">NULL</column>
      <column name="gazprom">0</column>
      <column name="alfabank">NULL</column>
      <column name="bankmoskvy">NULL</column>
      <column name="raiffeisen">NULL</column>
      <column name="uralsib">NULL</column>
      <column name="rshb">NULL</column>
    </table>
    <table name="bank">
      <column name="id">490</column>
      <column name="twitid">493602114074320000</column>
      <column name="date">1406518889</column>
      <column name="name">vijaafexr</column>
      <column name="text">http://t.co/5YZlfbqBCY Оформить кредит в альфа банке в сочи</column>
      <column name="sberbank">NULL</column>
      <column name="vtb">NULL</column>
      <column name="gazprom">NULL</column>
      <column name="alfabank">0</column>
      <column name="bankmoskvy">NULL</column>
      <column name="raiffeisen">NULL</column>
      <column name="uralsib">NULL</column>
      <column name="rshb">NULL</column>
    </table>
    <table name="bank">
      <column name="id">491</column>
      <column name="twitid">493603213942490000</column>
      <column name="date">1406519151</column>
      <column name="name">wilhelminargher</column>
      <column name="text">получить кредит в банк москвы http://t.co/mutGzlKead</column>
      <column name="sberbank">NULL</column>
      <column name="vtb">NULL</column>
      <column name="gazprom">NULL</column>
      <column name="alfabank">NULL</column>
      <column name="bankmoskvy">0</column>
      <column name="raiffeisen">NULL</column>
      <column name="uralsib">NULL</column>
      <column name="rshb">NULL</column>
    </table>
    <table name="bank">
      <column name="id">492</column>
      <column name="twitid">493604377152600000</column>
      <column name="date">1406519428</column>
      <column name="name">maryrosembeltz</column>
      <column name="text">потребительский кредит в втб 24 самара http://t.co/xMQQVV3pD3</column>
      <column name="sberbank">NULL</column>
      <column name="vtb">0</column>
      <column name="gazprom">NULL</column>
      <column name="alfabank">NULL</column>
      <column name="bankmoskvy">NULL</column>
      <column name="raiffeisen">NULL</column>
      <column name="uralsib">NULL</column>
      <column name="rshb">NULL</column>
    </table>
    <table name="bank">
      <column name="id">493</column>
      <column name="twitid">493606180690740000</column>
      <column name="date">1406519858</column>
      <column name="name">BettieReddick</column>
      <column name="text">1,5 потребительских кредита в час выдает Сбербанк дальневосточникам</column>
      <column name="sberbank">1</column>
      <column name="vtb">NULL</column>
      <column name="gazprom">NULL</column>
      <column name="alfabank">NULL</column>
      <column name="bankmoskvy">NULL</column>
      <column name="raiffeisen">NULL</column>
      <column name="uralsib">NULL</column>
      <column name="rshb">NULL</column>
    </table>
    <table name="bank">
      <column name="id">494</column>
      <column name="twitid">493606836499540000</column>
      <column name="date">1406520015</column>
      <column name="name">kisymymunaz</column>
      <column name="text">RT @qazevycifyl: Власти США в ночь на четверг ввели новые санкции против российских компаний и банков, включая ВЭБ, Газпромбанк, &quot;Роснефть&quot;…</column>
      <column name="sberbank">NULL</column>
      <column name="vtb">NULL</column>
      <column name="gazprom">-1</column>
      <column name="alfabank">NULL</column>
      <column name="bankmoskvy">NULL</column>
      <column name="raiffeisen">NULL</column>
      <column name="uralsib">NULL</column>
      <column name="rshb">NULL</column>
    </table>
    <table name="bank">
      <column name="id">495</column>
      <column name="twitid">493607102326110000</column>
      <column name="date">1406520078</column>
      <column name="name">BrunoChaib</column>
      <column name="text">Global Finance признал Сбербанк Онлайн лучшим розничным интернет банком</column>
      <column name="sberbank">1</column>
      <column name="vtb">NULL</column>
      <column name="gazprom">NULL</column>
      <column name="alfabank">NULL</column>
      <column name="bankmoskvy">NULL</column>
      <column name="raiffeisen">NULL</column>
      <column name="uralsib">NULL</column>
      <column name="rshb">NULL</column>
    </table>
    <table name="bank">
      <column name="id">496</column>
      <column name="twitid">493610885525820000</column>
      <column name="date">1406520980</column>
      <column name="name">pamyqawyvyp</column>
      <column name="text">Райффайзенбанк миасс кредитный калькулятор http://t.co/6Ha8jf8UTK</column>
      <column name="sberbank">NULL</column>
      <column name="vtb">NULL</column>
      <column name="gazprom">NULL</column>
      <column name="alfabank">NULL</column>
      <column name="bankmoskvy">NULL</column>
      <column name="raiffeisen">0</column>
      <column name="uralsib">NULL</column>
      <column name="rshb">NULL</column>
    </table>
    <table name="bank">
      <column name="id">497</column>
      <column name="twitid">493611789461230000</column>
      <column name="date">1406521196</column>
      <column name="name">diuwyelu</column>
      <column name="text">1,5 потребительских кредита в час выдает Сбербанк дальневосточникам #R</column>
      <column name="sberbank">1</column>
      <column name="vtb">NULL</column>
      <column name="gazprom">NULL</column>
      <column name="alfabank">NULL</column>
      <column name="bankmoskvy">NULL</column>
      <column name="raiffeisen">NULL</column>
      <column name="uralsib">NULL</column>
      <column name="rshb">NULL</column>
    </table>
    <table name="bank">
      <column name="id">498</column>
      <column name="twitid">493612790448680000</column>
      <column name="date">1406521434</column>
      <column name="name">torilcwqhalley</column>
      <column name="text">банк москвы потребительский кредит в чебоксарах http://t.co/P7yzFz8WTn</column>
      <column name="sberbank">NULL</column>
      <column name="vtb">NULL</column>
      <column name="gazprom">NULL</column>
      <column name="alfabank">NULL</column>
      <column name="bankmoskvy">0</column>
      <column name="raiffeisen">NULL</column>
      <column name="uralsib">NULL</column>
      <column name="rshb">NULL</column>
    </table>
    <table name="bank">
      <column name="id">499</column>
      <column name="twitid">493612841174600000</column>
      <column name="date">1406521446</column>
      <column name="name">vesudywo</column>
      <column name="text">Россельхозбанк кредиты и проценты http://t.co/eEZcoK5ave</column>
      <column name="sberbank">NULL</column>
      <column name="vtb">NULL</column>
      <column name="gazprom">NULL</column>
      <column name="alfabank">NULL</column>
      <column name="bankmoskvy">NULL</column>
      <column name="raiffeisen">NULL</column>
      <column name="uralsib">NULL</column>
      <column name="rshb">0</column>
    </table>
    <table name="bank">
      <column name="id">500</column>
      <column name="twitid">493613344604300000</column>
      <column name="date">1406521566</column>
      <column name="name">caxovasejif</column>
      <column name="text">RT @xisebiwepuqo: Банк Москвы закрыл сделку по продаже контрольного пакета акций&amp;amp;#8230;</column>
      <column name="sberbank">NULL</column>
      <column name="vtb">NULL</column>
      <column name="gazprom">NULL</column>
      <column name="alfabank">NULL</column>
      <column name="bankmoskvy">0</column>
      <column name="raiffeisen">NULL</column>
      <column name="uralsib">NULL</column>
      <column name="rshb">NULL</column>
    </table>
  </database>
</pma_xml_export>
