<?xml version="1.0" encoding="utf-8"?>
<!--
- phpMyAdmin XML Dump
- version 4.0.4.1
- http://www.phpmyadmin.net
-
- Хост: localhost
- Время создания: Окт 28 2014 г., 09:04
- Версия сервера: 5.6.12
- Версия PHP: 5.5.3
-->

<pma_xml_export version="1.0" xmlns:pma="http://www.phpmyadmin.net/some_doc_url/">
    <!--
    - Structure schemas
    -->
    <pma:structure_schemas>
        <pma:database name="Romip" collation="utf8_general_ci" charset="utf8">
            <pma:table name="bank">
                CREATE TABLE `bank` (
                  `id` int(11) NOT NULL AUTO_INCREMENT,
                  `twitid` bigint(32) NOT NULL DEFAULT '0',
                  `date` varchar(128) DEFAULT NULL,
                  `name` varchar(128) DEFAULT NULL,
                  `text` varchar(256) DEFAULT NULL,
                  `sberbank` int(11) DEFAULT NULL,
                  `vtb` int(11) DEFAULT NULL,
                  `gazprom` int(11) DEFAULT NULL,
                  `alfabank` int(11) DEFAULT NULL,
                  `bankmoskvy` int(11) DEFAULT NULL,
                  `raiffeisen` int(11) DEFAULT NULL,
                  `uralsib` int(11) DEFAULT NULL,
                  `rshb` int(11) DEFAULT NULL,
                  PRIMARY KEY (`id`),
                  UNIQUE KEY `id` (`twitid`)
                ) ENGINE=InnoDB AUTO_INCREMENT=7924 DEFAULT CHARSET=utf8;
            </pma:table>
        </pma:database>
    </pma:structure_schemas>

    <!--
    - База данных: 'Romip'
    -->
    <database name="Romip">
        <!-- Таблица bank -->
        <table name="bank">
            <column name="id">4801</column>
            <column name="twitid">499033275176740000</column>
            <column name="date">1407813779</column>
            <column name="name">gfr00gg</column>
            <column name="text">Россельхозбанк, ОАО, филиал в г. Старом Осколе - Весенний микрорайон, 11 в Старом Оско... http://t.co/KSJEaIDxDL #СтарыйОскол</column>
            <column name="sberbank">NULL</column>
            <column name="vtb">NULL</column>
            <column name="gazprom">NULL</column>
            <column name="alfabank">NULL</column>
            <column name="bankmoskvy">NULL</column>
            <column name="raiffeisen">NULL</column>
            <column name="uralsib">NULL</column>
            <column name="rshb">0</column>
        </table>
        <table name="bank">
            <column name="id">4802</column>
            <column name="twitid">499034122896290000</column>
            <column name="date">1407813981</column>
            <column name="name">SCyb_Dik</column>
            <column name="text">Вчера забавное ругательство услышал в одном из банков от его работника. /  / &quot;Да это просто полный сбербанк какой-то!&quot;</column>
            <column name="sberbank">-1</column>
            <column name="vtb">NULL</column>
            <column name="gazprom">NULL</column>
            <column name="alfabank">NULL</column>
            <column name="bankmoskvy">NULL</column>
            <column name="raiffeisen">NULL</column>
            <column name="uralsib">NULL</column>
            <column name="rshb">NULL</column>
        </table>
        <table name="bank">
            <column name="id">4803</column>
            <column name="twitid">499034433589370000</column>
            <column name="date">1407814055</column>
            <column name="name">cewuriceduwi</column>
            <column name="text">RT @kycofetanicy: банк москвы кредиты физическим лицам 9 9 http://t.co/s89mvnILUQ</column>
            <column name="sberbank">NULL</column>
            <column name="vtb">NULL</column>
            <column name="gazprom">NULL</column>
            <column name="alfabank">NULL</column>
            <column name="bankmoskvy">0</column>
            <column name="raiffeisen">NULL</column>
            <column name="uralsib">NULL</column>
            <column name="rshb">NULL</column>
        </table>
        <table name="bank">
            <column name="id">4804</column>
            <column name="twitid">499038264162910000</column>
            <column name="date">1407814968</column>
            <column name="name">vjobivai</column>
            <column name="text">#бизнес Правительство России обяжет Роснефть, РЖД и Сбербанк ввести корпоративный кодекс: Правительство России... http://t.co/zUuQtUOXQo</column>
            <column name="sberbank">0</column>
            <column name="vtb">NULL</column>
            <column name="gazprom">NULL</column>
            <column name="alfabank">NULL</column>
            <column name="bankmoskvy">NULL</column>
            <column name="raiffeisen">NULL</column>
            <column name="uralsib">NULL</column>
            <column name="rshb">NULL</column>
        </table>
        <table name="bank">
            <column name="id">4805</column>
            <column name="twitid">499039014104890000</column>
            <column name="date">1407815147</column>
            <column name="name">YaKrevedkov</column>
            <column name="text">RT @GazetaRu_Biz: Правительство России обяжет Роснефть, РЖД и Сбербанк ввести корпоративный кодекс #бизнес http://t.co/70tJRsow0c</column>
            <column name="sberbank">0</column>
            <column name="vtb">NULL</column>
            <column name="gazprom">NULL</column>
            <column name="alfabank">NULL</column>
            <column name="bankmoskvy">NULL</column>
            <column name="raiffeisen">NULL</column>
            <column name="uralsib">NULL</column>
            <column name="rshb">NULL</column>
        </table>
        <table name="bank">
            <column name="id">4806</column>
            <column name="twitid">499039258695700000</column>
            <column name="date">1407815205</column>
            <column name="name">gribakoff</column>
            <column name="text">S&amp;amp;P подтвердило рейтинг Газпромбанка на уровне &quot;BBB-&quot; c негативным прогнозом http://t.co/m1aPt7rfol</column>
            <column name="sberbank">NULL</column>
            <column name="vtb">NULL</column>
            <column name="gazprom">-1</column>
            <column name="alfabank">NULL</column>
            <column name="bankmoskvy">NULL</column>
            <column name="raiffeisen">NULL</column>
            <column name="uralsib">NULL</column>
            <column name="rshb">NULL</column>
        </table>
        <table name="bank">
            <column name="id">4807</column>
            <column name="twitid">499041172246240000</column>
            <column name="date">1407815661</column>
            <column name="name">qafukimemah</column>
            <column name="text">RT @ldnerStoc: банк москвы перекредитование ипотеки http://t.co/VsagVaUSoq</column>
            <column name="sberbank">NULL</column>
            <column name="vtb">NULL</column>
            <column name="gazprom">NULL</column>
            <column name="alfabank">NULL</column>
            <column name="bankmoskvy">0</column>
            <column name="raiffeisen">NULL</column>
            <column name="uralsib">NULL</column>
            <column name="rshb">NULL</column>
        </table>
        <table name="bank">
            <column name="id">4808</column>
            <column name="twitid">499042908520330000</column>
            <column name="date">1407816075</column>
            <column name="name">rapmagarsimpsi</column>
            <column name="text">взять кредит альфа банке http://t.co/Sqz9xdtHDc</column>
            <column name="sberbank">NULL</column>
            <column name="vtb">NULL</column>
            <column name="gazprom">NULL</column>
            <column name="alfabank">0</column>
            <column name="bankmoskvy">NULL</column>
            <column name="raiffeisen">NULL</column>
            <column name="uralsib">NULL</column>
            <column name="rshb">NULL</column>
        </table>
        <table name="bank">
            <column name="id">4809</column>
            <column name="twitid">499043731480140000</column>
            <column name="date">1407816272</column>
            <column name="name">Mebelbum</column>
            <column name="text">Правительство России обяжет Роснефть, РЖД и Сбербанк ввести корпоративный кодекс: Правительство России обяжет такие крупные акционерные…</column>
            <column name="sberbank">0</column>
            <column name="vtb">NULL</column>
            <column name="gazprom">NULL</column>
            <column name="alfabank">NULL</column>
            <column name="bankmoskvy">NULL</column>
            <column name="raiffeisen">NULL</column>
            <column name="uralsib">NULL</column>
            <column name="rshb">NULL</column>
        </table>
        <table name="bank">
            <column name="id">4810</column>
            <column name="twitid">499044043054400000</column>
            <column name="date">1407816346</column>
            <column name="name">contpuviama1973</column>
            <column name="text">В июле Россельхозбанк собрал урожай плохих долгов.Просроченная задолженность банка росла рекордными темпами до рекордных уровней</column>
            <column name="sberbank">NULL</column>
            <column name="vtb">NULL</column>
            <column name="gazprom">NULL</column>
            <column name="alfabank">NULL</column>
            <column name="bankmoskvy">NULL</column>
            <column name="raiffeisen">NULL</column>
            <column name="uralsib">NULL</column>
            <column name="rshb">-1</column>
        </table>
        <table name="bank">
            <column name="id">4811</column>
            <column name="twitid">499044301813590000</column>
            <column name="date">1407816408</column>
            <column name="name">FaritMurtazin</column>
            <column name="text">RT @GazetaRu_All: Правительство России обяжет Роснефть, РЖД и Сбербанк ввести корпоративный кодекс http://t.co/6XvrWbxxjx</column>
            <column name="sberbank">0</column>
            <column name="vtb">NULL</column>
            <column name="gazprom">NULL</column>
            <column name="alfabank">NULL</column>
            <column name="bankmoskvy">NULL</column>
            <column name="raiffeisen">NULL</column>
            <column name="uralsib">NULL</column>
            <column name="rshb">NULL</column>
        </table>
        <table name="bank">
            <column name="id">4812</column>
            <column name="twitid">499045512650040000</column>
            <column name="date">1407816696</column>
            <column name="name">bprotilit</column>
            <column name="text">Михаил Фридман хочет купить Банк Москвы</column>
            <column name="sberbank">NULL</column>
            <column name="vtb">NULL</column>
            <column name="gazprom">NULL</column>
            <column name="alfabank">NULL</column>
            <column name="bankmoskvy">0</column>
            <column name="raiffeisen">NULL</column>
            <column name="uralsib">NULL</column>
            <column name="rshb">NULL</column>
        </table>
        <table name="bank">
            <column name="id">4813</column>
            <column name="twitid">499046386131030000</column>
            <column name="date">1407816904</column>
            <column name="name">65Bmustafa</column>
            <column name="text">Правительство России обяжет Роснефть, РЖД и Сбербанк ввести корпоративный&amp;amp;#8230;</column>
            <column name="sberbank">0</column>
            <column name="vtb">NULL</column>
            <column name="gazprom">NULL</column>
            <column name="alfabank">NULL</column>
            <column name="bankmoskvy">NULL</column>
            <column name="raiffeisen">NULL</column>
            <column name="uralsib">NULL</column>
            <column name="rshb">NULL</column>
        </table>
        <table name="bank">
            <column name="id">4814</column>
            <column name="twitid">499048868731180000</column>
            <column name="date">1407817496</column>
            <column name="name">Erhogg</column>
            <column name="text">Возле (@ Сбербанк России Дополнительный офис - @sberbank in город Северск) https://t.co/qn1stWA67k</column>
            <column name="sberbank">0</column>
            <column name="vtb">NULL</column>
            <column name="gazprom">NULL</column>
            <column name="alfabank">NULL</column>
            <column name="bankmoskvy">NULL</column>
            <column name="raiffeisen">NULL</column>
            <column name="uralsib">NULL</column>
            <column name="rshb">NULL</column>
        </table>
        <table name="bank">
            <column name="id">4815</column>
            <column name="twitid">499050488843620000</column>
            <column name="date">1407817883</column>
            <column name="name">MolodoyStartUp</column>
            <column name="text">Правительство России обяжет Роснефть, РЖД и Сбербанк ввести корпоративный кодекс http://t.co/S5hRdY36j1 #стартап #бизнес</column>
            <column name="sberbank">0</column>
            <column name="vtb">NULL</column>
            <column name="gazprom">NULL</column>
            <column name="alfabank">NULL</column>
            <column name="bankmoskvy">NULL</column>
            <column name="raiffeisen">NULL</column>
            <column name="uralsib">NULL</column>
            <column name="rshb">NULL</column>
        </table>
        <table name="bank">
            <column name="id">4816</column>
            <column name="twitid">499055411275000000</column>
            <column name="date">1407819056</column>
            <column name="name">zakon_rf</column>
            <column name="text">Правительство России обяжет Роснефть, РЖД и Сбербанк ввести корпоративный кодекс » Юридическая консультация http://t.co/3mhQ8QyrO4</column>
            <column name="sberbank">0</column>
            <column name="vtb">NULL</column>
            <column name="gazprom">NULL</column>
            <column name="alfabank">NULL</column>
            <column name="bankmoskvy">NULL</column>
            <column name="raiffeisen">NULL</column>
            <column name="uralsib">NULL</column>
            <column name="rshb">NULL</column>
        </table>
        <table name="bank">
            <column name="id">4817</column>
            <column name="twitid">499056768404960000</column>
            <column name="date">1407819380</column>
            <column name="name">pnolevomp</column>
            <column name="text">http://t.co/A4MY4oH3Qj россельхозбанк кредиты калькуляторы</column>
            <column name="sberbank">NULL</column>
            <column name="vtb">NULL</column>
            <column name="gazprom">NULL</column>
            <column name="alfabank">NULL</column>
            <column name="bankmoskvy">NULL</column>
            <column name="raiffeisen">NULL</column>
            <column name="uralsib">NULL</column>
            <column name="rshb">0</column>
        </table>
        <table name="bank">
            <column name="id">4818</column>
            <column name="twitid">499056819177020000</column>
            <column name="date">1407819392</column>
            <column name="name">kexofuqysoly</column>
            <column name="text">RT @ehodenvik: газпромбанк челябинск потребительский кредит условия http://t.co/bs27LrexjS</column>
            <column name="sberbank">NULL</column>
            <column name="vtb">NULL</column>
            <column name="gazprom">0</column>
            <column name="alfabank">NULL</column>
            <column name="bankmoskvy">NULL</column>
            <column name="raiffeisen">NULL</column>
            <column name="uralsib">NULL</column>
            <column name="rshb">NULL</column>
        </table>
        <table name="bank">
            <column name="id">4819</column>
            <column name="twitid">499057655445320000</column>
            <column name="date">1407819591</column>
            <column name="name">smert_vorogam</column>
            <column name="text">Правительство внедрит в Роснефть, РЖД и Сбербанк корпоративный кодекс:     Российское правительство собирается... http://t.co/N3NVfcGZA9</column>
            <column name="sberbank">0</column>
            <column name="vtb">NULL</column>
            <column name="gazprom">NULL</column>
            <column name="alfabank">NULL</column>
            <column name="bankmoskvy">NULL</column>
            <column name="raiffeisen">NULL</column>
            <column name="uralsib">NULL</column>
            <column name="rshb">NULL</column>
        </table>
        <table name="bank">
            <column name="id">4820</column>
            <column name="twitid">499057656825280000</column>
            <column name="date">1407819592</column>
            <column name="name">ukrevro</column>
            <column name="text">Правительство внедрит в Роснефть, РЖД и Сбербанк корпоративный кодекс:     Российское правительство собирается... http://t.co/AIb1rKfS2I</column>
            <column name="sberbank">0</column>
            <column name="vtb">NULL</column>
            <column name="gazprom">NULL</column>
            <column name="alfabank">NULL</column>
            <column name="bankmoskvy">NULL</column>
            <column name="raiffeisen">NULL</column>
            <column name="uralsib">NULL</column>
            <column name="rshb">NULL</column>
        </table>
        <table name="bank">
            <column name="id">4821</column>
            <column name="twitid">499060762665810000</column>
            <column name="date">1407820332</column>
            <column name="name">Enotche</column>
            <column name="text">&quot; Стоит написать на стене сбербанк или почта, сразу образуется очередь из 10 бабок&quot;

</column>
            <column name="sberbank">-1</column>
            <column name="vtb">NULL</column>
            <column name="gazprom">NULL</column>
            <column name="alfabank">NULL</column>
            <column name="bankmoskvy">NULL</column>
            <column name="raiffeisen">NULL</column>
            <column name="uralsib">NULL</column>
            <column name="rshb">NULL</column>
        </table>
        <table name="bank">
            <column name="id">4822</column>
            <column name="twitid">499064925994900000</column>
            <column name="date">1407821325</column>
            <column name="name">eleteslenko</column>
            <column name="text">RT @Vedomosti: В июле Россельхозбанк собрал урожай плохих долгов http://t.co/va5X0wpHbb</column>
            <column name="sberbank">NULL</column>
            <column name="vtb">NULL</column>
            <column name="gazprom">NULL</column>
            <column name="alfabank">NULL</column>
            <column name="bankmoskvy">NULL</column>
            <column name="raiffeisen">NULL</column>
            <column name="uralsib">NULL</column>
            <column name="rshb">-1</column>
        </table>
        <table name="bank">
            <column name="id">4823</column>
            <column name="twitid">499076351539030000</column>
            <column name="date">1407824049</column>
            <column name="name">sizaqobudyli</column>
            <column name="text">RT @diviwanusab: Сбербанк допустил повышение ставок по кредитам</column>
            <column name="sberbank">-1</column>
            <column name="vtb">NULL</column>
            <column name="gazprom">NULL</column>
            <column name="alfabank">NULL</column>
            <column name="bankmoskvy">NULL</column>
            <column name="raiffeisen">NULL</column>
            <column name="uralsib">NULL</column>
            <column name="rshb">NULL</column>
        </table>
        <table name="bank">
            <column name="id">4824</column>
            <column name="twitid">499078284886700000</column>
            <column name="date">1407824510</column>
            <column name="name">diuwyelu</column>
            <column name="text">Набсовет Россельхозбанка одобрил размещение «префов» на 25 млрд рублей #R</column>
            <column name="sberbank">NULL</column>
            <column name="vtb">NULL</column>
            <column name="gazprom">NULL</column>
            <column name="alfabank">NULL</column>
            <column name="bankmoskvy">NULL</column>
            <column name="raiffeisen">NULL</column>
            <column name="uralsib">NULL</column>
            <column name="rshb">1</column>
        </table>
        <table name="bank">
            <column name="id">4825</column>
            <column name="twitid">499078422967380000</column>
            <column name="date">1407824543</column>
            <column name="name">lirukaqywyh</column>
            <column name="text">RT @kehudaqyrb: альфа банк челябинск кредитная карта http://t.co/Gm3VgYDVCL</column>
            <column name="sberbank">NULL</column>
            <column name="vtb">NULL</column>
            <column name="gazprom">NULL</column>
            <column name="alfabank">0</column>
            <column name="bankmoskvy">NULL</column>
            <column name="raiffeisen">NULL</column>
            <column name="uralsib">NULL</column>
            <column name="rshb">NULL</column>
        </table>
        <table name="bank">
            <column name="id">4826</column>
            <column name="twitid">499079123294110000</column>
            <column name="date">1407824710</column>
            <column name="name">Gaisar_Urazov</column>
            <column name="text">MSCI спас Сбербанк и ВТБ #финансы</column>
            <column name="sberbank">1</column>
            <column name="vtb">1</column>
            <column name="gazprom">NULL</column>
            <column name="alfabank">NULL</column>
            <column name="bankmoskvy">NULL</column>
            <column name="raiffeisen">NULL</column>
            <column name="uralsib">NULL</column>
            <column name="rshb">NULL</column>
        </table>
        <table name="bank">
            <column name="id">4827</column>
            <column name="twitid">499079933163880000</column>
            <column name="date">1407824903</column>
            <column name="name">AEfremov30</column>
            <column name="text">Правительство России обяжет Газпром, Роснефть, Ростелеком, Аэрофлот, РЖД, ВТБ и Сбербанк ввести кодекс корпоративного управления.</column>
            <column name="sberbank">0</column>
            <column name="vtb">0</column>
            <column name="gazprom">NULL</column>
            <column name="alfabank">NULL</column>
            <column name="bankmoskvy">NULL</column>
            <column name="raiffeisen">NULL</column>
            <column name="uralsib">NULL</column>
            <column name="rshb">NULL</column>
        </table>
        <table name="bank">
            <column name="id">4828</column>
            <column name="twitid">499083769249540000</column>
            <column name="date">1407825817</column>
            <column name="name">MaltiBoger</column>
            <column name="text">http://t.co/zTzb4fnfh3 кредиты россельхозбанка в кирове</column>
            <column name="sberbank">NULL</column>
            <column name="vtb">NULL</column>
            <column name="gazprom">NULL</column>
            <column name="alfabank">NULL</column>
            <column name="bankmoskvy">NULL</column>
            <column name="raiffeisen">NULL</column>
            <column name="uralsib">NULL</column>
            <column name="rshb">0</column>
        </table>
        <table name="bank">
            <column name="id">4829</column>
            <column name="twitid">499084086468550000</column>
            <column name="date">1407825893</column>
            <column name="name">dowociwibuhiv</column>
            <column name="text">RT @CarantogCaffery: промокод банк москвы 2014 http://t.co/OiI1ZLJopa</column>
            <column name="sberbank">NULL</column>
            <column name="vtb">NULL</column>
            <column name="gazprom">NULL</column>
            <column name="alfabank">NULL</column>
            <column name="bankmoskvy">0</column>
            <column name="raiffeisen">NULL</column>
            <column name="uralsib">NULL</column>
            <column name="rshb">NULL</column>
        </table>
        <table name="bank">
            <column name="id">4830</column>
            <column name="twitid">499087181898450000</column>
            <column name="date">1407826631</column>
            <column name="name">Mebelbum</column>
            <column name="text">Россельхозбанк разместит &quot;префы&quot; на 25 млрд рублей: Наблюдательный совет Россельхозбанка одобрил размещение 25 тыс. привилегированных акций…</column>
            <column name="sberbank">NULL</column>
            <column name="vtb">NULL</column>
            <column name="gazprom">NULL</column>
            <column name="alfabank">NULL</column>
            <column name="bankmoskvy">NULL</column>
            <column name="raiffeisen">NULL</column>
            <column name="uralsib">NULL</column>
            <column name="rshb">1</column>
        </table>
        <table name="bank">
            <column name="id">4831</column>
            <column name="twitid">499087506223420000</column>
            <column name="date">1407826708</column>
            <column name="name">mejytehumenu</column>
            <column name="text">RT @qemyjohytyc: Сбербанк с сожалением воспринимает введение санкций со стороны ЕС</column>
            <column name="sberbank">0</column>
            <column name="vtb">NULL</column>
            <column name="gazprom">NULL</column>
            <column name="alfabank">NULL</column>
            <column name="bankmoskvy">NULL</column>
            <column name="raiffeisen">NULL</column>
            <column name="uralsib">NULL</column>
            <column name="rshb">NULL</column>
        </table>
        <table name="bank">
            <column name="id">4832</column>
            <column name="twitid">499089666478320000</column>
            <column name="date">1407827223</column>
            <column name="name">Interesuys</column>
            <column name="text">RT @TanyA45: &quot;@GazetaRu_All: Правительство России обяжет Роснефть, РЖД и Сбербанк ввести корпоративный кодекс http://t.co/aGh9c3oJf5&quot;</column>
            <column name="sberbank">0</column>
            <column name="vtb">NULL</column>
            <column name="gazprom">NULL</column>
            <column name="alfabank">NULL</column>
            <column name="bankmoskvy">NULL</column>
            <column name="raiffeisen">NULL</column>
            <column name="uralsib">NULL</column>
            <column name="rshb">NULL</column>
        </table>
        <table name="bank">
            <column name="id">4833</column>
            <column name="twitid">499089710288240000</column>
            <column name="date">1407827234</column>
            <column name="name">ralypijemapa</column>
            <column name="text">RT @xicugamemym: втб 24 быстрый кредит онлайн http://t.co/XdJUbIFfnv</column>
            <column name="sberbank">NULL</column>
            <column name="vtb">0</column>
            <column name="gazprom">NULL</column>
            <column name="alfabank">NULL</column>
            <column name="bankmoskvy">NULL</column>
            <column name="raiffeisen">NULL</column>
            <column name="uralsib">NULL</column>
            <column name="rshb">NULL</column>
        </table>
        <table name="bank">
            <column name="id">4834</column>
            <column name="twitid">499095506983710000</column>
            <column name="date">1407828616</column>
            <column name="name">se_eminem1983</column>
            <column name="text">новосибирск кировский район сбербанк http://t.co/XSCYY8viKG</column>
            <column name="sberbank">0</column>
            <column name="vtb">NULL</column>
            <column name="gazprom">NULL</column>
            <column name="alfabank">NULL</column>
            <column name="bankmoskvy">NULL</column>
            <column name="raiffeisen">NULL</column>
            <column name="uralsib">NULL</column>
            <column name="rshb">NULL</column>
        </table>
        <table name="bank">
            <column name="id">4835</column>
            <column name="twitid">499096558747800000</column>
            <column name="date">1407828867</column>
            <column name="name">sebonfuc</column>
            <column name="text">http://t.co/sL0xDQmfAZ альфа банк кредит наличными кредитный калькулятор</column>
            <column name="sberbank">NULL</column>
            <column name="vtb">NULL</column>
            <column name="gazprom">NULL</column>
            <column name="alfabank">0</column>
            <column name="bankmoskvy">NULL</column>
            <column name="raiffeisen">NULL</column>
            <column name="uralsib">NULL</column>
            <column name="rshb">NULL</column>
        </table>
        <table name="bank">
            <column name="id">4836</column>
            <column name="twitid">499100086681750000</column>
            <column name="date">1407829708</column>
            <column name="name">tisagegelix</column>
            <column name="text">RT @zivajidihiv: альфа банк ростов на дону потребительский кредит калькулятор http://t.co/q2oYg12lN8</column>
            <column name="sberbank">NULL</column>
            <column name="vtb">NULL</column>
            <column name="gazprom">NULL</column>
            <column name="alfabank">0</column>
            <column name="bankmoskvy">NULL</column>
            <column name="raiffeisen">NULL</column>
            <column name="uralsib">NULL</column>
            <column name="rshb">NULL</column>
        </table>
        <table name="bank">
            <column name="id">4837</column>
            <column name="twitid">499102065977990000</column>
            <column name="date">1407830180</column>
            <column name="name">kybydubejemo</column>
            <column name="text">RT @pynejyjasat: взять кредит без справок и поручителей в россельхозбанке молодая семья http://t.co/mdfBh9n1OE</column>
            <column name="sberbank">NULL</column>
            <column name="vtb">NULL</column>
            <column name="gazprom">NULL</column>
            <column name="alfabank">NULL</column>
            <column name="bankmoskvy">NULL</column>
            <column name="raiffeisen">NULL</column>
            <column name="uralsib">NULL</column>
            <column name="rshb">0</column>
        </table>
        <table name="bank">
            <column name="id">4838</column>
            <column name="twitid">499103726419070000</column>
            <column name="date">1407830575</column>
            <column name="name">shegolll</column>
            <column name="text">Закрыл свой избирательный счёт , но когда нибудь открою вновь (@ Сбербанк Премьер) http://t.co/amgzZgUoou</column>
            <column name="sberbank">0</column>
            <column name="vtb">NULL</column>
            <column name="gazprom">NULL</column>
            <column name="alfabank">NULL</column>
            <column name="bankmoskvy">NULL</column>
            <column name="raiffeisen">NULL</column>
            <column name="uralsib">NULL</column>
            <column name="rshb">NULL</column>
        </table>
        <table name="bank">
            <column name="id">4839</column>
            <column name="twitid">499104563152970000</column>
            <column name="date">1407830775</column>
            <column name="name">monsdetpacu1980</column>
            <column name="text">Внимание клиентов офисов Москвы и МО! Теперь вы можете пополнить счет при помощи  Альфа-Клик</column>
            <column name="sberbank">NULL</column>
            <column name="vtb">NULL</column>
            <column name="gazprom">NULL</column>
            <column name="alfabank">1</column>
            <column name="bankmoskvy">NULL</column>
            <column name="raiffeisen">NULL</column>
            <column name="uralsib">NULL</column>
            <column name="rshb">NULL</column>
        </table>
        <table name="bank">
            <column name="id">4840</column>
            <column name="twitid">499105396217630000</column>
            <column name="date">1407830974</column>
            <column name="name">bakametekee</column>
            <column name="text">http://t.co/d1g0F61hfF потребительский кредит альфа банка отзывы</column>
            <column name="sberbank">NULL</column>
            <column name="vtb">NULL</column>
            <column name="gazprom">NULL</column>
            <column name="alfabank">0</column>
            <column name="bankmoskvy">NULL</column>
            <column name="raiffeisen">NULL</column>
            <column name="uralsib">NULL</column>
            <column name="rshb">NULL</column>
        </table>
        <table name="bank">
            <column name="id">4841</column>
            <column name="twitid">499108311586060000</column>
            <column name="date">1407831669</column>
            <column name="name">AValiev26</column>
            <column name="text">СМИ: Россельхозбанк и Газпромбанк попросили о господдержке из-за санкций.Госбанки предлагают разместить средства ФНБ на их депозитах - как</column>
            <column name="sberbank">NULL</column>
            <column name="vtb">NULL</column>
            <column name="gazprom">-1</column>
            <column name="alfabank">NULL</column>
            <column name="bankmoskvy">NULL</column>
            <column name="raiffeisen">NULL</column>
            <column name="uralsib">NULL</column>
            <column name="rshb">-1</column>
        </table>
        <table name="bank">
            <column name="id">4842</column>
            <column name="twitid">499110905905710000</column>
            <column name="date">1407832287</column>
            <column name="name">burlikkristina1</column>
            <column name="text">#RT Хотите прикол от Альфа Банка?</column>
            <column name="sberbank">NULL</column>
            <column name="vtb">NULL</column>
            <column name="gazprom">NULL</column>
            <column name="alfabank">0</column>
            <column name="bankmoskvy">NULL</column>
            <column name="raiffeisen">NULL</column>
            <column name="uralsib">NULL</column>
            <column name="rshb">NULL</column>
        </table>
        <table name="bank">
            <column name="id">4843</column>
            <column name="twitid">499112010479440000</column>
            <column name="date">1407832551</column>
            <column name="name">Prameric</column>
            <column name="text">Набсовет Россельхозбанка одобрил размещение &quot;префов&quot; на 25 млрд рублей http://t.co/cE1eJUxhlt</column>
            <column name="sberbank">NULL</column>
            <column name="vtb">NULL</column>
            <column name="gazprom">NULL</column>
            <column name="alfabank">NULL</column>
            <column name="bankmoskvy">NULL</column>
            <column name="raiffeisen">NULL</column>
            <column name="uralsib">NULL</column>
            <column name="rshb">1</column>
        </table>
        <table name="bank">
            <column name="id">4844</column>
            <column name="twitid">499114615792340000</column>
            <column name="date">1407833172</column>
            <column name="name">KotDikii</column>
            <column name="text">RT @PiN46: Мы кредиты брать не бросим 1488! Венгерский сбербанк не толерантно жжет) http://t.co/jbwh2ziFHz</column>
            <column name="sberbank">--</column>
            <column name="vtb">NULL</column>
            <column name="gazprom">NULL</column>
            <column name="alfabank">NULL</column>
            <column name="bankmoskvy">NULL</column>
            <column name="raiffeisen">NULL</column>
            <column name="uralsib">NULL</column>
            <column name="rshb">NULL</column>
        </table>
        <table name="bank">
            <column name="id">4845</column>
            <column name="twitid">499122329738570000</column>
            <column name="date">1407835011</column>
            <column name="name">azamataka</column>
            <column name="text">@azat166 @sberbank одну их карту оставь, пока у @alfa_bank карту не открою)</column>
            <column name="sberbank">0</column>
            <column name="vtb">NULL</column>
            <column name="gazprom">NULL</column>
            <column name="alfabank">0</column>
            <column name="bankmoskvy">NULL</column>
            <column name="raiffeisen">NULL</column>
            <column name="uralsib">NULL</column>
            <column name="rshb">NULL</column>
        </table>
        <table name="bank">
            <column name="id">4846</column>
            <column name="twitid">499123067122380000</column>
            <column name="date">1407835187</column>
            <column name="name">intercaprica</column>
            <column name="text">@GlebovSG @VRSoloviev нас про Банк Москвы предупредили задолго и дали возможность перерегестрироваться в Сити. Почему у нас так ведут себя?</column>
            <column name="sberbank">NULL</column>
            <column name="vtb">NULL</column>
            <column name="gazprom">NULL</column>
            <column name="alfabank">NULL</column>
            <column name="bankmoskvy">0</column>
            <column name="raiffeisen">NULL</column>
            <column name="uralsib">NULL</column>
            <column name="rshb">NULL</column>
        </table>
        <table name="bank">
            <column name="id">4847</column>
            <column name="twitid">499124121876580000</column>
            <column name="date">1407835438</column>
            <column name="name">onzasilii</column>
            <column name="text">http://t.co/AmbxOAbePJ сбербанк получить кредиты наличными</column>
            <column name="sberbank">0</column>
            <column name="vtb">NULL</column>
            <column name="gazprom">NULL</column>
            <column name="alfabank">NULL</column>
            <column name="bankmoskvy">NULL</column>
            <column name="raiffeisen">NULL</column>
            <column name="uralsib">NULL</column>
            <column name="rshb">NULL</column>
        </table>
        <table name="bank">
            <column name="id">4848</column>
            <column name="twitid">499124382066050000</column>
            <column name="date">1407835500</column>
            <column name="name">diuwyelu</column>
            <column name="text">Новый аукцион 312-П не удержит ставки, — Аналитики Райффайзенбанка #R</column>
            <column name="sberbank">NULL</column>
            <column name="vtb">NULL</column>
            <column name="gazprom">NULL</column>
            <column name="alfabank">NULL</column>
            <column name="bankmoskvy">NULL</column>
            <column name="raiffeisen">0</column>
            <column name="uralsib">NULL</column>
            <column name="rshb">NULL</column>
        </table>
        <table name="bank">
            <column name="id">4849</column>
            <column name="twitid">499126217438930000</column>
            <column name="date">1407835938</column>
            <column name="name">inilcrimde1978</column>
            <column name="text">Несмотря на введение налога на проценты по вкладам, директор департамента каналов продаж «Райффайзен банк Аваль» Владимир Кирушко считает,</column>
            <column name="sberbank">NULL</column>
            <column name="vtb">NULL</column>
            <column name="gazprom">NULL</column>
            <column name="alfabank">NULL</column>
            <column name="bankmoskvy">NULL</column>
            <column name="raiffeisen">0</column>
            <column name="uralsib">NULL</column>
            <column name="rshb">NULL</column>
        </table>
        <table name="bank">
            <column name="id">4850</column>
            <column name="twitid">499127140143890000</column>
            <column name="date">1407836158</column>
            <column name="name">ALoginov21</column>
            <column name="text">#sledui хоть сегодня и 11-е уже - помощь еще нужна? на сбер перевести не смогу, но передать лично можно попробовать.</column>
            <column name="sberbank">0</column>
            <column name="vtb">NULL</column>
            <column name="gazprom">NULL</column>
            <column name="alfabank">NULL</column>
            <column name="bankmoskvy">NULL</column>
            <column name="raiffeisen">NULL</column>
            <column name="uralsib">NULL</column>
            <column name="rshb">NULL</column>
        </table>
        <table name="bank">
            <column name="id">4851</column>
            <column name="twitid">499129502459380000</column>
            <column name="date">1407836721</column>
            <column name="name">mevetoxyjyx</column>
            <column name="text">RT @nybixedumyno: альфа банк кредитная карта</column>
            <column name="sberbank">NULL</column>
            <column name="vtb">NULL</column>
            <column name="gazprom">NULL</column>
            <column name="alfabank">0</column>
            <column name="bankmoskvy">NULL</column>
            <column name="raiffeisen">NULL</column>
            <column name="uralsib">NULL</column>
            <column name="rshb">NULL</column>
        </table>
        <table name="bank">
            <column name="id">4852</column>
            <column name="twitid">499138060873780000</column>
            <column name="date">1407838761</column>
            <column name="name">lexacom</column>
            <column name="text">Банк альфа банк http://t.co/owlHt0tt3S</column>
            <column name="sberbank">NULL</column>
            <column name="vtb">NULL</column>
            <column name="gazprom">NULL</column>
            <column name="alfabank">0</column>
            <column name="bankmoskvy">NULL</column>
            <column name="raiffeisen">NULL</column>
            <column name="uralsib">NULL</column>
            <column name="rshb">NULL</column>
        </table>
        <table name="bank">
            <column name="id">4853</column>
            <column name="twitid">499141786338860000</column>
            <column name="date">1407839650</column>
            <column name="name">YuPolyakova26</column>
            <column name="text">Российский Сбербанк остался последним из действующих в Донецке. Практически все финансовые учреждения на территории Донецка прекратили свою</column>
            <column name="sberbank">0</column>
            <column name="vtb">NULL</column>
            <column name="gazprom">NULL</column>
            <column name="alfabank">NULL</column>
            <column name="bankmoskvy">NULL</column>
            <column name="raiffeisen">NULL</column>
            <column name="uralsib">NULL</column>
            <column name="rshb">NULL</column>
        </table>
        <table name="bank">
            <column name="id">4854</column>
            <column name="twitid">499141827199780000</column>
            <column name="date">1407839659</column>
            <column name="name">max_katz</column>
            <column name="text">@sberbank здравствуйте! на мой избирательный счёт у людей не получается перевести деньги через сбербанк онлайн :( в техподдержке крутят мозг</column>
            <column name="sberbank">-1</column>
            <column name="vtb">NULL</column>
            <column name="gazprom">NULL</column>
            <column name="alfabank">NULL</column>
            <column name="bankmoskvy">NULL</column>
            <column name="raiffeisen">NULL</column>
            <column name="uralsib">NULL</column>
            <column name="rshb">NULL</column>
        </table>
        <table name="bank">
            <column name="id">4855</column>
            <column name="twitid">499142420165320000</column>
            <column name="date">1407839801</column>
            <column name="name">MaltiBoger</column>
            <column name="text">http://t.co/ucvRZc3zI7 кредиты в банке россельхозбанке</column>
            <column name="sberbank">NULL</column>
            <column name="vtb">NULL</column>
            <column name="gazprom">NULL</column>
            <column name="alfabank">NULL</column>
            <column name="bankmoskvy">NULL</column>
            <column name="raiffeisen">NULL</column>
            <column name="uralsib">NULL</column>
            <column name="rshb">0</column>
        </table>
        <table name="bank">
            <column name="id">4856</column>
            <column name="twitid">499143506242570000</column>
            <column name="date">1407840060</column>
            <column name="name">max_katz</column>
            <column name="text">@sberbank в основном ошибка «счет заблокирован», хотя все остальные переводы от физлица работают и у нас со счетом все нормально</column>
            <column name="sberbank">0</column>
            <column name="vtb">NULL</column>
            <column name="gazprom">NULL</column>
            <column name="alfabank">NULL</column>
            <column name="bankmoskvy">NULL</column>
            <column name="raiffeisen">NULL</column>
            <column name="uralsib">NULL</column>
            <column name="rshb">NULL</column>
        </table>
        <table name="bank">
            <column name="id">4857</column>
            <column name="twitid">499148656512340000</column>
            <column name="date">1407841288</column>
            <column name="name">erudrimery</column>
            <column name="text">заявка на кредит сбербанк тюмень http://t.co/Q3s8QyNskr</column>
            <column name="sberbank">0</column>
            <column name="vtb">NULL</column>
            <column name="gazprom">NULL</column>
            <column name="alfabank">NULL</column>
            <column name="bankmoskvy">NULL</column>
            <column name="raiffeisen">NULL</column>
            <column name="uralsib">NULL</column>
            <column name="rshb">NULL</column>
        </table>
        <table name="bank">
            <column name="id">4858</column>
            <column name="twitid">499150869854970000</column>
            <column name="date">1407841815</column>
            <column name="name">rebostecon</column>
            <column name="text">S&amp;amp;P подтвердило рейтинг Газпромбанка на уровне &quot;BBB-&quot; c негативным прогнозом http://t.co/uDgv13RZNC</column>
            <column name="sberbank">NULL</column>
            <column name="vtb">NULL</column>
            <column name="gazprom">-1</column>
            <column name="alfabank">NULL</column>
            <column name="bankmoskvy">NULL</column>
            <column name="raiffeisen">NULL</column>
            <column name="uralsib">NULL</column>
            <column name="rshb">NULL</column>
        </table>
        <table name="bank">
            <column name="id">4859</column>
            <column name="twitid">499160025022340000</column>
            <column name="date">1407843998</column>
            <column name="name">ACDC7777</column>
            <column name="text">RT @instagram_dn: Хочешь снять денюжку? Добро пожаловать в Сбербанк России. Часа 4-5 в очереди и вуаля! Спасибо властям ДНР за &quot;шик... http…</column>
            <column name="sberbank">-1</column>
            <column name="vtb">NULL</column>
            <column name="gazprom">NULL</column>
            <column name="alfabank">NULL</column>
            <column name="bankmoskvy">NULL</column>
            <column name="raiffeisen">NULL</column>
            <column name="uralsib">NULL</column>
            <column name="rshb">NULL</column>
        </table>
        <table name="bank">
            <column name="id">4860</column>
            <column name="twitid">499163462820720000</column>
            <column name="date">1407844818</column>
            <column name="name">byzalopicoqi</column>
            <column name="text">RT @gypokawycab: как получить кредит в втб 24 через интернет http://t.co/ZHL9FWfGgU</column>
            <column name="sberbank">NULL</column>
            <column name="vtb">0</column>
            <column name="gazprom">NULL</column>
            <column name="alfabank">NULL</column>
            <column name="bankmoskvy">NULL</column>
            <column name="raiffeisen">NULL</column>
            <column name="uralsib">NULL</column>
            <column name="rshb">NULL</column>
        </table>
        <table name="bank">
            <column name="id">4861</column>
            <column name="twitid">499163945144680000</column>
            <column name="date">1407844933</column>
            <column name="name">olvik070</column>
            <column name="text">RT @Ru_Fed: #Сбербанк рассылает СМС с предложением льготного кредита под 22% годовых.. Это ограбление по-еврейски...</column>
            <column name="sberbank">-1</column>
            <column name="vtb">NULL</column>
            <column name="gazprom">NULL</column>
            <column name="alfabank">NULL</column>
            <column name="bankmoskvy">NULL</column>
            <column name="raiffeisen">NULL</column>
            <column name="uralsib">NULL</column>
            <column name="rshb">NULL</column>
        </table>
        <table name="bank">
            <column name="id">4862</column>
            <column name="twitid">499164160303710000</column>
            <column name="date">1407844984</column>
            <column name="name">maumeful80</column>
            <column name="text">Звонил в сбербанк и предложил им взять у меня кредит на их же условиях. Послали на хуй!</column>
            <column name="sberbank">-1</column>
            <column name="vtb">NULL</column>
            <column name="gazprom">NULL</column>
            <column name="alfabank">NULL</column>
            <column name="bankmoskvy">NULL</column>
            <column name="raiffeisen">NULL</column>
            <column name="uralsib">NULL</column>
            <column name="rshb">NULL</column>
        </table>
        <table name="bank">
            <column name="id">4863</column>
            <column name="twitid">499165906472540000</column>
            <column name="date">1407845400</column>
            <column name="name">_NatalyaKozlova</column>
            <column name="text">RT @sberbank: Сервис расчета льготного периода – на странице по ссылке нажмите кнопку «Как воспользоваться картой без процентов»:http://t.c…</column>
            <column name="sberbank">0</column>
            <column name="vtb">NULL</column>
            <column name="gazprom">NULL</column>
            <column name="alfabank">NULL</column>
            <column name="bankmoskvy">NULL</column>
            <column name="raiffeisen">NULL</column>
            <column name="uralsib">NULL</column>
            <column name="rshb">NULL</column>
        </table>
        <table name="bank">
            <column name="id">4864</column>
            <column name="twitid">499166212853860000</column>
            <column name="date">1407845473</column>
            <column name="name">jexivogajehy</column>
            <column name="text">RT @StubartAliberti: где сбербанк в калининграде http://t.co/ozLmELDeyl</column>
            <column name="sberbank">0</column>
            <column name="vtb">NULL</column>
            <column name="gazprom">NULL</column>
            <column name="alfabank">NULL</column>
            <column name="bankmoskvy">NULL</column>
            <column name="raiffeisen">NULL</column>
            <column name="uralsib">NULL</column>
            <column name="rshb">NULL</column>
        </table>
        <table name="bank">
            <column name="id">4865</column>
            <column name="twitid">499169493218630000</column>
            <column name="date">1407846255</column>
            <column name="name">afinsurnire2084</column>
            <column name="text">http://t.co/iikEZPVe8N Сбербанк Вологда</column>
            <column name="sberbank">0</column>
            <column name="vtb">NULL</column>
            <column name="gazprom">NULL</column>
            <column name="alfabank">NULL</column>
            <column name="bankmoskvy">NULL</column>
            <column name="raiffeisen">NULL</column>
            <column name="uralsib">NULL</column>
            <column name="rshb">NULL</column>
        </table>
        <table name="bank">
            <column name="id">4866</column>
            <column name="twitid">499177356687590000</column>
            <column name="date">1407848130</column>
            <column name="name">xabiqyboxos</column>
            <column name="text">RT @gorypufysaq: втб 24 тюмень кредитный калькулятор http://t.co/YZoRUWm04I</column>
            <column name="sberbank">NULL</column>
            <column name="vtb">0</column>
            <column name="gazprom">NULL</column>
            <column name="alfabank">NULL</column>
            <column name="bankmoskvy">NULL</column>
            <column name="raiffeisen">NULL</column>
            <column name="uralsib">NULL</column>
            <column name="rshb">NULL</column>
        </table>
        <table name="bank">
            <column name="id">4867</column>
            <column name="twitid">499182598619270000</column>
            <column name="date">1407849380</column>
            <column name="name">kapital_strany</column>
            <column name="text">Wiener Boerse приняла решение оставить ВТБ и Сбербанк в своих индексах http://t.co/EnQttINQng</column>
            <column name="sberbank">1</column>
            <column name="vtb">0</column>
            <column name="gazprom">NULL</column>
            <column name="alfabank">NULL</column>
            <column name="bankmoskvy">NULL</column>
            <column name="raiffeisen">NULL</column>
            <column name="uralsib">NULL</column>
            <column name="rshb">NULL</column>
        </table>
        <table name="bank">
            <column name="id">4868</column>
            <column name="twitid">499184183357740000</column>
            <column name="date">1407849758</column>
            <column name="name">YuPolyakova45</column>
            <column name="text">Живите! Перевела денег через Альфа-клик.</column>
            <column name="sberbank">NULL</column>
            <column name="vtb">NULL</column>
            <column name="gazprom">NULL</column>
            <column name="alfabank">0</column>
            <column name="bankmoskvy">NULL</column>
            <column name="raiffeisen">NULL</column>
            <column name="uralsib">NULL</column>
            <column name="rshb">NULL</column>
        </table>
        <table name="bank">
            <column name="id">4869</column>
            <column name="twitid">499184764163610000</column>
            <column name="date">1407849896</column>
            <column name="name">HayaDrayer</column>
            <column name="text">образец уведомления об индивидуальных условиях кредитования альфа банк http://t.co/NijWTwnm3P #индивидуальных #об</column>
            <column name="sberbank">NULL</column>
            <column name="vtb">NULL</column>
            <column name="gazprom">NULL</column>
            <column name="alfabank">0</column>
            <column name="bankmoskvy">NULL</column>
            <column name="raiffeisen">NULL</column>
            <column name="uralsib">NULL</column>
            <column name="rshb">NULL</column>
        </table>
        <table name="bank">
            <column name="id">4870</column>
            <column name="twitid">499192364079260000</column>
            <column name="date">1407851708</column>
            <column name="name">kv0102</column>
            <column name="text">RT @reuters_russia: Венская биржа оставила Сбербанк и ВТБ в индексе RDX USD http://t.co/dwo9p3Vlb7</column>
            <column name="sberbank">1</column>
            <column name="vtb">1</column>
            <column name="gazprom">NULL</column>
            <column name="alfabank">NULL</column>
            <column name="bankmoskvy">NULL</column>
            <column name="raiffeisen">NULL</column>
            <column name="uralsib">NULL</column>
            <column name="rshb">NULL</column>
        </table>
        <table name="bank">
            <column name="id">4871</column>
            <column name="twitid">499193203472350000</column>
            <column name="date">1407851908</column>
            <column name="name">LevRawsel</column>
            <column name="text">Wiener Boerse оставляет ВТБ и Сбербанк в своих индексах</column>
            <column name="sberbank">1</column>
            <column name="vtb">1</column>
            <column name="gazprom">NULL</column>
            <column name="alfabank">NULL</column>
            <column name="bankmoskvy">NULL</column>
            <column name="raiffeisen">NULL</column>
            <column name="uralsib">NULL</column>
            <column name="rshb">NULL</column>
        </table>
        <table name="bank">
            <column name="id">4872</column>
            <column name="twitid">499193685750200000</column>
            <column name="date">1407852023</column>
            <column name="name">PaySpaceMag</column>
            <column name="text">Альфа-Банк позволит совершать интернет-покупки в кредит #alfabank #PSMcom http://t.co/f06smjMkOI</column>
            <column name="sberbank">NULL</column>
            <column name="vtb">NULL</column>
            <column name="gazprom">NULL</column>
            <column name="alfabank">0</column>
            <column name="bankmoskvy">NULL</column>
            <column name="raiffeisen">0</column>
            <column name="uralsib">NULL</column>
            <column name="rshb">NULL</column>
        </table>
        <table name="bank">
            <column name="id">4873</column>
            <column name="twitid">499194391366740000</column>
            <column name="date">1407852192</column>
            <column name="name">knee77</column>
            <column name="text">@sberbank удивил Котиками https://t.co/WHNDnpGpYk</column>
            <column name="sberbank">0</column>
            <column name="vtb">NULL</column>
            <column name="gazprom">NULL</column>
            <column name="alfabank">NULL</column>
            <column name="bankmoskvy">NULL</column>
            <column name="raiffeisen">NULL</column>
            <column name="uralsib">NULL</column>
            <column name="rshb">NULL</column>
        </table>
        <table name="bank">
            <column name="id">4874</column>
            <column name="twitid">499198240701830000</column>
            <column name="date">1407853109</column>
            <column name="name">smolenceva</column>
            <column name="text">Wiener Boerse сохранит ВТБ и Сбербанк в своих индексах</column>
            <column name="sberbank">1</column>
            <column name="vtb">1</column>
            <column name="gazprom">NULL</column>
            <column name="alfabank">NULL</column>
            <column name="bankmoskvy">NULL</column>
            <column name="raiffeisen">NULL</column>
            <column name="uralsib">NULL</column>
            <column name="rshb">NULL</column>
        </table>
        <table name="bank">
            <column name="id">4875</column>
            <column name="twitid">499202465376770000</column>
            <column name="date">1407854117</column>
            <column name="name">kegyhojebola</column>
            <column name="text">RT @wovuturyset: сбербанк адмиралтейский район http://t.co/acJ64q4czz</column>
            <column name="sberbank">0</column>
            <column name="vtb">NULL</column>
            <column name="gazprom">NULL</column>
            <column name="alfabank">NULL</column>
            <column name="bankmoskvy">NULL</column>
            <column name="raiffeisen">NULL</column>
            <column name="uralsib">NULL</column>
            <column name="rshb">NULL</column>
        </table>
        <table name="bank">
            <column name="id">4876</column>
            <column name="twitid">499204013599250000</column>
            <column name="date">1407854486</column>
            <column name="name">tagywypucel</column>
            <column name="text">Банк Москвы выкупит с открытого рынка половину акций &quot;Галс-Девелопмент&quot; #новости</column>
            <column name="sberbank">NULL</column>
            <column name="vtb">NULL</column>
            <column name="gazprom">NULL</column>
            <column name="alfabank">NULL</column>
            <column name="bankmoskvy">0</column>
            <column name="raiffeisen">NULL</column>
            <column name="uralsib">NULL</column>
            <column name="rshb">NULL</column>
        </table>
        <table name="bank">
            <column name="id">4877</column>
            <column name="twitid">499204184177380000</column>
            <column name="date">1407854526</column>
            <column name="name">biolumuri1989</column>
            <column name="text">Сбербанк выбрал систему защиты от утечек, добившись снижения цены в 10 раз. При начальной стоимости лота в i38,1 млн. Сбербанк по итогам ау</column>
            <column name="sberbank">0</column>
            <column name="vtb">NULL</column>
            <column name="gazprom">NULL</column>
            <column name="alfabank">NULL</column>
            <column name="bankmoskvy">NULL</column>
            <column name="raiffeisen">NULL</column>
            <column name="uralsib">NULL</column>
            <column name="rshb">NULL</column>
        </table>
        <table name="bank">
            <column name="id">4878</column>
            <column name="twitid">499205770185950000</column>
            <column name="date">1407854905</column>
            <column name="name">1DsheeranMT</column>
            <column name="text">Блин. Сбербанк отжигает снял 49 евро с карты. Никто не знает почему</column>
            <column name="sberbank">-1</column>
            <column name="vtb">NULL</column>
            <column name="gazprom">NULL</column>
            <column name="alfabank">NULL</column>
            <column name="bankmoskvy">NULL</column>
            <column name="raiffeisen">NULL</column>
            <column name="uralsib">NULL</column>
            <column name="rshb">NULL</column>
        </table>
        <table name="bank">
            <column name="id">4879</column>
            <column name="twitid">499206048402910000</column>
            <column name="date">1407854971</column>
            <column name="name">dimastrotsev</column>
            <column name="text">добро пожаловать в #сбербанк #рф. https://t.co/pW3GE39IC7 http://t.co/MX8LFfcsbA</column>
            <column name="sberbank">0</column>
            <column name="vtb">NULL</column>
            <column name="gazprom">NULL</column>
            <column name="alfabank">NULL</column>
            <column name="bankmoskvy">NULL</column>
            <column name="raiffeisen">NULL</column>
            <column name="uralsib">NULL</column>
            <column name="rshb">NULL</column>
        </table>
        <table name="bank">
            <column name="id">4880</column>
            <column name="twitid">499208749110680000</column>
            <column name="date">1407855615</column>
            <column name="name">newsbild_ru</column>
            <column name="text">Объем закупок, размещенных на ЭТП Газпромбанка в первом полугодии 2014 г., вырос на 164 http://t.co/Y2BcPg1vjB</column>
            <column name="sberbank">NULL</column>
            <column name="vtb">NULL</column>
            <column name="gazprom">0</column>
            <column name="alfabank">NULL</column>
            <column name="bankmoskvy">NULL</column>
            <column name="raiffeisen">NULL</column>
            <column name="uralsib">NULL</column>
            <column name="rshb">NULL</column>
        </table>
        <table name="bank">
            <column name="id">4881</column>
            <column name="twitid">499208981492290000</column>
            <column name="date">1407855670</column>
            <column name="name">anbahlemisfing</column>
            <column name="text">RT @freewapbopthern: втб 24 тверь автокредит http://t.co/Jd4Wr1XGsD</column>
            <column name="sberbank">NULL</column>
            <column name="vtb">0</column>
            <column name="gazprom">NULL</column>
            <column name="alfabank">NULL</column>
            <column name="bankmoskvy">NULL</column>
            <column name="raiffeisen">NULL</column>
            <column name="uralsib">NULL</column>
            <column name="rshb">NULL</column>
        </table>
        <table name="bank">
            <column name="id">4882</column>
            <column name="twitid">499211187871940000</column>
            <column name="date">1407856196</column>
            <column name="name">Grisha_Putinov</column>
            <column name="text">@OlegSadchikov @sberbank #Таврида2014 Отличный день сегодня был!</column>
            <column name="sberbank">0</column>
            <column name="vtb">NULL</column>
            <column name="gazprom">NULL</column>
            <column name="alfabank">NULL</column>
            <column name="bankmoskvy">NULL</column>
            <column name="raiffeisen">NULL</column>
            <column name="uralsib">NULL</column>
            <column name="rshb">NULL</column>
        </table>
        <table name="bank">
            <column name="id">4883</column>
            <column name="twitid">499215563525080000</column>
            <column name="date">1407857239</column>
            <column name="name">Proremontt</column>
            <column name="text">Совместная ипотечная программа ГК &quot;Лидер Групп&quot; и ОАО Сбербанк России</column>
            <column name="sberbank">0</column>
            <column name="vtb">NULL</column>
            <column name="gazprom">NULL</column>
            <column name="alfabank">NULL</column>
            <column name="bankmoskvy">NULL</column>
            <column name="raiffeisen">NULL</column>
            <column name="uralsib">NULL</column>
            <column name="rshb">NULL</column>
        </table>
        <table name="bank">
            <column name="id">4884</column>
            <column name="twitid">499218131496480000</column>
            <column name="date">1407857852</column>
            <column name="name">VIgnatov26</column>
            <column name="text">Объем закупок, размещенных на ЭТП Газпромбанка в первом полугодии 2014 г., вырос на 164.Электронная торговая площадка &quot;Газпромбанка&quot; (ЭТП Г</column>
            <column name="sberbank">NULL</column>
            <column name="vtb">NULL</column>
            <column name="gazprom">1</column>
            <column name="alfabank">NULL</column>
            <column name="bankmoskvy">NULL</column>
            <column name="raiffeisen">NULL</column>
            <column name="uralsib">NULL</column>
            <column name="rshb">NULL</column>
        </table>
        <table name="bank">
            <column name="id">4885</column>
            <column name="twitid">499226661347680000</column>
            <column name="date">1407859885</column>
            <column name="name">SBykovskiy</column>
            <column name="text">@OlegSadchikov @sberbank логично!) а кому их еще задавать как не ему. Как ни как самый крупный банк возглавляет #Таврида2014</column>
            <column name="sberbank">0</column>
            <column name="vtb">NULL</column>
            <column name="gazprom">NULL</column>
            <column name="alfabank">NULL</column>
            <column name="bankmoskvy">NULL</column>
            <column name="raiffeisen">NULL</column>
            <column name="uralsib">NULL</column>
            <column name="rshb">NULL</column>
        </table>
        <table name="bank">
            <column name="id">4886</column>
            <column name="twitid">499226927455290000</column>
            <column name="date">1407859949</column>
            <column name="name">zicexigogu</column>
            <column name="text">Потребительские кредиты в банках санкт петербурга сбербанк http://t.co/3RiIe7U4ce</column>
            <column name="sberbank">0</column>
            <column name="vtb">NULL</column>
            <column name="gazprom">NULL</column>
            <column name="alfabank">NULL</column>
            <column name="bankmoskvy">NULL</column>
            <column name="raiffeisen">NULL</column>
            <column name="uralsib">NULL</column>
            <column name="rshb">NULL</column>
        </table>
        <table name="bank">
            <column name="id">4887</column>
            <column name="twitid">499227286709610000</column>
            <column name="date">1407860035</column>
            <column name="name">nibigewiruze</column>
            <column name="text">депозиты альфа банк</column>
            <column name="sberbank">NULL</column>
            <column name="vtb">NULL</column>
            <column name="gazprom">NULL</column>
            <column name="alfabank">0</column>
            <column name="bankmoskvy">NULL</column>
            <column name="raiffeisen">NULL</column>
            <column name="uralsib">NULL</column>
            <column name="rshb">NULL</column>
        </table>
        <table name="bank">
            <column name="id">4888</column>
            <column name="twitid">499228040099280000</column>
            <column name="date">1407860214</column>
            <column name="name">zugunurohe</column>
            <column name="text">Банк москвы кредит без http://t.co/GwaFoa4jiI</column>
            <column name="sberbank">NULL</column>
            <column name="vtb">NULL</column>
            <column name="gazprom">NULL</column>
            <column name="alfabank">NULL</column>
            <column name="bankmoskvy">0</column>
            <column name="raiffeisen">NULL</column>
            <column name="uralsib">NULL</column>
            <column name="rshb">NULL</column>
        </table>
        <table name="bank">
            <column name="id">4889</column>
            <column name="twitid">499243341046120000</column>
            <column name="date">1407863862</column>
            <column name="name">nerssuzeroutig</column>
            <column name="text">http://t.co/3w4sy0haEj россельхозбанк кредиты кострома</column>
            <column name="sberbank">NULL</column>
            <column name="vtb">NULL</column>
            <column name="gazprom">NULL</column>
            <column name="alfabank">NULL</column>
            <column name="bankmoskvy">NULL</column>
            <column name="raiffeisen">NULL</column>
            <column name="uralsib">NULL</column>
            <column name="rshb">0</column>
        </table>
        <table name="bank">
            <column name="id">4890</column>
            <column name="twitid">499244143877850000</column>
            <column name="date">1407864054</column>
            <column name="name">wyqivatarel</column>
            <column name="text">RT @tugigucipypi: банкоматы альфа банка</column>
            <column name="sberbank">NULL</column>
            <column name="vtb">NULL</column>
            <column name="gazprom">NULL</column>
            <column name="alfabank">0</column>
            <column name="bankmoskvy">NULL</column>
            <column name="raiffeisen">NULL</column>
            <column name="uralsib">NULL</column>
            <column name="rshb">NULL</column>
        </table>
        <table name="bank">
            <column name="id">4891</column>
            <column name="twitid">499245175051660000</column>
            <column name="date">1407864299</column>
            <column name="name">vubucowaxy</column>
            <column name="text">Условия автокредитования в альфа банке http://t.co/9456BZajXj</column>
            <column name="sberbank">NULL</column>
            <column name="vtb">NULL</column>
            <column name="gazprom">NULL</column>
            <column name="alfabank">0</column>
            <column name="bankmoskvy">NULL</column>
            <column name="raiffeisen">NULL</column>
            <column name="uralsib">NULL</column>
            <column name="rshb">NULL</column>
        </table>
        <table name="bank">
            <column name="id">4892</column>
            <column name="twitid">499248137752810000</column>
            <column name="date">1407865006</column>
            <column name="name">tantheodohou</column>
            <column name="text">RT @dumpbijourzea: Сбербанк в ночь на 11 августа приостановит работу банкоматов</column>
            <column name="sberbank">-1</column>
            <column name="vtb">NULL</column>
            <column name="gazprom">NULL</column>
            <column name="alfabank">NULL</column>
            <column name="bankmoskvy">NULL</column>
            <column name="raiffeisen">NULL</column>
            <column name="uralsib">NULL</column>
            <column name="rshb">NULL</column>
        </table>
        <table name="bank">
            <column name="id">4893</column>
            <column name="twitid">499249433863670000</column>
            <column name="date">1407865315</column>
            <column name="name">rybelylusuv</column>
            <column name="text">RT @cesyjuwacebu: кредитная карта альфа банка</column>
            <column name="sberbank">NULL</column>
            <column name="vtb">NULL</column>
            <column name="gazprom">NULL</column>
            <column name="alfabank">0</column>
            <column name="bankmoskvy">NULL</column>
            <column name="raiffeisen">NULL</column>
            <column name="uralsib">NULL</column>
            <column name="rshb">NULL</column>
        </table>
        <table name="bank">
            <column name="id">4894</column>
            <column name="twitid">499249525433720000</column>
            <column name="date">1407865337</column>
            <column name="name">pyrewypoxer</column>
            <column name="text">отзывы о альфа банке</column>
            <column name="sberbank">NULL</column>
            <column name="vtb">NULL</column>
            <column name="gazprom">NULL</column>
            <column name="alfabank">0</column>
            <column name="bankmoskvy">NULL</column>
            <column name="raiffeisen">NULL</column>
            <column name="uralsib">NULL</column>
            <column name="rshb">NULL</column>
        </table>
        <table name="bank">
            <column name="id">4895</column>
            <column name="twitid">499249876006600000</column>
            <column name="date">1407865420</column>
            <column name="name">accoocawebkax</column>
            <column name="text">http://t.co/eg8LDZzHAX банк уралсиб автокредит</column>
            <column name="sberbank">NULL</column>
            <column name="vtb">NULL</column>
            <column name="gazprom">NULL</column>
            <column name="alfabank">NULL</column>
            <column name="bankmoskvy">NULL</column>
            <column name="raiffeisen">NULL</column>
            <column name="uralsib">0</column>
            <column name="rshb">NULL</column>
        </table>
        <table name="bank">
            <column name="id">4896</column>
            <column name="twitid">499252054490380000</column>
            <column name="date">1407865940</column>
            <column name="name">bilogatuby</column>
            <column name="text">Банк втб 24 кредиты отзывы http://t.co/hpaqiIqiAu</column>
            <column name="sberbank">NULL</column>
            <column name="vtb">0</column>
            <column name="gazprom">NULL</column>
            <column name="alfabank">NULL</column>
            <column name="bankmoskvy">NULL</column>
            <column name="raiffeisen">NULL</column>
            <column name="uralsib">NULL</column>
            <column name="rshb">NULL</column>
        </table>
        <table name="bank">
            <column name="id">4897</column>
            <column name="twitid">499252386490510000</column>
            <column name="date">1407866019</column>
            <column name="name">acdenisgeta</column>
            <column name="text">http://t.co/jE273sDHKF целевые кредиты россельхозбанка</column>
            <column name="sberbank">NULL</column>
            <column name="vtb">NULL</column>
            <column name="gazprom">NULL</column>
            <column name="alfabank">NULL</column>
            <column name="bankmoskvy">NULL</column>
            <column name="raiffeisen">NULL</column>
            <column name="uralsib">NULL</column>
            <column name="rshb">0</column>
        </table>
        <table name="bank">
            <column name="id">4898</column>
            <column name="twitid">499255580130050000</column>
            <column name="date">1407866780</column>
            <column name="name">angulomwvelaine</column>
            <column name="text">Кредитная карта втб 24 дать заявку http://t.co/fKYE8l1kBu</column>
            <column name="sberbank">NULL</column>
            <column name="vtb">0</column>
            <column name="gazprom">NULL</column>
            <column name="alfabank">NULL</column>
            <column name="bankmoskvy">NULL</column>
            <column name="raiffeisen">NULL</column>
            <column name="uralsib">NULL</column>
            <column name="rshb">NULL</column>
        </table>
        <table name="bank">
            <column name="id">4899</column>
            <column name="twitid">499257197667560000</column>
            <column name="date">1407867166</column>
            <column name="name">teishavwtmlilli</column>
            <column name="text">Автокредитование в омске альфа банк http://t.co/5ruzFVQXqW</column>
            <column name="sberbank">NULL</column>
            <column name="vtb">NULL</column>
            <column name="gazprom">NULL</column>
            <column name="alfabank">0</column>
            <column name="bankmoskvy">NULL</column>
            <column name="raiffeisen">NULL</column>
            <column name="uralsib">NULL</column>
            <column name="rshb">NULL</column>
        </table>
        <table name="bank">
            <column name="id">4900</column>
            <column name="twitid">499258679167040000</column>
            <column name="date">1407867519</column>
            <column name="name">kofazafe</column>
            <column name="text">Кредит в пензе без поручителей сбербанк http://t.co/lClnKIHJPc</column>
            <column name="sberbank">0</column>
            <column name="vtb">NULL</column>
            <column name="gazprom">NULL</column>
            <column name="alfabank">NULL</column>
            <column name="bankmoskvy">NULL</column>
            <column name="raiffeisen">NULL</column>
            <column name="uralsib">NULL</column>
            <column name="rshb">NULL</column>
        </table>
    </database>
</pma_xml_export>