<?xml version="1.0" encoding="utf-8"?>
<!--
- phpMyAdmin XML Dump
- version 4.0.4.1
- http://www.phpmyadmin.net
-
- Хост: localhost
- Время создания: Окт 28 2014 г., 09:04
- Версия сервера: 5.6.12
- Версия PHP: 5.5.3
-->

<pma_xml_export version="1.0" xmlns:pma="http://www.phpmyadmin.net/some_doc_url/">
    <!--
    - Structure schemas
    -->
    <pma:structure_schemas>
        <pma:database name="Romip" collation="utf8_general_ci" charset="utf8">
            <pma:table name="bank">
                CREATE TABLE `bank` (
                  `id` int(11) NOT NULL AUTO_INCREMENT,
                  `twitid` bigint(32) NOT NULL DEFAULT '0',
                  `date` varchar(128) DEFAULT NULL,
                  `name` varchar(128) DEFAULT NULL,
                  `text` varchar(256) DEFAULT NULL,
                  `sberbank` int(11) DEFAULT NULL,
                  `vtb` int(11) DEFAULT NULL,
                  `gazprom` int(11) DEFAULT NULL,
                  `alfabank` int(11) DEFAULT NULL,
                  `bankmoskvy` int(11) DEFAULT NULL,
                  `raiffeisen` int(11) DEFAULT NULL,
                  `uralsib` int(11) DEFAULT NULL,
                  `rshb` int(11) DEFAULT NULL,
                  PRIMARY KEY (`id`),
                  UNIQUE KEY `id` (`twitid`)
                ) ENGINE=InnoDB AUTO_INCREMENT=7924 DEFAULT CHARSET=utf8;
            </pma:table>
        </pma:database>
    </pma:structure_schemas>

    <!--
    - База данных: 'Romip'
    -->
    <database name="Romip">
        <!-- Таблица bank -->
        <table name="bank">
            <column name="id">4601</column>
            <column name="twitid">498754002642020000</column>
            <column name="date">1407747195</column>
            <column name="name">Energy_Exchange</column>
            <column name="text">RT @Neftegaz_RU: Газпромбанк: Eurasia Drilling выиграет от западных санкций на ввоз нефтесервисного оборудования: Eurasia Drill... http://t…</column>
            <column name="sberbank">NULL</column>
            <column name="vtb">NULL</column>
            <column name="gazprom">0</column>
            <column name="alfabank">NULL</column>
            <column name="bankmoskvy">NULL</column>
            <column name="raiffeisen">NULL</column>
            <column name="uralsib">NULL</column>
            <column name="rshb">NULL</column>
        </table>
        <table name="bank">
            <column name="id">4602</column>
            <column name="twitid">498757963633680000</column>
            <column name="date">1407748139</column>
            <column name="name">OlezhkaNatalin</column>
            <column name="text">Авто в кредит через сбербанк http://t.co/Uc5zpkgAgA</column>
            <column name="sberbank">0</column>
            <column name="vtb">NULL</column>
            <column name="gazprom">NULL</column>
            <column name="alfabank">NULL</column>
            <column name="bankmoskvy">NULL</column>
            <column name="raiffeisen">NULL</column>
            <column name="uralsib">NULL</column>
            <column name="rshb">NULL</column>
        </table>
        <table name="bank">
            <column name="id">4603</column>
            <column name="twitid">498759471930560000</column>
            <column name="date">1407748499</column>
            <column name="name">pywecymyf</column>
            <column name="text">Кредит райффайзен банк аваль http://t.co/pqFNODIQ7S</column>
            <column name="sberbank">NULL</column>
            <column name="vtb">NULL</column>
            <column name="gazprom">NULL</column>
            <column name="alfabank">NULL</column>
            <column name="bankmoskvy">NULL</column>
            <column name="raiffeisen">0</column>
            <column name="uralsib">NULL</column>
            <column name="rshb">NULL</column>
        </table>
        <table name="bank">
            <column name="id">4604</column>
            <column name="twitid">498760809238230000</column>
            <column name="date">1407748818</column>
            <column name="name">tofexegoby</column>
            <column name="text">Какие документа для кредитов альфа банка http://t.co/6ddSKAZyRJ</column>
            <column name="sberbank">NULL</column>
            <column name="vtb">NULL</column>
            <column name="gazprom">NULL</column>
            <column name="alfabank">0</column>
            <column name="bankmoskvy">NULL</column>
            <column name="raiffeisen">NULL</column>
            <column name="uralsib">NULL</column>
            <column name="rshb">NULL</column>
        </table>
        <table name="bank">
            <column name="id">4605</column>
            <column name="twitid">498763194492810000</column>
            <column name="date">1407749386</column>
            <column name="name">diuwyelu</column>
            <column name="text">Россельхозбанк стал победителем конкурса «Лучшие товары и услуги малого бизнеса города Йошкар-Олы» #R</column>
            <column name="sberbank">NULL</column>
            <column name="vtb">NULL</column>
            <column name="gazprom">NULL</column>
            <column name="alfabank">NULL</column>
            <column name="bankmoskvy">NULL</column>
            <column name="raiffeisen">NULL</column>
            <column name="uralsib">NULL</column>
            <column name="rshb">1</column>
        </table>
        <table name="bank">
            <column name="id">4606</column>
            <column name="twitid">498763878663480000</column>
            <column name="date">1407749549</column>
            <column name="name">LadyMidwinter</column>
            <column name="text">И внезапно Сбер увеличил мне кредитный лимит...</column>
            <column name="sberbank">1</column>
            <column name="vtb">NULL</column>
            <column name="gazprom">NULL</column>
            <column name="alfabank">NULL</column>
            <column name="bankmoskvy">NULL</column>
            <column name="raiffeisen">NULL</column>
            <column name="uralsib">NULL</column>
            <column name="rshb">NULL</column>
        </table>
        <table name="bank">
            <column name="id">4607</column>
            <column name="twitid">498764161120500000</column>
            <column name="date">1407749617</column>
            <column name="name">ssololena</column>
            <column name="text">RT @sberbank: Штрих-коды от Сбербанка позволят совершать платежи быстро и без ошибок http://t.co/WrDTBAIG5X http://t.co/uGX7rEuIDF</column>
            <column name="sberbank">1</column>
            <column name="vtb">NULL</column>
            <column name="gazprom">NULL</column>
            <column name="alfabank">NULL</column>
            <column name="bankmoskvy">NULL</column>
            <column name="raiffeisen">NULL</column>
            <column name="uralsib">NULL</column>
            <column name="rshb">NULL</column>
        </table>
        <table name="bank">
            <column name="id">4608</column>
            <column name="twitid">498765729182020000</column>
            <column name="date">1407749991</column>
            <column name="name">schyroitayrie</column>
            <column name="text">RT @poifguglielma: микро кредит сбербанк росси http://t.co/EOAvBNt0kE</column>
            <column name="sberbank">0</column>
            <column name="vtb">NULL</column>
            <column name="gazprom">NULL</column>
            <column name="alfabank">NULL</column>
            <column name="bankmoskvy">NULL</column>
            <column name="raiffeisen">NULL</column>
            <column name="uralsib">NULL</column>
            <column name="rshb">NULL</column>
        </table>
        <table name="bank">
            <column name="id">4609</column>
            <column name="twitid">498766449104920000</column>
            <column name="date">1407750162</column>
            <column name="name">dykijyvixy</column>
            <column name="text">Жилищный кредит банк москвы http://t.co/e2kHuSL8fB</column>
            <column name="sberbank">NULL</column>
            <column name="vtb">NULL</column>
            <column name="gazprom">NULL</column>
            <column name="alfabank">NULL</column>
            <column name="bankmoskvy">0</column>
            <column name="raiffeisen">NULL</column>
            <column name="uralsib">NULL</column>
            <column name="rshb">NULL</column>
        </table>
        <table name="bank">
            <column name="id">4610</column>
            <column name="twitid">498766451445370000</column>
            <column name="date">1407750163</column>
            <column name="name">pyqodiqufo</column>
            <column name="text">Кредит наличными орел сбербанк http://t.co/vUedwaTkL3</column>
            <column name="sberbank">0</column>
            <column name="vtb">NULL</column>
            <column name="gazprom">NULL</column>
            <column name="alfabank">NULL</column>
            <column name="bankmoskvy">NULL</column>
            <column name="raiffeisen">NULL</column>
            <column name="uralsib">NULL</column>
            <column name="rshb">NULL</column>
        </table>
        <table name="bank">
            <column name="id">4611</column>
            <column name="twitid">498768426580840000</column>
            <column name="date">1407750634</column>
            <column name="name">nosogykenyv</column>
            <column name="text">RT @qisudusaryw: втб 24 ставрополь автокредит условия http://t.co/zbdyZUVwid</column>
            <column name="sberbank">NULL</column>
            <column name="vtb">0</column>
            <column name="gazprom">NULL</column>
            <column name="alfabank">NULL</column>
            <column name="bankmoskvy">NULL</column>
            <column name="raiffeisen">NULL</column>
            <column name="uralsib">NULL</column>
            <column name="rshb">NULL</column>
        </table>
        <table name="bank">
            <column name="id">4612</column>
            <column name="twitid">498768474232360000</column>
            <column name="date">1407750645</column>
            <column name="name">ormana0</column>
            <column name="text">Минимальная сумма кредита в альфа банке http://t.co/1vDZOvwh9R</column>
            <column name="sberbank">NULL</column>
            <column name="vtb">NULL</column>
            <column name="gazprom">NULL</column>
            <column name="alfabank">0</column>
            <column name="bankmoskvy">NULL</column>
            <column name="raiffeisen">NULL</column>
            <column name="uralsib">NULL</column>
            <column name="rshb">NULL</column>
        </table>
        <table name="bank">
            <column name="id">4613</column>
            <column name="twitid">498768614833810000</column>
            <column name="date">1407750679</column>
            <column name="name">OliviaKroth</column>
            <column name="text">RT @sberbank: Репортаж с Хакатона мобильных финансовых сервисов, прошедшего при поддержке Сбербанка: http://t.co/e2z1LaQgpW</column>
            <column name="sberbank">0</column>
            <column name="vtb">NULL</column>
            <column name="gazprom">NULL</column>
            <column name="alfabank">NULL</column>
            <column name="bankmoskvy">NULL</column>
            <column name="raiffeisen">NULL</column>
            <column name="uralsib">NULL</column>
            <column name="rshb">NULL</column>
        </table>
        <table name="bank">
            <column name="id">4614</column>
            <column name="twitid">498769045114850000</column>
            <column name="date">1407750781</column>
            <column name="name">maximlier</column>
            <column name="text">@AlfabankBY спасибо большое!</column>
            <column name="sberbank">NULL</column>
            <column name="vtb">NULL</column>
            <column name="gazprom">NULL</column>
            <column name="alfabank">1</column>
            <column name="bankmoskvy">NULL</column>
            <column name="raiffeisen">NULL</column>
            <column name="uralsib">NULL</column>
            <column name="rshb">NULL</column>
        </table>
        <table name="bank">
            <column name="id">4615</column>
            <column name="twitid">498769280939210000</column>
            <column name="date">1407750837</column>
            <column name="name">CbondsRu</column>
            <column name="text">Ставки на минимуме, ждем повышения к концу недели – Райффайзенбанк http://t.co/0rEkwomsMh</column>
            <column name="sberbank">NULL</column>
            <column name="vtb">NULL</column>
            <column name="gazprom">NULL</column>
            <column name="alfabank">NULL</column>
            <column name="bankmoskvy">NULL</column>
            <column name="raiffeisen">+-</column>
            <column name="uralsib">NULL</column>
            <column name="rshb">NULL</column>
        </table>
        <table name="bank">
            <column name="id">4616</column>
            <column name="twitid">498769375345000000</column>
            <column name="date">1407750860</column>
            <column name="name">abhiti_keach</column>
            <column name="text">RT @jecamejebag: альфа банк продление карты http://t.co/rhnjb9s643</column>
            <column name="sberbank">NULL</column>
            <column name="vtb">NULL</column>
            <column name="gazprom">NULL</column>
            <column name="alfabank">0</column>
            <column name="bankmoskvy">NULL</column>
            <column name="raiffeisen">NULL</column>
            <column name="uralsib">NULL</column>
            <column name="rshb">NULL</column>
        </table>
        <table name="bank">
            <column name="id">4617</column>
            <column name="twitid">498770459211880000</column>
            <column name="date">1407751118</column>
            <column name="name">xoctocysty</column>
            <column name="text">Банк москвы кредитная карта как получить http://t.co/F5sBjbEPsS</column>
            <column name="sberbank">NULL</column>
            <column name="vtb">NULL</column>
            <column name="gazprom">NULL</column>
            <column name="alfabank">NULL</column>
            <column name="bankmoskvy">0</column>
            <column name="raiffeisen">NULL</column>
            <column name="uralsib">NULL</column>
            <column name="rshb">NULL</column>
        </table>
        <table name="bank">
            <column name="id">4618</column>
            <column name="twitid">498770499829510000</column>
            <column name="date">1407751128</column>
            <column name="name">zyhydajowe</column>
            <column name="text">Райффайзенбанк кредит наличными сургут http://t.co/HuiNSKl1v5</column>
            <column name="sberbank">NULL</column>
            <column name="vtb">NULL</column>
            <column name="gazprom">NULL</column>
            <column name="alfabank">NULL</column>
            <column name="bankmoskvy">NULL</column>
            <column name="raiffeisen">0</column>
            <column name="uralsib">NULL</column>
            <column name="rshb">NULL</column>
        </table>
        <table name="bank">
            <column name="id">4619</column>
            <column name="twitid">498771409363960000</column>
            <column name="date">1407751345</column>
            <column name="name">vjobivai</column>
            <column name="text">#бизнес Газпромбанк погасил синдицированный кредит на $1,2 млрд: Газпромбанк своевременно погасил синдицирован... http://t.co/htsbjDnMD9</column>
            <column name="sberbank">NULL</column>
            <column name="vtb">NULL</column>
            <column name="gazprom">1</column>
            <column name="alfabank">NULL</column>
            <column name="bankmoskvy">NULL</column>
            <column name="raiffeisen">NULL</column>
            <column name="uralsib">NULL</column>
            <column name="rshb">NULL</column>
        </table>
        <table name="bank">
            <column name="id">4620</column>
            <column name="twitid">498773526883880000</column>
            <column name="date">1407751850</column>
            <column name="name">goqikypop</column>
            <column name="text">Ипотечное кредитование сбербанк в новосибирске http://t.co/GNZf3PO5lH</column>
            <column name="sberbank">0</column>
            <column name="vtb">NULL</column>
            <column name="gazprom">NULL</column>
            <column name="alfabank">NULL</column>
            <column name="bankmoskvy">NULL</column>
            <column name="raiffeisen">NULL</column>
            <column name="uralsib">NULL</column>
            <column name="rshb">NULL</column>
        </table>
        <table name="bank">
            <column name="id">4621</column>
            <column name="twitid">498773751865950000</column>
            <column name="date">1407751903</column>
            <column name="name">petrovott</column>
            <column name="text">Газпромбанк погасил синдицированный кредит на $1,2 млрд: Газпромбанк своевременно погасил синдицированный кред... http://t.co/FuHS5izQX9</column>
            <column name="sberbank">NULL</column>
            <column name="vtb">NULL</column>
            <column name="gazprom">1</column>
            <column name="alfabank">NULL</column>
            <column name="bankmoskvy">NULL</column>
            <column name="raiffeisen">NULL</column>
            <column name="uralsib">NULL</column>
            <column name="rshb">NULL</column>
        </table>
        <table name="bank">
            <column name="id">4622</column>
            <column name="twitid">498773754999080000</column>
            <column name="date">1407751904</column>
            <column name="name">milovott</column>
            <column name="text">Газпромбанк погасил синдицированный кредит на $1,2 млрд: Газпромбанк своевременно погасил синдицированный кред... http://t.co/rfuRDqccHZ</column>
            <column name="sberbank">NULL</column>
            <column name="vtb">NULL</column>
            <column name="gazprom">1</column>
            <column name="alfabank">NULL</column>
            <column name="bankmoskvy">NULL</column>
            <column name="raiffeisen">NULL</column>
            <column name="uralsib">NULL</column>
            <column name="rshb">NULL</column>
        </table>
        <table name="bank">
            <column name="id">4623</column>
            <column name="twitid">498774200601960000</column>
            <column name="date">1407752010</column>
            <column name="name">vputi265i</column>
            <column name="text">Газпромбанк погасил синдицированный кредит на $1,2 млрд: Газпромбанк своевременно погасил синдицированный кред... http://t.co/X6P8EFYYsc</column>
            <column name="sberbank">NULL</column>
            <column name="vtb">NULL</column>
            <column name="gazprom">1</column>
            <column name="alfabank">NULL</column>
            <column name="bankmoskvy">NULL</column>
            <column name="raiffeisen">NULL</column>
            <column name="uralsib">NULL</column>
            <column name="rshb">NULL</column>
        </table>
        <table name="bank">
            <column name="id">4624</column>
            <column name="twitid">498774969833500000</column>
            <column name="date">1407752194</column>
            <column name="name">cyduhigen</column>
            <column name="text">Кредитные карты банк москвы отзывы http://t.co/uRtqvZJU2w</column>
            <column name="sberbank">NULL</column>
            <column name="vtb">NULL</column>
            <column name="gazprom">NULL</column>
            <column name="alfabank">NULL</column>
            <column name="bankmoskvy">0</column>
            <column name="raiffeisen">NULL</column>
            <column name="uralsib">NULL</column>
            <column name="rshb">NULL</column>
        </table>
        <table name="bank">
            <column name="id">4625</column>
            <column name="twitid">498775075030830000</column>
            <column name="date">1407752219</column>
            <column name="name">tuxurozewif</column>
            <column name="text">Банкомат для погошения кредита втб 24 http://t.co/N7dIemQSYc</column>
            <column name="sberbank">NULL</column>
            <column name="vtb">0</column>
            <column name="gazprom">NULL</column>
            <column name="alfabank">NULL</column>
            <column name="bankmoskvy">NULL</column>
            <column name="raiffeisen">NULL</column>
            <column name="uralsib">NULL</column>
            <column name="rshb">NULL</column>
        </table>
        <table name="bank">
            <column name="id">4626</column>
            <column name="twitid">498775648706380000</column>
            <column name="date">1407752356</column>
            <column name="name">davidfusher77</column>
            <column name="text">Газпромбанк погасил синдицированный кредит на $1,2 млрд: Газпромбанк своевременно погасил синдицированный кред... http://t.co/Eho9Myx1oO</column>
            <column name="sberbank">NULL</column>
            <column name="vtb">NULL</column>
            <column name="gazprom">1</column>
            <column name="alfabank">NULL</column>
            <column name="bankmoskvy">NULL</column>
            <column name="raiffeisen">NULL</column>
            <column name="uralsib">NULL</column>
            <column name="rshb">NULL</column>
        </table>
        <table name="bank">
            <column name="id">4627</column>
            <column name="twitid">498776860335940000</column>
            <column name="date">1407752644</column>
            <column name="name">Lefewr</column>
            <column name="text">#Россия  Газпромбанк погасил синдицированный кредит на $1,2 млрд http://t.co/NPt1CabAql  #sledui</column>
            <column name="sberbank">NULL</column>
            <column name="vtb">NULL</column>
            <column name="gazprom">1</column>
            <column name="alfabank">NULL</column>
            <column name="bankmoskvy">NULL</column>
            <column name="raiffeisen">NULL</column>
            <column name="uralsib">NULL</column>
            <column name="rshb">NULL</column>
        </table>
        <table name="bank">
            <column name="id">4628</column>
            <column name="twitid">498777450319740000</column>
            <column name="date">1407752785</column>
            <column name="name">dactikatfo</column>
            <column name="text">Кредитные карточки райффайзен банка http://t.co/3I4gBJ1eUx</column>
            <column name="sberbank">NULL</column>
            <column name="vtb">NULL</column>
            <column name="gazprom">NULL</column>
            <column name="alfabank">NULL</column>
            <column name="bankmoskvy">NULL</column>
            <column name="raiffeisen">0</column>
            <column name="uralsib">NULL</column>
            <column name="rshb">NULL</column>
        </table>
        <table name="bank">
            <column name="id">4629</column>
            <column name="twitid">498778386655750000</column>
            <column name="date">1407753008</column>
            <column name="name">55med</column>
            <column name="text">Омская детская больница получила новейший аппарат для анестезии: Напоминаем, Банк ВТБ провёл уже ставшую тради... http://t.co/NPCI5F0Q0o</column>
            <column name="sberbank">NULL</column>
            <column name="vtb">0</column>
            <column name="gazprom">NULL</column>
            <column name="alfabank">NULL</column>
            <column name="bankmoskvy">NULL</column>
            <column name="raiffeisen">NULL</column>
            <column name="uralsib">NULL</column>
            <column name="rshb">NULL</column>
        </table>
        <table name="bank">
            <column name="id">4630</column>
            <column name="twitid">498778430151090000</column>
            <column name="date">1407753019</column>
            <column name="name">xodafuko</column>
            <column name="text">Кредит наличными в банк москвы http://t.co/hqN63JDg2v</column>
            <column name="sberbank">NULL</column>
            <column name="vtb">NULL</column>
            <column name="gazprom">NULL</column>
            <column name="alfabank">NULL</column>
            <column name="bankmoskvy">0</column>
            <column name="raiffeisen">NULL</column>
            <column name="uralsib">NULL</column>
            <column name="rshb">NULL</column>
        </table>
        <table name="bank">
            <column name="id">4631</column>
            <column name="twitid">498778606009860000</column>
            <column name="date">1407753061</column>
            <column name="name">zavo1skaya2112</column>
            <column name="text">Банк втб 24 кредиты калькулятор http://t.co/EW4IzaY4ea</column>
            <column name="sberbank">NULL</column>
            <column name="vtb">0</column>
            <column name="gazprom">NULL</column>
            <column name="alfabank">NULL</column>
            <column name="bankmoskvy">NULL</column>
            <column name="raiffeisen">NULL</column>
            <column name="uralsib">NULL</column>
            <column name="rshb">NULL</column>
        </table>
        <table name="bank">
            <column name="id">4632</column>
            <column name="twitid">498783238559900000</column>
            <column name="date">1407754165</column>
            <column name="name">sergvonavi</column>
            <column name="text">@sberbank а почему аппараты со сканерами убирают и отделений?</column>
            <column name="sberbank">0</column>
            <column name="vtb">NULL</column>
            <column name="gazprom">NULL</column>
            <column name="alfabank">NULL</column>
            <column name="bankmoskvy">NULL</column>
            <column name="raiffeisen">NULL</column>
            <column name="uralsib">NULL</column>
            <column name="rshb">NULL</column>
        </table>
        <table name="bank">
            <column name="id">4633</column>
            <column name="twitid">498784838871430000</column>
            <column name="date">1407754547</column>
            <column name="name">rulesitunyr</column>
            <column name="text">RT @bubugociwuv: альфа банк кредитная карта</column>
            <column name="sberbank">NULL</column>
            <column name="vtb">NULL</column>
            <column name="gazprom">NULL</column>
            <column name="alfabank">0</column>
            <column name="bankmoskvy">NULL</column>
            <column name="raiffeisen">NULL</column>
            <column name="uralsib">NULL</column>
            <column name="rshb">NULL</column>
        </table>
        <table name="bank">
            <column name="id">4634</column>
            <column name="twitid">498785413251610000</column>
            <column name="date">1407754684</column>
            <column name="name">myLegnica</column>
            <column name="text">#Новости #Экономика Газпромбанк погасил синдицированный кредит на $1,2 млрд http://t.co/mORmtLJvxK</column>
            <column name="sberbank">NULL</column>
            <column name="vtb">NULL</column>
            <column name="gazprom">1</column>
            <column name="alfabank">NULL</column>
            <column name="bankmoskvy">NULL</column>
            <column name="raiffeisen">NULL</column>
            <column name="uralsib">NULL</column>
            <column name="rshb">NULL</column>
        </table>
        <table name="bank">
            <column name="id">4635</column>
            <column name="twitid">498785969970360000</column>
            <column name="date">1407754816</column>
            <column name="name">RussianBanking</column>
            <column name="text">Санкции не проиндексировали - Акции российских госбанков остались в MSCI http://t.co/jDoKYzA343 @sberbank @vtb @kommersant #новости</column>
            <column name="sberbank">1</column>
            <column name="vtb">1</column>
            <column name="gazprom">NULL</column>
            <column name="alfabank">NULL</column>
            <column name="bankmoskvy">NULL</column>
            <column name="raiffeisen">NULL</column>
            <column name="uralsib">NULL</column>
            <column name="rshb">NULL</column>
        </table>
        <table name="bank">
            <column name="id">4636</column>
            <column name="twitid">498786992487140000</column>
            <column name="date">1407755060</column>
            <column name="name">teraphylton</column>
            <column name="text">Воронеж альфа банк автокредитование http://t.co/YM5nxhMrTU</column>
            <column name="sberbank">NULL</column>
            <column name="vtb">NULL</column>
            <column name="gazprom">NULL</column>
            <column name="alfabank">0</column>
            <column name="bankmoskvy">NULL</column>
            <column name="raiffeisen">NULL</column>
            <column name="uralsib">NULL</column>
            <column name="rshb">NULL</column>
        </table>
        <table name="bank">
            <column name="id">4637</column>
            <column name="twitid">498787071235230000</column>
            <column name="date">1407755079</column>
            <column name="name">nelewafaz</column>
            <column name="text">Проценты на кредит сбербанк http://t.co/ez80r1JL8V</column>
            <column name="sberbank">0</column>
            <column name="vtb">NULL</column>
            <column name="gazprom">NULL</column>
            <column name="alfabank">NULL</column>
            <column name="bankmoskvy">NULL</column>
            <column name="raiffeisen">NULL</column>
            <column name="uralsib">NULL</column>
            <column name="rshb">NULL</column>
        </table>
        <table name="bank">
            <column name="id">4638</column>
            <column name="twitid">498787114843410000</column>
            <column name="date">1407755089</column>
            <column name="name">lynihinizow</column>
            <column name="text">Как стать кредитным агентом альфа банка http://t.co/82ZxY9HN1C</column>
            <column name="sberbank">NULL</column>
            <column name="vtb">NULL</column>
            <column name="gazprom">NULL</column>
            <column name="alfabank">0</column>
            <column name="bankmoskvy">NULL</column>
            <column name="raiffeisen">NULL</column>
            <column name="uralsib">NULL</column>
            <column name="rshb">NULL</column>
        </table>
        <table name="bank">
            <column name="id">4639</column>
            <column name="twitid">498789016725390000</column>
            <column name="date">1407755543</column>
            <column name="name">petutugo</column>
            <column name="text">Пакет документов в сбербанк на кредит http://t.co/MRwIDX7A0R</column>
            <column name="sberbank">0</column>
            <column name="vtb">NULL</column>
            <column name="gazprom">NULL</column>
            <column name="alfabank">NULL</column>
            <column name="bankmoskvy">NULL</column>
            <column name="raiffeisen">NULL</column>
            <column name="uralsib">NULL</column>
            <column name="rshb">NULL</column>
        </table>
        <table name="bank">
            <column name="id">4640</column>
            <column name="twitid">498789109000060000</column>
            <column name="date">1407755565</column>
            <column name="name">b0jenko260297</column>
            <column name="text">Преимущества потребительского кредита в альфа банке http://t.co/XKTzKu2KHL</column>
            <column name="sberbank">NULL</column>
            <column name="vtb">NULL</column>
            <column name="gazprom">NULL</column>
            <column name="alfabank">0</column>
            <column name="bankmoskvy">NULL</column>
            <column name="raiffeisen">NULL</column>
            <column name="uralsib">NULL</column>
            <column name="rshb">NULL</column>
        </table>
        <table name="bank">
            <column name="id">4641</column>
            <column name="twitid">498790548929790000</column>
            <column name="date">1407755908</column>
            <column name="name">fonikureli</column>
            <column name="text">Кредит банк альфа банк http://t.co/0kOsJ1JvjB</column>
            <column name="sberbank">NULL</column>
            <column name="vtb">NULL</column>
            <column name="gazprom">NULL</column>
            <column name="alfabank">0</column>
            <column name="bankmoskvy">NULL</column>
            <column name="raiffeisen">NULL</column>
            <column name="uralsib">NULL</column>
            <column name="rshb">NULL</column>
        </table>
        <table name="bank">
            <column name="id">4642</column>
            <column name="twitid">498791815282060000</column>
            <column name="date">1407756210</column>
            <column name="name">rosinvestcom_bk</column>
            <column name="text">Представитель Газпромбанка вошел в состав экспертного совета федеральных университетов: В рамках прое... http://t.co/zGoZRDxPOG #novosti</column>
            <column name="sberbank">NULL</column>
            <column name="vtb">NULL</column>
            <column name="gazprom">0</column>
            <column name="alfabank">NULL</column>
            <column name="bankmoskvy">NULL</column>
            <column name="raiffeisen">NULL</column>
            <column name="uralsib">NULL</column>
            <column name="rshb">NULL</column>
        </table>
        <table name="bank">
            <column name="id">4643</column>
            <column name="twitid">498792570873710000</column>
            <column name="date">1407756390</column>
            <column name="name">livykybyg</column>
            <column name="text">Кредитный отдел газпромбанка москва http://t.co/HxU4pSY8Wt</column>
            <column name="sberbank">NULL</column>
            <column name="vtb">NULL</column>
            <column name="gazprom">0</column>
            <column name="alfabank">NULL</column>
            <column name="bankmoskvy">NULL</column>
            <column name="raiffeisen">NULL</column>
            <column name="uralsib">NULL</column>
            <column name="rshb">NULL</column>
        </table>
        <table name="bank">
            <column name="id">4644</column>
            <column name="twitid">498792832795440000</column>
            <column name="date">1407756453</column>
            <column name="name">CeliaPlaneta</column>
            <column name="text">RT @fugebekosyx: автокредит сбербанк онлайн заявка украина http://t.co/65feMttzzC</column>
            <column name="sberbank">0</column>
            <column name="vtb">NULL</column>
            <column name="gazprom">NULL</column>
            <column name="alfabank">NULL</column>
            <column name="bankmoskvy">NULL</column>
            <column name="raiffeisen">NULL</column>
            <column name="uralsib">NULL</column>
            <column name="rshb">NULL</column>
        </table>
        <table name="bank">
            <column name="id">4645</column>
            <column name="twitid">498794023776440000</column>
            <column name="date">1407756737</column>
            <column name="name">zapufitmo</column>
            <column name="text">RT @meihasurpterp: Банк Москвы предоставит Приморью кредит в 1,5 млрд руб. на покупку воздушных судов</column>
            <column name="sberbank">NULL</column>
            <column name="vtb">NULL</column>
            <column name="gazprom">NULL</column>
            <column name="alfabank">NULL</column>
            <column name="bankmoskvy">0</column>
            <column name="raiffeisen">NULL</column>
            <column name="uralsib">NULL</column>
            <column name="rshb">NULL</column>
        </table>
        <table name="bank">
            <column name="id">4646</column>
            <column name="twitid">498794025861020000</column>
            <column name="date">1407756737</column>
            <column name="name">givylylabogy</column>
            <column name="text">RT @oxybpaolav: беспроцентная кредитная карта сбербанк россии http://t.co/wq85SyuyED</column>
            <column name="sberbank">0</column>
            <column name="vtb">NULL</column>
            <column name="gazprom">NULL</column>
            <column name="alfabank">NULL</column>
            <column name="bankmoskvy">NULL</column>
            <column name="raiffeisen">NULL</column>
            <column name="uralsib">NULL</column>
            <column name="rshb">NULL</column>
        </table>
        <table name="bank">
            <column name="id">4647</column>
            <column name="twitid">498794458100800000</column>
            <column name="date">1407756840</column>
            <column name="name">keks_yana</column>
            <column name="text">Пошла в сбербанк деньги положить , чтобы кроссовки заказать и нужен был паспорт и пришлось идти домой</column>
            <column name="sberbank">-1</column>
            <column name="vtb">NULL</column>
            <column name="gazprom">NULL</column>
            <column name="alfabank">NULL</column>
            <column name="bankmoskvy">NULL</column>
            <column name="raiffeisen">NULL</column>
            <column name="uralsib">NULL</column>
            <column name="rshb">NULL</column>
        </table>
        <table name="bank">
            <column name="id">4648</column>
            <column name="twitid">498794506972820000</column>
            <column name="date">1407756852</column>
            <column name="name">GazetaRu_Biz</column>
            <column name="text">S&amp;amp;P подтвердило рейтинг Газпромбанка на уровне &quot;BBB-&quot; c негативным прогнозом #бизнес http://t.co/omPzZSI6MD</column>
            <column name="sberbank">NULL</column>
            <column name="vtb">NULL</column>
            <column name="gazprom">-1</column>
            <column name="alfabank">NULL</column>
            <column name="bankmoskvy">NULL</column>
            <column name="raiffeisen">NULL</column>
            <column name="uralsib">NULL</column>
            <column name="rshb">NULL</column>
        </table>
        <table name="bank">
            <column name="id">4649</column>
            <column name="twitid">498794634294740000</column>
            <column name="date">1407756882</column>
            <column name="name">filytilpo1989</column>
            <column name="text">В Самаре открылся офис ипотечного кредитования Россельхозбанка</column>
            <column name="sberbank">NULL</column>
            <column name="vtb">NULL</column>
            <column name="gazprom">NULL</column>
            <column name="alfabank">NULL</column>
            <column name="bankmoskvy">NULL</column>
            <column name="raiffeisen">NULL</column>
            <column name="uralsib">NULL</column>
            <column name="rshb">0</column>
        </table>
        <table name="bank">
            <column name="id">4650</column>
            <column name="twitid">498795646154210000</column>
            <column name="date">1407757123</column>
            <column name="name">OlezhkaNatalin</column>
            <column name="text">Кредитование юридических лиц банк втб http://t.co/sIgwZIHwDt</column>
            <column name="sberbank">NULL</column>
            <column name="vtb">0</column>
            <column name="gazprom">NULL</column>
            <column name="alfabank">NULL</column>
            <column name="bankmoskvy">NULL</column>
            <column name="raiffeisen">NULL</column>
            <column name="uralsib">NULL</column>
            <column name="rshb">NULL</column>
        </table>
        <table name="bank">
            <column name="id">4651</column>
            <column name="twitid">498795998198520000</column>
            <column name="date">1407757207</column>
            <column name="name">IPanina52</column>
            <column name="text">Рефинансирование: Сбербанк помогает решить любые проблемы!. Специалисты отдела продаж малому бизнесу Вологодского отделения выдали крупный</column>
            <column name="sberbank">1</column>
            <column name="vtb">NULL</column>
            <column name="gazprom">NULL</column>
            <column name="alfabank">NULL</column>
            <column name="bankmoskvy">NULL</column>
            <column name="raiffeisen">NULL</column>
            <column name="uralsib">NULL</column>
            <column name="rshb">NULL</column>
        </table>
        <table name="bank">
            <column name="id">4652</column>
            <column name="twitid">498800069462990000</column>
            <column name="date">1407758178</column>
            <column name="name">lebibewawig</column>
            <column name="text">RT @StellaHodges18: банк сбербанк интернет банк http://t.co/MSQfMYRMB4</column>
            <column name="sberbank">0</column>
            <column name="vtb">NULL</column>
            <column name="gazprom">NULL</column>
            <column name="alfabank">NULL</column>
            <column name="bankmoskvy">NULL</column>
            <column name="raiffeisen">NULL</column>
            <column name="uralsib">NULL</column>
            <column name="rshb">NULL</column>
        </table>
        <table name="bank">
            <column name="id">4653</column>
            <column name="twitid">498802119341010000</column>
            <column name="date">1407758667</column>
            <column name="name">news_mari_el</column>
            <column name="text">Россельхозбанк стал победителем конкурса «Лучшие товары и услуги малого бизнеса города Йошкар-Олы» http://t.co/V7wQByCVA3</column>
            <column name="sberbank">NULL</column>
            <column name="vtb">NULL</column>
            <column name="gazprom">NULL</column>
            <column name="alfabank">NULL</column>
            <column name="bankmoskvy">NULL</column>
            <column name="raiffeisen">NULL</column>
            <column name="uralsib">NULL</column>
            <column name="rshb">1</column>
        </table>
        <table name="bank">
            <column name="id">4654</column>
            <column name="twitid">498802699866210000</column>
            <column name="date">1407758805</column>
            <column name="name">biwifobavub</column>
            <column name="text">Отсрочка по кредиту втб 24 http://t.co/MzkkcATVL6</column>
            <column name="sberbank">NULL</column>
            <column name="vtb">0</column>
            <column name="gazprom">NULL</column>
            <column name="alfabank">NULL</column>
            <column name="bankmoskvy">NULL</column>
            <column name="raiffeisen">NULL</column>
            <column name="uralsib">NULL</column>
            <column name="rshb">NULL</column>
        </table>
        <table name="bank">
            <column name="id">4655</column>
            <column name="twitid">498804180581370000</column>
            <column name="date">1407759158</column>
            <column name="name">revefilety</column>
            <column name="text">Ипотечный кредит под строительство сбербанк http://t.co/R3glBOllHl</column>
            <column name="sberbank">0</column>
            <column name="vtb">NULL</column>
            <column name="gazprom">NULL</column>
            <column name="alfabank">NULL</column>
            <column name="bankmoskvy">NULL</column>
            <column name="raiffeisen">NULL</column>
            <column name="uralsib">NULL</column>
            <column name="rshb">NULL</column>
        </table>
        <table name="bank">
            <column name="id">4656</column>
            <column name="twitid">498804220804740000</column>
            <column name="date">1407759168</column>
            <column name="name">leciaidvrosner</column>
            <column name="text">Льготный автокредит калькулятор сбербанк http://t.co/qFQnQYF1pv</column>
            <column name="sberbank">0</column>
            <column name="vtb">NULL</column>
            <column name="gazprom">NULL</column>
            <column name="alfabank">NULL</column>
            <column name="bankmoskvy">NULL</column>
            <column name="raiffeisen">NULL</column>
            <column name="uralsib">NULL</column>
            <column name="rshb">NULL</column>
        </table>
        <table name="bank">
            <column name="id">4657</column>
            <column name="twitid">498804225842120000</column>
            <column name="date">1407759169</column>
            <column name="name">shalondajhayman</column>
            <column name="text">Pos кредитования готовятся мдм банк и сбербанк http://t.co/TT8apL8Rmc</column>
            <column name="sberbank">0</column>
            <column name="vtb">NULL</column>
            <column name="gazprom">NULL</column>
            <column name="alfabank">NULL</column>
            <column name="bankmoskvy">NULL</column>
            <column name="raiffeisen">NULL</column>
            <column name="uralsib">NULL</column>
            <column name="rshb">NULL</column>
        </table>
        <table name="bank">
            <column name="id">4658</column>
            <column name="twitid">498805748894530000</column>
            <column name="date">1407759532</column>
            <column name="name">tondaqvoemrick</column>
            <column name="text">Как активировать кредитную карту альфа банка http://t.co/MIDt9f8ZVx</column>
            <column name="sberbank">NULL</column>
            <column name="vtb">NULL</column>
            <column name="gazprom">NULL</column>
            <column name="alfabank">0</column>
            <column name="bankmoskvy">NULL</column>
            <column name="raiffeisen">NULL</column>
            <column name="uralsib">NULL</column>
            <column name="rshb">NULL</column>
        </table>
        <table name="bank">
            <column name="id">4659</column>
            <column name="twitid">498807288950710000</column>
            <column name="date">1407759899</column>
            <column name="name">slyapustin</column>
            <column name="text">@alfa_bank есть какая то информация?</column>
            <column name="sberbank">NULL</column>
            <column name="vtb">NULL</column>
            <column name="gazprom">NULL</column>
            <column name="alfabank">0</column>
            <column name="bankmoskvy">NULL</column>
            <column name="raiffeisen">NULL</column>
            <column name="uralsib">NULL</column>
            <column name="rshb">NULL</column>
        </table>
        <table name="bank">
            <column name="id">4660</column>
            <column name="twitid">498808852629170000</column>
            <column name="date">1407760272</column>
            <column name="name">castillocmranee</column>
            <column name="text">Банк москвы в петрозаводске кредит http://t.co/hEOuCMyJFb</column>
            <column name="sberbank">NULL</column>
            <column name="vtb">NULL</column>
            <column name="gazprom">NULL</column>
            <column name="alfabank">NULL</column>
            <column name="bankmoskvy">0</column>
            <column name="raiffeisen">NULL</column>
            <column name="uralsib">NULL</column>
            <column name="rshb">NULL</column>
        </table>
        <table name="bank">
            <column name="id">4661</column>
            <column name="twitid">498809541790660000</column>
            <column name="date">1407760436</column>
            <column name="name">Crowfoot15</column>
            <column name="text">@sberbankkz это при том, что клиентов было по 3-5 человек!!!!</column>
            <column name="sberbank">0</column>
            <column name="vtb">NULL</column>
            <column name="gazprom">NULL</column>
            <column name="alfabank">NULL</column>
            <column name="bankmoskvy">NULL</column>
            <column name="raiffeisen">NULL</column>
            <column name="uralsib">NULL</column>
            <column name="rshb">NULL</column>
        </table>
        <table name="bank">
            <column name="id">4662</column>
            <column name="twitid">498809787589860000</column>
            <column name="date">1407760495</column>
            <column name="name">rocesmontuo1983</column>
            <column name="text">Поволжский Сбербанк намерен получить в собственность многоэтажку на площади Урицкого. Компания, которая е строила, обанкротилась. Поволжски</column>
            <column name="sberbank">0</column>
            <column name="vtb">NULL</column>
            <column name="gazprom">NULL</column>
            <column name="alfabank">NULL</column>
            <column name="bankmoskvy">NULL</column>
            <column name="raiffeisen">NULL</column>
            <column name="uralsib">NULL</column>
            <column name="rshb">NULL</column>
        </table>
        <table name="bank">
            <column name="id">4663</column>
            <column name="twitid">498810732948250000</column>
            <column name="date">1407760720</column>
            <column name="name">xidoquviby</column>
            <column name="text">Кредиты потребительские в г нефтеюганске втб 24 http://t.co/rfLKwQD5ah</column>
            <column name="sberbank">NULL</column>
            <column name="vtb">0</column>
            <column name="gazprom">NULL</column>
            <column name="alfabank">NULL</column>
            <column name="bankmoskvy">NULL</column>
            <column name="raiffeisen">NULL</column>
            <column name="uralsib">NULL</column>
            <column name="rshb">NULL</column>
        </table>
        <table name="bank">
            <column name="id">4664</column>
            <column name="twitid">498810737360660000</column>
            <column name="date">1407760721</column>
            <column name="name">manajideguzman</column>
            <column name="text">Кредит втб 24 отзывы http://t.co/qECfYlfSsA</column>
            <column name="sberbank">NULL</column>
            <column name="vtb">0</column>
            <column name="gazprom">NULL</column>
            <column name="alfabank">NULL</column>
            <column name="bankmoskvy">NULL</column>
            <column name="raiffeisen">NULL</column>
            <column name="uralsib">NULL</column>
            <column name="rshb">NULL</column>
        </table>
        <table name="bank">
            <column name="id">4665</column>
            <column name="twitid">498812180188650000</column>
            <column name="date">1407761065</column>
            <column name="name">uncik703ph</column>
            <column name="text">Получение кредита сбербанк россии http://t.co/gXeJJoZaIU</column>
            <column name="sberbank">0</column>
            <column name="vtb">NULL</column>
            <column name="gazprom">NULL</column>
            <column name="alfabank">NULL</column>
            <column name="bankmoskvy">NULL</column>
            <column name="raiffeisen">NULL</column>
            <column name="uralsib">NULL</column>
            <column name="rshb">NULL</column>
        </table>
        <table name="bank">
            <column name="id">4666</column>
            <column name="twitid">498812274162020000</column>
            <column name="date">1407761088</column>
            <column name="name">krystinactrash</column>
            <column name="text">Кредитный отдел сбербанк санкт петербург http://t.co/BIVVimU9mo</column>
            <column name="sberbank">0</column>
            <column name="vtb">NULL</column>
            <column name="gazprom">NULL</column>
            <column name="alfabank">NULL</column>
            <column name="bankmoskvy">NULL</column>
            <column name="raiffeisen">NULL</column>
            <column name="uralsib">NULL</column>
            <column name="rshb">NULL</column>
        </table>
        <table name="bank">
            <column name="id">4667</column>
            <column name="twitid">498812690815400000</column>
            <column name="date">1407761187</column>
            <column name="name">punetotahaga</column>
            <column name="text">RT @xixynykopono: кредитная карта альфа банка</column>
            <column name="sberbank">NULL</column>
            <column name="vtb">NULL</column>
            <column name="gazprom">NULL</column>
            <column name="alfabank">0</column>
            <column name="bankmoskvy">NULL</column>
            <column name="raiffeisen">NULL</column>
            <column name="uralsib">NULL</column>
            <column name="rshb">NULL</column>
        </table>
        <table name="bank">
            <column name="id">4668</column>
            <column name="twitid">498814210818970000</column>
            <column name="date">1407761550</column>
            <column name="name">samimequ</column>
            <column name="text">Заявка на кредит в уралсиб банке http://t.co/lUtVgfyobp</column>
            <column name="sberbank">NULL</column>
            <column name="vtb">NULL</column>
            <column name="gazprom">NULL</column>
            <column name="alfabank">NULL</column>
            <column name="bankmoskvy">NULL</column>
            <column name="raiffeisen">NULL</column>
            <column name="uralsib">0</column>
            <column name="rshb">NULL</column>
        </table>
        <table name="bank">
            <column name="id">4669</column>
            <column name="twitid">498814213155210000</column>
            <column name="date">1407761550</column>
            <column name="name">raxonfarup</column>
            <column name="text">Форум сбербанк кредитование под ипотеку http://t.co/eW1sTn5IXr</column>
            <column name="sberbank">0</column>
            <column name="vtb">NULL</column>
            <column name="gazprom">NULL</column>
            <column name="alfabank">NULL</column>
            <column name="bankmoskvy">NULL</column>
            <column name="raiffeisen">NULL</column>
            <column name="uralsib">NULL</column>
            <column name="rshb">NULL</column>
        </table>
        <table name="bank">
            <column name="id">4670</column>
            <column name="twitid">498814259510670000</column>
            <column name="date">1407761561</column>
            <column name="name">CharleneCransto</column>
            <column name="text">S&amp;amp;P подтвердило рейтинги Газпромбанка</column>
            <column name="sberbank">NULL</column>
            <column name="vtb">NULL</column>
            <column name="gazprom">0</column>
            <column name="alfabank">NULL</column>
            <column name="bankmoskvy">NULL</column>
            <column name="raiffeisen">NULL</column>
            <column name="uralsib">NULL</column>
            <column name="rshb">NULL</column>
        </table>
        <table name="bank">
            <column name="id">4671</column>
            <column name="twitid">498815925399730000</column>
            <column name="date">1407761958</column>
            <column name="name">XeniaYackubova</column>
            <column name="text">#news Сбербанк приступил к выпуску банковских карт ПРО100 #читаю #ru_ff #seo</column>
            <column name="sberbank">0</column>
            <column name="vtb">NULL</column>
            <column name="gazprom">NULL</column>
            <column name="alfabank">NULL</column>
            <column name="bankmoskvy">NULL</column>
            <column name="raiffeisen">NULL</column>
            <column name="uralsib">NULL</column>
            <column name="rshb">NULL</column>
        </table>
        <table name="bank">
            <column name="id">4672</column>
            <column name="twitid">498817756406780000</column>
            <column name="date">1407762395</column>
            <column name="name">penelopexcabras</column>
            <column name="text">Потребительский кредит сбербанк каменск шахтинский http://t.co/Xwz47RGx36</column>
            <column name="sberbank">0</column>
            <column name="vtb">NULL</column>
            <column name="gazprom">NULL</column>
            <column name="alfabank">NULL</column>
            <column name="bankmoskvy">NULL</column>
            <column name="raiffeisen">NULL</column>
            <column name="uralsib">NULL</column>
            <column name="rshb">NULL</column>
        </table>
        <table name="bank">
            <column name="id">4673</column>
            <column name="twitid">498819189403300000</column>
            <column name="date">1407762737</column>
            <column name="name">ndegrauu</column>
            <column name="text">Оао банк москвы кредит http://t.co/YdlXIfuemO</column>
            <column name="sberbank">NULL</column>
            <column name="vtb">NULL</column>
            <column name="gazprom">NULL</column>
            <column name="alfabank">NULL</column>
            <column name="bankmoskvy">0</column>
            <column name="raiffeisen">NULL</column>
            <column name="uralsib">NULL</column>
            <column name="rshb">NULL</column>
        </table>
        <table name="bank">
            <column name="id">4674</column>
            <column name="twitid">498819325105830000</column>
            <column name="date">1407762769</column>
            <column name="name">naqiroca</column>
            <column name="text">Ипотечный кредит в втб 24 http://t.co/X8SOPO7AqC</column>
            <column name="sberbank">NULL</column>
            <column name="vtb">0</column>
            <column name="gazprom">NULL</column>
            <column name="alfabank">NULL</column>
            <column name="bankmoskvy">NULL</column>
            <column name="raiffeisen">NULL</column>
            <column name="uralsib">NULL</column>
            <column name="rshb">NULL</column>
        </table>
        <table name="bank">
            <column name="id">4675</column>
            <column name="twitid">498822288813620000</column>
            <column name="date">1407763475</column>
            <column name="name">gykyfinico</column>
            <column name="text">Кредит молодой семье сбербанк г лабинска http://t.co/ajAxF0Lua4</column>
            <column name="sberbank">0</column>
            <column name="vtb">NULL</column>
            <column name="gazprom">NULL</column>
            <column name="alfabank">NULL</column>
            <column name="bankmoskvy">NULL</column>
            <column name="raiffeisen">NULL</column>
            <column name="uralsib">NULL</column>
            <column name="rshb">NULL</column>
        </table>
        <table name="bank">
            <column name="id">4676</column>
            <column name="twitid">498823902693700000</column>
            <column name="date">1407763860</column>
            <column name="name">jykiranu</column>
            <column name="text">Процентные ставки по автокредитованию в газпромбанке http://t.co/XtTTKLkRtf</column>
            <column name="sberbank">NULL</column>
            <column name="vtb">NULL</column>
            <column name="gazprom">0</column>
            <column name="alfabank">NULL</column>
            <column name="bankmoskvy">NULL</column>
            <column name="raiffeisen">NULL</column>
            <column name="uralsib">NULL</column>
            <column name="rshb">NULL</column>
        </table>
        <table name="bank">
            <column name="id">4677</column>
            <column name="twitid">498824190104200000</column>
            <column name="date">1407763929</column>
            <column name="name">Donetskiecom</column>
            <column name="text">Эвакуация? Сбербанк России с завтрашнего дня прекращает работу в Донецке (фото) http://t.co/lQEyP3jSQ1</column>
            <column name="sberbank">-1</column>
            <column name="vtb">NULL</column>
            <column name="gazprom">NULL</column>
            <column name="alfabank">NULL</column>
            <column name="bankmoskvy">NULL</column>
            <column name="raiffeisen">NULL</column>
            <column name="uralsib">NULL</column>
            <column name="rshb">NULL</column>
        </table>
        <table name="bank">
            <column name="id">4678</column>
            <column name="twitid">498825308720860000</column>
            <column name="date">1407764195</column>
            <column name="name">narcisaswicklun</column>
            <column name="text">Ставки потребительского кредита сбербанк http://t.co/HElWumGCDx</column>
            <column name="sberbank">0</column>
            <column name="vtb">NULL</column>
            <column name="gazprom">NULL</column>
            <column name="alfabank">NULL</column>
            <column name="bankmoskvy">NULL</column>
            <column name="raiffeisen">NULL</column>
            <column name="uralsib">NULL</column>
            <column name="rshb">NULL</column>
        </table>
        <table name="bank">
            <column name="id">4679</column>
            <column name="twitid">498828823472120000</column>
            <column name="date">1407765033</column>
            <column name="name">qebumyzype</column>
            <column name="text">Частично досрочное погашение кредита втб 24 http://t.co/3lPioanllU</column>
            <column name="sberbank">NULL</column>
            <column name="vtb">0</column>
            <column name="gazprom">NULL</column>
            <column name="alfabank">NULL</column>
            <column name="bankmoskvy">NULL</column>
            <column name="raiffeisen">NULL</column>
            <column name="uralsib">NULL</column>
            <column name="rshb">NULL</column>
        </table>
        <table name="bank">
            <column name="id">4680</column>
            <column name="twitid">498828868330210000</column>
            <column name="date">1407765044</column>
            <column name="name">groversmartin</column>
            <column name="text">Киев райффайзенбанк кредит за 48 часов http://t.co/O1uZJwOQtc</column>
            <column name="sberbank">NULL</column>
            <column name="vtb">NULL</column>
            <column name="gazprom">NULL</column>
            <column name="alfabank">NULL</column>
            <column name="bankmoskvy">NULL</column>
            <column name="raiffeisen">0</column>
            <column name="uralsib">NULL</column>
            <column name="rshb">NULL</column>
        </table>
        <table name="bank">
            <column name="id">4681</column>
            <column name="twitid">498832334620480000</column>
            <column name="date">1407765871</column>
            <column name="name">bacegico</column>
            <column name="text">Стромынское отделение сбербанк россии автокредит http://t.co/8W8ND6jPSI</column>
            <column name="sberbank">0</column>
            <column name="vtb">NULL</column>
            <column name="gazprom">NULL</column>
            <column name="alfabank">NULL</column>
            <column name="bankmoskvy">NULL</column>
            <column name="raiffeisen">NULL</column>
            <column name="uralsib">NULL</column>
            <column name="rshb">NULL</column>
        </table>
        <table name="bank">
            <column name="id">4682</column>
            <column name="twitid">498832426714820000</column>
            <column name="date">1407765893</column>
            <column name="name">umerivaxan</column>
            <column name="text">Кредит в райффайзен банк http://t.co/RlrOVmt7Ug</column>
            <column name="sberbank">NULL</column>
            <column name="vtb">NULL</column>
            <column name="gazprom">NULL</column>
            <column name="alfabank">NULL</column>
            <column name="bankmoskvy">NULL</column>
            <column name="raiffeisen">0</column>
            <column name="uralsib">NULL</column>
            <column name="rshb">NULL</column>
        </table>
        <table name="bank">
            <column name="id">4683</column>
            <column name="twitid">498832428056970000</column>
            <column name="date">1407765893</column>
            <column name="name">MZimin14</column>
            <column name="text">Банк Москвы выпустил для банков-партнеров миллион платежных карт.На исходное положение третьего квартала 2014 г. банки-агенты, осуществляющ</column>
            <column name="sberbank">NULL</column>
            <column name="vtb">NULL</column>
            <column name="gazprom">NULL</column>
            <column name="alfabank">NULL</column>
            <column name="bankmoskvy">0</column>
            <column name="raiffeisen">NULL</column>
            <column name="uralsib">NULL</column>
            <column name="rshb">NULL</column>
        </table>
        <table name="bank">
            <column name="id">4684</column>
            <column name="twitid">498834029635200000</column>
            <column name="date">1407766275</column>
            <column name="name">muxokuguriv</column>
            <column name="text">RT @jykojinolon: где сбербанк в белгороде http://t.co/44JD1rtCxn</column>
            <column name="sberbank">0</column>
            <column name="vtb">NULL</column>
            <column name="gazprom">NULL</column>
            <column name="alfabank">NULL</column>
            <column name="bankmoskvy">NULL</column>
            <column name="raiffeisen">NULL</column>
            <column name="uralsib">NULL</column>
            <column name="rshb">NULL</column>
        </table>
        <table name="bank">
            <column name="id">4685</column>
            <column name="twitid">498834346716200000</column>
            <column name="date">1407766350</column>
            <column name="name">jeaninefmink</column>
            <column name="text">Потребительские кредиты альфа банка http://t.co/mfUEp04SSs</column>
            <column name="sberbank">NULL</column>
            <column name="vtb">NULL</column>
            <column name="gazprom">NULL</column>
            <column name="alfabank">0</column>
            <column name="bankmoskvy">NULL</column>
            <column name="raiffeisen">NULL</column>
            <column name="uralsib">NULL</column>
            <column name="rshb">NULL</column>
        </table>
        <table name="bank">
            <column name="id">4686</column>
            <column name="twitid">498834347571810000</column>
            <column name="date">1407766351</column>
            <column name="name">yrnospenez</column>
            <column name="text">Взять кредит в райффайзенбанке http://t.co/9tUeo8cGGa</column>
            <column name="sberbank">NULL</column>
            <column name="vtb">NULL</column>
            <column name="gazprom">NULL</column>
            <column name="alfabank">NULL</column>
            <column name="bankmoskvy">NULL</column>
            <column name="raiffeisen">0</column>
            <column name="uralsib">NULL</column>
            <column name="rshb">NULL</column>
        </table>
        <table name="bank">
            <column name="id">4687</column>
            <column name="twitid">498834392148890000</column>
            <column name="date">1407766361</column>
            <column name="name">cyxataba</column>
            <column name="text">Магнитогорск деньги в кредит сбербанк россии http://t.co/TsEOLcazga</column>
            <column name="sberbank">0</column>
            <column name="vtb">NULL</column>
            <column name="gazprom">NULL</column>
            <column name="alfabank">NULL</column>
            <column name="bankmoskvy">NULL</column>
            <column name="raiffeisen">NULL</column>
            <column name="uralsib">NULL</column>
            <column name="rshb">NULL</column>
        </table>
        <table name="bank">
            <column name="id">4688</column>
            <column name="twitid">498837577143960000</column>
            <column name="date">1407767121</column>
            <column name="name">Tol2010tol1975A</column>
            <column name="text">Отделения на карте Сбербанк Санкт Петербург схемы проезда http://t.co/8sfu343uHK</column>
            <column name="sberbank">0</column>
            <column name="vtb">NULL</column>
            <column name="gazprom">NULL</column>
            <column name="alfabank">NULL</column>
            <column name="bankmoskvy">NULL</column>
            <column name="raiffeisen">NULL</column>
            <column name="uralsib">NULL</column>
            <column name="rshb">NULL</column>
        </table>
        <table name="bank">
            <column name="id">4689</column>
            <column name="twitid">498839939782420000</column>
            <column name="date">1407767684</column>
            <column name="name">diggya</column>
            <column name="text">RT @Sloviansk: #Славянск В одном из лечебных учреждений зарплатные карточки переводят из Привата в Сбербанк России. Бухгалтер поставила все…</column>
            <column name="sberbank">0</column>
            <column name="vtb">NULL</column>
            <column name="gazprom">NULL</column>
            <column name="alfabank">NULL</column>
            <column name="bankmoskvy">NULL</column>
            <column name="raiffeisen">NULL</column>
            <column name="uralsib">NULL</column>
            <column name="rshb">NULL</column>
        </table>
        <table name="bank">
            <column name="id">4690</column>
            <column name="twitid">498840881852850000</column>
            <column name="date">1407767908</column>
            <column name="name">refiniqi</column>
            <column name="text">Кредит сбербанк россии череповец http://t.co/w5tibGihxJ</column>
            <column name="sberbank">0</column>
            <column name="vtb">NULL</column>
            <column name="gazprom">NULL</column>
            <column name="alfabank">NULL</column>
            <column name="bankmoskvy">NULL</column>
            <column name="raiffeisen">NULL</column>
            <column name="uralsib">NULL</column>
            <column name="rshb">NULL</column>
        </table>
        <table name="bank">
            <column name="id">4691</column>
            <column name="twitid">498840926555760000</column>
            <column name="date">1407767919</column>
            <column name="name">cymajekob</column>
            <column name="text">Как закрыть кредитную карту в альфа банке http://t.co/4xhQDCA3Vs</column>
            <column name="sberbank">NULL</column>
            <column name="vtb">NULL</column>
            <column name="gazprom">NULL</column>
            <column name="alfabank">0</column>
            <column name="bankmoskvy">NULL</column>
            <column name="raiffeisen">NULL</column>
            <column name="uralsib">NULL</column>
            <column name="rshb">NULL</column>
        </table>
        <table name="bank">
            <column name="id">4692</column>
            <column name="twitid">498843853970210000</column>
            <column name="date">1407768617</column>
            <column name="name">pyzuwyroz</column>
            <column name="text">Анкета выдача кредитов сбербанк http://t.co/qIIim6MJUs</column>
            <column name="sberbank">0</column>
            <column name="vtb">NULL</column>
            <column name="gazprom">NULL</column>
            <column name="alfabank">NULL</column>
            <column name="bankmoskvy">NULL</column>
            <column name="raiffeisen">NULL</column>
            <column name="uralsib">NULL</column>
            <column name="rshb">NULL</column>
        </table>
        <table name="bank">
            <column name="id">4693</column>
            <column name="twitid">498845174261240000</column>
            <column name="date">1407768932</column>
            <column name="name">Mya52UsX</column>
            <column name="text">@Lea6rfa9, #происшествия В ЛДПР раскритиковали заявление главы ВТБ 24 о российском парламенте #новости</column>
            <column name="sberbank">NULL</column>
            <column name="vtb">0</column>
            <column name="gazprom">NULL</column>
            <column name="alfabank">NULL</column>
            <column name="bankmoskvy">NULL</column>
            <column name="raiffeisen">NULL</column>
            <column name="uralsib">NULL</column>
            <column name="rshb">NULL</column>
        </table>
        <table name="bank">
            <column name="id">4694</column>
            <column name="twitid">498845927726420000</column>
            <column name="date">1407769111</column>
            <column name="name">nonirubew</column>
            <column name="text">Банк втб 24 потребительский кредит процентные ставки http://t.co/zoncRgK2Yz</column>
            <column name="sberbank">NULL</column>
            <column name="vtb">0</column>
            <column name="gazprom">NULL</column>
            <column name="alfabank">NULL</column>
            <column name="bankmoskvy">NULL</column>
            <column name="raiffeisen">NULL</column>
            <column name="uralsib">NULL</column>
            <column name="rshb">NULL</column>
        </table>
        <table name="bank">
            <column name="id">4695</column>
            <column name="twitid">498849017821150000</column>
            <column name="date">1407769848</column>
            <column name="name">osis789zee</column>
            <column name="text">Кредиты в альфа банке в мурманске http://t.co/DlXRuXAhiT</column>
            <column name="sberbank">NULL</column>
            <column name="vtb">NULL</column>
            <column name="gazprom">NULL</column>
            <column name="alfabank">0</column>
            <column name="bankmoskvy">NULL</column>
            <column name="raiffeisen">NULL</column>
            <column name="uralsib">NULL</column>
            <column name="rshb">NULL</column>
        </table>
        <table name="bank">
            <column name="id">4696</column>
            <column name="twitid">498851922741590000</column>
            <column name="date">1407770541</column>
            <column name="name">lycowebozop</column>
            <column name="text">RT @juryxozyboc: бланк справки о доходах сбербанк http://t.co/iAXMB4htCp</column>
            <column name="sberbank">0</column>
            <column name="vtb">NULL</column>
            <column name="gazprom">NULL</column>
            <column name="alfabank">NULL</column>
            <column name="bankmoskvy">NULL</column>
            <column name="raiffeisen">NULL</column>
            <column name="uralsib">NULL</column>
            <column name="rshb">NULL</column>
        </table>
        <table name="bank">
            <column name="id">4697</column>
            <column name="twitid">498852014269280000</column>
            <column name="date">1407770563</column>
            <column name="name">svetlaeva</column>
            <column name="text">Блог им. abncapital | думаю стоит задуматься нужно ли вообще шортить Сбербанк http://t.co/mG32tw3M9X</column>
            <column name="sberbank">0</column>
            <column name="vtb">NULL</column>
            <column name="gazprom">NULL</column>
            <column name="alfabank">NULL</column>
            <column name="bankmoskvy">NULL</column>
            <column name="raiffeisen">NULL</column>
            <column name="uralsib">NULL</column>
            <column name="rshb">NULL</column>
        </table>
        <table name="bank">
            <column name="id">4698</column>
            <column name="twitid">498852362988300000</column>
            <column name="date">1407770646</column>
            <column name="name">Kulikovascinint</column>
            <column name="text">мобильный банк сбербанк памятка http://t.co/1o581KmJLy</column>
            <column name="sberbank">0</column>
            <column name="vtb">NULL</column>
            <column name="gazprom">NULL</column>
            <column name="alfabank">NULL</column>
            <column name="bankmoskvy">NULL</column>
            <column name="raiffeisen">NULL</column>
            <column name="uralsib">NULL</column>
            <column name="rshb">NULL</column>
        </table>
        <table name="bank">
            <column name="id">4699</column>
            <column name="twitid">498853809423390000</column>
            <column name="date">1407770991</column>
            <column name="name">ElenaElenaOxara</column>
            <column name="text">RT @rusplt: Лавров назвал запрет на импорт продовольствия ответом на санкции против Россельхозбанка. То есть, всё впереди ещё http://t.co/b…</column>
            <column name="sberbank">NULL</column>
            <column name="vtb">NULL</column>
            <column name="gazprom">NULL</column>
            <column name="alfabank">NULL</column>
            <column name="bankmoskvy">NULL</column>
            <column name="raiffeisen">NULL</column>
            <column name="uralsib">NULL</column>
            <column name="rshb">0</column>
        </table>
        <table name="bank">
            <column name="id">4700</column>
            <column name="twitid">498854434429240000</column>
            <column name="date">1407771140</column>
            <column name="name">loyrusetesli</column>
            <column name="text">http://t.co/9YTFsjxEOy втб 24 кредит наличными требования к заемщику</column>
            <column name="sberbank">NULL</column>
            <column name="vtb">0</column>
            <column name="gazprom">NULL</column>
            <column name="alfabank">NULL</column>
            <column name="bankmoskvy">NULL</column>
            <column name="raiffeisen">NULL</column>
            <column name="uralsib">NULL</column>
            <column name="rshb">NULL</column>
        </table>
    </database>
</pma_xml_export>