<?xml version="1.0" encoding="utf-8"?>
<!--
- phpMyAdmin XML Dump
- version 4.0.4.1
- http://www.phpmyadmin.net
-
- Хост: localhost
- Время создания: Окт 28 2014 г., 09:04
- Версия сервера: 5.6.12
- Версия PHP: 5.5.3
-->

<pma_xml_export version="1.0" xmlns:pma="http://www.phpmyadmin.net/some_doc_url/">
    <!--
    - Structure schemas
    -->
    <pma:structure_schemas>
        <pma:database name="Romip" collation="utf8_general_ci" charset="utf8">
            <pma:table name="bank">
                CREATE TABLE `bank` (
                  `id` int(11) NOT NULL AUTO_INCREMENT,
                  `twitid` bigint(32) NOT NULL DEFAULT '0',
                  `date` varchar(128) DEFAULT NULL,
                  `name` varchar(128) DEFAULT NULL,
                  `text` varchar(256) DEFAULT NULL,
                  `sberbank` int(11) DEFAULT NULL,
                  `vtb` int(11) DEFAULT NULL,
                  `gazprom` int(11) DEFAULT NULL,
                  `alfabank` int(11) DEFAULT NULL,
                  `bankmoskvy` int(11) DEFAULT NULL,
                  `raiffeisen` int(11) DEFAULT NULL,
                  `uralsib` int(11) DEFAULT NULL,
                  `rshb` int(11) DEFAULT NULL,
                  PRIMARY KEY (`id`),
                  UNIQUE KEY `id` (`twitid`)
                ) ENGINE=InnoDB AUTO_INCREMENT=7924 DEFAULT CHARSET=utf8;
            </pma:table>
        </pma:database>
    </pma:structure_schemas>

    <!--
    - База данных: 'Romip'
    -->
    <database name="Romip">
        <!-- Таблица bank -->
        <table name="bank">
            <column name="id">1801</column>
            <column name="twitid">494752069723900000</column>
            <column name="date">1406793060</column>
            <column name="name">nohtomanq</column>
            <column name="text">http://t.co/QZivnp7QSf Как взять кредит россельхозбанке на корову</column>
            <column name="sberbank">NULL</column>
            <column name="vtb">NULL</column>
            <column name="gazprom">NULL</column>
            <column name="alfabank">NULL</column>
            <column name="bankmoskvy">NULL</column>
            <column name="raiffeisen">NULL</column>
            <column name="uralsib">NULL</column>
            <column name="rshb">0</column>
        </table>
        <table name="bank">
            <column name="id">1802</column>
            <column name="twitid">494753395736330000</column>
            <column name="date">1406793376</column>
            <column name="name">samat</column>
            <column name="text">у вас оператор на телефоне кажется под гашишем, эскалировать или перевести звонок нельзя, @alfa_bank, это очень странно</column>
            <column name="sberbank">NULL</column>
            <column name="vtb">NULL</column>
            <column name="gazprom">NULL</column>
            <column name="alfabank">-1</column>
            <column name="bankmoskvy">NULL</column>
            <column name="raiffeisen">NULL</column>
            <column name="uralsib">NULL</column>
            <column name="rshb">NULL</column>
        </table>
        <table name="bank">
            <column name="id">1803</column>
            <column name="twitid">494754934030890000</column>
            <column name="date">1406793743</column>
            <column name="name">makokizoky</column>
            <column name="text">Заявка на кредит в альфабанк http://t.co/e8s9bRGgCT</column>
            <column name="sberbank">NULL</column>
            <column name="vtb">NULL</column>
            <column name="gazprom">NULL</column>
            <column name="alfabank">0</column>
            <column name="bankmoskvy">NULL</column>
            <column name="raiffeisen">NULL</column>
            <column name="uralsib">NULL</column>
            <column name="rshb">NULL</column>
        </table>
        <table name="bank">
            <column name="id">1804</column>
            <column name="twitid">494756447277020000</column>
            <column name="date">1406794103</column>
            <column name="name">bivybiroxe</column>
            <column name="text">Какие кредиты дает альфабанк http://t.co/eJtRn3dubu</column>
            <column name="sberbank">NULL</column>
            <column name="vtb">NULL</column>
            <column name="gazprom">NULL</column>
            <column name="alfabank">0</column>
            <column name="bankmoskvy">NULL</column>
            <column name="raiffeisen">NULL</column>
            <column name="uralsib">NULL</column>
            <column name="rshb">NULL</column>
        </table>
        <table name="bank">
            <column name="id">1805</column>
            <column name="twitid">494756820184230000</column>
            <column name="date">1406794192</column>
            <column name="name">khvbank</column>
            <column name="text">На стабильную работу Россельхозбанка не повлияют санкции ЕС и США: ОАО «Россельхозбанк» располагает достаточны... http://t.co/TzH6vEY353</column>
            <column name="sberbank">NULL</column>
            <column name="vtb">NULL</column>
            <column name="gazprom">NULL</column>
            <column name="alfabank">NULL</column>
            <column name="bankmoskvy">NULL</column>
            <column name="raiffeisen">NULL</column>
            <column name="uralsib">NULL</column>
            <column name="rshb">0</column>
        </table>
        <table name="bank">
            <column name="id">1806</column>
            <column name="twitid">494758173434470000</column>
            <column name="date">1406794515</column>
            <column name="name">YaJukova21</column>
            <column name="text">США ввели санкции против Россельхозбанка, ВТБ и подконтрольного ему Банка Москвы. Об этом сообщается на официальном сайте Минфина США. «Чёр</column>
            <column name="sberbank">NULL</column>
            <column name="vtb">-1</column>
            <column name="gazprom">NULL</column>
            <column name="alfabank">NULL</column>
            <column name="bankmoskvy">-1</column>
            <column name="raiffeisen">NULL</column>
            <column name="uralsib">NULL</column>
            <column name="rshb">-1</column>
        </table>
        <table name="bank">
            <column name="id">1807</column>
            <column name="twitid">494758363692300000</column>
            <column name="date">1406794560</column>
            <column name="name">xycoviduny</column>
            <column name="text">Саратов россельхозбанк кредитный отдел http://t.co/abCL8cNoJ1</column>
            <column name="sberbank">NULL</column>
            <column name="vtb">NULL</column>
            <column name="gazprom">NULL</column>
            <column name="alfabank">NULL</column>
            <column name="bankmoskvy">NULL</column>
            <column name="raiffeisen">NULL</column>
            <column name="uralsib">NULL</column>
            <column name="rshb">0</column>
        </table>
        <table name="bank">
            <column name="id">1808</column>
            <column name="twitid">494761483382050000</column>
            <column name="date">1406795304</column>
            <column name="name">daqenaqu</column>
            <column name="text">Объекты кредитуемые сбербанк химки http://t.co/y4eBnVBO6l</column>
            <column name="sberbank">0</column>
            <column name="vtb">NULL</column>
            <column name="gazprom">NULL</column>
            <column name="alfabank">NULL</column>
            <column name="bankmoskvy">NULL</column>
            <column name="raiffeisen">NULL</column>
            <column name="uralsib">NULL</column>
            <column name="rshb">NULL</column>
        </table>
        <table name="bank">
            <column name="id">1809</column>
            <column name="twitid">494761484841680000</column>
            <column name="date">1406795304</column>
            <column name="name">noqawizityh</column>
            <column name="text">Рассчитать тюмень автокредит сбербанк россии http://t.co/fN29CjUVUF</column>
            <column name="sberbank">0</column>
            <column name="vtb">NULL</column>
            <column name="gazprom">NULL</column>
            <column name="alfabank">NULL</column>
            <column name="bankmoskvy">NULL</column>
            <column name="raiffeisen">NULL</column>
            <column name="uralsib">NULL</column>
            <column name="rshb">NULL</column>
        </table>
        <table name="bank">
            <column name="id">1810</column>
            <column name="twitid">494762666662320000</column>
            <column name="date">1406795586</column>
            <column name="name">VMitin56</column>
            <column name="text">&amp;amp;nbsp; &amp;amp;nbsp;В июне в Россельхозбанке стартовал пилотный проект по внедрению новых кредитных продуктов для клиентов всех сегментов микробиз</column>
            <column name="sberbank">NULL</column>
            <column name="vtb">NULL</column>
            <column name="gazprom">NULL</column>
            <column name="alfabank">NULL</column>
            <column name="bankmoskvy">NULL</column>
            <column name="raiffeisen">NULL</column>
            <column name="uralsib">NULL</column>
            <column name="rshb">1</column>
        </table>
        <table name="bank">
            <column name="id">1811</column>
            <column name="twitid">494762707703570000</column>
            <column name="date">1406795596</column>
            <column name="name">ristopherM</column>
            <column name="text">Пресс-релиз. &quot;ВТБ Регистратор&quot;: Приступил к сотрудничеству с &quot;Россельхозбанком&quot;</column>
            <column name="sberbank">NULL</column>
            <column name="vtb">0</column>
            <column name="gazprom">NULL</column>
            <column name="alfabank">NULL</column>
            <column name="bankmoskvy">NULL</column>
            <column name="raiffeisen">NULL</column>
            <column name="uralsib">NULL</column>
            <column name="rshb">0</column>
        </table>
        <table name="bank">
            <column name="id">1812</column>
            <column name="twitid">494763119672320000</column>
            <column name="date">1406795694</column>
            <column name="name">alfa_bank</column>
            <column name="text">@samat В итоге - зарегистрировали претензию? Пришлите, пожалуйста, нам на social@alfabank.ru №, с к-го вы звонили. Поднимем запись, разберем</column>
            <column name="sberbank">NULL</column>
            <column name="vtb">NULL</column>
            <column name="gazprom">NULL</column>
            <column name="alfabank">0</column>
            <column name="bankmoskvy">NULL</column>
            <column name="raiffeisen">NULL</column>
            <column name="uralsib">NULL</column>
            <column name="rshb">NULL</column>
        </table>
        <table name="bank">
            <column name="id">1813</column>
            <column name="twitid">494765902110670000</column>
            <column name="date">1406796358</column>
            <column name="name">rasila</column>
            <column name="text">кредитные карты райффайзенбанка http://t.co/QuvLu0vOh3</column>
            <column name="sberbank">NULL</column>
            <column name="vtb">NULL</column>
            <column name="gazprom">NULL</column>
            <column name="alfabank">NULL</column>
            <column name="bankmoskvy">NULL</column>
            <column name="raiffeisen">0</column>
            <column name="uralsib">NULL</column>
            <column name="rshb">NULL</column>
        </table>
        <table name="bank">
            <column name="id">1814</column>
            <column name="twitid">494766587883570000</column>
            <column name="date">1406796521</column>
            <column name="name">lamonicacxscrut</column>
            <column name="text">Из чего складывается ипотечный кредит втб 24 http://t.co/1OzgHuM8ME</column>
            <column name="sberbank">NULL</column>
            <column name="vtb">0</column>
            <column name="gazprom">NULL</column>
            <column name="alfabank">NULL</column>
            <column name="bankmoskvy">NULL</column>
            <column name="raiffeisen">NULL</column>
            <column name="uralsib">NULL</column>
            <column name="rshb">NULL</column>
        </table>
        <table name="bank">
            <column name="id">1815</column>
            <column name="twitid">494767004730270000</column>
            <column name="date">1406796620</column>
            <column name="name">VBelyakov45</column>
            <column name="text">Решением Наблюдательного совета ОАО Банк ВТБ (Азербайджан) Юрий Яковлев назначен на должность председателя правления.

Новый руководитель п</column>
            <column name="sberbank">NULL</column>
            <column name="vtb">0</column>
            <column name="gazprom">NULL</column>
            <column name="alfabank">NULL</column>
            <column name="bankmoskvy">NULL</column>
            <column name="raiffeisen">NULL</column>
            <column name="uralsib">NULL</column>
            <column name="rshb">NULL</column>
        </table>
        <table name="bank">
            <column name="id">1816</column>
            <column name="twitid">494767833558290000</column>
            <column name="date">1406796818</column>
            <column name="name">causincirae1970</column>
            <column name="text">Решением Наблюдательного совета ОАО Банк ВТБ (Азербайджан) Юрий Яковлев назначен на должность председателя правления банка.. Назначен новый</column>
            <column name="sberbank">NULL</column>
            <column name="vtb">0</column>
            <column name="gazprom">NULL</column>
            <column name="alfabank">NULL</column>
            <column name="bankmoskvy">NULL</column>
            <column name="raiffeisen">NULL</column>
            <column name="uralsib">NULL</column>
            <column name="rshb">NULL</column>
        </table>
        <table name="bank">
            <column name="id">1817</column>
            <column name="twitid">494768348379360000</column>
            <column name="date">1406796941</column>
            <column name="name">5Marika5</column>
            <column name="text">СМИ: Сбербанк может попасть под санкции ЕС третьего уровня</column>
            <column name="sberbank">-1</column>
            <column name="vtb">NULL</column>
            <column name="gazprom">NULL</column>
            <column name="alfabank">NULL</column>
            <column name="bankmoskvy">NULL</column>
            <column name="raiffeisen">NULL</column>
            <column name="uralsib">NULL</column>
            <column name="rshb">NULL</column>
        </table>
        <table name="bank">
            <column name="id">1818</column>
            <column name="twitid">494769982039790000</column>
            <column name="date">1406797330</column>
            <column name="name">eanaKubi</column>
            <column name="text">Россельхозбанк проводит месяц продаж ипотечных кредитов</column>
            <column name="sberbank">NULL</column>
            <column name="vtb">NULL</column>
            <column name="gazprom">NULL</column>
            <column name="alfabank">NULL</column>
            <column name="bankmoskvy">NULL</column>
            <column name="raiffeisen">NULL</column>
            <column name="uralsib">NULL</column>
            <column name="rshb">1</column>
        </table>
        <table name="bank">
            <column name="id">1819</column>
            <column name="twitid">494770112235600000</column>
            <column name="date">1406797361</column>
            <column name="name">lecigaja</column>
            <column name="text">С какими кредитными бюро работает сбербанк http://t.co/XSvIB1Kx7z</column>
            <column name="sberbank">0</column>
            <column name="vtb">NULL</column>
            <column name="gazprom">NULL</column>
            <column name="alfabank">NULL</column>
            <column name="bankmoskvy">NULL</column>
            <column name="raiffeisen">NULL</column>
            <column name="uralsib">NULL</column>
            <column name="rshb">NULL</column>
        </table>
        <table name="bank">
            <column name="id">1820</column>
            <column name="twitid">494770687140060000</column>
            <column name="date">1406797498</column>
            <column name="name">Aklerum</column>
            <column name="text">«Банк Москвы» перестал быть генеральным спонсором «Амкара»</column>
            <column name="sberbank">NULL</column>
            <column name="vtb">NULL</column>
            <column name="gazprom">NULL</column>
            <column name="alfabank">NULL</column>
            <column name="bankmoskvy">0</column>
            <column name="raiffeisen">NULL</column>
            <column name="uralsib">NULL</column>
            <column name="rshb">NULL</column>
        </table>
        <table name="bank">
            <column name="id">1821</column>
            <column name="twitid">494771483961740000</column>
            <column name="date">1406797688</column>
            <column name="name">avilnoclov</column>
            <column name="text">Кредит в втб 24 смоленск http://t.co/LzdOJwATgS</column>
            <column name="sberbank">NULL</column>
            <column name="vtb">0</column>
            <column name="gazprom">NULL</column>
            <column name="alfabank">NULL</column>
            <column name="bankmoskvy">NULL</column>
            <column name="raiffeisen">NULL</column>
            <column name="uralsib">NULL</column>
            <column name="rshb">NULL</column>
        </table>
        <table name="bank">
            <column name="id">1822</column>
            <column name="twitid">494771614861770000</column>
            <column name="date">1406797720</column>
            <column name="name">clemenciasmagan</column>
            <column name="text">Мужская кредитная карта альфа банка http://t.co/MoQH5NFFNM</column>
            <column name="sberbank">NULL</column>
            <column name="vtb">NULL</column>
            <column name="gazprom">NULL</column>
            <column name="alfabank">0</column>
            <column name="bankmoskvy">NULL</column>
            <column name="raiffeisen">NULL</column>
            <column name="uralsib">NULL</column>
            <column name="rshb">NULL</column>
        </table>
        <table name="bank">
            <column name="id">1823</column>
            <column name="twitid">494773155396070000</column>
            <column name="date">1406798087</column>
            <column name="name">volobuische</column>
            <column name="text">@alfa_bank а у вас нынче как перевыпуск карт с истекшим сроком происходит, автоматом или нужно идти в отделение писать заявление?</column>
            <column name="sberbank">NULL</column>
            <column name="vtb">NULL</column>
            <column name="gazprom">NULL</column>
            <column name="alfabank">0</column>
            <column name="bankmoskvy">NULL</column>
            <column name="raiffeisen">NULL</column>
            <column name="uralsib">NULL</column>
            <column name="rshb">NULL</column>
        </table>
        <table name="bank">
            <column name="id">1824</column>
            <column name="twitid">494773762261550000</column>
            <column name="date">1406798232</column>
            <column name="name">teiaSteinl</column>
            <column name="text">http://t.co/sBg8SNLEmN Получить кредитную карту в альфа банке</column>
            <column name="sberbank">NULL</column>
            <column name="vtb">NULL</column>
            <column name="gazprom">NULL</column>
            <column name="alfabank">0</column>
            <column name="bankmoskvy">NULL</column>
            <column name="raiffeisen">NULL</column>
            <column name="uralsib">NULL</column>
            <column name="rshb">NULL</column>
        </table>
        <table name="bank">
            <column name="id">1825</column>
            <column name="twitid">494773903588610000</column>
            <column name="date">1406798265</column>
            <column name="name">tyvnoalys</column>
            <column name="text">http://t.co/oAcLipuoJy Оформить кредитную карту в россельхозбанке</column>
            <column name="sberbank">NULL</column>
            <column name="vtb">NULL</column>
            <column name="gazprom">NULL</column>
            <column name="alfabank">NULL</column>
            <column name="bankmoskvy">NULL</column>
            <column name="raiffeisen">NULL</column>
            <column name="uralsib">NULL</column>
            <column name="rshb">0</column>
        </table>
        <table name="bank">
            <column name="id">1826</column>
            <column name="twitid">494774494746390000</column>
            <column name="date">1406798406</column>
            <column name="name">kthulpamer</column>
            <column name="text">Телефоны сбербанк пр ленина18 кредитный отдел http://t.co/BChSamH2nR</column>
            <column name="sberbank">0</column>
            <column name="vtb">NULL</column>
            <column name="gazprom">NULL</column>
            <column name="alfabank">NULL</column>
            <column name="bankmoskvy">NULL</column>
            <column name="raiffeisen">NULL</column>
            <column name="uralsib">NULL</column>
            <column name="rshb">NULL</column>
        </table>
        <table name="bank">
            <column name="id">1827</column>
            <column name="twitid">494774629610060000</column>
            <column name="date">1406798438</column>
            <column name="name">scudderoxxdanet</column>
            <column name="text">Банк втб 24 в спб кредиты http://t.co/t8ea9QlF1d</column>
            <column name="sberbank">NULL</column>
            <column name="vtb">0</column>
            <column name="gazprom">NULL</column>
            <column name="alfabank">NULL</column>
            <column name="bankmoskvy">NULL</column>
            <column name="raiffeisen">NULL</column>
            <column name="uralsib">NULL</column>
            <column name="rshb">NULL</column>
        </table>
        <table name="bank">
            <column name="id">1828</column>
            <column name="twitid">494777826487570000</column>
            <column name="date">1406799201</column>
            <column name="name">samat</column>
            <column name="text">@alfa_bank деньги вернулись, спасибо!</column>
            <column name="sberbank">NULL</column>
            <column name="vtb">NULL</column>
            <column name="gazprom">NULL</column>
            <column name="alfabank">1</column>
            <column name="bankmoskvy">NULL</column>
            <column name="raiffeisen">NULL</column>
            <column name="uralsib">NULL</column>
            <column name="rshb">NULL</column>
        </table>
        <table name="bank">
            <column name="id">1829</column>
            <column name="twitid">494778553335300000</column>
            <column name="date">1406799374</column>
            <column name="name">MVolkova21</column>
            <column name="text">Райффайзенбанк: Санкции против НОВАТЭКа не повлияют существенным образом на его операционную деятельность. Сильный ВВП США &quot;бросает тень&quot; н</column>
            <column name="sberbank">NULL</column>
            <column name="vtb">NULL</column>
            <column name="gazprom">NULL</column>
            <column name="alfabank">NULL</column>
            <column name="bankmoskvy">NULL</column>
            <column name="raiffeisen">0</column>
            <column name="uralsib">NULL</column>
            <column name="rshb">NULL</column>
        </table>
        <table name="bank">
            <column name="id">1830</column>
            <column name="twitid">494778657643430000</column>
            <column name="date">1406799399</column>
            <column name="name">vicapyvasi</column>
            <column name="text">Банк втб 24 казань реально ли азять кредит http://t.co/y5gkAolnb7</column>
            <column name="sberbank">NULL</column>
            <column name="vtb">0</column>
            <column name="gazprom">NULL</column>
            <column name="alfabank">NULL</column>
            <column name="bankmoskvy">NULL</column>
            <column name="raiffeisen">NULL</column>
            <column name="uralsib">NULL</column>
            <column name="rshb">NULL</column>
        </table>
        <table name="bank">
            <column name="id">1831</column>
            <column name="twitid">494779053157910000</column>
            <column name="date">1406799493</column>
            <column name="name">folkwulf</column>
            <column name="text">RT @beyond_2000: МТС, Сбербанк и прочие тоже смазывают лыжи? // &quot;Лукойл&quot; продает свои бензоколонки на Украине http://t.co/oyrbfLFvmI http:/…</column>
            <column name="sberbank">-1</column>
            <column name="vtb">NULL</column>
            <column name="gazprom">NULL</column>
            <column name="alfabank">NULL</column>
            <column name="bankmoskvy">NULL</column>
            <column name="raiffeisen">NULL</column>
            <column name="uralsib">NULL</column>
            <column name="rshb">NULL</column>
        </table>
        <table name="bank">
            <column name="id">1832</column>
            <column name="twitid">494779997966860000</column>
            <column name="date">1406799718</column>
            <column name="name">ocxhdockp</column>
            <column name="text">Могу ли я получить второй кредит в альфабанке http://t.co/hntVJagfA8</column>
            <column name="sberbank">NULL</column>
            <column name="vtb">NULL</column>
            <column name="gazprom">NULL</column>
            <column name="alfabank">0</column>
            <column name="bankmoskvy">NULL</column>
            <column name="raiffeisen">NULL</column>
            <column name="uralsib">NULL</column>
            <column name="rshb">NULL</column>
        </table>
        <table name="bank">
            <column name="id">1833</column>
            <column name="twitid">494780284693650000</column>
            <column name="date">1406799787</column>
            <column name="name">EUhanova46</column>
            <column name="text">&quot;Банк Москвы&quot; больше не является генеральным спонсором &quot;Амкара&quot;. Эту информацию подтвердил президент пермского клуба Геннадий Шилов.</column>
            <column name="sberbank">NULL</column>
            <column name="vtb">NULL</column>
            <column name="gazprom">NULL</column>
            <column name="alfabank">NULL</column>
            <column name="bankmoskvy">0</column>
            <column name="raiffeisen">NULL</column>
            <column name="uralsib">NULL</column>
            <column name="rshb">NULL</column>
        </table>
        <table name="bank">
            <column name="id">1834</column>
            <column name="twitid">494780938308840000</column>
            <column name="date">1406799942</column>
            <column name="name">nohtomanq</column>
            <column name="text">http://t.co/ZN8UqjMQ8w Взять кредит втб 24 банк хабаровск</column>
            <column name="sberbank">NULL</column>
            <column name="vtb">0</column>
            <column name="gazprom">NULL</column>
            <column name="alfabank">NULL</column>
            <column name="bankmoskvy">NULL</column>
            <column name="raiffeisen">NULL</column>
            <column name="uralsib">NULL</column>
            <column name="rshb">NULL</column>
        </table>
        <table name="bank">
            <column name="id">1835</column>
            <column name="twitid">494782023954070000</column>
            <column name="date">1406800201</column>
            <column name="name">jonirumokew</column>
            <column name="text">Сайт россельхозбанка кредитные системы http://t.co/ffmdyZ8A04</column>
            <column name="sberbank">NULL</column>
            <column name="vtb">NULL</column>
            <column name="gazprom">NULL</column>
            <column name="alfabank">NULL</column>
            <column name="bankmoskvy">NULL</column>
            <column name="raiffeisen">NULL</column>
            <column name="uralsib">NULL</column>
            <column name="rshb">0</column>
        </table>
        <table name="bank">
            <column name="id">1836</column>
            <column name="twitid">494782168061970000</column>
            <column name="date">1406800236</column>
            <column name="name">enytroclep</column>
            <column name="text">Cetelem сбербанк как деньги в кредит http://t.co/Gda7c78fqR</column>
            <column name="sberbank">0</column>
            <column name="vtb">NULL</column>
            <column name="gazprom">NULL</column>
            <column name="alfabank">NULL</column>
            <column name="bankmoskvy">NULL</column>
            <column name="raiffeisen">NULL</column>
            <column name="uralsib">NULL</column>
            <column name="rshb">NULL</column>
        </table>
        <table name="bank">
            <column name="id">1837</column>
            <column name="twitid">494782168603040000</column>
            <column name="date">1406800236</column>
            <column name="name">delorisodhume</column>
            <column name="text">Банк москвы владикавказ кредитование ип http://t.co/YoKx8Pqe5B</column>
            <column name="sberbank">NULL</column>
            <column name="vtb">NULL</column>
            <column name="gazprom">NULL</column>
            <column name="alfabank">NULL</column>
            <column name="bankmoskvy">0</column>
            <column name="raiffeisen">NULL</column>
            <column name="uralsib">NULL</column>
            <column name="rshb">NULL</column>
        </table>
        <table name="bank">
            <column name="id">1838</column>
            <column name="twitid">494782798302280000</column>
            <column name="date">1406800386</column>
            <column name="name">MitinRussia</column>
            <column name="text">@sberbank г.Москва, Ул. Кастанаевская 42 кор 2,в вашем отделении ни один банкомат, который выдает деньги не работает уже месяц!!!!</column>
            <column name="sberbank">-1</column>
            <column name="vtb">NULL</column>
            <column name="gazprom">NULL</column>
            <column name="alfabank">NULL</column>
            <column name="bankmoskvy">NULL</column>
            <column name="raiffeisen">NULL</column>
            <column name="uralsib">NULL</column>
            <column name="rshb">NULL</column>
        </table>
        <table name="bank">
            <column name="id">1839</column>
            <column name="twitid">494783098950000000</column>
            <column name="date">1406800458</column>
            <column name="name">ccmakarov</column>
            <column name="text">#рубль @ Сбербанк http://t.co/o2MrTZ0T9U</column>
            <column name="sberbank">0</column>
            <column name="vtb">NULL</column>
            <column name="gazprom">NULL</column>
            <column name="alfabank">NULL</column>
            <column name="bankmoskvy">NULL</column>
            <column name="raiffeisen">NULL</column>
            <column name="uralsib">NULL</column>
            <column name="rshb">NULL</column>
        </table>
        <table name="bank">
            <column name="id">1840</column>
            <column name="twitid">494784924227240000</column>
            <column name="date">1406800893</column>
            <column name="name">sivan222</column>
            <column name="text">RT @sberbank: Взяв ипотеку, не забудьте оформить налоговый вычет, чтобы компенсировать расходы по уплате процентов.</column>
            <column name="sberbank">0</column>
            <column name="vtb">NULL</column>
            <column name="gazprom">NULL</column>
            <column name="alfabank">NULL</column>
            <column name="bankmoskvy">NULL</column>
            <column name="raiffeisen">NULL</column>
            <column name="uralsib">NULL</column>
            <column name="rshb">NULL</column>
        </table>
        <table name="bank">
            <column name="id">1841</column>
            <column name="twitid">494785315195070000</column>
            <column name="date">1406800986</column>
            <column name="name">vale9so</column>
            <column name="text">@alfa_bank  банкомат в Галерея Тверская 7 не работает в принципе #протестировано</column>
            <column name="sberbank">NULL</column>
            <column name="vtb">NULL</column>
            <column name="gazprom">NULL</column>
            <column name="alfabank">-1</column>
            <column name="bankmoskvy">NULL</column>
            <column name="raiffeisen">NULL</column>
            <column name="uralsib">NULL</column>
            <column name="rshb">NULL</column>
        </table>
        <table name="bank">
            <column name="id">1842</column>
            <column name="twitid">494785459437180000</column>
            <column name="date">1406801020</column>
            <column name="name">xyjmashy</column>
            <column name="text">http://t.co/gj44cz1ccw Взять кредит втб 24 онлайн заявка</column>
            <column name="sberbank">NULL</column>
            <column name="vtb">0</column>
            <column name="gazprom">NULL</column>
            <column name="alfabank">NULL</column>
            <column name="bankmoskvy">NULL</column>
            <column name="raiffeisen">NULL</column>
            <column name="uralsib">NULL</column>
            <column name="rshb">NULL</column>
        </table>
        <table name="bank">
            <column name="id">1843</column>
            <column name="twitid">494786539478860000</column>
            <column name="date">1406801278</column>
            <column name="name">ofehr_rus</column>
            <column name="text">RT @DDikij1: @sberbank А что Сбербанк занимается в финансировании карателей убийц на Украине ...Клиентов не боитесь потерять? http://t.co/I…</column>
            <column name="sberbank">-1</column>
            <column name="vtb">NULL</column>
            <column name="gazprom">NULL</column>
            <column name="alfabank">NULL</column>
            <column name="bankmoskvy">NULL</column>
            <column name="raiffeisen">NULL</column>
            <column name="uralsib">NULL</column>
            <column name="rshb">NULL</column>
        </table>
        <table name="bank">
            <column name="id">1844</column>
            <column name="twitid">494788368333430000</column>
            <column name="date">1406801714</column>
            <column name="name">manulices</column>
            <column name="text">Туры в кредит от альфа банка</column>
            <column name="sberbank">NULL</column>
            <column name="vtb">NULL</column>
            <column name="gazprom">NULL</column>
            <column name="alfabank">0</column>
            <column name="bankmoskvy">NULL</column>
            <column name="raiffeisen">NULL</column>
            <column name="uralsib">NULL</column>
            <column name="rshb">NULL</column>
        </table>
        <table name="bank">
            <column name="id">1845</column>
            <column name="twitid">494789637299540000</column>
            <column name="date">1406802016</column>
            <column name="name">bbaHawth</column>
            <column name="text">http://t.co/GpVV7GPqL6 Первоуральск оформить заявку на кредит газпромбанк</column>
            <column name="sberbank">NULL</column>
            <column name="vtb">NULL</column>
            <column name="gazprom">0</column>
            <column name="alfabank">NULL</column>
            <column name="bankmoskvy">NULL</column>
            <column name="raiffeisen">NULL</column>
            <column name="uralsib">NULL</column>
            <column name="rshb">NULL</column>
        </table>
        <table name="bank">
            <column name="id">1846</column>
            <column name="twitid">494789686657680000</column>
            <column name="date">1406802028</column>
            <column name="name">korregidor402</column>
            <column name="text">RT @natoliyplat852: райффайзенбанк саратов телефон http://t.co/u5OvPF69b1</column>
            <column name="sberbank">NULL</column>
            <column name="vtb">NULL</column>
            <column name="gazprom">NULL</column>
            <column name="alfabank">NULL</column>
            <column name="bankmoskvy">NULL</column>
            <column name="raiffeisen">0</column>
            <column name="uralsib">NULL</column>
            <column name="rshb">NULL</column>
        </table>
        <table name="bank">
            <column name="id">1847</column>
            <column name="twitid">494790100866570000</column>
            <column name="date">1406802127</column>
            <column name="name">cugizusosab</column>
            <column name="text">Авто бу кредит сбербанк г курск http://t.co/yU8Nz2Qot0</column>
            <column name="sberbank">0</column>
            <column name="vtb">NULL</column>
            <column name="gazprom">NULL</column>
            <column name="alfabank">NULL</column>
            <column name="bankmoskvy">NULL</column>
            <column name="raiffeisen">NULL</column>
            <column name="uralsib">NULL</column>
            <column name="rshb">NULL</column>
        </table>
        <table name="bank">
            <column name="id">1848</column>
            <column name="twitid">494790184589100000</column>
            <column name="date">1406802147</column>
            <column name="name">xocajaqoce</column>
            <column name="text">Список людей кому сбербанк не дает кредиты http://t.co/r27BXGTTsx</column>
            <column name="sberbank">-1</column>
            <column name="vtb">NULL</column>
            <column name="gazprom">NULL</column>
            <column name="alfabank">NULL</column>
            <column name="bankmoskvy">NULL</column>
            <column name="raiffeisen">NULL</column>
            <column name="uralsib">NULL</column>
            <column name="rshb">NULL</column>
        </table>
        <table name="bank">
            <column name="id">1849</column>
            <column name="twitid">494790319352060000</column>
            <column name="date">1406802179</column>
            <column name="name">probiggenu1988</column>
            <column name="text">Решением Наблюдательного совета ОАО Банк ВТБ (Азербайджан) Юрий Яковлев назначен на должность председателя правления. Об этом сообщает прес</column>
            <column name="sberbank">NULL</column>
            <column name="vtb">0</column>
            <column name="gazprom">NULL</column>
            <column name="alfabank">NULL</column>
            <column name="bankmoskvy">NULL</column>
            <column name="raiffeisen">NULL</column>
            <column name="uralsib">NULL</column>
            <column name="rshb">NULL</column>
        </table>
        <table name="bank">
            <column name="id">1850</column>
            <column name="twitid">494792362603090000</column>
            <column name="date">1406802666</column>
            <column name="name">kursdollarbank</column>
            <column name="text">Курс доллара Газпромбанк http://t.co/XIVkqNMb8K /  / USD 1 Доллар США 35,10 36,20 http://t.co/SXboWvUJ7k</column>
            <column name="sberbank">NULL</column>
            <column name="vtb">NULL</column>
            <column name="gazprom">0</column>
            <column name="alfabank">NULL</column>
            <column name="bankmoskvy">NULL</column>
            <column name="raiffeisen">NULL</column>
            <column name="uralsib">NULL</column>
            <column name="rshb">NULL</column>
        </table>
        <table name="bank">
            <column name="id">1851</column>
            <column name="twitid">494792814774210000</column>
            <column name="date">1406802774</column>
            <column name="name">ASafonova21</column>
            <column name="text">В число компаний, против которых Евросоюз договорился ввести санкции из-за ситуации на Украине, попали Сбербанк и ВТБ.. СМИ: в список санкц</column>
            <column name="sberbank">-1</column>
            <column name="vtb">-1</column>
            <column name="gazprom">NULL</column>
            <column name="alfabank">NULL</column>
            <column name="bankmoskvy">NULL</column>
            <column name="raiffeisen">NULL</column>
            <column name="uralsib">NULL</column>
            <column name="rshb">NULL</column>
        </table>
        <table name="bank">
            <column name="id">1852</column>
            <column name="twitid">494793045360270000</column>
            <column name="date">1406802829</column>
            <column name="name">seapvlid26</column>
            <column name="text">http://t.co/Fnw5RBBll9 Взять кредит сбербанк санкт петербург</column>
            <column name="sberbank">0</column>
            <column name="vtb">NULL</column>
            <column name="gazprom">NULL</column>
            <column name="alfabank">NULL</column>
            <column name="bankmoskvy">NULL</column>
            <column name="raiffeisen">NULL</column>
            <column name="uralsib">NULL</column>
            <column name="rshb">NULL</column>
        </table>
        <table name="bank">
            <column name="id">1853</column>
            <column name="twitid">494793678406560000</column>
            <column name="date">1406802980</column>
            <column name="name">salasmcwanetta</column>
            <column name="text">Анкета для кредита газпромбанка http://t.co/5xQeTkcYRB</column>
            <column name="sberbank">NULL</column>
            <column name="vtb">NULL</column>
            <column name="gazprom">0</column>
            <column name="alfabank">NULL</column>
            <column name="bankmoskvy">NULL</column>
            <column name="raiffeisen">NULL</column>
            <column name="uralsib">NULL</column>
            <column name="rshb">NULL</column>
        </table>
        <table name="bank">
            <column name="id">1854</column>
            <column name="twitid">494794602365600000</column>
            <column name="date">1406803200</column>
            <column name="name">doradoSu</column>
            <column name="text">http://t.co/C1phU874s3 Оформить кредит на альфа банк</column>
            <column name="sberbank">NULL</column>
            <column name="vtb">NULL</column>
            <column name="gazprom">NULL</column>
            <column name="alfabank">0</column>
            <column name="bankmoskvy">NULL</column>
            <column name="raiffeisen">NULL</column>
            <column name="uralsib">NULL</column>
            <column name="rshb">NULL</column>
        </table>
        <table name="bank">
            <column name="id">1855</column>
            <column name="twitid">494795297646590000</column>
            <column name="date">1406803366</column>
            <column name="name">BankiOrenburga</column>
            <column name="text">Поволжский Сбербанк проводит акцию для малого бизнеса http://t.co/tnRnrXcbUx</column>
            <column name="sberbank">1</column>
            <column name="vtb">NULL</column>
            <column name="gazprom">NULL</column>
            <column name="alfabank">NULL</column>
            <column name="bankmoskvy">NULL</column>
            <column name="raiffeisen">NULL</column>
            <column name="uralsib">NULL</column>
            <column name="rshb">NULL</column>
        </table>
        <table name="bank">
            <column name="id">1856</column>
            <column name="twitid">494797318789800000</column>
            <column name="date">1406803848</column>
            <column name="name">aridarormu</column>
            <column name="text">Кредит целевой из россельхозбанке http://t.co/jE82i0tsXL</column>
            <column name="sberbank">NULL</column>
            <column name="vtb">NULL</column>
            <column name="gazprom">NULL</column>
            <column name="alfabank">NULL</column>
            <column name="bankmoskvy">NULL</column>
            <column name="raiffeisen">NULL</column>
            <column name="uralsib">NULL</column>
            <column name="rshb">0</column>
        </table>
        <table name="bank">
            <column name="id">1857</column>
            <column name="twitid">494798681976370000</column>
            <column name="date">1406804173</column>
            <column name="name">lesleyfchoppe</column>
            <column name="text">Кредит на житло сбербанк рос http://t.co/vTdhEVBQPx</column>
            <column name="sberbank">0</column>
            <column name="vtb">NULL</column>
            <column name="gazprom">NULL</column>
            <column name="alfabank">NULL</column>
            <column name="bankmoskvy">NULL</column>
            <column name="raiffeisen">NULL</column>
            <column name="uralsib">NULL</column>
            <column name="rshb">NULL</column>
        </table>
        <table name="bank">
            <column name="id">1858</column>
            <column name="twitid">494799687590100000</column>
            <column name="date">1406804413</column>
            <column name="name">markelovr</column>
            <column name="text">кредитная карта райффайзен банка http://t.co/kMgp0wdoUt</column>
            <column name="sberbank">NULL</column>
            <column name="vtb">NULL</column>
            <column name="gazprom">NULL</column>
            <column name="alfabank">NULL</column>
            <column name="bankmoskvy">NULL</column>
            <column name="raiffeisen">0</column>
            <column name="uralsib">NULL</column>
            <column name="rshb">NULL</column>
        </table>
        <table name="bank">
            <column name="id">1859</column>
            <column name="twitid">494801757147790000</column>
            <column name="date">1406804906</column>
            <column name="name">xiqaxocefo</column>
            <column name="text">Структура кредитов выдаваемых в россельхозбанке в 2014 году http://t.co/oF4OHMXkLH</column>
            <column name="sberbank">NULL</column>
            <column name="vtb">NULL</column>
            <column name="gazprom">NULL</column>
            <column name="alfabank">NULL</column>
            <column name="bankmoskvy">NULL</column>
            <column name="raiffeisen">NULL</column>
            <column name="uralsib">NULL</column>
            <column name="rshb">0</column>
        </table>
        <table name="bank">
            <column name="id">1860</column>
            <column name="twitid">494801797467640000</column>
            <column name="date">1406804916</column>
            <column name="name">vubucowaxy</column>
            <column name="text">Структура потребительского кредитования втб 24 http://t.co/liuWVJEAFF</column>
            <column name="sberbank">NULL</column>
            <column name="vtb">0</column>
            <column name="gazprom">NULL</column>
            <column name="alfabank">NULL</column>
            <column name="bankmoskvy">NULL</column>
            <column name="raiffeisen">NULL</column>
            <column name="uralsib">NULL</column>
            <column name="rshb">NULL</column>
        </table>
        <table name="bank">
            <column name="id">1861</column>
            <column name="twitid">494803213489820000</column>
            <column name="date">1406805253</column>
            <column name="name">cugizusosab</column>
            <column name="text">Россельхозбанк набережные челны кредиты http://t.co/yx13T4VrLh</column>
            <column name="sberbank">NULL</column>
            <column name="vtb">NULL</column>
            <column name="gazprom">NULL</column>
            <column name="alfabank">NULL</column>
            <column name="bankmoskvy">NULL</column>
            <column name="raiffeisen">NULL</column>
            <column name="uralsib">NULL</column>
            <column name="rshb">0</column>
        </table>
        <table name="bank">
            <column name="id">1862</column>
            <column name="twitid">494803577844830000</column>
            <column name="date">1406805340</column>
            <column name="name">orerim83</column>
            <column name="text">Бизнес Банка Москвы не пострадает из-за санкций США, говорится в заявлении кредитной организации. &quot;Банк Москвы сориентирован на работу на</column>
            <column name="sberbank">NULL</column>
            <column name="vtb">NULL</column>
            <column name="gazprom">NULL</column>
            <column name="alfabank">NULL</column>
            <column name="bankmoskvy">0</column>
            <column name="raiffeisen">NULL</column>
            <column name="uralsib">NULL</column>
            <column name="rshb">NULL</column>
        </table>
        <table name="bank">
            <column name="id">1863</column>
            <column name="twitid">494804296027100000</column>
            <column name="date">1406805511</column>
            <column name="name">karlysuhreilly</column>
            <column name="text">Кредитная фабрика сбербанк малый бизнес http://t.co/PtYDH55Y1e</column>
            <column name="sberbank">0</column>
            <column name="vtb">NULL</column>
            <column name="gazprom">NULL</column>
            <column name="alfabank">NULL</column>
            <column name="bankmoskvy">NULL</column>
            <column name="raiffeisen">NULL</column>
            <column name="uralsib">NULL</column>
            <column name="rshb">NULL</column>
        </table>
        <table name="bank">
            <column name="id">1864</column>
            <column name="twitid">494804701767270000</column>
            <column name="date">1406805608</column>
            <column name="name">zuqojode</column>
            <column name="text">Мошенники в альфа банк шлют смс о кредите http://t.co/d7FhcTJUyl</column>
            <column name="sberbank">NULL</column>
            <column name="vtb">NULL</column>
            <column name="gazprom">NULL</column>
            <column name="alfabank">-1</column>
            <column name="bankmoskvy">NULL</column>
            <column name="raiffeisen">NULL</column>
            <column name="uralsib">NULL</column>
            <column name="rshb">NULL</column>
        </table>
        <table name="bank">
            <column name="id">1865</column>
            <column name="twitid">494804928754620000</column>
            <column name="date">1406805662</column>
            <column name="name">tyvnoalys</column>
            <column name="text">http://t.co/MVugDut23L Оформить кредит в альфа банке город челябинск</column>
            <column name="sberbank">NULL</column>
            <column name="vtb">NULL</column>
            <column name="gazprom">NULL</column>
            <column name="alfabank">0</column>
            <column name="bankmoskvy">NULL</column>
            <column name="raiffeisen">NULL</column>
            <column name="uralsib">NULL</column>
            <column name="rshb">NULL</column>
        </table>
        <table name="bank">
            <column name="id">1866</column>
            <column name="twitid">494805056487970000</column>
            <column name="date">1406805693</column>
            <column name="name">pprimericko</column>
            <column name="text">RT @inacos78: США запретили своим гражданам и компаниям сотрудничать с ВТБ, Банком Москвы, Россельхозбанком и Объединенной судостроительной…</column>
            <column name="sberbank">NULL</column>
            <column name="vtb">-1</column>
            <column name="gazprom">NULL</column>
            <column name="alfabank">NULL</column>
            <column name="bankmoskvy">NULL</column>
            <column name="raiffeisen">NULL</column>
            <column name="uralsib">NULL</column>
            <column name="rshb">-1</column>
        </table>
        <table name="bank">
            <column name="id">1867</column>
            <column name="twitid">494805058819980000</column>
            <column name="date">1406805693</column>
            <column name="name">pulcvinmi10</column>
            <column name="text">ОАО «Банк Москвы», попавшее 29 июля в санкционный список Минфина США, заявило, что фондирование за счет внешних заимствований</column>
            <column name="sberbank">NULL</column>
            <column name="vtb">NULL</column>
            <column name="gazprom">NULL</column>
            <column name="alfabank">NULL</column>
            <column name="bankmoskvy">-1</column>
            <column name="raiffeisen">NULL</column>
            <column name="uralsib">NULL</column>
            <column name="rshb">NULL</column>
        </table>
        <table name="bank">
            <column name="id">1868</column>
            <column name="twitid">494805876621190000</column>
            <column name="date">1406805888</column>
            <column name="name">yqleonisfe</column>
            <column name="text">http://t.co/tpMsropmB8 Взять кредит в банке альфа банк</column>
            <column name="sberbank">NULL</column>
            <column name="vtb">NULL</column>
            <column name="gazprom">NULL</column>
            <column name="alfabank">0</column>
            <column name="bankmoskvy">NULL</column>
            <column name="raiffeisen">NULL</column>
            <column name="uralsib">NULL</column>
            <column name="rshb">NULL</column>
        </table>
        <table name="bank">
            <column name="id">1869</column>
            <column name="twitid">494806498523250000</column>
            <column name="date">1406806036</column>
            <column name="name">xyjmashy</column>
            <column name="text">http://t.co/Vk8vVTefO7 Как взять кредит безработному в россельхозбанке</column>
            <column name="sberbank">NULL</column>
            <column name="vtb">NULL</column>
            <column name="gazprom">NULL</column>
            <column name="alfabank">NULL</column>
            <column name="bankmoskvy">NULL</column>
            <column name="raiffeisen">NULL</column>
            <column name="uralsib">NULL</column>
            <column name="rshb">0</column>
        </table>
        <table name="bank">
            <column name="id">1870</column>
            <column name="twitid">494806696871870000</column>
            <column name="date">1406806084</column>
            <column name="name">naqiroca</column>
            <column name="text">Потребительская карта альфа банка становится кредитной http://t.co/qgg8Sq57R7</column>
            <column name="sberbank">NULL</column>
            <column name="vtb">NULL</column>
            <column name="gazprom">NULL</column>
            <column name="alfabank">0</column>
            <column name="bankmoskvy">NULL</column>
            <column name="raiffeisen">NULL</column>
            <column name="uralsib">NULL</column>
            <column name="rshb">NULL</column>
        </table>
        <table name="bank">
            <column name="id">1871</column>
            <column name="twitid">494808375822390000</column>
            <column name="date">1406806484</column>
            <column name="name">rincedsx</column>
            <column name="text">Деньги в кредит в альфа банке http://t.co/4wdnlJbIkE</column>
            <column name="sberbank">NULL</column>
            <column name="vtb">NULL</column>
            <column name="gazprom">NULL</column>
            <column name="alfabank">0</column>
            <column name="bankmoskvy">NULL</column>
            <column name="raiffeisen">NULL</column>
            <column name="uralsib">NULL</column>
            <column name="rshb">NULL</column>
        </table>
        <table name="bank">
            <column name="id">1872</column>
            <column name="twitid">494809255103690000</column>
            <column name="date">1406806694</column>
            <column name="name">gohiceferik</column>
            <column name="text">http://t.co/XFaP3bwtgm «Банк Москвы» перестал быть генеральным спонсором «Амкара»</column>
            <column name="sberbank">NULL</column>
            <column name="vtb">NULL</column>
            <column name="gazprom">NULL</column>
            <column name="alfabank">NULL</column>
            <column name="bankmoskvy">0</column>
            <column name="raiffeisen">NULL</column>
            <column name="uralsib">NULL</column>
            <column name="rshb">NULL</column>
        </table>
        <table name="bank">
            <column name="id">1873</column>
            <column name="twitid">494809674404080000</column>
            <column name="date">1406806794</column>
            <column name="name">D_Kiryukhin</column>
            <column name="text">@sberbank а какова комиссия #сбербанк за съём наличных по картам других банков?</column>
            <column name="sberbank">0</column>
            <column name="vtb">NULL</column>
            <column name="gazprom">NULL</column>
            <column name="alfabank">NULL</column>
            <column name="bankmoskvy">NULL</column>
            <column name="raiffeisen">NULL</column>
            <column name="uralsib">NULL</column>
            <column name="rshb">NULL</column>
        </table>
        <table name="bank">
            <column name="id">1874</column>
            <column name="twitid">494810300907280000</column>
            <column name="date">1406806943</column>
            <column name="name">IPetrov17</column>
            <column name="text">Президент пермского футбольного клуба &quot;Амкар&quot; Геннадий Шилов сообщил, что его команда осталась без титульного спонсора. &quot;Банк Москвы&quot; перес</column>
            <column name="sberbank">NULL</column>
            <column name="vtb">NULL</column>
            <column name="gazprom">NULL</column>
            <column name="alfabank">NULL</column>
            <column name="bankmoskvy">-1</column>
            <column name="raiffeisen">NULL</column>
            <column name="uralsib">NULL</column>
            <column name="rshb">NULL</column>
        </table>
        <table name="bank">
            <column name="id">1875</column>
            <column name="twitid">494810390761840000</column>
            <column name="date">1406806964</column>
            <column name="name">br020201</column>
            <column name="text">RT @akselenc: @YodNews @navalny Газпром да, а вот Газпромбанк и Ковальчук нет) пора бы и разницу знать!</column>
            <column name="sberbank">NULL</column>
            <column name="vtb">NULL</column>
            <column name="gazprom">-1</column>
            <column name="alfabank">NULL</column>
            <column name="bankmoskvy">NULL</column>
            <column name="raiffeisen">NULL</column>
            <column name="uralsib">NULL</column>
            <column name="rshb">NULL</column>
        </table>
        <table name="bank">
            <column name="id">1876</column>
            <column name="twitid">494811123699690000</column>
            <column name="date">1406807139</column>
            <column name="name">ahctivlipae54</column>
            <column name="text">RT @clasfircof38: Сегодня США ввели санкции против трех российских банков – ВТБ, «Банка Москвы» и Россельхозбанка. В случае необходимости Ц…</column>
            <column name="sberbank">NULL</column>
            <column name="vtb">-1</column>
            <column name="gazprom">NULL</column>
            <column name="alfabank">NULL</column>
            <column name="bankmoskvy">-1</column>
            <column name="raiffeisen">NULL</column>
            <column name="uralsib">NULL</column>
            <column name="rshb">-1</column>
        </table>
        <table name="bank">
            <column name="id">1877</column>
            <column name="twitid">494811322312560000</column>
            <column name="date">1406807187</column>
            <column name="name">kurs_rublya_rub</column>
            <column name="text">Курс доллара в банках Перми http://t.co/dbQi5HNCXt /  / ФК Открытие (бывш. НОМОС-Банк) 35,20  36,00  / Банк Москвы .. http://t.co/heudHjAske</column>
            <column name="sberbank">NULL</column>
            <column name="vtb">NULL</column>
            <column name="gazprom">NULL</column>
            <column name="alfabank">NULL</column>
            <column name="bankmoskvy">0</column>
            <column name="raiffeisen">NULL</column>
            <column name="uralsib">NULL</column>
            <column name="rshb">NULL</column>
        </table>
        <table name="bank">
            <column name="id">1878</column>
            <column name="twitid">494812880920150000</column>
            <column name="date">1406807558</column>
            <column name="name">vypbistipo</column>
            <column name="text">http://t.co/aGWCEduA3i Как получить кредит в оао россельхозбанке</column>
            <column name="sberbank">NULL</column>
            <column name="vtb">NULL</column>
            <column name="gazprom">NULL</column>
            <column name="alfabank">NULL</column>
            <column name="bankmoskvy">NULL</column>
            <column name="raiffeisen">NULL</column>
            <column name="uralsib">NULL</column>
            <column name="rshb">0</column>
        </table>
        <table name="bank">
            <column name="id">1879</column>
            <column name="twitid">494812926549970000</column>
            <column name="date">1406807569</column>
            <column name="name">Bad_W0lf</column>
            <column name="text">@alfa_bank всё в порядке с ней. возможно, сам магазин просто заблокировал. Под предлогом санкций так же не принимают и газпромбанк</column>
            <column name="sberbank">NULL</column>
            <column name="vtb">NULL</column>
            <column name="gazprom">-1</column>
            <column name="alfabank">-1</column>
            <column name="bankmoskvy">NULL</column>
            <column name="raiffeisen">NULL</column>
            <column name="uralsib">NULL</column>
            <column name="rshb">NULL</column>
        </table>
        <table name="bank">
            <column name="id">1880</column>
            <column name="twitid">494813156259410000</column>
            <column name="date">1406807624</column>
            <column name="name">KAleksandrov53</column>
            <column name="text">Со счета Надежды Цапок в Россельхозбанке списано 92,064 млн руб., несмотря на то что на него был наложен арест, передает &quot;Интерфакс&quot; со ссы</column>
            <column name="sberbank">NULL</column>
            <column name="vtb">NULL</column>
            <column name="gazprom">NULL</column>
            <column name="alfabank">NULL</column>
            <column name="bankmoskvy">NULL</column>
            <column name="raiffeisen">NULL</column>
            <column name="uralsib">NULL</column>
            <column name="rshb">-1</column>
        </table>
        <table name="bank">
            <column name="id">1881</column>
            <column name="twitid">494815634820440000</column>
            <column name="date">1406808215</column>
            <column name="name">muzhig</column>
            <column name="text">RT @alfa_bank: Как санкции скажутся на россиянах, рассказала Наталия Орлова, главный экономист банка: http://t.co/xONSI4jbwl http://t.co/Vu…</column>
            <column name="sberbank">NULL</column>
            <column name="vtb">NULL</column>
            <column name="gazprom">NULL</column>
            <column name="alfabank">0</column>
            <column name="bankmoskvy">NULL</column>
            <column name="raiffeisen">NULL</column>
            <column name="uralsib">NULL</column>
            <column name="rshb">NULL</column>
        </table>
        <table name="bank">
            <column name="id">1882</column>
            <column name="twitid">494816724416730000</column>
            <column name="date">1406808475</column>
            <column name="name">adleyBeilk</column>
            <column name="text">http://t.co/LlDe1d1Bec Оформить заявку на кредит онлайн в альфа банке</column>
            <column name="sberbank">NULL</column>
            <column name="vtb">NULL</column>
            <column name="gazprom">NULL</column>
            <column name="alfabank">0</column>
            <column name="bankmoskvy">NULL</column>
            <column name="raiffeisen">NULL</column>
            <column name="uralsib">NULL</column>
            <column name="rshb">NULL</column>
        </table>
        <table name="bank">
            <column name="id">1883</column>
            <column name="twitid">494816725574380000</column>
            <column name="date">1406808475</column>
            <column name="name">an_dema</column>
            <column name="text">После долгих поисков выбрала @Raiffeisen_Ru Скоро будет готова карта.</column>
            <column name="sberbank">NULL</column>
            <column name="vtb">NULL</column>
            <column name="gazprom">NULL</column>
            <column name="alfabank">NULL</column>
            <column name="bankmoskvy">NULL</column>
            <column name="raiffeisen">1</column>
            <column name="uralsib">NULL</column>
            <column name="rshb">NULL</column>
        </table>
        <table name="bank">
            <column name="id">1884</column>
            <column name="twitid">494817087245030000</column>
            <column name="date">1406808561</column>
            <column name="name">hlilSill</column>
            <column name="text">http://t.co/Iy9rS7aNBN Получить кредит 300 тыс сбербанк кредит уфа</column>
            <column name="sberbank">0</column>
            <column name="vtb">NULL</column>
            <column name="gazprom">NULL</column>
            <column name="alfabank">NULL</column>
            <column name="bankmoskvy">NULL</column>
            <column name="raiffeisen">NULL</column>
            <column name="uralsib">NULL</column>
            <column name="rshb">NULL</column>
        </table>
        <table name="bank">
            <column name="id">1885</column>
            <column name="twitid">494817492259590000</column>
            <column name="date">1406808658</column>
            <column name="name">vidipopezen110</column>
            <column name="text">| потребительский кредит в россельхозбанке калькулятор</column>
            <column name="sberbank">NULL</column>
            <column name="vtb">NULL</column>
            <column name="gazprom">NULL</column>
            <column name="alfabank">NULL</column>
            <column name="bankmoskvy">NULL</column>
            <column name="raiffeisen">NULL</column>
            <column name="uralsib">NULL</column>
            <column name="rshb">0</column>
        </table>
        <table name="bank">
            <column name="id">1886</column>
            <column name="twitid">494817681678570000</column>
            <column name="date">1406808703</column>
            <column name="name">emaineFulo</column>
            <column name="text">http://t.co/Pguuc9R32y Взять кредит втб 24 наличными</column>
            <column name="sberbank">NULL</column>
            <column name="vtb">0</column>
            <column name="gazprom">NULL</column>
            <column name="alfabank">NULL</column>
            <column name="bankmoskvy">NULL</column>
            <column name="raiffeisen">NULL</column>
            <column name="uralsib">NULL</column>
            <column name="rshb">NULL</column>
        </table>
        <table name="bank">
            <column name="id">1887</column>
            <column name="twitid">494817916203050000</column>
            <column name="date">1406808759</column>
            <column name="name">yraqosho</column>
            <column name="text">http://t.co/lXaRVBpZTz Сбербанк как взять кредит в хабаровске</column>
            <column name="sberbank">0</column>
            <column name="vtb">NULL</column>
            <column name="gazprom">NULL</column>
            <column name="alfabank">NULL</column>
            <column name="bankmoskvy">NULL</column>
            <column name="raiffeisen">NULL</column>
            <column name="uralsib">NULL</column>
            <column name="rshb">NULL</column>
        </table>
        <table name="bank">
            <column name="id">1888</column>
            <column name="twitid">494818409083700000</column>
            <column name="date">1406808876</column>
            <column name="name">Iron_Mountains</column>
            <column name="text">Банк Москвы не исключает слияния украинской &quot;дочки&quot; и &quot;ВТБ Украина&quot; #новости</column>
            <column name="sberbank">NULL</column>
            <column name="vtb">0</column>
            <column name="gazprom">NULL</column>
            <column name="alfabank">NULL</column>
            <column name="bankmoskvy">0</column>
            <column name="raiffeisen">NULL</column>
            <column name="uralsib">NULL</column>
            <column name="rshb">NULL</column>
        </table>
        <table name="bank">
            <column name="id">1889</column>
            <column name="twitid">494819137877980000</column>
            <column name="date">1406809050</column>
            <column name="name">conlivopen1973</column>
            <column name="text">Новый пакет санкций США не отразится на работе платёжных систем Visa и MasterCard с ВТБ, Россельхозбанком и Банком Москвы. Об этом сообщает</column>
            <column name="sberbank">NULL</column>
            <column name="vtb">0</column>
            <column name="gazprom">NULL</column>
            <column name="alfabank">NULL</column>
            <column name="bankmoskvy">NULL</column>
            <column name="raiffeisen">NULL</column>
            <column name="uralsib">NULL</column>
            <column name="rshb">0</column>
        </table>
        <table name="bank">
            <column name="id">1890</column>
            <column name="twitid">494819370854790000</column>
            <column name="date">1406809105</column>
            <column name="name">Vladislav2j8</column>
            <column name="text">Банк Москвы не исключает слияния украинской &quot;дочки&quot; и &quot;ВТБ Украина&quot;</column>
            <column name="sberbank">NULL</column>
            <column name="vtb">0</column>
            <column name="gazprom">NULL</column>
            <column name="alfabank">NULL</column>
            <column name="bankmoskvy">0</column>
            <column name="raiffeisen">NULL</column>
            <column name="uralsib">NULL</column>
            <column name="rshb">NULL</column>
        </table>
        <table name="bank">
            <column name="id">1891</column>
            <column name="twitid">494820744938130000</column>
            <column name="date">1406809433</column>
            <column name="name">ectacoh</column>
            <column name="text">RT @Bad_W0lf: Приплыли... на aliexpress нельзя расплатиться картой @alfa_bank. Поддержка магазина говорит, что в связи с санкиями.</column>
            <column name="sberbank">NULL</column>
            <column name="vtb">NULL</column>
            <column name="gazprom">NULL</column>
            <column name="alfabank">-1</column>
            <column name="bankmoskvy">NULL</column>
            <column name="raiffeisen">NULL</column>
            <column name="uralsib">NULL</column>
            <column name="rshb">NULL</column>
        </table>
        <table name="bank">
            <column name="id">1892</column>
            <column name="twitid">494821385370600000</column>
            <column name="date">1406809586</column>
            <column name="name">liadynkopb</column>
            <column name="text">Как взять кредит в россельхозбанке для строительства свинофермы http://t.co/mYToeOA0mh</column>
            <column name="sberbank">NULL</column>
            <column name="vtb">NULL</column>
            <column name="gazprom">NULL</column>
            <column name="alfabank">NULL</column>
            <column name="bankmoskvy">NULL</column>
            <column name="raiffeisen">NULL</column>
            <column name="uralsib">NULL</column>
            <column name="rshb">0</column>
        </table>
        <table name="bank">
            <column name="id">1893</column>
            <column name="twitid">494822812029170000</column>
            <column name="date">1406809926</column>
            <column name="name">ufadrgrote</column>
            <column name="text">договор эквайринг образец райфайзен банк http://t.co/zuIH8Dgzy6 #договор #райфайзен</column>
            <column name="sberbank">NULL</column>
            <column name="vtb">NULL</column>
            <column name="gazprom">NULL</column>
            <column name="alfabank">NULL</column>
            <column name="bankmoskvy">NULL</column>
            <column name="raiffeisen">0</column>
            <column name="uralsib">NULL</column>
            <column name="rshb">NULL</column>
        </table>
        <table name="bank">
            <column name="id">1894</column>
            <column name="twitid">494823284920550000</column>
            <column name="date">1406810039</column>
            <column name="name">erealanna</column>
            <column name="text">Методика кредитоспособности физических лиц в сбербанк россии http://t.co/U7vkFGpj06</column>
            <column name="sberbank">0</column>
            <column name="vtb">NULL</column>
            <column name="gazprom">NULL</column>
            <column name="alfabank">NULL</column>
            <column name="bankmoskvy">NULL</column>
            <column name="raiffeisen">NULL</column>
            <column name="uralsib">NULL</column>
            <column name="rshb">NULL</column>
        </table>
        <table name="bank">
            <column name="id">1895</column>
            <column name="twitid">494823430588760000</column>
            <column name="date">1406810073</column>
            <column name="name">puqivuxunab</column>
            <column name="text">Калужский филиал райффайзенбанк кредиты населению http://t.co/hKWH0ItAUf</column>
            <column name="sberbank">NULL</column>
            <column name="vtb">NULL</column>
            <column name="gazprom">NULL</column>
            <column name="alfabank">NULL</column>
            <column name="bankmoskvy">NULL</column>
            <column name="raiffeisen">0</column>
            <column name="uralsib">NULL</column>
            <column name="rshb">NULL</column>
        </table>
        <table name="bank">
            <column name="id">1896</column>
            <column name="twitid">494823928905610000</column>
            <column name="date">1406810192</column>
            <column name="name">ia_frank</column>
            <column name="text">За внутренний перевод с карты на карту Сбербанк берет комиссию 1% ;)</column>
            <column name="sberbank">-1</column>
            <column name="vtb">NULL</column>
            <column name="gazprom">NULL</column>
            <column name="alfabank">NULL</column>
            <column name="bankmoskvy">NULL</column>
            <column name="raiffeisen">NULL</column>
            <column name="uralsib">NULL</column>
            <column name="rshb">NULL</column>
        </table>
        <table name="bank">
            <column name="id">1897</column>
            <column name="twitid">494825213084070000</column>
            <column name="date">1406810498</column>
            <column name="name">mira_eley</column>
            <column name="text">RT @Pavel_XII: Сбербанк может попасть под санкции ЕС. Возможно из него будут выводить средства. Дойдет ли дело до заморозки вкладов как как…</column>
            <column name="sberbank">-1</column>
            <column name="vtb">NULL</column>
            <column name="gazprom">NULL</column>
            <column name="alfabank">NULL</column>
            <column name="bankmoskvy">NULL</column>
            <column name="raiffeisen">NULL</column>
            <column name="uralsib">NULL</column>
            <column name="rshb">NULL</column>
        </table>
        <table name="bank">
            <column name="id">1898</column>
            <column name="twitid">494825449680150000</column>
            <column name="date">1406810555</column>
            <column name="name">ubtimeva</column>
            <column name="text">Поволжский Сбербанк проводит акцию для малого бизнеса</column>
            <column name="sberbank">1</column>
            <column name="vtb">NULL</column>
            <column name="gazprom">NULL</column>
            <column name="alfabank">NULL</column>
            <column name="bankmoskvy">NULL</column>
            <column name="raiffeisen">NULL</column>
            <column name="uralsib">NULL</column>
            <column name="rshb">NULL</column>
        </table>
        <table name="bank">
            <column name="id">1899</column>
            <column name="twitid">494825453535110000</column>
            <column name="date">1406810556</column>
            <column name="name">ygohngyg</column>
            <column name="text">http://t.co/OvxRxwisGr Где взять кредит в россельхозбанке</column>
            <column name="sberbank">NULL</column>
            <column name="vtb">NULL</column>
            <column name="gazprom">NULL</column>
            <column name="alfabank">NULL</column>
            <column name="bankmoskvy">NULL</column>
            <column name="raiffeisen">NULL</column>
            <column name="uralsib">NULL</column>
            <column name="rshb">0</column>
        </table>
        <table name="bank">
            <column name="id">1900</column>
            <column name="twitid">494826213324910000</column>
            <column name="date">1406810737</column>
            <column name="name">yraqosho</column>
            <column name="text">http://t.co/hYEpobkAaT Как взять кредит в россельхозбанке на развитие лпх</column>
            <column name="sberbank">NULL</column>
            <column name="vtb">NULL</column>
            <column name="gazprom">NULL</column>
            <column name="alfabank">NULL</column>
            <column name="bankmoskvy">NULL</column>
            <column name="raiffeisen">NULL</column>
            <column name="uralsib">NULL</column>
            <column name="rshb">0</column>
        </table>
    </database>
</pma_xml_export>