<?xml version="1.0" encoding="utf-8"?>
<!--
- phpMyAdmin XML Dump
- version 4.0.4.1
- http://www.phpmyadmin.net
-
- Хост: localhost
- Время создания: Окт 28 2014 г., 09:04
- Версия сервера: 5.6.12
- Версия PHP: 5.5.3
-->

<pma_xml_export version="1.0" xmlns:pma="http://www.phpmyadmin.net/some_doc_url/">
    <!--
    - Structure schemas
    -->
    <pma:structure_schemas>
        <pma:database name="Romip" collation="utf8_general_ci" charset="utf8">
            <pma:table name="bank">
                CREATE TABLE `bank` (
                  `id` int(11) NOT NULL AUTO_INCREMENT,
                  `twitid` bigint(32) NOT NULL DEFAULT '0',
                  `date` varchar(128) DEFAULT NULL,
                  `name` varchar(128) DEFAULT NULL,
                  `text` varchar(256) DEFAULT NULL,
                  `sberbank` int(11) DEFAULT NULL,
                  `vtb` int(11) DEFAULT NULL,
                  `gazprom` int(11) DEFAULT NULL,
                  `alfabank` int(11) DEFAULT NULL,
                  `bankmoskvy` int(11) DEFAULT NULL,
                  `raiffeisen` int(11) DEFAULT NULL,
                  `uralsib` int(11) DEFAULT NULL,
                  `rshb` int(11) DEFAULT NULL,
                  PRIMARY KEY (`id`),
                  UNIQUE KEY `id` (`twitid`)
                ) ENGINE=InnoDB AUTO_INCREMENT=7924 DEFAULT CHARSET=utf8;
            </pma:table>
        </pma:database>
    </pma:structure_schemas>

    <!--
    - База данных: 'Romip'
    -->
    <database name="Romip">
        <!-- Таблица bank -->
        <table name="bank">
            <column name="id">2901</column>
            <column name="twitid">496392261404740000</column>
            <column name="date">1407184112</column>
            <column name="name">ximehedet</column>
            <column name="text">Нижний новгород альфа банк кредит http://t.co/gN5O26uJU7</column>
            <column name="sberbank">NULL</column>
            <column name="vtb">NULL</column>
            <column name="gazprom">NULL</column>
            <column name="alfabank">0</column>
            <column name="bankmoskvy">NULL</column>
            <column name="raiffeisen">NULL</column>
            <column name="uralsib">NULL</column>
            <column name="rshb">NULL</column>
        </table>
        <table name="bank">
            <column name="id">2902</column>
            <column name="twitid">496397463952290000</column>
            <column name="date">1407185352</column>
            <column name="name">vijaafexr</column>
            <column name="text">http://t.co/oK4TexjknA Как получить кредит в россельхозбанке фермеру</column>
            <column name="sberbank">NULL</column>
            <column name="vtb">NULL</column>
            <column name="gazprom">NULL</column>
            <column name="alfabank">NULL</column>
            <column name="bankmoskvy">NULL</column>
            <column name="raiffeisen">NULL</column>
            <column name="uralsib">NULL</column>
            <column name="rshb">0</column>
        </table>
        <table name="bank">
            <column name="id">2903</column>
            <column name="twitid">496397886561990000</column>
            <column name="date">1407185453</column>
            <column name="name">ksiee1nit</column>
            <column name="text">Томск кредит банк москвы http://t.co/n2dNUxh7MD</column>
            <column name="sberbank">NULL</column>
            <column name="vtb">NULL</column>
            <column name="gazprom">NULL</column>
            <column name="alfabank">NULL</column>
            <column name="bankmoskvy">0</column>
            <column name="raiffeisen">NULL</column>
            <column name="uralsib">NULL</column>
            <column name="rshb">NULL</column>
        </table>
        <table name="bank">
            <column name="id">2904</column>
            <column name="twitid">496404293654950000</column>
            <column name="date">1407186981</column>
            <column name="name">qeduwovoraj</column>
            <column name="text">Кредиты кредитные карты сбербанк http://t.co/LxBh17g3uw</column>
            <column name="sberbank">0</column>
            <column name="vtb">NULL</column>
            <column name="gazprom">NULL</column>
            <column name="alfabank">NULL</column>
            <column name="bankmoskvy">NULL</column>
            <column name="raiffeisen">NULL</column>
            <column name="uralsib">NULL</column>
            <column name="rshb">NULL</column>
        </table>
        <table name="bank">
            <column name="id">2905</column>
            <column name="twitid">496404472911130000</column>
            <column name="date">1407187023</column>
            <column name="name">djakonov</column>
            <column name="text">@Deva_Ann @sberbank та же фигня была, сходил в офис оформл вручную, в результате сделали две</column>
            <column name="sberbank">-1</column>
            <column name="vtb">NULL</column>
            <column name="gazprom">NULL</column>
            <column name="alfabank">NULL</column>
            <column name="bankmoskvy">NULL</column>
            <column name="raiffeisen">NULL</column>
            <column name="uralsib">NULL</column>
            <column name="rshb">NULL</column>
        </table>
        <table name="bank">
            <column name="id">2906</column>
            <column name="twitid">496409370683780000</column>
            <column name="date">1407188191</column>
            <column name="name">KsyuMordovskaya</column>
            <column name="text">Кредит в долларах в альфа банке http://t.co/Yk9OBQ8r41</column>
            <column name="sberbank">NULL</column>
            <column name="vtb">NULL</column>
            <column name="gazprom">NULL</column>
            <column name="alfabank">0</column>
            <column name="bankmoskvy">NULL</column>
            <column name="raiffeisen">NULL</column>
            <column name="uralsib">NULL</column>
            <column name="rshb">NULL</column>
        </table>
        <table name="bank">
            <column name="id">2907</column>
            <column name="twitid">496409484903070000</column>
            <column name="date">1407188218</column>
            <column name="name">mekyvyzu</column>
            <column name="text">Потребительский кредит сбербанк россии http://t.co/vRJTfZ1xov</column>
            <column name="sberbank">0</column>
            <column name="vtb">NULL</column>
            <column name="gazprom">NULL</column>
            <column name="alfabank">NULL</column>
            <column name="bankmoskvy">NULL</column>
            <column name="raiffeisen">NULL</column>
            <column name="uralsib">NULL</column>
            <column name="rshb">NULL</column>
        </table>
        <table name="bank">
            <column name="id">2908</column>
            <column name="twitid">496409945735450000</column>
            <column name="date">1407188328</column>
            <column name="name">kazuhija</column>
            <column name="text">Кредит в альфабанк на авто http://t.co/TFg3EXM4uy</column>
            <column name="sberbank">NULL</column>
            <column name="vtb">NULL</column>
            <column name="gazprom">NULL</column>
            <column name="alfabank">0</column>
            <column name="bankmoskvy">NULL</column>
            <column name="raiffeisen">NULL</column>
            <column name="uralsib">NULL</column>
            <column name="rshb">NULL</column>
        </table>
        <table name="bank">
            <column name="id">2909</column>
            <column name="twitid">496414685512870000</column>
            <column name="date">1407189458</column>
            <column name="name">lashkarevpavel</column>
            <column name="text">@SOshepkov18 Через сбер не получилось, три копейки яндексом ... удачи!</column>
            <column name="sberbank">-1</column>
            <column name="vtb">NULL</column>
            <column name="gazprom">NULL</column>
            <column name="alfabank">NULL</column>
            <column name="bankmoskvy">NULL</column>
            <column name="raiffeisen">NULL</column>
            <column name="uralsib">NULL</column>
            <column name="rshb">NULL</column>
        </table>
        <table name="bank">
            <column name="id">2910</column>
            <column name="twitid">496416329747140000</column>
            <column name="date">1407189850</column>
            <column name="name">logittor</column>
            <column name="text">Онлайн анкета на кредит банк москвы http://t.co/jPtYsaikxN</column>
            <column name="sberbank">NULL</column>
            <column name="vtb">NULL</column>
            <column name="gazprom">NULL</column>
            <column name="alfabank">NULL</column>
            <column name="bankmoskvy">0</column>
            <column name="raiffeisen">NULL</column>
            <column name="uralsib">NULL</column>
            <column name="rshb">NULL</column>
        </table>
        <table name="bank">
            <column name="id">2911</column>
            <column name="twitid">496417976103350000</column>
            <column name="date">1407190243</column>
            <column name="name">quwotobir</column>
            <column name="text">Автокредит в волго вятском сбербанк http://t.co/gHWb0P7lqP</column>
            <column name="sberbank">0</column>
            <column name="vtb">NULL</column>
            <column name="gazprom">NULL</column>
            <column name="alfabank">NULL</column>
            <column name="bankmoskvy">NULL</column>
            <column name="raiffeisen">NULL</column>
            <column name="uralsib">NULL</column>
            <column name="rshb">NULL</column>
        </table>
        <table name="bank">
            <column name="id">2912</column>
            <column name="twitid">496419347418870000</column>
            <column name="date">1407190570</column>
            <column name="name">jiwatoritop</column>
            <column name="text">Потребительские кредиты в сбербанк р ф http://t.co/loXD2M9ffR</column>
            <column name="sberbank">0</column>
            <column name="vtb">NULL</column>
            <column name="gazprom">NULL</column>
            <column name="alfabank">NULL</column>
            <column name="bankmoskvy">NULL</column>
            <column name="raiffeisen">NULL</column>
            <column name="uralsib">NULL</column>
            <column name="rshb">NULL</column>
        </table>
        <table name="bank">
            <column name="id">2913</column>
            <column name="twitid">496421401323400000</column>
            <column name="date">1407191059</column>
            <column name="name">tebalyzepegu</column>
            <column name="text">RT @qupuwynojar: Сбербанк и ВТБ пообещали выполнить обязательства перед клиентами</column>
            <column name="sberbank">1</column>
            <column name="vtb">1</column>
            <column name="gazprom">NULL</column>
            <column name="alfabank">NULL</column>
            <column name="bankmoskvy">NULL</column>
            <column name="raiffeisen">NULL</column>
            <column name="uralsib">NULL</column>
            <column name="rshb">NULL</column>
        </table>
        <table name="bank">
            <column name="id">2914</column>
            <column name="twitid">496422965983330000</column>
            <column name="date">1407191432</column>
            <column name="name">nyjamyjuv</column>
            <column name="text">Под сколько процентов дает кредит сбербанк http://t.co/rLC3WKE9n6</column>
            <column name="sberbank">0</column>
            <column name="vtb">NULL</column>
            <column name="gazprom">NULL</column>
            <column name="alfabank">NULL</column>
            <column name="bankmoskvy">NULL</column>
            <column name="raiffeisen">NULL</column>
            <column name="uralsib">NULL</column>
            <column name="rshb">NULL</column>
        </table>
        <table name="bank">
            <column name="id">2915</column>
            <column name="twitid">496426502666610000</column>
            <column name="date">1407192276</column>
            <column name="name">AKozin59</column>
            <column name="text">#ДавайЗачитаемДругДруга Сбербанк работает стабильно</column>
            <column name="sberbank">1</column>
            <column name="vtb">NULL</column>
            <column name="gazprom">NULL</column>
            <column name="alfabank">NULL</column>
            <column name="bankmoskvy">NULL</column>
            <column name="raiffeisen">NULL</column>
            <column name="uralsib">NULL</column>
            <column name="rshb">NULL</column>
        </table>
        <table name="bank">
            <column name="id">2916</column>
            <column name="twitid">496427901668300000</column>
            <column name="date">1407192609</column>
            <column name="name">ladyelfmaster20</column>
            <column name="text">Кредит для малого бизнеса альфа банк http://t.co/cBKIIgpKh3</column>
            <column name="sberbank">NULL</column>
            <column name="vtb">NULL</column>
            <column name="gazprom">NULL</column>
            <column name="alfabank">0</column>
            <column name="bankmoskvy">NULL</column>
            <column name="raiffeisen">NULL</column>
            <column name="uralsib">NULL</column>
            <column name="rshb">NULL</column>
        </table>
        <table name="bank">
            <column name="id">2917</column>
            <column name="twitid">496428428544200000</column>
            <column name="date">1407192735</column>
            <column name="name">bolecozab</column>
            <column name="text">Кредиты в альфа банке в мурманске http://t.co/Jj4LIi93or</column>
            <column name="sberbank">NULL</column>
            <column name="vtb">NULL</column>
            <column name="gazprom">NULL</column>
            <column name="alfabank">0</column>
            <column name="bankmoskvy">NULL</column>
            <column name="raiffeisen">NULL</column>
            <column name="uralsib">NULL</column>
            <column name="rshb">NULL</column>
        </table>
        <table name="bank">
            <column name="id">2918</column>
            <column name="twitid">496428732354020000</column>
            <column name="date">1407192807</column>
            <column name="name">BrebanYard</column>
            <column name="text">http://t.co/hAz6Lw5ahA Взять кредит в банк москвы город кемерово</column>
            <column name="sberbank">NULL</column>
            <column name="vtb">NULL</column>
            <column name="gazprom">NULL</column>
            <column name="alfabank">NULL</column>
            <column name="bankmoskvy">0</column>
            <column name="raiffeisen">NULL</column>
            <column name="uralsib">NULL</column>
            <column name="rshb">NULL</column>
        </table>
        <table name="bank">
            <column name="id">2919</column>
            <column name="twitid">496430059981640000</column>
            <column name="date">1407193124</column>
            <column name="name">fiwiqoqe</column>
            <column name="text">Кредиты в райффайзен банк http://t.co/EdY1af8TPX</column>
            <column name="sberbank">NULL</column>
            <column name="vtb">NULL</column>
            <column name="gazprom">NULL</column>
            <column name="alfabank">NULL</column>
            <column name="bankmoskvy">NULL</column>
            <column name="raiffeisen">0</column>
            <column name="uralsib">NULL</column>
            <column name="rshb">NULL</column>
        </table>
        <table name="bank">
            <column name="id">2920</column>
            <column name="twitid">496436092770710000</column>
            <column name="date">1407194562</column>
            <column name="name">nurypyja</column>
            <column name="text">Кредитный отдел втб 24 в санкт петербурге http://t.co/Wxg48gimXI</column>
            <column name="sberbank">NULL</column>
            <column name="vtb">0</column>
            <column name="gazprom">NULL</column>
            <column name="alfabank">NULL</column>
            <column name="bankmoskvy">NULL</column>
            <column name="raiffeisen">NULL</column>
            <column name="uralsib">NULL</column>
            <column name="rshb">NULL</column>
        </table>
        <table name="bank">
            <column name="id">2921</column>
            <column name="twitid">496438074146950000</column>
            <column name="date">1407195034</column>
            <column name="name">ilegat1</column>
            <column name="text">RT @tombreadley: Сбербанк начал выпускать карты &quot;УЭК ПРО100&quot;, на основе которых потом замутят нац.платежную систему. Логотип заебись. http:…</column>
            <column name="sberbank">0</column>
            <column name="vtb">NULL</column>
            <column name="gazprom">NULL</column>
            <column name="alfabank">NULL</column>
            <column name="bankmoskvy">NULL</column>
            <column name="raiffeisen">NULL</column>
            <column name="uralsib">NULL</column>
            <column name="rshb">NULL</column>
        </table>
        <table name="bank">
            <column name="id">2922</column>
            <column name="twitid">496439364038050000</column>
            <column name="date">1407195342</column>
            <column name="name">creatcogpefe</column>
            <column name="text">RT @prooneru: Россельхозбанк решили не делить на комбанк и институт развития</column>
            <column name="sberbank">NULL</column>
            <column name="vtb">NULL</column>
            <column name="gazprom">NULL</column>
            <column name="alfabank">NULL</column>
            <column name="bankmoskvy">NULL</column>
            <column name="raiffeisen">NULL</column>
            <column name="uralsib">NULL</column>
            <column name="rshb">0</column>
        </table>
        <table name="bank">
            <column name="id">2923</column>
            <column name="twitid">496440572341930000</column>
            <column name="date">1407195630</column>
            <column name="name">ossomala76</column>
            <column name="text">Ставки кредита сельскому хозяйству в россельхозбанке http://t.co/R6eRIIIJtY</column>
            <column name="sberbank">NULL</column>
            <column name="vtb">NULL</column>
            <column name="gazprom">NULL</column>
            <column name="alfabank">NULL</column>
            <column name="bankmoskvy">NULL</column>
            <column name="raiffeisen">NULL</column>
            <column name="uralsib">NULL</column>
            <column name="rshb">0</column>
        </table>
        <table name="bank">
            <column name="id">2924</column>
            <column name="twitid">496443990552890000</column>
            <column name="date">1407196445</column>
            <column name="name">kyawwthu</column>
            <column name="text">RT @vasyapupkin1982: Втб 24 справка о доходах банка http://t.co/LyEfmHOOVY</column>
            <column name="sberbank">NULL</column>
            <column name="vtb">0</column>
            <column name="gazprom">NULL</column>
            <column name="alfabank">NULL</column>
            <column name="bankmoskvy">NULL</column>
            <column name="raiffeisen">NULL</column>
            <column name="uralsib">NULL</column>
            <column name="rshb">NULL</column>
        </table>
        <table name="bank">
            <column name="id">2925</column>
            <column name="twitid">496443993837020000</column>
            <column name="date">1407196446</column>
            <column name="name">rasixunehys</column>
            <column name="text">Санкт петербург сбербанк кредиты http://t.co/7GDswsaTvD</column>
            <column name="sberbank">0</column>
            <column name="vtb">NULL</column>
            <column name="gazprom">NULL</column>
            <column name="alfabank">NULL</column>
            <column name="bankmoskvy">NULL</column>
            <column name="raiffeisen">NULL</column>
            <column name="uralsib">NULL</column>
            <column name="rshb">NULL</column>
        </table>
        <table name="bank">
            <column name="id">2926</column>
            <column name="twitid">496445447402050000</column>
            <column name="date">1407196792</column>
            <column name="name">BrebanYard</column>
            <column name="text">http://t.co/tzzUBKSV8Z Оформить кредитную карту райффайзенбанк</column>
            <column name="sberbank">NULL</column>
            <column name="vtb">NULL</column>
            <column name="gazprom">NULL</column>
            <column name="alfabank">NULL</column>
            <column name="bankmoskvy">NULL</column>
            <column name="raiffeisen">0</column>
            <column name="uralsib">NULL</column>
            <column name="rshb">NULL</column>
        </table>
        <table name="bank">
            <column name="id">2927</column>
            <column name="twitid">496446353459770000</column>
            <column name="date">1407197008</column>
            <column name="name">gut801</column>
            <column name="text">http://t.co/qcnxI7t3Bh minecraft ПОРТАЛ В РАЙФАЙЗЕНБАНК</column>
            <column name="sberbank">NULL</column>
            <column name="vtb">NULL</column>
            <column name="gazprom">NULL</column>
            <column name="alfabank">NULL</column>
            <column name="bankmoskvy">NULL</column>
            <column name="raiffeisen">--</column>
            <column name="uralsib">NULL</column>
            <column name="rshb">NULL</column>
        </table>
        <table name="bank">
            <column name="id">2928</column>
            <column name="twitid">496450165696650000</column>
            <column name="date">1407197917</column>
            <column name="name">pecyvurun</column>
            <column name="text">Банк москвы 21век кредитный отдел http://t.co/2EKVTI4omb</column>
            <column name="sberbank">NULL</column>
            <column name="vtb">NULL</column>
            <column name="gazprom">NULL</column>
            <column name="alfabank">NULL</column>
            <column name="bankmoskvy">0</column>
            <column name="raiffeisen">NULL</column>
            <column name="uralsib">NULL</column>
            <column name="rshb">NULL</column>
        </table>
        <table name="bank">
            <column name="id">2929</column>
            <column name="twitid">496451642603370000</column>
            <column name="date">1407198269</column>
            <column name="name">Svetlana211196</column>
            <column name="text">Кредит без первоначального взноса сбербанк http://t.co/2OFBuRoKDc</column>
            <column name="sberbank">0</column>
            <column name="vtb">NULL</column>
            <column name="gazprom">NULL</column>
            <column name="alfabank">NULL</column>
            <column name="bankmoskvy">NULL</column>
            <column name="raiffeisen">NULL</column>
            <column name="uralsib">NULL</column>
            <column name="rshb">NULL</column>
        </table>
        <table name="bank">
            <column name="id">2930</column>
            <column name="twitid">496460533491830000</column>
            <column name="date">1407200389</column>
            <column name="name">wdenPoppel</column>
            <column name="text">http://t.co/FExJpi9W6v Взять кредит сбербанк через интернет</column>
            <column name="sberbank">0</column>
            <column name="vtb">NULL</column>
            <column name="gazprom">NULL</column>
            <column name="alfabank">NULL</column>
            <column name="bankmoskvy">NULL</column>
            <column name="raiffeisen">NULL</column>
            <column name="uralsib">NULL</column>
            <column name="rshb">NULL</column>
        </table>
        <table name="bank">
            <column name="id">2931</column>
            <column name="twitid">496460776644030000</column>
            <column name="date">1407200447</column>
            <column name="name">kywonunakuh</column>
            <column name="text">Кредит альфа банк документы http://t.co/yJJL4wdLOk</column>
            <column name="sberbank">NULL</column>
            <column name="vtb">NULL</column>
            <column name="gazprom">NULL</column>
            <column name="alfabank">0</column>
            <column name="bankmoskvy">NULL</column>
            <column name="raiffeisen">NULL</column>
            <column name="uralsib">NULL</column>
            <column name="rshb">NULL</column>
        </table>
        <table name="bank">
            <column name="id">2932</column>
            <column name="twitid">496461793037120000</column>
            <column name="date">1407200689</column>
            <column name="name">difoxuve</column>
            <column name="text">Условия потребительского кредита в ростове на дону сбербанк http://t.co/Oz5xN8MOhX</column>
            <column name="sberbank">0</column>
            <column name="vtb">NULL</column>
            <column name="gazprom">NULL</column>
            <column name="alfabank">NULL</column>
            <column name="bankmoskvy">NULL</column>
            <column name="raiffeisen">NULL</column>
            <column name="uralsib">NULL</column>
            <column name="rshb">NULL</column>
        </table>
        <table name="bank">
            <column name="id">2933</column>
            <column name="twitid">496463372037410000</column>
            <column name="date">1407201066</column>
            <column name="name">veredomiryn</column>
            <column name="text">RT @bupobozazalo: Новости России: Сбербанк начал выпуск карт на базе платежной системы&amp;amp;#8230;</column>
            <column name="sberbank">0</column>
            <column name="vtb">NULL</column>
            <column name="gazprom">NULL</column>
            <column name="alfabank">NULL</column>
            <column name="bankmoskvy">NULL</column>
            <column name="raiffeisen">NULL</column>
            <column name="uralsib">NULL</column>
            <column name="rshb">NULL</column>
        </table>
        <table name="bank">
            <column name="id">2934</column>
            <column name="twitid">496465457378250000</column>
            <column name="date">1407201563</column>
            <column name="name">agipaoyuvg</column>
            <column name="text">http://t.co/OsnTChVLfq Как оформить кредит в сбер банк россиии</column>
            <column name="sberbank">0</column>
            <column name="vtb">NULL</column>
            <column name="gazprom">NULL</column>
            <column name="alfabank">NULL</column>
            <column name="bankmoskvy">NULL</column>
            <column name="raiffeisen">NULL</column>
            <column name="uralsib">NULL</column>
            <column name="rshb">NULL</column>
        </table>
        <table name="bank">
            <column name="id">2935</column>
            <column name="twitid">496466141322440000</column>
            <column name="date">1407201726</column>
            <column name="name">ollesnyhpx</column>
            <column name="text">Кредиты на жилье россельхозбанк рмэ http://t.co/yR3IKfYFQ0</column>
            <column name="sberbank">NULL</column>
            <column name="vtb">NULL</column>
            <column name="gazprom">NULL</column>
            <column name="alfabank">NULL</column>
            <column name="bankmoskvy">NULL</column>
            <column name="raiffeisen">NULL</column>
            <column name="uralsib">NULL</column>
            <column name="rshb">0</column>
        </table>
        <table name="bank">
            <column name="id">2936</column>
            <column name="twitid">496466293827330000</column>
            <column name="date">1407201763</column>
            <column name="name">ikugyrl50</column>
            <column name="text">Россельхозбанк кредиты на строительство http://t.co/DM0V1liIXn</column>
            <column name="sberbank">NULL</column>
            <column name="vtb">NULL</column>
            <column name="gazprom">NULL</column>
            <column name="alfabank">NULL</column>
            <column name="bankmoskvy">NULL</column>
            <column name="raiffeisen">NULL</column>
            <column name="uralsib">NULL</column>
            <column name="rshb">0</column>
        </table>
        <table name="bank">
            <column name="id">2937</column>
            <column name="twitid">496469375147590000</column>
            <column name="date">1407202497</column>
            <column name="name">eenbkorts</column>
            <column name="text">Авто кредит банка втб 24 http://t.co/xD6SaCVM6U</column>
            <column name="sberbank">NULL</column>
            <column name="vtb">0</column>
            <column name="gazprom">NULL</column>
            <column name="alfabank">NULL</column>
            <column name="bankmoskvy">NULL</column>
            <column name="raiffeisen">NULL</column>
            <column name="uralsib">NULL</column>
            <column name="rshb">NULL</column>
        </table>
        <table name="bank">
            <column name="id">2938</column>
            <column name="twitid">496470763411880000</column>
            <column name="date">1407202828</column>
            <column name="name">emelykunboothe</column>
            <column name="text">Автокредитный калькулятор альфа банка http://t.co/HTjFAtXSJZ</column>
            <column name="sberbank">NULL</column>
            <column name="vtb">NULL</column>
            <column name="gazprom">NULL</column>
            <column name="alfabank">0</column>
            <column name="bankmoskvy">NULL</column>
            <column name="raiffeisen">NULL</column>
            <column name="uralsib">NULL</column>
            <column name="rshb">NULL</column>
        </table>
        <table name="bank">
            <column name="id">2939</column>
            <column name="twitid">496472719299710000</column>
            <column name="date">1407203294</column>
            <column name="name">paksizka9710z</column>
            <column name="text">Когда сбербанк начнет давать кредиты http://t.co/7nSbCtxTOt</column>
            <column name="sberbank">0</column>
            <column name="vtb">NULL</column>
            <column name="gazprom">NULL</column>
            <column name="alfabank">NULL</column>
            <column name="bankmoskvy">NULL</column>
            <column name="raiffeisen">NULL</column>
            <column name="uralsib">NULL</column>
            <column name="rshb">NULL</column>
        </table>
        <table name="bank">
            <column name="id">2940</column>
            <column name="twitid">496472825273000000</column>
            <column name="date">1407203320</column>
            <column name="name">harriettwxnshav</column>
            <column name="text">Гашение кредита альфа банк в спб http://t.co/uO0z1YjKhs</column>
            <column name="sberbank">NULL</column>
            <column name="vtb">NULL</column>
            <column name="gazprom">NULL</column>
            <column name="alfabank">0</column>
            <column name="bankmoskvy">NULL</column>
            <column name="raiffeisen">NULL</column>
            <column name="uralsib">NULL</column>
            <column name="rshb">NULL</column>
        </table>
        <table name="bank">
            <column name="id">2941</column>
            <column name="twitid">496474366402900000</column>
            <column name="date">1407203687</column>
            <column name="name">riscre</column>
            <column name="text">Кредит корпоративным клиентам в втб 24 http://t.co/A9dWMeo4XI</column>
            <column name="sberbank">NULL</column>
            <column name="vtb">0</column>
            <column name="gazprom">NULL</column>
            <column name="alfabank">NULL</column>
            <column name="bankmoskvy">NULL</column>
            <column name="raiffeisen">NULL</column>
            <column name="uralsib">NULL</column>
            <column name="rshb">NULL</column>
        </table>
        <table name="bank">
            <column name="id">2942</column>
            <column name="twitid">496478696296180000</column>
            <column name="date">1407204720</column>
            <column name="name">xicavyneniby</column>
            <column name="text">RT @wamibitymuw: Сбербанк попадет под третий раунд санкций ЕС</column>
            <column name="sberbank">-1</column>
            <column name="vtb">NULL</column>
            <column name="gazprom">NULL</column>
            <column name="alfabank">NULL</column>
            <column name="bankmoskvy">NULL</column>
            <column name="raiffeisen">NULL</column>
            <column name="uralsib">NULL</column>
            <column name="rshb">NULL</column>
        </table>
        <table name="bank">
            <column name="id">2943</column>
            <column name="twitid">496479275810550000</column>
            <column name="date">1407204858</column>
            <column name="name">lizaxncbheins</column>
            <column name="text">Кредит неотложные нужды сбербанк http://t.co/peTMTqU8NU</column>
            <column name="sberbank">0</column>
            <column name="vtb">NULL</column>
            <column name="gazprom">NULL</column>
            <column name="alfabank">NULL</column>
            <column name="bankmoskvy">NULL</column>
            <column name="raiffeisen">NULL</column>
            <column name="uralsib">NULL</column>
            <column name="rshb">NULL</column>
        </table>
        <table name="bank">
            <column name="id">2944</column>
            <column name="twitid">496479427279480000</column>
            <column name="date">1407204894</column>
            <column name="name">aracelymxdhurst</column>
            <column name="text">Кредитные карта сбербанк спб http://t.co/BX0hVKJXNg</column>
            <column name="sberbank">0</column>
            <column name="vtb">NULL</column>
            <column name="gazprom">NULL</column>
            <column name="alfabank">NULL</column>
            <column name="bankmoskvy">NULL</column>
            <column name="raiffeisen">NULL</column>
            <column name="uralsib">NULL</column>
            <column name="rshb">NULL</column>
        </table>
        <table name="bank">
            <column name="id">2945</column>
            <column name="twitid">496484358753390000</column>
            <column name="date">1407206070</column>
            <column name="name">noqawizityh</column>
            <column name="text">Автомобили lada в кредит уралсиб банк http://t.co/H6j72uRUgl</column>
            <column name="sberbank">NULL</column>
            <column name="vtb">NULL</column>
            <column name="gazprom">NULL</column>
            <column name="alfabank">NULL</column>
            <column name="bankmoskvy">NULL</column>
            <column name="raiffeisen">NULL</column>
            <column name="uralsib">0</column>
            <column name="rshb">NULL</column>
        </table>
        <table name="bank">
            <column name="id">2946</column>
            <column name="twitid">496485822032790000</column>
            <column name="date">1407206418</column>
            <column name="name">dcee8wch</column>
            <column name="text">Кредит наличными сбер банк http://t.co/cs3JXGM0Eo</column>
            <column name="sberbank">0</column>
            <column name="vtb">NULL</column>
            <column name="gazprom">NULL</column>
            <column name="alfabank">NULL</column>
            <column name="bankmoskvy">NULL</column>
            <column name="raiffeisen">NULL</column>
            <column name="uralsib">NULL</column>
            <column name="rshb">NULL</column>
        </table>
        <table name="bank">
            <column name="id">2947</column>
            <column name="twitid">496487538744250000</column>
            <column name="date">1407206828</column>
            <column name="name">lexacom</column>
            <column name="text">Банк втб 24 горячая линия телефон http://t.co/w9tWespNty</column>
            <column name="sberbank">NULL</column>
            <column name="vtb">0</column>
            <column name="gazprom">NULL</column>
            <column name="alfabank">NULL</column>
            <column name="bankmoskvy">NULL</column>
            <column name="raiffeisen">NULL</column>
            <column name="uralsib">NULL</column>
            <column name="rshb">NULL</column>
        </table>
        <table name="bank">
            <column name="id">2948</column>
            <column name="twitid">496487946049310000</column>
            <column name="date">1407206925</column>
            <column name="name">ianlipo</column>
            <column name="text">Банк москвы потребительское кредитование http://t.co/jL6dlgvFrD</column>
            <column name="sberbank">NULL</column>
            <column name="vtb">NULL</column>
            <column name="gazprom">NULL</column>
            <column name="alfabank">NULL</column>
            <column name="bankmoskvy">0</column>
            <column name="raiffeisen">NULL</column>
            <column name="uralsib">NULL</column>
            <column name="rshb">NULL</column>
        </table>
        <table name="bank">
            <column name="id">2949</column>
            <column name="twitid">496494606855730000</column>
            <column name="date">1407208513</column>
            <column name="name">insane666</column>
            <column name="text">RT @Aloiza2: кредитная карта газпромбанка аэрофлот http://t.co/fkkYPrdZAY</column>
            <column name="sberbank">NULL</column>
            <column name="vtb">NULL</column>
            <column name="gazprom">0</column>
            <column name="alfabank">NULL</column>
            <column name="bankmoskvy">NULL</column>
            <column name="raiffeisen">NULL</column>
            <column name="uralsib">NULL</column>
            <column name="rshb">NULL</column>
        </table>
        <table name="bank">
            <column name="id">2950</column>
            <column name="twitid">496496467889360000</column>
            <column name="date">1407208957</column>
            <column name="name">tatumsqpfriedma</column>
            <column name="text">Кредит в банке втб 24 казань http://t.co/RascMa3Aw7</column>
            <column name="sberbank">NULL</column>
            <column name="vtb">0</column>
            <column name="gazprom">NULL</column>
            <column name="alfabank">NULL</column>
            <column name="bankmoskvy">NULL</column>
            <column name="raiffeisen">NULL</column>
            <column name="uralsib">NULL</column>
            <column name="rshb">NULL</column>
        </table>
        <table name="bank">
            <column name="id">2951</column>
            <column name="twitid">496496521450620000</column>
            <column name="date">1407208969</column>
            <column name="name">lyndiasnecasper</column>
            <column name="text">Как оформить кредит в сбер банке http://t.co/nWN3MlLWLP</column>
            <column name="sberbank">0</column>
            <column name="vtb">NULL</column>
            <column name="gazprom">NULL</column>
            <column name="alfabank">NULL</column>
            <column name="bankmoskvy">NULL</column>
            <column name="raiffeisen">NULL</column>
            <column name="uralsib">NULL</column>
            <column name="rshb">NULL</column>
        </table>
        <table name="bank">
            <column name="id">2952</column>
            <column name="twitid">496497226793780000</column>
            <column name="date">1407209138</column>
            <column name="name">ManSportsTV</column>
            <column name="text">Участниками зарплатного проекта Алтайского филиала Россельхозбанка стали более 13 тысяч человек</column>
            <column name="sberbank">NULL</column>
            <column name="vtb">NULL</column>
            <column name="gazprom">NULL</column>
            <column name="alfabank">NULL</column>
            <column name="bankmoskvy">NULL</column>
            <column name="raiffeisen">NULL</column>
            <column name="uralsib">NULL</column>
            <column name="rshb">0</column>
        </table>
        <table name="bank">
            <column name="id">2953</column>
            <column name="twitid">496497954816270000</column>
            <column name="date">1407209311</column>
            <column name="name">hilipsek</column>
            <column name="text">Оао банк москвы кредитование http://t.co/S53dtmtYkE</column>
            <column name="sberbank">NULL</column>
            <column name="vtb">NULL</column>
            <column name="gazprom">NULL</column>
            <column name="alfabank">NULL</column>
            <column name="bankmoskvy">0</column>
            <column name="raiffeisen">NULL</column>
            <column name="uralsib">NULL</column>
            <column name="rshb">NULL</column>
        </table>
        <table name="bank">
            <column name="id">2954</column>
            <column name="twitid">496499439830570000</column>
            <column name="date">1407209665</column>
            <column name="name">delsielzommccla</column>
            <column name="text">Форум альфа банк кредитные карты http://t.co/QgL9vVIOim</column>
            <column name="sberbank">NULL</column>
            <column name="vtb">NULL</column>
            <column name="gazprom">NULL</column>
            <column name="alfabank">0</column>
            <column name="bankmoskvy">NULL</column>
            <column name="raiffeisen">NULL</column>
            <column name="uralsib">NULL</column>
            <column name="rshb">NULL</column>
        </table>
        <table name="bank">
            <column name="id">2955</column>
            <column name="twitid">496501039055790000</column>
            <column name="date">1407210046</column>
            <column name="name">zugunurohe</column>
            <column name="text">Кредит наличными волгоград банк москвы http://t.co/gATzwD9u3i</column>
            <column name="sberbank">NULL</column>
            <column name="vtb">NULL</column>
            <column name="gazprom">NULL</column>
            <column name="alfabank">NULL</column>
            <column name="bankmoskvy">0</column>
            <column name="raiffeisen">NULL</column>
            <column name="uralsib">NULL</column>
            <column name="rshb">NULL</column>
        </table>
        <table name="bank">
            <column name="id">2956</column>
            <column name="twitid">496502757444950000</column>
            <column name="date">1407210456</column>
            <column name="name">mcx_ul</column>
            <column name="text">Правительство отказалось от идеи разделить Россельхозбанк на коммерческий банк и институт развития http://t.co/UqX6Yrxsi9</column>
            <column name="sberbank">NULL</column>
            <column name="vtb">NULL</column>
            <column name="gazprom">NULL</column>
            <column name="alfabank">NULL</column>
            <column name="bankmoskvy">NULL</column>
            <column name="raiffeisen">NULL</column>
            <column name="uralsib">NULL</column>
            <column name="rshb">0</column>
        </table>
        <table name="bank">
            <column name="id">2957</column>
            <column name="twitid">496504477491670000</column>
            <column name="date">1407210866</column>
            <column name="name">jowoqenym</column>
            <column name="text">Автокредитование в омске альфа банк http://t.co/zX86I5BcjO</column>
            <column name="sberbank">NULL</column>
            <column name="vtb">NULL</column>
            <column name="gazprom">NULL</column>
            <column name="alfabank">0</column>
            <column name="bankmoskvy">NULL</column>
            <column name="raiffeisen">NULL</column>
            <column name="uralsib">NULL</column>
            <column name="rshb">NULL</column>
        </table>
        <table name="bank">
            <column name="id">2958</column>
            <column name="twitid">496507480600760000</column>
            <column name="date">1407211582</column>
            <column name="name">Golub1Olga</column>
            <column name="text">Тюмень: Сбербанк приступил к выпуску банковских карт ПРО100 http://t.co/CVDKxB0sCw #новости #news</column>
            <column name="sberbank">0</column>
            <column name="vtb">NULL</column>
            <column name="gazprom">NULL</column>
            <column name="alfabank">NULL</column>
            <column name="bankmoskvy">NULL</column>
            <column name="raiffeisen">NULL</column>
            <column name="uralsib">NULL</column>
            <column name="rshb">NULL</column>
        </table>
        <table name="bank">
            <column name="id">2959</column>
            <column name="twitid">496513592997710000</column>
            <column name="date">1407213040</column>
            <column name="name">filippovskaya18</column>
            <column name="text">Образцы заявления анкеты на получение кредита сбербанк http://t.co/ABnyj8zuom</column>
            <column name="sberbank">0</column>
            <column name="vtb">NULL</column>
            <column name="gazprom">NULL</column>
            <column name="alfabank">NULL</column>
            <column name="bankmoskvy">NULL</column>
            <column name="raiffeisen">NULL</column>
            <column name="uralsib">NULL</column>
            <column name="rshb">NULL</column>
        </table>
        <table name="bank">
            <column name="id">2960</column>
            <column name="twitid">496524523161020000</column>
            <column name="date">1407215645</column>
            <column name="name">mevaqanutu</column>
            <column name="text">Взять кредит в альфабанк http://t.co/HZHDASHyhd</column>
            <column name="sberbank">NULL</column>
            <column name="vtb">NULL</column>
            <column name="gazprom">NULL</column>
            <column name="alfabank">0</column>
            <column name="bankmoskvy">NULL</column>
            <column name="raiffeisen">NULL</column>
            <column name="uralsib">NULL</column>
            <column name="rshb">NULL</column>
        </table>
        <table name="bank">
            <column name="id">2961</column>
            <column name="twitid">496526405258470000</column>
            <column name="date">1407216094</column>
            <column name="name">tokarevms</column>
            <column name="text">@sberbank Добрый день! А какова процедура увеличения кредитного лимита на золотой кредитной карте? Есть необходимость. Спасибо!</column>
            <column name="sberbank">0</column>
            <column name="vtb">NULL</column>
            <column name="gazprom">NULL</column>
            <column name="alfabank">NULL</column>
            <column name="bankmoskvy">NULL</column>
            <column name="raiffeisen">NULL</column>
            <column name="uralsib">NULL</column>
            <column name="rshb">NULL</column>
        </table>
        <table name="bank">
            <column name="id">2962</column>
            <column name="twitid">496527127077210000</column>
            <column name="date">1407216266</column>
            <column name="name">cudamoqubi</column>
            <column name="text">Кредит альфа банк украина http://t.co/bEjdt1AlIl</column>
            <column name="sberbank">NULL</column>
            <column name="vtb">NULL</column>
            <column name="gazprom">NULL</column>
            <column name="alfabank">0</column>
            <column name="bankmoskvy">NULL</column>
            <column name="raiffeisen">NULL</column>
            <column name="uralsib">NULL</column>
            <column name="rshb">NULL</column>
        </table>
        <table name="bank">
            <column name="id">2963</column>
            <column name="twitid">496528670669160000</column>
            <column name="date">1407216634</column>
            <column name="name">woodpecker_67</column>
            <column name="text">RT @Misha98Misha: банк москвы кредитная карта проценты http://t.co/uHU3olhLUZ</column>
            <column name="sberbank">NULL</column>
            <column name="vtb">NULL</column>
            <column name="gazprom">NULL</column>
            <column name="alfabank">NULL</column>
            <column name="bankmoskvy">0</column>
            <column name="raiffeisen">NULL</column>
            <column name="uralsib">NULL</column>
            <column name="rshb">NULL</column>
        </table>
        <table name="bank">
            <column name="id">2964</column>
            <column name="twitid">496531256457570000</column>
            <column name="date">1407217251</column>
            <column name="name">ogishky</column>
            <column name="text">Кредит неотложные нужды сбербанк россии http://t.co/AcN3XItGgG</column>
            <column name="sberbank">0</column>
            <column name="vtb">NULL</column>
            <column name="gazprom">NULL</column>
            <column name="alfabank">NULL</column>
            <column name="bankmoskvy">NULL</column>
            <column name="raiffeisen">NULL</column>
            <column name="uralsib">NULL</column>
            <column name="rshb">NULL</column>
        </table>
        <table name="bank">
            <column name="id">2965</column>
            <column name="twitid">496532126431720000</column>
            <column name="date">1407217458</column>
            <column name="name">vawosaqeg</column>
            <column name="text">Минимальная сумма кредита в альфа банке http://t.co/o5bZ2AFPg5</column>
            <column name="sberbank">NULL</column>
            <column name="vtb">NULL</column>
            <column name="gazprom">NULL</column>
            <column name="alfabank">0</column>
            <column name="bankmoskvy">NULL</column>
            <column name="raiffeisen">NULL</column>
            <column name="uralsib">NULL</column>
            <column name="rshb">NULL</column>
        </table>
        <table name="bank">
            <column name="id">2966</column>
            <column name="twitid">496533202056810000</column>
            <column name="date">1407217715</column>
            <column name="name">luisatkfbretz</column>
            <column name="text">Узнать состояние кредита по альфа банку http://t.co/92rtTRBQuf</column>
            <column name="sberbank">NULL</column>
            <column name="vtb">NULL</column>
            <column name="gazprom">NULL</column>
            <column name="alfabank">0</column>
            <column name="bankmoskvy">NULL</column>
            <column name="raiffeisen">NULL</column>
            <column name="uralsib">NULL</column>
            <column name="rshb">NULL</column>
        </table>
        <table name="bank">
            <column name="id">2967</column>
            <column name="twitid">496535099136300000</column>
            <column name="date">1407218167</column>
            <column name="name">xoctocysty</column>
            <column name="text">Кредит для малого бизнеса сбербанк россии http://t.co/vaCHhYeyOy</column>
            <column name="sberbank">0</column>
            <column name="vtb">NULL</column>
            <column name="gazprom">NULL</column>
            <column name="alfabank">NULL</column>
            <column name="bankmoskvy">NULL</column>
            <column name="raiffeisen">NULL</column>
            <column name="uralsib">NULL</column>
            <column name="rshb">NULL</column>
        </table>
        <table name="bank">
            <column name="id">2968</column>
            <column name="twitid">496535201775120000</column>
            <column name="date">1407218191</column>
            <column name="name">xobiqicu</column>
            <column name="text">Узнать быланс кредитной карты сбербанк http://t.co/q7qBq0BpNs</column>
            <column name="sberbank">0</column>
            <column name="vtb">NULL</column>
            <column name="gazprom">NULL</column>
            <column name="alfabank">NULL</column>
            <column name="bankmoskvy">NULL</column>
            <column name="raiffeisen">NULL</column>
            <column name="uralsib">NULL</column>
            <column name="rshb">NULL</column>
        </table>
        <table name="bank">
            <column name="id">2969</column>
            <column name="twitid">496543864942260000</column>
            <column name="date">1407220257</column>
            <column name="name">gur_gurr</column>
            <column name="text">Всё получится!!)) (@ Сбербанк in Ступино, МО) https://t.co/fDyXb2C09R</column>
            <column name="sberbank">--</column>
            <column name="vtb">NULL</column>
            <column name="gazprom">NULL</column>
            <column name="alfabank">NULL</column>
            <column name="bankmoskvy">NULL</column>
            <column name="raiffeisen">NULL</column>
            <column name="uralsib">NULL</column>
            <column name="rshb">NULL</column>
        </table>
        <table name="bank">
            <column name="id">2970</column>
            <column name="twitid">496549040579180000</column>
            <column name="date">1407221491</column>
            <column name="name">ASarkisyan30</column>
            <column name="text">#ff_ru дык надо ж сбербанк онлайн подключить!</column>
            <column name="sberbank">0</column>
            <column name="vtb">NULL</column>
            <column name="gazprom">NULL</column>
            <column name="alfabank">NULL</column>
            <column name="bankmoskvy">NULL</column>
            <column name="raiffeisen">NULL</column>
            <column name="uralsib">NULL</column>
            <column name="rshb">NULL</column>
        </table>
        <table name="bank">
            <column name="id">2971</column>
            <column name="twitid">496551507115140000</column>
            <column name="date">1407222079</column>
            <column name="name">diatouchrecisit</column>
            <column name="text">райффайзен кредит наличными http://t.co/7PCiSch8Gj</column>
            <column name="sberbank">NULL</column>
            <column name="vtb">NULL</column>
            <column name="gazprom">NULL</column>
            <column name="alfabank">NULL</column>
            <column name="bankmoskvy">NULL</column>
            <column name="raiffeisen">0</column>
            <column name="uralsib">NULL</column>
            <column name="rshb">NULL</column>
        </table>
        <table name="bank">
            <column name="id">2972</column>
            <column name="twitid">496556932250210000</column>
            <column name="date">1407223372</column>
            <column name="name">prtimeru</column>
            <column name="text">Россельхозбанк проводит на Кубани &quot;Месяц продаж ипотечных кредитов&quot; / http://t.co/acIFXlmmvh</column>
            <column name="sberbank">NULL</column>
            <column name="vtb">NULL</column>
            <column name="gazprom">NULL</column>
            <column name="alfabank">NULL</column>
            <column name="bankmoskvy">NULL</column>
            <column name="raiffeisen">NULL</column>
            <column name="uralsib">NULL</column>
            <column name="rshb">0</column>
        </table>
        <table name="bank">
            <column name="id">2973</column>
            <column name="twitid">496557193656040000</column>
            <column name="date">1407223435</column>
            <column name="name">Cezareviwna</column>
            <column name="text">RT @crozzle: @Cezareviwna А это давно было понятно. Хотя бы, потому, как Сбербанк в Крым стремится</column>
            <column name="sberbank">0</column>
            <column name="vtb">NULL</column>
            <column name="gazprom">NULL</column>
            <column name="alfabank">NULL</column>
            <column name="bankmoskvy">NULL</column>
            <column name="raiffeisen">NULL</column>
            <column name="uralsib">NULL</column>
            <column name="rshb">NULL</column>
        </table>
        <table name="bank">
            <column name="id">2974</column>
            <column name="twitid">496558080029890000</column>
            <column name="date">1407223646</column>
            <column name="name">EfimenkoLFC</column>
            <column name="text">Денежный кредит на увеличение груди от Альфа-Банка! Ваша грудь растет вместе с процентами! #alfabank</column>
            <column name="sberbank">NULL</column>
            <column name="vtb">NULL</column>
            <column name="gazprom">NULL</column>
            <column name="alfabank">-1</column>
            <column name="bankmoskvy">NULL</column>
            <column name="raiffeisen">0</column>
            <column name="uralsib">NULL</column>
            <column name="rshb">NULL</column>
        </table>
        <table name="bank">
            <column name="id">2975</column>
            <column name="twitid">496562653415090000</column>
            <column name="date">1407224736</column>
            <column name="name">alexandrium</column>
            <column name="text">Вопреки европейским санкциям пользуюсь услугами сбербанка)) (@ Сбербанк России Дополнительный офис - @sberbank) https://t.co/5sU0tGdas8</column>
            <column name="sberbank">1</column>
            <column name="vtb">NULL</column>
            <column name="gazprom">NULL</column>
            <column name="alfabank">NULL</column>
            <column name="bankmoskvy">NULL</column>
            <column name="raiffeisen">NULL</column>
            <column name="uralsib">NULL</column>
            <column name="rshb">NULL</column>
        </table>
        <table name="bank">
            <column name="id">2976</column>
            <column name="twitid">496571090811240000</column>
            <column name="date">1407226748</column>
            <column name="name">7TweAD3TB3pFHTn</column>
            <column name="text">FTSE из-за санкций может исключить ВТБ и Сбербанк из своих индексов</column>
            <column name="sberbank">-1</column>
            <column name="vtb">-1</column>
            <column name="gazprom">NULL</column>
            <column name="alfabank">NULL</column>
            <column name="bankmoskvy">NULL</column>
            <column name="raiffeisen">NULL</column>
            <column name="uralsib">NULL</column>
            <column name="rshb">NULL</column>
        </table>
        <table name="bank">
            <column name="id">2977</column>
            <column name="twitid">496574485722820000</column>
            <column name="date">1407227557</column>
            <column name="name">ynacolesun</column>
            <column name="text">http://t.co/roPnMWgrkm Как взять кредит в втб 24 в новокузнецке</column>
            <column name="sberbank">NULL</column>
            <column name="vtb">0</column>
            <column name="gazprom">NULL</column>
            <column name="alfabank">NULL</column>
            <column name="bankmoskvy">NULL</column>
            <column name="raiffeisen">NULL</column>
            <column name="uralsib">NULL</column>
            <column name="rshb">NULL</column>
        </table>
        <table name="bank">
            <column name="id">2978</column>
            <column name="twitid">496577309449950000</column>
            <column name="date">1407228231</column>
            <column name="name">tuchkaspb</column>
            <column name="text">#Новости: Сбербанк начал выпуск банковских карт с опциями УЭК http://t.co/RT30sbolED</column>
            <column name="sberbank">1</column>
            <column name="vtb">NULL</column>
            <column name="gazprom">NULL</column>
            <column name="alfabank">NULL</column>
            <column name="bankmoskvy">NULL</column>
            <column name="raiffeisen">NULL</column>
            <column name="uralsib">NULL</column>
            <column name="rshb">NULL</column>
        </table>
        <table name="bank">
            <column name="id">2979</column>
            <column name="twitid">496577416668920000</column>
            <column name="date">1407228256</column>
            <column name="name">BrebanYard</column>
            <column name="text">http://t.co/9IXdUu1AJv Тем как взять кредит в россельхозбанке</column>
            <column name="sberbank">NULL</column>
            <column name="vtb">NULL</column>
            <column name="gazprom">NULL</column>
            <column name="alfabank">NULL</column>
            <column name="bankmoskvy">NULL</column>
            <column name="raiffeisen">NULL</column>
            <column name="uralsib">NULL</column>
            <column name="rshb">0</column>
        </table>
        <table name="bank">
            <column name="id">2980</column>
            <column name="twitid">496578991399370000</column>
            <column name="date">1407228632</column>
            <column name="name">llinsPowel</column>
            <column name="text">http://t.co/f6waWGT3VY Череповец банк втб 24 оформить кредит наличными</column>
            <column name="sberbank">NULL</column>
            <column name="vtb">0</column>
            <column name="gazprom">NULL</column>
            <column name="alfabank">NULL</column>
            <column name="bankmoskvy">NULL</column>
            <column name="raiffeisen">NULL</column>
            <column name="uralsib">NULL</column>
            <column name="rshb">NULL</column>
        </table>
        <table name="bank">
            <column name="id">2981</column>
            <column name="twitid">496580515479430000</column>
            <column name="date">1407228995</column>
            <column name="name">EMatveev50</column>
            <column name="text">Недавно стало известно, что в рамках секторальных санкций ЕС под ограничения попали 5 банков России - Сбербанк, ВТБ, Газпромбанк, ВЭБ и Рос</column>
            <column name="sberbank">-1</column>
            <column name="vtb">-1</column>
            <column name="gazprom">-1</column>
            <column name="alfabank">NULL</column>
            <column name="bankmoskvy">NULL</column>
            <column name="raiffeisen">NULL</column>
            <column name="uralsib">NULL</column>
            <column name="rshb">NULL</column>
        </table>
        <table name="bank">
            <column name="id">2982</column>
            <column name="twitid">496583945862280000</column>
            <column name="date">1407229813</column>
            <column name="name">ANovoselov28</column>
            <column name="text">Участниками зарплатного проекта Алтайского филиала Россельхозбанка стали более 13 тысяч человек. На 1 августа 2014 года число держателей пл</column>
            <column name="sberbank">NULL</column>
            <column name="vtb">NULL</column>
            <column name="gazprom">NULL</column>
            <column name="alfabank">NULL</column>
            <column name="bankmoskvy">NULL</column>
            <column name="raiffeisen">NULL</column>
            <column name="uralsib">NULL</column>
            <column name="rshb">0</column>
        </table>
        <table name="bank">
            <column name="id">2983</column>
            <column name="twitid">496596630565430000</column>
            <column name="date">1407232837</column>
            <column name="name">katya1ruchkina</column>
            <column name="text">RT @lvanHoope: Сбербанк застрахует имущество на полтриллиона рублей</column>
            <column name="sberbank">0</column>
            <column name="vtb">NULL</column>
            <column name="gazprom">NULL</column>
            <column name="alfabank">NULL</column>
            <column name="bankmoskvy">NULL</column>
            <column name="raiffeisen">NULL</column>
            <column name="uralsib">NULL</column>
            <column name="rshb">NULL</column>
        </table>
        <table name="bank">
            <column name="id">2984</column>
            <column name="twitid">496601271340920000</column>
            <column name="date">1407233944</column>
            <column name="name">pavlovauly22573</column>
            <column name="text">ВТБ и Сбербанк могут вычеркнуть из индекса Лондонской биржи #мировыеновости #twitRT</column>
            <column name="sberbank">-1</column>
            <column name="vtb">-1</column>
            <column name="gazprom">NULL</column>
            <column name="alfabank">NULL</column>
            <column name="bankmoskvy">NULL</column>
            <column name="raiffeisen">NULL</column>
            <column name="uralsib">NULL</column>
            <column name="rshb">NULL</column>
        </table>
        <table name="bank">
            <column name="id">2985</column>
            <column name="twitid">496604636909140000</column>
            <column name="date">1407234746</column>
            <column name="name">ClausewitzCarl</column>
            <column name="text">@pimenov @alfa_bank шрифты тоже заебись http://t.co/GbzzoT84d1 рега не работает в сафари у меня тоже</column>
            <column name="sberbank">NULL</column>
            <column name="vtb">NULL</column>
            <column name="gazprom">NULL</column>
            <column name="alfabank">--</column>
            <column name="bankmoskvy">NULL</column>
            <column name="raiffeisen">NULL</column>
            <column name="uralsib">NULL</column>
            <column name="rshb">NULL</column>
        </table>
        <table name="bank">
            <column name="id">2986</column>
            <column name="twitid">496612161280840000</column>
            <column name="date">1407236540</column>
            <column name="name">specnesadia1985</column>
            <column name="text">Поволжский Сбербанк организовал турнир по пляжному волейболу.Он проходил 1 и 2 августа в Самаре и стал уже третьим по счету</column>
            <column name="sberbank">0</column>
            <column name="vtb">NULL</column>
            <column name="gazprom">NULL</column>
            <column name="alfabank">NULL</column>
            <column name="bankmoskvy">NULL</column>
            <column name="raiffeisen">NULL</column>
            <column name="uralsib">NULL</column>
            <column name="rshb">NULL</column>
        </table>
        <table name="bank">
            <column name="id">2987</column>
            <column name="twitid">496619503459920000</column>
            <column name="date">1407238291</column>
            <column name="name">SASHAMOSTOVOJ</column>
            <column name="text">Про100 наш ответ VISA: Сбербанк начал выпускать по всей стране карты на основе российской платежной системы http://t.co/YNiw3KoNmn</column>
            <column name="sberbank">0</column>
            <column name="vtb">NULL</column>
            <column name="gazprom">NULL</column>
            <column name="alfabank">NULL</column>
            <column name="bankmoskvy">NULL</column>
            <column name="raiffeisen">NULL</column>
            <column name="uralsib">NULL</column>
            <column name="rshb">NULL</column>
        </table>
        <table name="bank">
            <column name="id">2988</column>
            <column name="twitid">496619503866740000</column>
            <column name="date">1407238291</column>
            <column name="name">kse_line</column>
            <column name="text">Про100 наш ответ VISA: Сбербанк начал выпускать по всей стране карты на основе российской платежной системы http://t.co/HBcsvdngSw</column>
            <column name="sberbank">0</column>
            <column name="vtb">NULL</column>
            <column name="gazprom">NULL</column>
            <column name="alfabank">NULL</column>
            <column name="bankmoskvy">NULL</column>
            <column name="raiffeisen">NULL</column>
            <column name="uralsib">NULL</column>
            <column name="rshb">NULL</column>
        </table>
        <table name="bank">
            <column name="id">2989</column>
            <column name="twitid">496620430116280000</column>
            <column name="date">1407238511</column>
            <column name="name">isserBell</column>
            <column name="text">http://t.co/O8i6vnOMaR Банк втб кредиты узнать как получить кредит</column>
            <column name="sberbank">NULL</column>
            <column name="vtb">0</column>
            <column name="gazprom">NULL</column>
            <column name="alfabank">NULL</column>
            <column name="bankmoskvy">NULL</column>
            <column name="raiffeisen">NULL</column>
            <column name="uralsib">NULL</column>
            <column name="rshb">NULL</column>
        </table>
        <table name="bank">
            <column name="id">2990</column>
            <column name="twitid">496628703783560000</column>
            <column name="date">1407240484</column>
            <column name="name">viwarawanori</column>
            <column name="text">RT @niqahygibulu: Сбербанк договор купли продажи ипотека http://t.co/RwynropKHK</column>
            <column name="sberbank">0</column>
            <column name="vtb">NULL</column>
            <column name="gazprom">NULL</column>
            <column name="alfabank">NULL</column>
            <column name="bankmoskvy">NULL</column>
            <column name="raiffeisen">NULL</column>
            <column name="uralsib">NULL</column>
            <column name="rshb">NULL</column>
        </table>
        <table name="bank">
            <column name="id">2991</column>
            <column name="twitid">496632232942270000</column>
            <column name="date">1407241325</column>
            <column name="name">kcsonvol</column>
            <column name="text">RT @sberbank: «Истинная сила человека не в порывах, а в нерушимом спокойствии» (Лев Толстой)</column>
            <column name="sberbank">--</column>
            <column name="vtb">NULL</column>
            <column name="gazprom">NULL</column>
            <column name="alfabank">NULL</column>
            <column name="bankmoskvy">NULL</column>
            <column name="raiffeisen">NULL</column>
            <column name="uralsib">NULL</column>
            <column name="rshb">NULL</column>
        </table>
        <table name="bank">
            <column name="id">2992</column>
            <column name="twitid">496633096843050000</column>
            <column name="date">1407241531</column>
            <column name="name">vladmgn</column>
            <column name="text">@alfa_bank еще и застраховаться, чтоб родственники в случаи чего не платили потреб )))</column>
            <column name="sberbank">NULL</column>
            <column name="vtb">NULL</column>
            <column name="gazprom">NULL</column>
            <column name="alfabank">0</column>
            <column name="bankmoskvy">NULL</column>
            <column name="raiffeisen">NULL</column>
            <column name="uralsib">NULL</column>
            <column name="rshb">NULL</column>
        </table>
        <table name="bank">
            <column name="id">2993</column>
            <column name="twitid">496636977274310000</column>
            <column name="date">1407242457</column>
            <column name="name">lexacom</column>
            <column name="text">Банкоматы райффайзен банка в москве http://t.co/hc6cPthzHm</column>
            <column name="sberbank">NULL</column>
            <column name="vtb">NULL</column>
            <column name="gazprom">NULL</column>
            <column name="alfabank">NULL</column>
            <column name="bankmoskvy">NULL</column>
            <column name="raiffeisen">0</column>
            <column name="uralsib">NULL</column>
            <column name="rshb">NULL</column>
        </table>
        <table name="bank">
            <column name="id">2994</column>
            <column name="twitid">496638130716280000</column>
            <column name="date">1407242732</column>
            <column name="name">sergokzmfan</column>
            <column name="text">RT @jkDina: Внутридневной взгляд - Сбербанк http://t.co/eFlGtKeHhi</column>
            <column name="sberbank">--</column>
            <column name="vtb">NULL</column>
            <column name="gazprom">NULL</column>
            <column name="alfabank">NULL</column>
            <column name="bankmoskvy">NULL</column>
            <column name="raiffeisen">NULL</column>
            <column name="uralsib">NULL</column>
            <column name="rshb">NULL</column>
        </table>
        <table name="bank">
            <column name="id">2995</column>
            <column name="twitid">496647763393010000</column>
            <column name="date">1407245028</column>
            <column name="name">KaratelUA</column>
            <column name="text">@giraffe_dn ПУМБ на университетской, экспресс-банк, сбербанк роисси</column>
            <column name="sberbank">--</column>
            <column name="vtb">NULL</column>
            <column name="gazprom">NULL</column>
            <column name="alfabank">NULL</column>
            <column name="bankmoskvy">NULL</column>
            <column name="raiffeisen">NULL</column>
            <column name="uralsib">NULL</column>
            <column name="rshb">NULL</column>
        </table>
        <table name="bank">
            <column name="id">2996</column>
            <column name="twitid">496649521171280000</column>
            <column name="date">1407245447</column>
            <column name="name">RussianConsumer</column>
            <column name="text">Сбербанк начал выпускать карты ПРО100 по всей территории России. #Сбербанк #ПРО100 #новости  http://t.co/URhquZnxoS</column>
            <column name="sberbank">0</column>
            <column name="vtb">NULL</column>
            <column name="gazprom">NULL</column>
            <column name="alfabank">NULL</column>
            <column name="bankmoskvy">NULL</column>
            <column name="raiffeisen">NULL</column>
            <column name="uralsib">NULL</column>
            <column name="rshb">NULL</column>
        </table>
        <table name="bank">
            <column name="id">2997</column>
            <column name="twitid">496653969637130000</column>
            <column name="date">1407246508</column>
            <column name="name">news_lipetsk</column>
            <column name="text">Сбербанк приступил к выпуску банковских карт ПРО100: 
            
                Сбербанк приступил к выпуск... http://t.co/ER4dhoWbAJ</column>
            <column name="sberbank">0</column>
            <column name="vtb">NULL</column>
            <column name="gazprom">NULL</column>
            <column name="alfabank">NULL</column>
            <column name="bankmoskvy">NULL</column>
            <column name="raiffeisen">NULL</column>
            <column name="uralsib">NULL</column>
            <column name="rshb">NULL</column>
        </table>
        <table name="bank">
            <column name="id">2998</column>
            <column name="twitid">496654403139420000</column>
            <column name="date">1407246611</column>
            <column name="name">fanatikidoku</column>
            <column name="text">Россельхозбанк открыл в Самаре Центр ипотечного кредитования</column>
            <column name="sberbank">NULL</column>
            <column name="vtb">NULL</column>
            <column name="gazprom">NULL</column>
            <column name="alfabank">NULL</column>
            <column name="bankmoskvy">NULL</column>
            <column name="raiffeisen">NULL</column>
            <column name="uralsib">NULL</column>
            <column name="rshb">0</column>
        </table>
        <table name="bank">
            <column name="id">2999</column>
            <column name="twitid">496654553144890000</column>
            <column name="date">1407246647</column>
            <column name="name">AAkimov32</column>
            <column name="text">Уже не первый раз слышу негатив про райфазен. Они нормальный были, а потом часть ушли в ВТБ 24 и они испортились. Ужасно конечно</column>
            <column name="sberbank">NULL</column>
            <column name="vtb">--</column>
            <column name="gazprom">NULL</column>
            <column name="alfabank">NULL</column>
            <column name="bankmoskvy">NULL</column>
            <column name="raiffeisen">-1</column>
            <column name="uralsib">NULL</column>
            <column name="rshb">NULL</column>
        </table>
        <table name="bank">
            <column name="id">3000</column>
            <column name="twitid">496655167643990000</column>
            <column name="date">1407246794</column>
            <column name="name">ANevzorova29</column>
            <column name="text">Иоффе: ВТБ 24 не ощутил последствий санкций США</column>
            <column name="sberbank">NULL</column>
            <column name="vtb">1</column>
            <column name="gazprom">NULL</column>
            <column name="alfabank">NULL</column>
            <column name="bankmoskvy">NULL</column>
            <column name="raiffeisen">NULL</column>
            <column name="uralsib">NULL</column>
            <column name="rshb">NULL</column>
        </table>
    </database>
</pma_xml_export>