<?xml version="1.0" encoding="utf-8"?>
<!--
- phpMyAdmin XML Dump
- version 4.0.4.1
- http://www.phpmyadmin.net
-
- Хост: localhost
- Время создания: Окт 28 2014 г., 09:04
- Версия сервера: 5.6.12
- Версия PHP: 5.5.3
-->

<pma_xml_export version="1.0" xmlns:pma="http://www.phpmyadmin.net/some_doc_url/">
    <!--
    - Structure schemas
    -->
    <pma:structure_schemas>
        <pma:database name="Romip" collation="utf8_general_ci" charset="utf8">
            <pma:table name="bank">
                CREATE TABLE `bank` (
                  `id` int(11) NOT NULL AUTO_INCREMENT,
                  `twitid` bigint(32) NOT NULL DEFAULT '0',
                  `date` varchar(128) DEFAULT NULL,
                  `name` varchar(128) DEFAULT NULL,
                  `text` varchar(256) DEFAULT NULL,
                  `sberbank` int(11) DEFAULT NULL,
                  `vtb` int(11) DEFAULT NULL,
                  `gazprom` int(11) DEFAULT NULL,
                  `alfabank` int(11) DEFAULT NULL,
                  `bankmoskvy` int(11) DEFAULT NULL,
                  `raiffeisen` int(11) DEFAULT NULL,
                  `uralsib` int(11) DEFAULT NULL,
                  `rshb` int(11) DEFAULT NULL,
                  PRIMARY KEY (`id`),
                  UNIQUE KEY `id` (`twitid`)
                ) ENGINE=InnoDB AUTO_INCREMENT=7924 DEFAULT CHARSET=utf8;
            </pma:table>
        </pma:database>
    </pma:structure_schemas>

    <!--
    - База данных: 'Romip'
    -->
    <database name="Romip">
        <!-- Таблица bank -->
        <table name="bank">
            <column name="id">3401</column>
            <column name="twitid">497386226958470000</column>
            <column name="date">1407421092</column>
            <column name="name">Nadu_Sha</column>
            <column name="text">@alfa_bank Второй раз пытаюсь снять деньги с карты и банкомат просто возвращает карту! Нахожусь в лондоне! с чем это связано?</column>
            <column name="sberbank">NULL</column>
            <column name="vtb">NULL</column>
            <column name="gazprom">NULL</column>
            <column name="alfabank">-1</column>
            <column name="bankmoskvy">NULL</column>
            <column name="raiffeisen">NULL</column>
            <column name="uralsib">NULL</column>
            <column name="rshb">NULL</column>
        </table>
        <table name="bank">
            <column name="id">3402</column>
            <column name="twitid">497395199698410000</column>
            <column name="date">1407423231</column>
            <column name="name">Ra_Sergey</column>
            <column name="text">Россельхозбанк и Газпромбанк из-за санкций обратились за поддержкой к правительству - Интерфакс http://t.co/jGJ9fCl6XI</column>
            <column name="sberbank">NULL</column>
            <column name="vtb">NULL</column>
            <column name="gazprom">0</column>
            <column name="alfabank">NULL</column>
            <column name="bankmoskvy">NULL</column>
            <column name="raiffeisen">NULL</column>
            <column name="uralsib">NULL</column>
            <column name="rshb">0</column>
        </table>
        <table name="bank">
            <column name="id">3403</column>
            <column name="twitid">497397030029750000</column>
            <column name="date">1407423667</column>
            <column name="name">merasasemeb</column>
            <column name="text">RT @MNaumov18: Сбербанк приглашает кировских предпринимателей на бизнес-семинары</column>
            <column name="sberbank">0</column>
            <column name="vtb">NULL</column>
            <column name="gazprom">NULL</column>
            <column name="alfabank">NULL</column>
            <column name="bankmoskvy">NULL</column>
            <column name="raiffeisen">NULL</column>
            <column name="uralsib">NULL</column>
            <column name="rshb">NULL</column>
        </table>
        <table name="bank">
            <column name="id">3404</column>
            <column name="twitid">497397804760050000</column>
            <column name="date">1407423852</column>
            <column name="name">11prizrak</column>
            <column name="text">я сегодня ходил в сбербанк за картой, там оч милая девушка работала с:</column>
            <column name="sberbank">0</column>
            <column name="vtb">NULL</column>
            <column name="gazprom">NULL</column>
            <column name="alfabank">NULL</column>
            <column name="bankmoskvy">NULL</column>
            <column name="raiffeisen">NULL</column>
            <column name="uralsib">NULL</column>
            <column name="rshb">NULL</column>
        </table>
        <table name="bank">
            <column name="id">3405</column>
            <column name="twitid">497397957285920000</column>
            <column name="date">1407423888</column>
            <column name="name">spiderdom</column>
            <column name="text">б б б боооль (@ Сбербанк - @sberbank in Moscow) https://t.co/wacLTN1IVy</column>
            <column name="sberbank">-1</column>
            <column name="vtb">NULL</column>
            <column name="gazprom">NULL</column>
            <column name="alfabank">NULL</column>
            <column name="bankmoskvy">NULL</column>
            <column name="raiffeisen">NULL</column>
            <column name="uralsib">NULL</column>
            <column name="rshb">NULL</column>
        </table>
        <table name="bank">
            <column name="id">3406</column>
            <column name="twitid">497401321927210000</column>
            <column name="date">1407424691</column>
            <column name="name">pennyqqgnickens</column>
            <column name="text">Кредитные программы банка втб 24 http://t.co/LLuGoNxJdX</column>
            <column name="sberbank">NULL</column>
            <column name="vtb">0</column>
            <column name="gazprom">NULL</column>
            <column name="alfabank">NULL</column>
            <column name="bankmoskvy">NULL</column>
            <column name="raiffeisen">NULL</column>
            <column name="uralsib">NULL</column>
            <column name="rshb">NULL</column>
        </table>
        <table name="bank">
            <column name="id">3407</column>
            <column name="twitid">497402845478810000</column>
            <column name="date">1407425054</column>
            <column name="name">vatoi862ri</column>
            <column name="text">Ипотечные кредиты в альфа банке http://t.co/6JBznpfY2Q</column>
            <column name="sberbank">NULL</column>
            <column name="vtb">NULL</column>
            <column name="gazprom">NULL</column>
            <column name="alfabank">0</column>
            <column name="bankmoskvy">NULL</column>
            <column name="raiffeisen">NULL</column>
            <column name="uralsib">NULL</column>
            <column name="rshb">NULL</column>
        </table>
        <table name="bank">
            <column name="id">3408</column>
            <column name="twitid">497410006187540000</column>
            <column name="date">1407426761</column>
            <column name="name">KTokareva39</column>
            <column name="text">Банк Москвы решил снабдить отечественными картами своих сотрудников. На «всякий случай»</column>
            <column name="sberbank">NULL</column>
            <column name="vtb">NULL</column>
            <column name="gazprom">NULL</column>
            <column name="alfabank">NULL</column>
            <column name="bankmoskvy">0</column>
            <column name="raiffeisen">NULL</column>
            <column name="uralsib">NULL</column>
            <column name="rshb">NULL</column>
        </table>
        <table name="bank">
            <column name="id">3409</column>
            <column name="twitid">497412084473530000</column>
            <column name="date">1407427257</column>
            <column name="name">slavaaa</column>
            <column name="text">#США и их #санкции. #Ирония. #Сбербанк России приступил к выпуску банковских карт на базе российской платежной... http://t.co/LVQkeekNSW</column>
            <column name="sberbank">0</column>
            <column name="vtb">NULL</column>
            <column name="gazprom">NULL</column>
            <column name="alfabank">NULL</column>
            <column name="bankmoskvy">NULL</column>
            <column name="raiffeisen">NULL</column>
            <column name="uralsib">NULL</column>
            <column name="rshb">NULL</column>
        </table>
        <table name="bank">
            <column name="id">3410</column>
            <column name="twitid">497420056159330000</column>
            <column name="date">1407429157</column>
            <column name="name">obufpatca</column>
            <column name="text">http://t.co/64GBv09ET7 Втб 24 новосибирск взять кредит калькулятор</column>
            <column name="sberbank">NULL</column>
            <column name="vtb">0</column>
            <column name="gazprom">NULL</column>
            <column name="alfabank">NULL</column>
            <column name="bankmoskvy">NULL</column>
            <column name="raiffeisen">NULL</column>
            <column name="uralsib">NULL</column>
            <column name="rshb">NULL</column>
        </table>
        <table name="bank">
            <column name="id">3411</column>
            <column name="twitid">497427483067940000</column>
            <column name="date">1407430928</column>
            <column name="name">hroditeDal</column>
            <column name="text">Россельхозбанк открывает дополнительные офисы в Москве и Подмосковье</column>
            <column name="sberbank">NULL</column>
            <column name="vtb">NULL</column>
            <column name="gazprom">NULL</column>
            <column name="alfabank">NULL</column>
            <column name="bankmoskvy">NULL</column>
            <column name="raiffeisen">NULL</column>
            <column name="uralsib">NULL</column>
            <column name="rshb">0</column>
        </table>
        <table name="bank">
            <column name="id">3412</column>
            <column name="twitid">497433258251290000</column>
            <column name="date">1407432305</column>
            <column name="name">APetuhova29</column>
            <column name="text">Как и другие банки, Сбербанк увеличивает выдачу ипотечных кредитов и по банковским картам. Впрочем, прибыль российской банковской системы в</column>
            <column name="sberbank">0</column>
            <column name="vtb">NULL</column>
            <column name="gazprom">NULL</column>
            <column name="alfabank">NULL</column>
            <column name="bankmoskvy">NULL</column>
            <column name="raiffeisen">NULL</column>
            <column name="uralsib">NULL</column>
            <column name="rshb">NULL</column>
        </table>
        <table name="bank">
            <column name="id">3413</column>
            <column name="twitid">497443658606860000</column>
            <column name="date">1407434784</column>
            <column name="name">NabChelnyLife</column>
            <column name="text">найдена карточка сбербанк на имя Aliya Safina, верну хозяйке</column>
            <column name="sberbank">--</column>
            <column name="vtb">NULL</column>
            <column name="gazprom">NULL</column>
            <column name="alfabank">NULL</column>
            <column name="bankmoskvy">NULL</column>
            <column name="raiffeisen">NULL</column>
            <column name="uralsib">NULL</column>
            <column name="rshb">NULL</column>
        </table>
        <table name="bank">
            <column name="id">3414</column>
            <column name="twitid">497448189713460000</column>
            <column name="date">1407435865</column>
            <column name="name">kugpahaoo</column>
            <column name="text">RT @kolureqihyh: Сбербанк допустил повышение ставок по кредитам</column>
            <column name="sberbank">-1</column>
            <column name="vtb">NULL</column>
            <column name="gazprom">NULL</column>
            <column name="alfabank">NULL</column>
            <column name="bankmoskvy">NULL</column>
            <column name="raiffeisen">NULL</column>
            <column name="uralsib">NULL</column>
            <column name="rshb">NULL</column>
        </table>
        <table name="bank">
            <column name="id">3415</column>
            <column name="twitid">497452159940970000</column>
            <column name="date">1407436811</column>
            <column name="name">ONikolaev24</column>
            <column name="text">СМИ: банки просят господдержки из-за введенных против них санкций.Россельхозбанк (РСХБ) и Газпромбанк попросили о государственной поддержке</column>
            <column name="sberbank">NULL</column>
            <column name="vtb">NULL</column>
            <column name="gazprom">0</column>
            <column name="alfabank">NULL</column>
            <column name="bankmoskvy">NULL</column>
            <column name="raiffeisen">NULL</column>
            <column name="uralsib">NULL</column>
            <column name="rshb">0</column>
        </table>
        <table name="bank">
            <column name="id">3416</column>
            <column name="twitid">497454694847880000</column>
            <column name="date">1407437416</column>
            <column name="name">_IgorZ_ua_____</column>
            <column name="text">Оплатить кредит через сбербанк онлайн http://t.co/YsQubh88X9</column>
            <column name="sberbank">0</column>
            <column name="vtb">NULL</column>
            <column name="gazprom">NULL</column>
            <column name="alfabank">NULL</column>
            <column name="bankmoskvy">NULL</column>
            <column name="raiffeisen">NULL</column>
            <column name="uralsib">NULL</column>
            <column name="rshb">NULL</column>
        </table>
        <table name="bank">
            <column name="id">3417</column>
            <column name="twitid">497455433322230000</column>
            <column name="date">1407437592</column>
            <column name="name">zagvesti</column>
            <column name="text">Редакция газеты«Загородные вести» Индустриальные парки Тульской области поддержит Сбербанк России http://t.co/qMGjAzvfOT с помощью @zagvesti</column>
            <column name="sberbank">0</column>
            <column name="vtb">NULL</column>
            <column name="gazprom">NULL</column>
            <column name="alfabank">NULL</column>
            <column name="bankmoskvy">NULL</column>
            <column name="raiffeisen">NULL</column>
            <column name="uralsib">NULL</column>
            <column name="rshb">NULL</column>
        </table>
        <table name="bank">
            <column name="id">3418</column>
            <column name="twitid">497458184609470000</column>
            <column name="date">1407438248</column>
            <column name="name">Tenerezza27</column>
            <column name="text">Новости банков: Сбербанк не видит необходимости привлечения дополнительного акционерного капитала путем в...  #банки #кредиты</column>
            <column name="sberbank">0</column>
            <column name="vtb">NULL</column>
            <column name="gazprom">NULL</column>
            <column name="alfabank">NULL</column>
            <column name="bankmoskvy">NULL</column>
            <column name="raiffeisen">NULL</column>
            <column name="uralsib">NULL</column>
            <column name="rshb">NULL</column>
        </table>
        <table name="bank">
            <column name="id">3419</column>
            <column name="twitid">497482485287380000</column>
            <column name="date">1407444041</column>
            <column name="name">zvybormbor</column>
            <column name="text">http://t.co/5EINKaO5Yj Взять кредит в альфа банке бобруйска</column>
            <column name="sberbank">NULL</column>
            <column name="vtb">NULL</column>
            <column name="gazprom">NULL</column>
            <column name="alfabank">0</column>
            <column name="bankmoskvy">NULL</column>
            <column name="raiffeisen">NULL</column>
            <column name="uralsib">NULL</column>
            <column name="rshb">NULL</column>
        </table>
        <table name="bank">
            <column name="id">3420</column>
            <column name="twitid">497484217224160000</column>
            <column name="date">1407444454</column>
            <column name="name">CharoKlamm</column>
            <column name="text">http://t.co/mEj7xLa0nS Сбербанк конвертирует субординированный кредит ВЭБа в &quot;вечные бонды&quot;</column>
            <column name="sberbank">0</column>
            <column name="vtb">NULL</column>
            <column name="gazprom">NULL</column>
            <column name="alfabank">NULL</column>
            <column name="bankmoskvy">NULL</column>
            <column name="raiffeisen">NULL</column>
            <column name="uralsib">NULL</column>
            <column name="rshb">NULL</column>
        </table>
        <table name="bank">
            <column name="id">3421</column>
            <column name="twitid">497487052473390000</column>
            <column name="date">1407445130</column>
            <column name="name">KVanina17</column>
            <column name="text">#ru_ff СберБанк на комиссии до 10 % заработает на этом деле, если нет рублевой карты.</column>
            <column name="sberbank">0</column>
            <column name="vtb">NULL</column>
            <column name="gazprom">NULL</column>
            <column name="alfabank">NULL</column>
            <column name="bankmoskvy">NULL</column>
            <column name="raiffeisen">NULL</column>
            <column name="uralsib">NULL</column>
            <column name="rshb">NULL</column>
        </table>
        <table name="bank">
            <column name="id">3422</column>
            <column name="twitid">497487650811410000</column>
            <column name="date">1407445273</column>
            <column name="name">erdreStor</column>
            <column name="text">http://t.co/bLXkx6cH37 Россельхозбанквзять кредит в москве без регистрации</column>
            <column name="sberbank">NULL</column>
            <column name="vtb">NULL</column>
            <column name="gazprom">NULL</column>
            <column name="alfabank">NULL</column>
            <column name="bankmoskvy">NULL</column>
            <column name="raiffeisen">NULL</column>
            <column name="uralsib">NULL</column>
            <column name="rshb">0</column>
        </table>
        <table name="bank">
            <column name="id">3423</column>
            <column name="twitid">497498979111040000</column>
            <column name="date">1407447974</column>
            <column name="name">mondpiro81</column>
            <column name="text">Россельхозбанк и Газпромбанк после санкций попросили поддержки&amp;amp;#8230;</column>
            <column name="sberbank">NULL</column>
            <column name="vtb">NULL</column>
            <column name="gazprom">0</column>
            <column name="alfabank">NULL</column>
            <column name="bankmoskvy">NULL</column>
            <column name="raiffeisen">NULL</column>
            <column name="uralsib">NULL</column>
            <column name="rshb">0</column>
        </table>
        <table name="bank">
            <column name="id">3424</column>
            <column name="twitid">497511625864120000</column>
            <column name="date">1407450989</column>
            <column name="name">r0cker999</column>
            <column name="text">RT @dufitosyfyju: Сбербанк застрахует имущество на полтриллиона рублей</column>
            <column name="sberbank">0</column>
            <column name="vtb">NULL</column>
            <column name="gazprom">NULL</column>
            <column name="alfabank">NULL</column>
            <column name="bankmoskvy">NULL</column>
            <column name="raiffeisen">NULL</column>
            <column name="uralsib">NULL</column>
            <column name="rshb">NULL</column>
        </table>
        <table name="bank">
            <column name="id">3425</column>
            <column name="twitid">497518778515600000</column>
            <column name="date">1407452694</column>
            <column name="name">kubantv__</column>
            <column name="text">Потребительский кредит сбербанк онлайн заявка http://t.co/EMZeRmS6UX</column>
            <column name="sberbank">0</column>
            <column name="vtb">NULL</column>
            <column name="gazprom">NULL</column>
            <column name="alfabank">NULL</column>
            <column name="bankmoskvy">NULL</column>
            <column name="raiffeisen">NULL</column>
            <column name="uralsib">NULL</column>
            <column name="rshb">NULL</column>
        </table>
        <table name="bank">
            <column name="id">3426</column>
            <column name="twitid">497523899765360000</column>
            <column name="date">1407453915</column>
            <column name="name">agipaoyuvg</column>
            <column name="text">http://t.co/ooZ4GwVgPD Взять кредит райффайзенбанк железногорск</column>
            <column name="sberbank">NULL</column>
            <column name="vtb">NULL</column>
            <column name="gazprom">NULL</column>
            <column name="alfabank">NULL</column>
            <column name="bankmoskvy">NULL</column>
            <column name="raiffeisen">0</column>
            <column name="uralsib">NULL</column>
            <column name="rshb">NULL</column>
        </table>
        <table name="bank">
            <column name="id">3427</column>
            <column name="twitid">497527559849280000</column>
            <column name="date">1407454788</column>
            <column name="name">Frostovsky</column>
            <column name="text">Пятница (@ Сбербанк - @sberbank in Якутск) https://t.co/OzdVTvY5J8</column>
            <column name="sberbank">0</column>
            <column name="vtb">NULL</column>
            <column name="gazprom">NULL</column>
            <column name="alfabank">NULL</column>
            <column name="bankmoskvy">NULL</column>
            <column name="raiffeisen">NULL</column>
            <column name="uralsib">NULL</column>
            <column name="rshb">NULL</column>
        </table>
        <table name="bank">
            <column name="id">3428</column>
            <column name="twitid">497535252718700000</column>
            <column name="date">1407456622</column>
            <column name="name">serovanata</column>
            <column name="text">Sberbank CIB организовал сделку под покрытие ЭКСАР по реализации поставок энергооборудования в Европу</column>
            <column name="sberbank">--</column>
            <column name="vtb">NULL</column>
            <column name="gazprom">NULL</column>
            <column name="alfabank">NULL</column>
            <column name="bankmoskvy">NULL</column>
            <column name="raiffeisen">NULL</column>
            <column name="uralsib">NULL</column>
            <column name="rshb">NULL</column>
        </table>
        <table name="bank">
            <column name="id">3429</column>
            <column name="twitid">497536678379410000</column>
            <column name="date">1407456962</column>
            <column name="name">depatubuhume</column>
            <column name="text">CGI Group: Проводить визовые сборы США через ВТБ 24 запретил Госдеп</column>
            <column name="sberbank">NULL</column>
            <column name="vtb">-1</column>
            <column name="gazprom">NULL</column>
            <column name="alfabank">NULL</column>
            <column name="bankmoskvy">NULL</column>
            <column name="raiffeisen">NULL</column>
            <column name="uralsib">NULL</column>
            <column name="rshb">NULL</column>
        </table>
        <table name="bank">
            <column name="id">3430</column>
            <column name="twitid">497537633615360000</column>
            <column name="date">1407457190</column>
            <column name="name">katudiberp</column>
            <column name="text">RT @bm_twit: @mr_izmal Карта БМ? Вам необходимо обратиться в службу поддержки, заблокировать карту, после изъятия её передадут вам и разбло…</column>
            <column name="sberbank">NULL</column>
            <column name="vtb">NULL</column>
            <column name="gazprom">NULL</column>
            <column name="alfabank">NULL</column>
            <column name="bankmoskvy">0</column>
            <column name="raiffeisen">NULL</column>
            <column name="uralsib">NULL</column>
            <column name="rshb">NULL</column>
        </table>
        <table name="bank">
            <column name="id">3431</column>
            <column name="twitid">497551707350370000</column>
            <column name="date">1407460545</column>
            <column name="name">Kate_Repina</column>
            <column name="text">Новости: Сбербанк и ВТБ не планируют допвыпуски акций  #вести</column>
            <column name="sberbank">0</column>
            <column name="vtb">0</column>
            <column name="gazprom">NULL</column>
            <column name="alfabank">NULL</column>
            <column name="bankmoskvy">NULL</column>
            <column name="raiffeisen">NULL</column>
            <column name="uralsib">NULL</column>
            <column name="rshb">NULL</column>
        </table>
        <table name="bank">
            <column name="id">3432</column>
            <column name="twitid">497555425550950000</column>
            <column name="date">1407461432</column>
            <column name="name">punmiwilma</column>
            <column name="text">RT @picryac: ВТБ 24 прекратил прием консульских сборов за оформление виз США</column>
            <column name="sberbank">NULL</column>
            <column name="vtb">-1</column>
            <column name="gazprom">NULL</column>
            <column name="alfabank">NULL</column>
            <column name="bankmoskvy">NULL</column>
            <column name="raiffeisen">NULL</column>
            <column name="uralsib">NULL</column>
            <column name="rshb">NULL</column>
        </table>
        <table name="bank">
            <column name="id">3433</column>
            <column name="twitid">497556985781290000</column>
            <column name="date">1407461804</column>
            <column name="name">rigma_info</column>
            <column name="text">Сбербанк и Sberbank CIB оказали поддержку &quot;Дальэнергомашу&quot;  http://t.co/IHiHkA7tWb #Сбербанк #энергооборудование #Европа</column>
            <column name="sberbank">0</column>
            <column name="vtb">NULL</column>
            <column name="gazprom">NULL</column>
            <column name="alfabank">NULL</column>
            <column name="bankmoskvy">NULL</column>
            <column name="raiffeisen">NULL</column>
            <column name="uralsib">NULL</column>
            <column name="rshb">NULL</column>
        </table>
        <table name="bank">
            <column name="id">3434</column>
            <column name="twitid">497558396900350000</column>
            <column name="date">1407462140</column>
            <column name="name">lexacom</column>
            <column name="text">Офис банка втб 24 http://t.co/6ul9rIGqK4</column>
            <column name="sberbank">NULL</column>
            <column name="vtb">0</column>
            <column name="gazprom">NULL</column>
            <column name="alfabank">NULL</column>
            <column name="bankmoskvy">NULL</column>
            <column name="raiffeisen">NULL</column>
            <column name="uralsib">NULL</column>
            <column name="rshb">NULL</column>
        </table>
        <table name="bank">
            <column name="id">3435</column>
            <column name="twitid">497559021579430000</column>
            <column name="date">1407462289</column>
            <column name="name">Mi_Vida_Mi</column>
            <column name="text">Сейчас зашла в сбер и за 5 мин все сделала. Не вероятно но факт:)</column>
            <column name="sberbank">1</column>
            <column name="vtb">NULL</column>
            <column name="gazprom">NULL</column>
            <column name="alfabank">NULL</column>
            <column name="bankmoskvy">NULL</column>
            <column name="raiffeisen">NULL</column>
            <column name="uralsib">NULL</column>
            <column name="rshb">NULL</column>
        </table>
        <table name="bank">
            <column name="id">3436</column>
            <column name="twitid">497559933479830000</column>
            <column name="date">1407462507</column>
            <column name="name">Denimogutvse</column>
            <column name="text">RT @Mi_Vida_Mi: Сейчас зашла в сбер и за 5 мин все сделала. Не вероятно но факт:)</column>
            <column name="sberbank">1</column>
            <column name="vtb">NULL</column>
            <column name="gazprom">NULL</column>
            <column name="alfabank">NULL</column>
            <column name="bankmoskvy">NULL</column>
            <column name="raiffeisen">NULL</column>
            <column name="uralsib">NULL</column>
            <column name="rshb">NULL</column>
        </table>
        <table name="bank">
            <column name="id">3437</column>
            <column name="twitid">497565508045390000</column>
            <column name="date">1407463836</column>
            <column name="name">NataliPo55</column>
            <column name="text">Пятница! И это не может не радовать!!! (@ Контактный центр Сбербанка - @sberbank in Омск, Омская обл.) https://t.co/T1aoA1jGV0</column>
            <column name="sberbank">--</column>
            <column name="vtb">NULL</column>
            <column name="gazprom">NULL</column>
            <column name="alfabank">NULL</column>
            <column name="bankmoskvy">NULL</column>
            <column name="raiffeisen">NULL</column>
            <column name="uralsib">NULL</column>
            <column name="rshb">NULL</column>
        </table>
        <table name="bank">
            <column name="id">3438</column>
            <column name="twitid">497566729472860000</column>
            <column name="date">1407464127</column>
            <column name="name">xesson969m</column>
            <column name="text">http://t.co/xaLxC7pnSr Попавшие под санкции &quot;Россельхозбанк&quot; и &quot;Газпромбанк&quot; просят господдержки</column>
            <column name="sberbank">NULL</column>
            <column name="vtb">NULL</column>
            <column name="gazprom">0</column>
            <column name="alfabank">NULL</column>
            <column name="bankmoskvy">NULL</column>
            <column name="raiffeisen">NULL</column>
            <column name="uralsib">NULL</column>
            <column name="rshb">0</column>
        </table>
        <table name="bank">
            <column name="id">3439</column>
            <column name="twitid">497573398491320000</column>
            <column name="date">1407465717</column>
            <column name="name">Amgduka</column>
            <column name="text">http://t.co/Igzn6LeQpE minecraft портал в райффайзенбанк</column>
            <column name="sberbank">NULL</column>
            <column name="vtb">NULL</column>
            <column name="gazprom">NULL</column>
            <column name="alfabank">NULL</column>
            <column name="bankmoskvy">NULL</column>
            <column name="raiffeisen">0</column>
            <column name="uralsib">NULL</column>
            <column name="rshb">NULL</column>
        </table>
        <table name="bank">
            <column name="id">3440</column>
            <column name="twitid">497573726314300000</column>
            <column name="date">1407465795</column>
            <column name="name">G_Tzvetkova46</column>
            <column name="text">Из средств от&amp;amp;#8230;
Тем временем приостановлена процедура продажи Россельхозбанком собственности другого камчатского предприятия – судорем</column>
            <column name="sberbank">NULL</column>
            <column name="vtb">NULL</column>
            <column name="gazprom">NULL</column>
            <column name="alfabank">NULL</column>
            <column name="bankmoskvy">NULL</column>
            <column name="raiffeisen">NULL</column>
            <column name="uralsib">NULL</column>
            <column name="rshb">0</column>
        </table>
        <table name="bank">
            <column name="id">3441</column>
            <column name="twitid">497577027059580000</column>
            <column name="date">1407466582</column>
            <column name="name">NicMatveev</column>
            <column name="text">RT @Minselhoz: Новый этап взаимодействия Минсельхоза России и Россельхозбанка. http://t.co/yKCMiMFT</column>
            <column name="sberbank">NULL</column>
            <column name="vtb">NULL</column>
            <column name="gazprom">NULL</column>
            <column name="alfabank">NULL</column>
            <column name="bankmoskvy">NULL</column>
            <column name="raiffeisen">NULL</column>
            <column name="uralsib">NULL</column>
            <column name="rshb">0</column>
        </table>
        <table name="bank">
            <column name="id">3442</column>
            <column name="twitid">497582507273890000</column>
            <column name="date">1407467889</column>
            <column name="name">TMarkov48</column>
            <column name="text">Несчастье помогло: чем санкции Запада полезны Россельхозбанку</column>
            <column name="sberbank">NULL</column>
            <column name="vtb">NULL</column>
            <column name="gazprom">NULL</column>
            <column name="alfabank">NULL</column>
            <column name="bankmoskvy">NULL</column>
            <column name="raiffeisen">NULL</column>
            <column name="uralsib">NULL</column>
            <column name="rshb">+-</column>
        </table>
        <table name="bank">
            <column name="id">3443</column>
            <column name="twitid">497583558060290000</column>
            <column name="date">1407468139</column>
            <column name="name">itpronorar1971</column>
            <column name="text">В связи с тем, что проводимые ранее торги на ЭТП - www.sberbank-ast. по продаже имущества ООО «Югстройсервис» по лоту №1 и лоту №2 посредст</column>
            <column name="sberbank">--</column>
            <column name="vtb">NULL</column>
            <column name="gazprom">NULL</column>
            <column name="alfabank">NULL</column>
            <column name="bankmoskvy">NULL</column>
            <column name="raiffeisen">NULL</column>
            <column name="uralsib">NULL</column>
            <column name="rshb">NULL</column>
        </table>
        <table name="bank">
            <column name="id">3444</column>
            <column name="twitid">497583999054020000</column>
            <column name="date">1407468244</column>
            <column name="name">queprofysvonan</column>
            <column name="text">&quot;Банк Москвы&quot; выставил на электронные торги винные заводы ММВЗ и &quot;Корнет&quot; #бизнес</column>
            <column name="sberbank">NULL</column>
            <column name="vtb">NULL</column>
            <column name="gazprom">NULL</column>
            <column name="alfabank">NULL</column>
            <column name="bankmoskvy">0</column>
            <column name="raiffeisen">NULL</column>
            <column name="uralsib">NULL</column>
            <column name="rshb">NULL</column>
        </table>
        <table name="bank">
            <column name="id">3445</column>
            <column name="twitid">497587627739340000</column>
            <column name="date">1407469109</column>
            <column name="name">romanyakunin1</column>
            <column name="text">RT @Gorod_Proekt: Сбербанк явно что-то сделал с переводами через Сбербанк-Онлайн на избирательный счет.</column>
            <column name="sberbank">0</column>
            <column name="vtb">NULL</column>
            <column name="gazprom">NULL</column>
            <column name="alfabank">NULL</column>
            <column name="bankmoskvy">NULL</column>
            <column name="raiffeisen">NULL</column>
            <column name="uralsib">NULL</column>
            <column name="rshb">NULL</column>
        </table>
        <table name="bank">
            <column name="id">3446</column>
            <column name="twitid">497593435235570000</column>
            <column name="date">1407470494</column>
            <column name="name">markrediredis</column>
            <column name="text">RT @compkegegesma: кредит наличными втб 24 рассчитать http://t.co/NCputTTLRq</column>
            <column name="sberbank">NULL</column>
            <column name="vtb">0</column>
            <column name="gazprom">NULL</column>
            <column name="alfabank">NULL</column>
            <column name="bankmoskvy">NULL</column>
            <column name="raiffeisen">NULL</column>
            <column name="uralsib">NULL</column>
            <column name="rshb">NULL</column>
        </table>
        <table name="bank">
            <column name="id">3447</column>
            <column name="twitid">497595668807320000</column>
            <column name="date">1407471026</column>
            <column name="name">OFilimonova33</column>
            <column name="text">7 августа 2014, 14:13, Travel.ru  - 
 Оплата консульского сбора на визу в США через банк ВТБ 24 больше невозможна: это связано с включение</column>
            <column name="sberbank">NULL</column>
            <column name="vtb">-1</column>
            <column name="gazprom">NULL</column>
            <column name="alfabank">NULL</column>
            <column name="bankmoskvy">NULL</column>
            <column name="raiffeisen">NULL</column>
            <column name="uralsib">NULL</column>
            <column name="rshb">NULL</column>
        </table>
        <table name="bank">
            <column name="id">3448</column>
            <column name="twitid">497596868621500000</column>
            <column name="date">1407471313</column>
            <column name="name">Eline2309</column>
            <column name="text">Россельхозбанк и Газпромбанк оказались в санкционных списках&amp;amp;#8230;</column>
            <column name="sberbank">NULL</column>
            <column name="vtb">NULL</column>
            <column name="gazprom">-1</column>
            <column name="alfabank">NULL</column>
            <column name="bankmoskvy">NULL</column>
            <column name="raiffeisen">NULL</column>
            <column name="uralsib">NULL</column>
            <column name="rshb">-1</column>
        </table>
        <table name="bank">
            <column name="id">3449</column>
            <column name="twitid">497597770086500000</column>
            <column name="date">1407471527</column>
            <column name="name">crocamlicog1989</column>
            <column name="text">Объем вкладов в Марийском филиале Россельхозбанка  составил 3,5 млрд рублей.</column>
            <column name="sberbank">NULL</column>
            <column name="vtb">NULL</column>
            <column name="gazprom">NULL</column>
            <column name="alfabank">NULL</column>
            <column name="bankmoskvy">NULL</column>
            <column name="raiffeisen">NULL</column>
            <column name="uralsib">NULL</column>
            <column name="rshb">0</column>
        </table>
        <table name="bank">
            <column name="id">3450</column>
            <column name="twitid">497599253410110000</column>
            <column name="date">1407471881</column>
            <column name="name">crimerussia</column>
            <column name="text">«Россельхозбанк» «наживается» на санкциях? http://t.co/idhHkwiPnB http://t.co/kLCjWBHei1</column>
            <column name="sberbank">NULL</column>
            <column name="vtb">NULL</column>
            <column name="gazprom">NULL</column>
            <column name="alfabank">NULL</column>
            <column name="bankmoskvy">NULL</column>
            <column name="raiffeisen">NULL</column>
            <column name="uralsib">NULL</column>
            <column name="rshb">+-</column>
        </table>
        <table name="bank">
            <column name="id">3451</column>
            <column name="twitid">497604209865690000</column>
            <column name="date">1407473063</column>
            <column name="name">Mitrinsky</column>
            <column name="text">RT @himera0666: Райфайзен Банк и Нацисты http://t.co/nQvmjJEOXw</column>
            <column name="sberbank">NULL</column>
            <column name="vtb">NULL</column>
            <column name="gazprom">NULL</column>
            <column name="alfabank">NULL</column>
            <column name="bankmoskvy">NULL</column>
            <column name="raiffeisen">0</column>
            <column name="uralsib">NULL</column>
            <column name="rshb">NULL</column>
        </table>
        <table name="bank">
            <column name="id">3452</column>
            <column name="twitid">497605238225120000</column>
            <column name="date">1407473308</column>
            <column name="name">doxylobusosu</column>
            <column name="text">RT @LupetaF: Сбербанк может повысить ставки по кредитам</column>
            <column name="sberbank">-1</column>
            <column name="vtb">NULL</column>
            <column name="gazprom">NULL</column>
            <column name="alfabank">NULL</column>
            <column name="bankmoskvy">NULL</column>
            <column name="raiffeisen">NULL</column>
            <column name="uralsib">NULL</column>
            <column name="rshb">NULL</column>
        </table>
        <table name="bank">
            <column name="id">3453</column>
            <column name="twitid">497605277764830000</column>
            <column name="date">1407473317</column>
            <column name="name">lezycecoxeva</column>
            <column name="text">RT @oleasufe: Сбербанк и ВТБ пообещали выполнить обязательства перед клиентами</column>
            <column name="sberbank">1</column>
            <column name="vtb">1</column>
            <column name="gazprom">NULL</column>
            <column name="alfabank">NULL</column>
            <column name="bankmoskvy">NULL</column>
            <column name="raiffeisen">NULL</column>
            <column name="uralsib">NULL</column>
            <column name="rshb">NULL</column>
        </table>
        <table name="bank">
            <column name="id">3454</column>
            <column name="twitid">497609441920160000</column>
            <column name="date">1407474310</column>
            <column name="name">ARafikova37</column>
            <column name="text">Goldman Sachs убрал Сбербанк из фокус-листа на покупку, заменив его Московской биржей</column>
            <column name="sberbank">0</column>
            <column name="vtb">NULL</column>
            <column name="gazprom">NULL</column>
            <column name="alfabank">NULL</column>
            <column name="bankmoskvy">NULL</column>
            <column name="raiffeisen">NULL</column>
            <column name="uralsib">NULL</column>
            <column name="rshb">NULL</column>
        </table>
        <table name="bank">
            <column name="id">3455</column>
            <column name="twitid">497612765650240000</column>
            <column name="date">1407475103</column>
            <column name="name">TGafarov33</column>
            <column name="text">Россельхозбанк снизил ставки по кредитам личным подсобным хозяйствам.Россельхозбанк снизил ставки по кредитам для владельцев личных подсобн</column>
            <column name="sberbank">NULL</column>
            <column name="vtb">NULL</column>
            <column name="gazprom">NULL</column>
            <column name="alfabank">NULL</column>
            <column name="bankmoskvy">NULL</column>
            <column name="raiffeisen">NULL</column>
            <column name="uralsib">NULL</column>
            <column name="rshb">1</column>
        </table>
        <table name="bank">
            <column name="id">3456</column>
            <column name="twitid">497619526939590000</column>
            <column name="date">1407476715</column>
            <column name="name">KOvchinnikova39</column>
            <column name="text">&quot;Россельхозбанк&quot; (РСХБ) и &quot;Газпромбанк&quot; просят государственной поддержки в связи с наложенными на них санкциями, пишет газета &quot;Ведомости&quot;.</column>
            <column name="sberbank">NULL</column>
            <column name="vtb">NULL</column>
            <column name="gazprom">0</column>
            <column name="alfabank">NULL</column>
            <column name="bankmoskvy">NULL</column>
            <column name="raiffeisen">NULL</column>
            <column name="uralsib">NULL</column>
            <column name="rshb">0</column>
        </table>
        <table name="bank">
            <column name="id">3457</column>
            <column name="twitid">497620937584710000</column>
            <column name="date">1407477051</column>
            <column name="name">Chawoosh</column>
            <column name="text">@sberbank Какому идиоту пришло в голову учить меня платить на сотовый в час тридцать ночи? Кто планирует у вас СМС-спам?</column>
            <column name="sberbank">-1</column>
            <column name="vtb">NULL</column>
            <column name="gazprom">NULL</column>
            <column name="alfabank">NULL</column>
            <column name="bankmoskvy">NULL</column>
            <column name="raiffeisen">NULL</column>
            <column name="uralsib">NULL</column>
            <column name="rshb">NULL</column>
        </table>
        <table name="bank">
            <column name="id">3458</column>
            <column name="twitid">497622008822100000</column>
            <column name="date">1407477306</column>
            <column name="name">interesnoevseti</column>
            <column name="text">#новости Сбербанк опровергает информацию о взрыве гранаты в одном из отделений Кургана: О взрыве в здании кред... http://t.co/ItVyTLNwuo</column>
            <column name="sberbank">0</column>
            <column name="vtb">NULL</column>
            <column name="gazprom">NULL</column>
            <column name="alfabank">NULL</column>
            <column name="bankmoskvy">NULL</column>
            <column name="raiffeisen">NULL</column>
            <column name="uralsib">NULL</column>
            <column name="rshb">NULL</column>
        </table>
        <table name="bank">
            <column name="id">3459</column>
            <column name="twitid">497624915911390000</column>
            <column name="date">1407478000</column>
            <column name="name">rzhikharev</column>
            <column name="text">Вот вам и безопасность карт с чипом... Да, @alfa_bank ? http://t.co/xvglKJh2S3</column>
            <column name="sberbank">NULL</column>
            <column name="vtb">NULL</column>
            <column name="gazprom">NULL</column>
            <column name="alfabank">-1</column>
            <column name="bankmoskvy">NULL</column>
            <column name="raiffeisen">NULL</column>
            <column name="uralsib">NULL</column>
            <column name="rshb">NULL</column>
        </table>
        <table name="bank">
            <column name="id">3460</column>
            <column name="twitid">497625621393310000</column>
            <column name="date">1407478168</column>
            <column name="name">sound_kurgan</column>
            <column name="text">RT @npfsberbanka: ВАЖНОЕ ИНФОРМАЦИОННОЕ СООБЩЕНИЕ http://t.co/HXNe9CbLmV</column>
            <column name="sberbank">--</column>
            <column name="vtb">NULL</column>
            <column name="gazprom">NULL</column>
            <column name="alfabank">NULL</column>
            <column name="bankmoskvy">NULL</column>
            <column name="raiffeisen">NULL</column>
            <column name="uralsib">NULL</column>
            <column name="rshb">NULL</column>
        </table>
        <table name="bank">
            <column name="id">3461</column>
            <column name="twitid">497633368826460000</column>
            <column name="date">1407480015</column>
            <column name="name">ziiseama</column>
            <column name="text">#news Ожидаем разнонаправленное движение акций на открытии российского рынка, — Аналитики Газпромбанка</column>
            <column name="sberbank">NULL</column>
            <column name="vtb">NULL</column>
            <column name="gazprom">--</column>
            <column name="alfabank">NULL</column>
            <column name="bankmoskvy">NULL</column>
            <column name="raiffeisen">NULL</column>
            <column name="uralsib">NULL</column>
            <column name="rshb">NULL</column>
        </table>
        <table name="bank">
            <column name="id">3462</column>
            <column name="twitid">497633992804670000</column>
            <column name="date">1407480164</column>
            <column name="name">DjSlim_Moscow</column>
            <column name="text">В воздухе так и веет сосредоточенностью )))) #backstage #baddiplodoc #sberbank http://t.co/RiEYOYhTzj</column>
            <column name="sberbank">--</column>
            <column name="vtb">NULL</column>
            <column name="gazprom">NULL</column>
            <column name="alfabank">NULL</column>
            <column name="bankmoskvy">NULL</column>
            <column name="raiffeisen">NULL</column>
            <column name="uralsib">NULL</column>
            <column name="rshb">NULL</column>
        </table>
        <table name="bank">
            <column name="id">3463</column>
            <column name="twitid">497635742571450000</column>
            <column name="date">1407480581</column>
            <column name="name">Tenerezza27</column>
            <column name="text">Новости банков: Сбербанк Онлайн делает отдых пермяков удобнее  #банки #кредиты</column>
            <column name="sberbank">1</column>
            <column name="vtb">NULL</column>
            <column name="gazprom">NULL</column>
            <column name="alfabank">NULL</column>
            <column name="bankmoskvy">NULL</column>
            <column name="raiffeisen">NULL</column>
            <column name="uralsib">NULL</column>
            <column name="rshb">NULL</column>
        </table>
        <table name="bank">
            <column name="id">3464</column>
            <column name="twitid">497636713871970000</column>
            <column name="date">1407480812</column>
            <column name="name">Lostben</column>
            <column name="text">Ничего не меняется #сбербанк где оплатить госпошлину? В любое окно.вы принимаете?нет в любое окно. Выбор сократился до одного</column>
            <column name="sberbank">-1</column>
            <column name="vtb">NULL</column>
            <column name="gazprom">NULL</column>
            <column name="alfabank">NULL</column>
            <column name="bankmoskvy">NULL</column>
            <column name="raiffeisen">NULL</column>
            <column name="uralsib">NULL</column>
            <column name="rshb">NULL</column>
        </table>
        <table name="bank">
            <column name="id">3465</column>
            <column name="twitid">497637447476710000</column>
            <column name="date">1407480987</column>
            <column name="name">topaqlasui</column>
            <column name="text">http://t.co/sVai5acVhB Взять кредит сбербанк есть карта</column>
            <column name="sberbank">0</column>
            <column name="vtb">NULL</column>
            <column name="gazprom">NULL</column>
            <column name="alfabank">NULL</column>
            <column name="bankmoskvy">NULL</column>
            <column name="raiffeisen">NULL</column>
            <column name="uralsib">NULL</column>
            <column name="rshb">NULL</column>
        </table>
        <table name="bank">
            <column name="id">3466</column>
            <column name="twitid">497637901274840000</column>
            <column name="date">1407481095</column>
            <column name="name">delogazeta</column>
            <column name="text">Штрих-коды от Сбербанка позволят совершать платежи быстро и без ошибок: Сбербанк совместно с некоммерческим па... http://t.co/c6TXbV5oR7</column>
            <column name="sberbank">1</column>
            <column name="vtb">NULL</column>
            <column name="gazprom">NULL</column>
            <column name="alfabank">NULL</column>
            <column name="bankmoskvy">NULL</column>
            <column name="raiffeisen">NULL</column>
            <column name="uralsib">NULL</column>
            <column name="rshb">NULL</column>
        </table>
        <table name="bank">
            <column name="id">3467</column>
            <column name="twitid">497643318109830000</column>
            <column name="date">1407482387</column>
            <column name="name">reilinaca</column>
            <column name="text">RT @Creditam: Банк ВТБ парсит сайт &quot;Моя реклама&quot; и звонят по контактам предлагают кредиты, охренели #vtb #vtb24 #banks #credits</column>
            <column name="sberbank">NULL</column>
            <column name="vtb">-1</column>
            <column name="gazprom">NULL</column>
            <column name="alfabank">NULL</column>
            <column name="bankmoskvy">NULL</column>
            <column name="raiffeisen">NULL</column>
            <column name="uralsib">NULL</column>
            <column name="rshb">NULL</column>
        </table>
        <table name="bank">
            <column name="id">3468</column>
            <column name="twitid">497645308009270000</column>
            <column name="date">1407482861</column>
            <column name="name">ynacolesun</column>
            <column name="text">http://t.co/UgJSQFTJMF Оформить кредитную карту втб 24 онлайн</column>
            <column name="sberbank">NULL</column>
            <column name="vtb">0</column>
            <column name="gazprom">NULL</column>
            <column name="alfabank">NULL</column>
            <column name="bankmoskvy">NULL</column>
            <column name="raiffeisen">NULL</column>
            <column name="uralsib">NULL</column>
            <column name="rshb">NULL</column>
        </table>
        <table name="bank">
            <column name="id">3469</column>
            <column name="twitid">497646080616860000</column>
            <column name="date">1407483046</column>
            <column name="name">TBelikov43</column>
            <column name="text">#ЧитаюВзаимно оплатить на карту можно: альфа, сбер, райфайзен</column>
            <column name="sberbank">--</column>
            <column name="vtb">NULL</column>
            <column name="gazprom">NULL</column>
            <column name="alfabank">--</column>
            <column name="bankmoskvy">NULL</column>
            <column name="raiffeisen">--</column>
            <column name="uralsib">NULL</column>
            <column name="rshb">NULL</column>
        </table>
        <table name="bank">
            <column name="id">3470</column>
            <column name="twitid">497646269981280000</column>
            <column name="date">1407483091</column>
            <column name="name">byniisepo</column>
            <column name="text">Sberbank CIB  организовал сделку под покрытие ЭКСАР по реализации поставок энергооборудования в Европу</column>
            <column name="sberbank">--</column>
            <column name="vtb">NULL</column>
            <column name="gazprom">NULL</column>
            <column name="alfabank">NULL</column>
            <column name="bankmoskvy">NULL</column>
            <column name="raiffeisen">NULL</column>
            <column name="uralsib">NULL</column>
            <column name="rshb">NULL</column>
        </table>
        <table name="bank">
            <column name="id">3471</column>
            <column name="twitid">497649238163980000</column>
            <column name="date">1407483798</column>
            <column name="name">Shadrinsk</column>
            <column name="text">Журнал Global Finance признал Сбербанк Онлайн лучшим розничным интернет-банком в России http://t.co/526AI5vrw6</column>
            <column name="sberbank">1</column>
            <column name="vtb">NULL</column>
            <column name="gazprom">NULL</column>
            <column name="alfabank">NULL</column>
            <column name="bankmoskvy">NULL</column>
            <column name="raiffeisen">NULL</column>
            <column name="uralsib">NULL</column>
            <column name="rshb">NULL</column>
        </table>
        <table name="bank">
            <column name="id">3472</column>
            <column name="twitid">497649238952530000</column>
            <column name="date">1407483799</column>
            <column name="name">Shadrinsk</column>
            <column name="text">За первое полугодие 2014 года Сбербанк выдал ипотечных кредитов на сумму более 402 млрд рублей http://t.co/KxkNzBgjVy</column>
            <column name="sberbank">0</column>
            <column name="vtb">NULL</column>
            <column name="gazprom">NULL</column>
            <column name="alfabank">NULL</column>
            <column name="bankmoskvy">NULL</column>
            <column name="raiffeisen">NULL</column>
            <column name="uralsib">NULL</column>
            <column name="rshb">NULL</column>
        </table>
        <table name="bank">
            <column name="id">3473</column>
            <column name="twitid">497652418356990000</column>
            <column name="date">1407484557</column>
            <column name="name">alfa_bank</column>
            <column name="text">@cameo1over Укажите, пожалуйста, нам на social@alfabank.ru номер карты, когда и в какой офис подходили. Попробуем выяснить, как все было.</column>
            <column name="sberbank">NULL</column>
            <column name="vtb">NULL</column>
            <column name="gazprom">NULL</column>
            <column name="alfabank">0</column>
            <column name="bankmoskvy">NULL</column>
            <column name="raiffeisen">NULL</column>
            <column name="uralsib">NULL</column>
            <column name="rshb">NULL</column>
        </table>
        <table name="bank">
            <column name="id">3474</column>
            <column name="twitid">497658978814670000</column>
            <column name="date">1407486121</column>
            <column name="name">vshenka_97</column>
            <column name="text">@brouillard1106 собираюсь в сбербанк и гулять хдд</column>
            <column name="sberbank">0</column>
            <column name="vtb">NULL</column>
            <column name="gazprom">NULL</column>
            <column name="alfabank">NULL</column>
            <column name="bankmoskvy">NULL</column>
            <column name="raiffeisen">NULL</column>
            <column name="uralsib">NULL</column>
            <column name="rshb">NULL</column>
        </table>
        <table name="bank">
            <column name="id">3475</column>
            <column name="twitid">497659516549600000</column>
            <column name="date">1407486249</column>
            <column name="name">TKostin54</column>
            <column name="text">Александр Ивахинов: «У Россельхозбанка в Бурятии большой потенциал, и наша цель - его раскрыть»</column>
            <column name="sberbank">NULL</column>
            <column name="vtb">NULL</column>
            <column name="gazprom">NULL</column>
            <column name="alfabank">NULL</column>
            <column name="bankmoskvy">NULL</column>
            <column name="raiffeisen">NULL</column>
            <column name="uralsib">NULL</column>
            <column name="rshb">1</column>
        </table>
        <table name="bank">
            <column name="id">3476</column>
            <column name="twitid">497659824453460000</column>
            <column name="date">1407486322</column>
            <column name="name">byvywekebig</column>
            <column name="text">RT @rosbaltru: Канада расширила санкции в отношении России - ВТБ,Россельхозбанк,Банк Москвы и Национальный Коммерческий Банк (РНКБ) http:/…</column>
            <column name="sberbank">NULL</column>
            <column name="vtb">-1</column>
            <column name="gazprom">NULL</column>
            <column name="alfabank">NULL</column>
            <column name="bankmoskvy">-1</column>
            <column name="raiffeisen">NULL</column>
            <column name="uralsib">NULL</column>
            <column name="rshb">-1</column>
        </table>
        <table name="bank">
            <column name="id">3477</column>
            <column name="twitid">497661852390680000</column>
            <column name="date">1407486806</column>
            <column name="name">umenyadrugoitwi</column>
            <column name="text">#iPhone #android Сбербанк сообщил о проведении 11 августа технологических работ  #iPad #Samsung</column>
            <column name="sberbank">0</column>
            <column name="vtb">NULL</column>
            <column name="gazprom">NULL</column>
            <column name="alfabank">NULL</column>
            <column name="bankmoskvy">NULL</column>
            <column name="raiffeisen">NULL</column>
            <column name="uralsib">NULL</column>
            <column name="rshb">NULL</column>
        </table>
        <table name="bank">
            <column name="id">3478</column>
            <column name="twitid">497662744477180000</column>
            <column name="date">1407487019</column>
            <column name="name">EnergoStrana</column>
            <column name="text">«Россети» будут развивать сотрудничество с «Россельхозбанком» и «Ростехом»</column>
            <column name="sberbank">NULL</column>
            <column name="vtb">NULL</column>
            <column name="gazprom">NULL</column>
            <column name="alfabank">NULL</column>
            <column name="bankmoskvy">NULL</column>
            <column name="raiffeisen">NULL</column>
            <column name="uralsib">NULL</column>
            <column name="rshb">0</column>
        </table>
        <table name="bank">
            <column name="id">3479</column>
            <column name="twitid">497663787705450000</column>
            <column name="date">1407487267</column>
            <column name="name">sibbanks</column>
            <column name="text">По состоянию на 4 августа годовой рост ИПЦ замедлился до 7.4% http://t.co/W06qf2008K #втб #ипц #банки</column>
            <column name="sberbank">NULL</column>
            <column name="vtb">0</column>
            <column name="gazprom">NULL</column>
            <column name="alfabank">NULL</column>
            <column name="bankmoskvy">NULL</column>
            <column name="raiffeisen">NULL</column>
            <column name="uralsib">NULL</column>
            <column name="rshb">NULL</column>
        </table>
        <table name="bank">
            <column name="id">3480</column>
            <column name="twitid">497664341723090000</column>
            <column name="date">1407487399</column>
            <column name="name">VDorohov38</column>
            <column name="text">Директор Нижегородского филиала ОАО «Россельхозбанк» встретился с руководством области</column>
            <column name="sberbank">NULL</column>
            <column name="vtb">NULL</column>
            <column name="gazprom">NULL</column>
            <column name="alfabank">NULL</column>
            <column name="bankmoskvy">NULL</column>
            <column name="raiffeisen">NULL</column>
            <column name="uralsib">NULL</column>
            <column name="rshb">0</column>
        </table>
        <table name="bank">
            <column name="id">3481</column>
            <column name="twitid">497668180018760000</column>
            <column name="date">1407488315</column>
            <column name="name">leifyomo</column>
            <column name="text">#N Сбербанк открыл в Пскове 31 офис нового формата</column>
            <column name="sberbank">1</column>
            <column name="vtb">NULL</column>
            <column name="gazprom">NULL</column>
            <column name="alfabank">NULL</column>
            <column name="bankmoskvy">NULL</column>
            <column name="raiffeisen">NULL</column>
            <column name="uralsib">NULL</column>
            <column name="rshb">NULL</column>
        </table>
        <table name="bank">
            <column name="id">3482</column>
            <column name="twitid">497668988126520000</column>
            <column name="date">1407488507</column>
            <column name="name">RuPress</column>
            <column name="text">&quot;Ведомости&quot; Сбербанк предупредил о почти шестичасовых техработах  в ночь на понедельник http://t.co/2zqLEU9Med</column>
            <column name="sberbank">-1</column>
            <column name="vtb">NULL</column>
            <column name="gazprom">NULL</column>
            <column name="alfabank">NULL</column>
            <column name="bankmoskvy">NULL</column>
            <column name="raiffeisen">NULL</column>
            <column name="uralsib">NULL</column>
            <column name="rshb">NULL</column>
        </table>
        <table name="bank">
            <column name="id">3483</column>
            <column name="twitid">497669340272270000</column>
            <column name="date">1407488591</column>
            <column name="name">subshirnas92</column>
            <column name="text">RT @stupatoc48: Сбербанк стал генеральным партнёром хакатона мобильных финансовых сервисов</column>
            <column name="sberbank">0</column>
            <column name="vtb">NULL</column>
            <column name="gazprom">NULL</column>
            <column name="alfabank">NULL</column>
            <column name="bankmoskvy">NULL</column>
            <column name="raiffeisen">NULL</column>
            <column name="uralsib">NULL</column>
            <column name="rshb">NULL</column>
        </table>
        <table name="bank">
            <column name="id">3484</column>
            <column name="twitid">497670183356330000</column>
            <column name="date">1407488792</column>
            <column name="name">NatsuDragonFly</column>
            <column name="text">100% #FollowBack Сбербанк приостановит работу интернет-банка в ночь с 10 на 11 августа  #RT</column>
            <column name="sberbank">-1</column>
            <column name="vtb">NULL</column>
            <column name="gazprom">NULL</column>
            <column name="alfabank">NULL</column>
            <column name="bankmoskvy">NULL</column>
            <column name="raiffeisen">NULL</column>
            <column name="uralsib">NULL</column>
            <column name="rshb">NULL</column>
        </table>
        <table name="bank">
            <column name="id">3485</column>
            <column name="twitid">497670183415060000</column>
            <column name="date">1407488792</column>
            <column name="name">d0min0shka</column>
            <column name="text">#RT Сбербанк приостановит работу интернет-банка в ночь с 10 на 11 августа http://t.co/ksfcJftgX5 #FollowBack #Взаимно</column>
            <column name="sberbank">-1</column>
            <column name="vtb">NULL</column>
            <column name="gazprom">NULL</column>
            <column name="alfabank">NULL</column>
            <column name="bankmoskvy">NULL</column>
            <column name="raiffeisen">NULL</column>
            <column name="uralsib">NULL</column>
            <column name="rshb">NULL</column>
        </table>
        <table name="bank">
            <column name="id">3486</column>
            <column name="twitid">497670183603800000</column>
            <column name="date">1407488792</column>
            <column name="name">it_net_news</column>
            <column name="text">#runews Сбербанк приостановит работу интернет-банка в ночь с 10 на 11 августа  #новости</column>
            <column name="sberbank">-1</column>
            <column name="vtb">NULL</column>
            <column name="gazprom">NULL</column>
            <column name="alfabank">NULL</column>
            <column name="bankmoskvy">NULL</column>
            <column name="raiffeisen">NULL</column>
            <column name="uralsib">NULL</column>
            <column name="rshb">NULL</column>
        </table>
        <table name="bank">
            <column name="id">3487</column>
            <column name="twitid">497670184006450000</column>
            <column name="date">1407488792</column>
            <column name="name">KadyrovOlimjon</column>
            <column name="text">#seo #fyseo_ru Сбербанк приостановит работу интернет-банка в ночь с 10 на 11 августа: Интернет-банк, ба...  #новости #Яндекс</column>
            <column name="sberbank">-1</column>
            <column name="vtb">NULL</column>
            <column name="gazprom">NULL</column>
            <column name="alfabank">NULL</column>
            <column name="bankmoskvy">NULL</column>
            <column name="raiffeisen">NULL</column>
            <column name="uralsib">NULL</column>
            <column name="rshb">NULL</column>
        </table>
        <table name="bank">
            <column name="id">3488</column>
            <column name="twitid">497670184199400000</column>
            <column name="date">1407488792</column>
            <column name="name">_nikakeda</column>
            <column name="text">#RT Сбербанк приостановит работу интернет-банка в ночь с 10 на 11 августа  #followback</column>
            <column name="sberbank">-1</column>
            <column name="vtb">NULL</column>
            <column name="gazprom">NULL</column>
            <column name="alfabank">NULL</column>
            <column name="bankmoskvy">NULL</column>
            <column name="raiffeisen">NULL</column>
            <column name="uralsib">NULL</column>
            <column name="rshb">NULL</column>
        </table>
        <table name="bank">
            <column name="id">3489</column>
            <column name="twitid">497670185994580000</column>
            <column name="date">1407488793</column>
            <column name="name">umenyadrugoitwi</column>
            <column name="text">#iPhone #android Сбербанк приостановит работу интернет-банка в ночь с 10 на 11 августа  #iPad #Samsung</column>
            <column name="sberbank">-1</column>
            <column name="vtb">NULL</column>
            <column name="gazprom">NULL</column>
            <column name="alfabank">NULL</column>
            <column name="bankmoskvy">NULL</column>
            <column name="raiffeisen">NULL</column>
            <column name="uralsib">NULL</column>
            <column name="rshb">NULL</column>
        </table>
        <table name="bank">
            <column name="id">3490</column>
            <column name="twitid">497670850406250000</column>
            <column name="date">1407488951</column>
            <column name="name">rafuxawytos</column>
            <column name="text">банк москвы подать заявку на кредит через интернет http://t.co/d9H44HjAf1</column>
            <column name="sberbank">NULL</column>
            <column name="vtb">NULL</column>
            <column name="gazprom">NULL</column>
            <column name="alfabank">NULL</column>
            <column name="bankmoskvy">0</column>
            <column name="raiffeisen">NULL</column>
            <column name="uralsib">NULL</column>
            <column name="rshb">NULL</column>
        </table>
        <table name="bank">
            <column name="id">3491</column>
            <column name="twitid">497672689662720000</column>
            <column name="date">1407489390</column>
            <column name="name">NVoronin17</column>
            <column name="text">Правительство Канады в среду расширило санкционного списка против РФ, добавив в него, в частности, ВТБ, Россельхозбанк, Банк Москвы и Росси</column>
            <column name="sberbank">NULL</column>
            <column name="vtb">-1</column>
            <column name="gazprom">NULL</column>
            <column name="alfabank">NULL</column>
            <column name="bankmoskvy">-1</column>
            <column name="raiffeisen">NULL</column>
            <column name="uralsib">NULL</column>
            <column name="rshb">-1</column>
        </table>
        <table name="bank">
            <column name="id">3492</column>
            <column name="twitid">497673941599940000</column>
            <column name="date">1407489688</column>
            <column name="name">BrebanYard</column>
            <column name="text">http://t.co/qFcQ9fXfTb Получить потребительский кредит в россельхозбанке</column>
            <column name="sberbank">NULL</column>
            <column name="vtb">NULL</column>
            <column name="gazprom">NULL</column>
            <column name="alfabank">NULL</column>
            <column name="bankmoskvy">NULL</column>
            <column name="raiffeisen">NULL</column>
            <column name="uralsib">NULL</column>
            <column name="rshb">0</column>
        </table>
        <table name="bank">
            <column name="id">3493</column>
            <column name="twitid">497675356670000000</column>
            <column name="date">1407490026</column>
            <column name="name">fufuwyvorud</column>
            <column name="text">ипотечный калькулятор сбербанк тверь http://t.co/DGMFkHEDSB</column>
            <column name="sberbank">0</column>
            <column name="vtb">NULL</column>
            <column name="gazprom">NULL</column>
            <column name="alfabank">NULL</column>
            <column name="bankmoskvy">NULL</column>
            <column name="raiffeisen">NULL</column>
            <column name="uralsib">NULL</column>
            <column name="rshb">NULL</column>
        </table>
        <table name="bank">
            <column name="id">3494</column>
            <column name="twitid">497675885659820000</column>
            <column name="date">1407490152</column>
            <column name="name">GazetaRu_Biz</column>
            <column name="text">Банк Москвы продаст белорусскую &quot;дочку&quot; #бизнес http://t.co/KlI6QsaLW8</column>
            <column name="sberbank">NULL</column>
            <column name="vtb">NULL</column>
            <column name="gazprom">NULL</column>
            <column name="alfabank">NULL</column>
            <column name="bankmoskvy">0</column>
            <column name="raiffeisen">NULL</column>
            <column name="uralsib">NULL</column>
            <column name="rshb">NULL</column>
        </table>
        <table name="bank">
            <column name="id">3495</column>
            <column name="twitid">497677941258460000</column>
            <column name="date">1407490642</column>
            <column name="name">Nikita_Butcher</column>
            <column name="text">#news Сбербанк приостановит работу интернет-банка в ночь с 10 на 11 августа  #жизнь</column>
            <column name="sberbank">-1</column>
            <column name="vtb">NULL</column>
            <column name="gazprom">NULL</column>
            <column name="alfabank">NULL</column>
            <column name="bankmoskvy">NULL</column>
            <column name="raiffeisen">NULL</column>
            <column name="uralsib">NULL</column>
            <column name="rshb">NULL</column>
        </table>
        <table name="bank">
            <column name="id">3496</column>
            <column name="twitid">497678252652400000</column>
            <column name="date">1407490716</column>
            <column name="name">ocoeurr</column>
            <column name="text">&amp;gt;Представители «Автоваз» заявили,что они готовы производить сыры

А ДАВАЙТЕ ЕЩЕ ПОЧТУ РОССИИ И СБЕРБАНК ПОДКЛЮЧИМ,ЧО http://t.co/y1C76fwusr</column>
            <column name="sberbank">--</column>
            <column name="vtb">NULL</column>
            <column name="gazprom">NULL</column>
            <column name="alfabank">NULL</column>
            <column name="bankmoskvy">NULL</column>
            <column name="raiffeisen">NULL</column>
            <column name="uralsib">NULL</column>
            <column name="rshb">NULL</column>
        </table>
        <table name="bank">
            <column name="id">3497</column>
            <column name="twitid">497680622924890000</column>
            <column name="date">1407491281</column>
            <column name="name">ThreeNoo</column>
            <column name="text">Банк Москвы продает белорусский дочерний банк &quot;Банк Москва-Минск&quot;, сообщает ИТАР-ТАСС со ссылкой на банк.

В настоящее время доля Банка М...</column>
            <column name="sberbank">NULL</column>
            <column name="vtb">NULL</column>
            <column name="gazprom">NULL</column>
            <column name="alfabank">NULL</column>
            <column name="bankmoskvy">0</column>
            <column name="raiffeisen">NULL</column>
            <column name="uralsib">NULL</column>
            <column name="rshb">NULL</column>
        </table>
        <table name="bank">
            <column name="id">3498</column>
            <column name="twitid">497681022457110000</column>
            <column name="date">1407491376</column>
            <column name="name">CreditSoc</column>
            <column name="text">Банк Москвы продает свою белорусскую компанию - &quot;Банк Москва-Минск&quot;, передает ИТАР-ТАСС.</column>
            <column name="sberbank">NULL</column>
            <column name="vtb">NULL</column>
            <column name="gazprom">NULL</column>
            <column name="alfabank">NULL</column>
            <column name="bankmoskvy">0</column>
            <column name="raiffeisen">NULL</column>
            <column name="uralsib">NULL</column>
            <column name="rshb">NULL</column>
        </table>
        <table name="bank">
            <column name="id">3499</column>
            <column name="twitid">497681567917940000</column>
            <column name="date">1407491506</column>
            <column name="name">kremlincup_ru</column>
            <column name="text">Новый формат теннисного турнира «Банк Москвы Кубок Кремля»! http://t.co/Nd42ZmjdAf</column>
            <column name="sberbank">NULL</column>
            <column name="vtb">NULL</column>
            <column name="gazprom">NULL</column>
            <column name="alfabank">NULL</column>
            <column name="bankmoskvy">0</column>
            <column name="raiffeisen">NULL</column>
            <column name="uralsib">NULL</column>
            <column name="rshb">NULL</column>
        </table>
        <table name="bank">
            <column name="id">3500</column>
            <column name="twitid">497682145004250000</column>
            <column name="date">1407491644</column>
            <column name="name">zifudimewali</column>
            <column name="text">альфа банк кредит калькулятор втб 24 http://t.co/cXWyMdlxYC</column>
            <column name="sberbank">NULL</column>
            <column name="vtb">0</column>
            <column name="gazprom">NULL</column>
            <column name="alfabank">0</column>
            <column name="bankmoskvy">NULL</column>
            <column name="raiffeisen">NULL</column>
            <column name="uralsib">NULL</column>
            <column name="rshb">NULL</column>
        </table>
    </database>
</pma_xml_export>