<?xml version="1.0" encoding="utf-8"?>
<!--
- phpMyAdmin XML Dump
- version 4.0.4.1
- http://www.phpmyadmin.net
-
- Хост: localhost
- Время создания: Окт 28 2014 г., 09:04
- Версия сервера: 5.6.12
- Версия PHP: 5.5.3
-->

<pma_xml_export version="1.0" xmlns:pma="http://www.phpmyadmin.net/some_doc_url/">
    <!--
    - Structure schemas
    -->
    <pma:structure_schemas>
        <pma:database name="Romip" collation="utf8_general_ci" charset="utf8">
            <pma:table name="bank">
                CREATE TABLE `bank` (
                  `id` int(11) NOT NULL AUTO_INCREMENT,
                  `twitid` bigint(32) NOT NULL DEFAULT '0',
                  `date` varchar(128) DEFAULT NULL,
                  `name` varchar(128) DEFAULT NULL,
                  `text` varchar(256) DEFAULT NULL,
                  `sberbank` int(11) DEFAULT NULL,
                  `vtb` int(11) DEFAULT NULL,
                  `gazprom` int(11) DEFAULT NULL,
                  `alfabank` int(11) DEFAULT NULL,
                  `bankmoskvy` int(11) DEFAULT NULL,
                  `raiffeisen` int(11) DEFAULT NULL,
                  `uralsib` int(11) DEFAULT NULL,
                  `rshb` int(11) DEFAULT NULL,
                  PRIMARY KEY (`id`),
                  UNIQUE KEY `id` (`twitid`)
                ) ENGINE=InnoDB AUTO_INCREMENT=7924 DEFAULT CHARSET=utf8;
            </pma:table>
        </pma:database>
    </pma:structure_schemas>

    <!--
    - База данных: 'Romip'
    -->
    <database name="Romip">
        <!-- Таблица bank -->
        <table name="bank">
            <column name="id">1901</column>
            <column name="twitid">494826540270490000</column>
            <column name="date">1406810815</column>
            <column name="name">MarianneWoodal1</column>
            <column name="text">Sberbank Investment Research: «Северсталь» опубликовала ожидаемо хорошую финансовую отчетность за II квартал 2014г</column>
            <column name="sberbank">0</column>
            <column name="vtb">NULL</column>
            <column name="gazprom">NULL</column>
            <column name="alfabank">NULL</column>
            <column name="bankmoskvy">NULL</column>
            <column name="raiffeisen">NULL</column>
            <column name="uralsib">NULL</column>
            <column name="rshb">NULL</column>
        </table>
        <table name="bank">
            <column name="id">1902</column>
            <column name="twitid">494827483494380000</column>
            <column name="date">1406811040</column>
            <column name="name">Kuzen4ik</column>
            <column name="text">@shtorkin я через мобильный банк оплачиваю, сбер не спрашивает оператора</column>
            <column name="sberbank">0</column>
            <column name="vtb">NULL</column>
            <column name="gazprom">NULL</column>
            <column name="alfabank">NULL</column>
            <column name="bankmoskvy">NULL</column>
            <column name="raiffeisen">NULL</column>
            <column name="uralsib">NULL</column>
            <column name="rshb">NULL</column>
        </table>
        <table name="bank">
            <column name="id">1903</column>
            <column name="twitid">494830013183980000</column>
            <column name="date">1406811643</column>
            <column name="name">moqohuwuc</column>
            <column name="text">Досрочное полное погашение кредита сбербанк http://t.co/TZHjqiDuG8</column>
            <column name="sberbank">0</column>
            <column name="vtb">NULL</column>
            <column name="gazprom">NULL</column>
            <column name="alfabank">NULL</column>
            <column name="bankmoskvy">NULL</column>
            <column name="raiffeisen">NULL</column>
            <column name="uralsib">NULL</column>
            <column name="rshb">NULL</column>
        </table>
        <table name="bank">
            <column name="id">1904</column>
            <column name="twitid">494831481509130000</column>
            <column name="date">1406811993</column>
            <column name="name">pyxaxyxeh</column>
            <column name="text">Кредитный калькулятор ипотечный сбербанк http://t.co/aclWCRJVn2</column>
            <column name="sberbank">0</column>
            <column name="vtb">NULL</column>
            <column name="gazprom">NULL</column>
            <column name="alfabank">NULL</column>
            <column name="bankmoskvy">NULL</column>
            <column name="raiffeisen">NULL</column>
            <column name="uralsib">NULL</column>
            <column name="rshb">NULL</column>
        </table>
        <table name="bank">
            <column name="id">1905</column>
            <column name="twitid">494833307281270000</column>
            <column name="date">1406812428</column>
            <column name="name">DBagrov51</column>
            <column name="text">&quot;Банк Москвы&quot; перестал быть генеральным спонсором &quot;Амкара&quot;. Президент пермского клуба Геннадий Шилов сообщил, что банк остался спонсором кл</column>
            <column name="sberbank">NULL</column>
            <column name="vtb">NULL</column>
            <column name="gazprom">NULL</column>
            <column name="alfabank">NULL</column>
            <column name="bankmoskvy">0</column>
            <column name="raiffeisen">NULL</column>
            <column name="uralsib">NULL</column>
            <column name="rshb">NULL</column>
        </table>
        <table name="bank">
            <column name="id">1906</column>
            <column name="twitid">494833354093900000</column>
            <column name="date">1406812439</column>
            <column name="name">riceGholst</column>
            <column name="text">http://t.co/BRLqNK0w3V Как оформить кредит в россельхозбанк</column>
            <column name="sberbank">NULL</column>
            <column name="vtb">NULL</column>
            <column name="gazprom">NULL</column>
            <column name="alfabank">NULL</column>
            <column name="bankmoskvy">NULL</column>
            <column name="raiffeisen">NULL</column>
            <column name="uralsib">NULL</column>
            <column name="rshb">0</column>
        </table>
        <table name="bank">
            <column name="id">1907</column>
            <column name="twitid">494835368177700000</column>
            <column name="date">1406812920</column>
            <column name="name">cehtrowim</column>
            <column name="text">http://t.co/kjkOoQhVV5 Хочу взять кредит в россельхозбанке</column>
            <column name="sberbank">NULL</column>
            <column name="vtb">NULL</column>
            <column name="gazprom">NULL</column>
            <column name="alfabank">NULL</column>
            <column name="bankmoskvy">NULL</column>
            <column name="raiffeisen">NULL</column>
            <column name="uralsib">NULL</column>
            <column name="rshb">0</column>
        </table>
        <table name="bank">
            <column name="id">1908</column>
            <column name="twitid">494837826136330000</column>
            <column name="date">1406813506</column>
            <column name="name">doradoSu</column>
            <column name="text">http://t.co/YjlmSpGwYg Взять кредит в альфа банке саратов</column>
            <column name="sberbank">NULL</column>
            <column name="vtb">NULL</column>
            <column name="gazprom">NULL</column>
            <column name="alfabank">0</column>
            <column name="bankmoskvy">NULL</column>
            <column name="raiffeisen">NULL</column>
            <column name="uralsib">NULL</column>
            <column name="rshb">NULL</column>
        </table>
        <table name="bank">
            <column name="id">1909</column>
            <column name="twitid">494837968189010000</column>
            <column name="date">1406813539</column>
            <column name="name">wujoponoqov</column>
            <column name="text">Кредит в райффайзен банк http://t.co/bv3jjPuu3B</column>
            <column name="sberbank">NULL</column>
            <column name="vtb">NULL</column>
            <column name="gazprom">NULL</column>
            <column name="alfabank">NULL</column>
            <column name="bankmoskvy">NULL</column>
            <column name="raiffeisen">0</column>
            <column name="uralsib">NULL</column>
            <column name="rshb">NULL</column>
        </table>
        <table name="bank">
            <column name="id">1910</column>
            <column name="twitid">494838673007840000</column>
            <column name="date">1406813707</column>
            <column name="name">qtitozooq</column>
            <column name="text">образец обращения в сбербанк о мошенничестве http://t.co/EffXIjyFm8 #сбербанк #мошенничестве</column>
            <column name="sberbank">0</column>
            <column name="vtb">NULL</column>
            <column name="gazprom">NULL</column>
            <column name="alfabank">NULL</column>
            <column name="bankmoskvy">NULL</column>
            <column name="raiffeisen">NULL</column>
            <column name="uralsib">NULL</column>
            <column name="rshb">NULL</column>
        </table>
        <table name="bank">
            <column name="id">1911</column>
            <column name="twitid">494839524330320000</column>
            <column name="date">1406813910</column>
            <column name="name">mpaklok1</column>
            <column name="text">Заявление анкета кредита сбербанк россии http://t.co/Jjgd4Wgfhx</column>
            <column name="sberbank">0</column>
            <column name="vtb">NULL</column>
            <column name="gazprom">NULL</column>
            <column name="alfabank">NULL</column>
            <column name="bankmoskvy">NULL</column>
            <column name="raiffeisen">NULL</column>
            <column name="uralsib">NULL</column>
            <column name="rshb">NULL</column>
        </table>
        <table name="bank">
            <column name="id">1912</column>
            <column name="twitid">494840923982160000</column>
            <column name="date">1406814244</column>
            <column name="name">colijerkres</column>
            <column name="text">Россельхозбанк заявил, что санкции ЕС и США не повлияют на его работу</column>
            <column name="sberbank">NULL</column>
            <column name="vtb">NULL</column>
            <column name="gazprom">NULL</column>
            <column name="alfabank">NULL</column>
            <column name="bankmoskvy">NULL</column>
            <column name="raiffeisen">NULL</column>
            <column name="uralsib">NULL</column>
            <column name="rshb">0</column>
        </table>
        <table name="bank">
            <column name="id">1913</column>
            <column name="twitid">494841475965120000</column>
            <column name="date">1406814376</column>
            <column name="name">cristinasjknuds</column>
            <column name="text">Кредит россельхозбанк в кирове http://t.co/kse3tbkige</column>
            <column name="sberbank">NULL</column>
            <column name="vtb">NULL</column>
            <column name="gazprom">NULL</column>
            <column name="alfabank">NULL</column>
            <column name="bankmoskvy">NULL</column>
            <column name="raiffeisen">NULL</column>
            <column name="uralsib">NULL</column>
            <column name="rshb">0</column>
        </table>
        <table name="bank">
            <column name="id">1914</column>
            <column name="twitid">494842560154600000</column>
            <column name="date">1406814634</column>
            <column name="name">annabarancova</column>
            <column name="text">ДЕЛО -  Банк Москвы может присоединиться к украинской &quot;дочке&quot; ВТБ</column>
            <column name="sberbank">NULL</column>
            <column name="vtb">0</column>
            <column name="gazprom">NULL</column>
            <column name="alfabank">NULL</column>
            <column name="bankmoskvy">0</column>
            <column name="raiffeisen">NULL</column>
            <column name="uralsib">NULL</column>
            <column name="rshb">NULL</column>
        </table>
        <table name="bank">
            <column name="id">1915</column>
            <column name="twitid">494843047365310000</column>
            <column name="date">1406814750</column>
            <column name="name">cher_ven</column>
            <column name="text">RT @max_katz: На точке нельзя передать деньги наличными, можно вместе со сборщиком сходить в Сбербанк рядом. Многие это делают, что немного…</column>
            <column name="sberbank">0</column>
            <column name="vtb">NULL</column>
            <column name="gazprom">NULL</column>
            <column name="alfabank">NULL</column>
            <column name="bankmoskvy">NULL</column>
            <column name="raiffeisen">NULL</column>
            <column name="uralsib">NULL</column>
            <column name="rshb">NULL</column>
        </table>
        <table name="bank">
            <column name="id">1916</column>
            <column name="twitid">494843289930310000</column>
            <column name="date">1406814808</column>
            <column name="name">inaplomhad</column>
            <column name="text">http://t.co/IcWu1dz7Ef Получить кредит через интернет в альфа банке</column>
            <column name="sberbank">NULL</column>
            <column name="vtb">NULL</column>
            <column name="gazprom">NULL</column>
            <column name="alfabank">0</column>
            <column name="bankmoskvy">NULL</column>
            <column name="raiffeisen">NULL</column>
            <column name="uralsib">NULL</column>
            <column name="rshb">NULL</column>
        </table>
        <table name="bank">
            <column name="id">1917</column>
            <column name="twitid">494846096729200000</column>
            <column name="date">1406815477</column>
            <column name="name">uroborosus66</column>
            <column name="text">Санкции ударили по футболистам. Банк Москвы перестал быть генеральным спонсором клуба Амкар.</column>
            <column name="sberbank">NULL</column>
            <column name="vtb">NULL</column>
            <column name="gazprom">NULL</column>
            <column name="alfabank">NULL</column>
            <column name="bankmoskvy">-1</column>
            <column name="raiffeisen">NULL</column>
            <column name="uralsib">NULL</column>
            <column name="rshb">NULL</column>
        </table>
        <table name="bank">
            <column name="id">1918</column>
            <column name="twitid">494847048932680000</column>
            <column name="date">1406815704</column>
            <column name="name">skelawtopa</column>
            <column name="text">Кредитные карты втб 24 краснодар http://t.co/XI3YlgZZSW</column>
            <column name="sberbank">NULL</column>
            <column name="vtb">0</column>
            <column name="gazprom">NULL</column>
            <column name="alfabank">NULL</column>
            <column name="bankmoskvy">NULL</column>
            <column name="raiffeisen">NULL</column>
            <column name="uralsib">NULL</column>
            <column name="rshb">NULL</column>
        </table>
        <table name="bank">
            <column name="id">1919</column>
            <column name="twitid">494848344519630000</column>
            <column name="date">1406816013</column>
            <column name="name">myrrsanbytel198</column>
            <column name="text">Внешпромбанк и Сбербанк проведут выплаты вкладчикам Ауэрбанка и Юникорбанка</column>
            <column name="sberbank">1</column>
            <column name="vtb">NULL</column>
            <column name="gazprom">NULL</column>
            <column name="alfabank">NULL</column>
            <column name="bankmoskvy">NULL</column>
            <column name="raiffeisen">NULL</column>
            <column name="uralsib">NULL</column>
            <column name="rshb">NULL</column>
        </table>
        <table name="bank">
            <column name="id">1920</column>
            <column name="twitid">494849384275010000</column>
            <column name="date">1406816261</column>
            <column name="name">ndonerEdel</column>
            <column name="text">http://t.co/Je5zrrRpgT Сбербанк оформить кредит наличными</column>
            <column name="sberbank">0</column>
            <column name="vtb">NULL</column>
            <column name="gazprom">NULL</column>
            <column name="alfabank">NULL</column>
            <column name="bankmoskvy">NULL</column>
            <column name="raiffeisen">NULL</column>
            <column name="uralsib">NULL</column>
            <column name="rshb">NULL</column>
        </table>
        <table name="bank">
            <column name="id">1921</column>
            <column name="twitid">494851214262010000</column>
            <column name="date">1406816698</column>
            <column name="name">tiaqsipee</column>
            <column name="text">http://t.co/ZS3lpbEM9G автокредит сбербанк процентная ставка 2014</column>
            <column name="sberbank">0</column>
            <column name="vtb">NULL</column>
            <column name="gazprom">NULL</column>
            <column name="alfabank">NULL</column>
            <column name="bankmoskvy">NULL</column>
            <column name="raiffeisen">NULL</column>
            <column name="uralsib">NULL</column>
            <column name="rshb">NULL</column>
        </table>
        <table name="bank">
            <column name="id">1922</column>
            <column name="twitid">494851405338120000</column>
            <column name="date">1406816743</column>
            <column name="name">accoocawebkax</column>
            <column name="text">http://t.co/dy3GE2LirA отзыв банк москвы кредит</column>
            <column name="sberbank">NULL</column>
            <column name="vtb">NULL</column>
            <column name="gazprom">NULL</column>
            <column name="alfabank">NULL</column>
            <column name="bankmoskvy">0</column>
            <column name="raiffeisen">NULL</column>
            <column name="uralsib">NULL</column>
            <column name="rshb">NULL</column>
        </table>
        <table name="bank">
            <column name="id">1923</column>
            <column name="twitid">494854108252470000</column>
            <column name="date">1406817388</column>
            <column name="name">fugeqoduz</column>
            <column name="text">Банк втб 24 ульяновск кредит http://t.co/2w55M7tbkH</column>
            <column name="sberbank">NULL</column>
            <column name="vtb">0</column>
            <column name="gazprom">NULL</column>
            <column name="alfabank">NULL</column>
            <column name="bankmoskvy">NULL</column>
            <column name="raiffeisen">NULL</column>
            <column name="uralsib">NULL</column>
            <column name="rshb">NULL</column>
        </table>
        <table name="bank">
            <column name="id">1924</column>
            <column name="twitid">494855485107880000</column>
            <column name="date">1406817716</column>
            <column name="name">Tenerezza27</column>
            <column name="text">Новости банков: Банк Москвы подвел итоги первых недель использования городского проката велосипедов «Велобайк»  #банки #кредиты</column>
            <column name="sberbank">NULL</column>
            <column name="vtb">NULL</column>
            <column name="gazprom">NULL</column>
            <column name="alfabank">NULL</column>
            <column name="bankmoskvy">0</column>
            <column name="raiffeisen">NULL</column>
            <column name="uralsib">NULL</column>
            <column name="rshb">NULL</column>
        </table>
        <table name="bank">
            <column name="id">1925</column>
            <column name="twitid">494855536915940000</column>
            <column name="date">1406817728</column>
            <column name="name">abdousnaniching</column>
            <column name="text">http://t.co/gcuMaFaPmj банк москвы проценты по кредиту</column>
            <column name="sberbank">NULL</column>
            <column name="vtb">NULL</column>
            <column name="gazprom">NULL</column>
            <column name="alfabank">NULL</column>
            <column name="bankmoskvy">0</column>
            <column name="raiffeisen">NULL</column>
            <column name="uralsib">NULL</column>
            <column name="rshb">NULL</column>
        </table>
        <table name="bank">
            <column name="id">1926</column>
            <column name="twitid">494856219996490000</column>
            <column name="date">1406817891</column>
            <column name="name">emaineFulo</column>
            <column name="text">http://t.co/zQWLndcaRH Альфа банк оформить заявку на кредит без залога</column>
            <column name="sberbank">NULL</column>
            <column name="vtb">NULL</column>
            <column name="gazprom">NULL</column>
            <column name="alfabank">0</column>
            <column name="bankmoskvy">NULL</column>
            <column name="raiffeisen">NULL</column>
            <column name="uralsib">NULL</column>
            <column name="rshb">NULL</column>
        </table>
        <table name="bank">
            <column name="id">1927</column>
            <column name="twitid">494856359398350000</column>
            <column name="date">1406817924</column>
            <column name="name">riceGholst</column>
            <column name="text">http://t.co/Brdwa1l6cU Россельхозбанквзять кредит в москве без регистрации</column>
            <column name="sberbank">NULL</column>
            <column name="vtb">NULL</column>
            <column name="gazprom">NULL</column>
            <column name="alfabank">NULL</column>
            <column name="bankmoskvy">NULL</column>
            <column name="raiffeisen">NULL</column>
            <column name="uralsib">NULL</column>
            <column name="rshb">0</column>
        </table>
        <table name="bank">
            <column name="id">1928</column>
            <column name="twitid">494857140323230000</column>
            <column name="date">1406818110</column>
            <column name="name">hihyxinup</column>
            <column name="text">Райффайзен банк аваль возобновляет кредитование физических лиц http://t.co/vVBippfa7T</column>
            <column name="sberbank">NULL</column>
            <column name="vtb">NULL</column>
            <column name="gazprom">NULL</column>
            <column name="alfabank">NULL</column>
            <column name="bankmoskvy">NULL</column>
            <column name="raiffeisen">1</column>
            <column name="uralsib">NULL</column>
            <column name="rshb">NULL</column>
        </table>
        <table name="bank">
            <column name="id">1929</column>
            <column name="twitid">494858022230160000</column>
            <column name="date">1406818321</column>
            <column name="name">wogixelkas</column>
            <column name="text">http://t.co/kRoWBqTjed Получить кредит в альфа банке сентябрь 2012</column>
            <column name="sberbank">NULL</column>
            <column name="vtb">NULL</column>
            <column name="gazprom">NULL</column>
            <column name="alfabank">0</column>
            <column name="bankmoskvy">NULL</column>
            <column name="raiffeisen">NULL</column>
            <column name="uralsib">NULL</column>
            <column name="rshb">NULL</column>
        </table>
        <table name="bank">
            <column name="id">1930</column>
            <column name="twitid">494858834490300000</column>
            <column name="date">1406818514</column>
            <column name="name">B0SS111</column>
            <column name="text">RT @ru_rbc: Сбербанк легко переживет секторальные санкции ЕС
http://t.co/U06qCj09U8</column>
            <column name="sberbank">-1</column>
            <column name="vtb">NULL</column>
            <column name="gazprom">NULL</column>
            <column name="alfabank">NULL</column>
            <column name="bankmoskvy">NULL</column>
            <column name="raiffeisen">NULL</column>
            <column name="uralsib">NULL</column>
            <column name="rshb">NULL</column>
        </table>
        <table name="bank">
            <column name="id">1931</column>
            <column name="twitid">494859155279460000</column>
            <column name="date">1406818591</column>
            <column name="name">keithalzohare</column>
            <column name="text">Райфайзен банк адрес кредиты http://t.co/X4EpQUd6uB</column>
            <column name="sberbank">NULL</column>
            <column name="vtb">NULL</column>
            <column name="gazprom">NULL</column>
            <column name="alfabank">NULL</column>
            <column name="bankmoskvy">NULL</column>
            <column name="raiffeisen">0</column>
            <column name="uralsib">NULL</column>
            <column name="rshb">NULL</column>
        </table>
        <table name="bank">
            <column name="id">1932</column>
            <column name="twitid">494859201295190000</column>
            <column name="date">1406818602</column>
            <column name="name">nugogamilen</column>
            <column name="text">Кредит в альфа банке на год http://t.co/x2YboGpSNW</column>
            <column name="sberbank">NULL</column>
            <column name="vtb">NULL</column>
            <column name="gazprom">NULL</column>
            <column name="alfabank">0</column>
            <column name="bankmoskvy">NULL</column>
            <column name="raiffeisen">NULL</column>
            <column name="uralsib">NULL</column>
            <column name="rshb">NULL</column>
        </table>
        <table name="bank">
            <column name="id">1933</column>
            <column name="twitid">494859338788260000</column>
            <column name="date">1406818635</column>
            <column name="name">twicagayo</column>
            <column name="text">Банк Москвы может присоединить украинскую &quot;дочку&quot; к украинскому&amp;amp;#8230;</column>
            <column name="sberbank">NULL</column>
            <column name="vtb">NULL</column>
            <column name="gazprom">NULL</column>
            <column name="alfabank">NULL</column>
            <column name="bankmoskvy">0</column>
            <column name="raiffeisen">NULL</column>
            <column name="uralsib">NULL</column>
            <column name="rshb">NULL</column>
        </table>
        <table name="bank">
            <column name="id">1934</column>
            <column name="twitid">494859471156290000</column>
            <column name="date">1406818666</column>
            <column name="name">worldnewsday</column>
            <column name="text">[РБК]: Сбербанк легко переживет секторальные санкции ЕС http://t.co/DGJUzCh0MW]</column>
            <column name="sberbank">0</column>
            <column name="vtb">NULL</column>
            <column name="gazprom">NULL</column>
            <column name="alfabank">NULL</column>
            <column name="bankmoskvy">NULL</column>
            <column name="raiffeisen">NULL</column>
            <column name="uralsib">NULL</column>
            <column name="rshb">NULL</column>
        </table>
        <table name="bank">
            <column name="id">1935</column>
            <column name="twitid">494860444331700000</column>
            <column name="date">1406818898</column>
            <column name="name">dorogi51</column>
            <column name="text">RT @Koshkir: #дороги51 Ленина поворот к сбер банку #ДТП мазда и пригородный автобус затруднено движение 18:50 http://t.co/L9NWk4fo8B</column>
            <column name="sberbank">--</column>
            <column name="vtb">NULL</column>
            <column name="gazprom">NULL</column>
            <column name="alfabank">NULL</column>
            <column name="bankmoskvy">NULL</column>
            <column name="raiffeisen">NULL</column>
            <column name="uralsib">NULL</column>
            <column name="rshb">NULL</column>
        </table>
        <table name="bank">
            <column name="id">1936</column>
            <column name="twitid">494860766873680000</column>
            <column name="date">1406818975</column>
            <column name="name">TutaZen</column>
            <column name="text">Под новые санкции ЕС попадают Сбербанк, ВТБ, Газромбанк, Внешэкономбанк, Россельхозбанк - Официальный журнал ЕС.</column>
            <column name="sberbank">-1</column>
            <column name="vtb">-1</column>
            <column name="gazprom">NULL</column>
            <column name="alfabank">NULL</column>
            <column name="bankmoskvy">NULL</column>
            <column name="raiffeisen">NULL</column>
            <column name="uralsib">NULL</column>
            <column name="rshb">-1</column>
        </table>
        <table name="bank">
            <column name="id">1937</column>
            <column name="twitid">494861094771780000</column>
            <column name="date">1406819053</column>
            <column name="name">gladkovskayana1</column>
            <column name="text">Колькулятор кредит в банк уралсиб краснодар http://t.co/ApvZkvZCol</column>
            <column name="sberbank">NULL</column>
            <column name="vtb">NULL</column>
            <column name="gazprom">NULL</column>
            <column name="alfabank">NULL</column>
            <column name="bankmoskvy">NULL</column>
            <column name="raiffeisen">NULL</column>
            <column name="uralsib">0</column>
            <column name="rshb">NULL</column>
        </table>
        <table name="bank">
            <column name="id">1938</column>
            <column name="twitid">494861324657000000</column>
            <column name="date">1406819108</column>
            <column name="name">mixRUnews</column>
            <column name="text">ЕС ограничил доступ к рынкам капитала для банков РФ, включая Сбербанк http://t.co/QKLkd7PmKm #РИА</column>
            <column name="sberbank">-1</column>
            <column name="vtb">NULL</column>
            <column name="gazprom">NULL</column>
            <column name="alfabank">NULL</column>
            <column name="bankmoskvy">NULL</column>
            <column name="raiffeisen">NULL</column>
            <column name="uralsib">NULL</column>
            <column name="rshb">NULL</column>
        </table>
        <table name="bank">
            <column name="id">1939</column>
            <column name="twitid">494861686034430000</column>
            <column name="date">1406819194</column>
            <column name="name">ludmila1348</column>
            <column name="text">RT @akselenc: Под новые санкции ЕС попадают Сбербанк, ВТБ, Газромбанк, Внешэкономбанк, Россельхозбанк - Официальный журнал ЕС</column>
            <column name="sberbank">-1</column>
            <column name="vtb">-1</column>
            <column name="gazprom">NULL</column>
            <column name="alfabank">NULL</column>
            <column name="bankmoskvy">NULL</column>
            <column name="raiffeisen">NULL</column>
            <column name="uralsib">NULL</column>
            <column name="rshb">-1</column>
        </table>
        <table name="bank">
            <column name="id">1940</column>
            <column name="twitid">494862185911180000</column>
            <column name="date">1406819313</column>
            <column name="name">ACJPT</column>
            <column name="text">RT @VasilyKonov: Н-да: ЕС ОГРАНИЧИЛ ДОСТУП К РЫНКАМ КАПИТАЛА ДЛЯ СБЕРБАНКА, ВТБ, ГАЗПРОМБАНКА, ВНЕШЭКОНОМБАНКА, РОССЕЛЬХОЗБАНКА - ОФИЦИАЛЬНО</column>
            <column name="sberbank">-1</column>
            <column name="vtb">-1</column>
            <column name="gazprom">-1</column>
            <column name="alfabank">NULL</column>
            <column name="bankmoskvy">NULL</column>
            <column name="raiffeisen">NULL</column>
            <column name="uralsib">NULL</column>
            <column name="rshb">-1</column>
        </table>
        <table name="bank">
            <column name="id">1941</column>
            <column name="twitid">494862364483650000</column>
            <column name="date">1406819356</column>
            <column name="name">dengisrochno</column>
            <column name="text">Банк Москвы не исключает слияния своей украинской - http://t.co/ZAxZmtjtxH</column>
            <column name="sberbank">NULL</column>
            <column name="vtb">NULL</column>
            <column name="gazprom">NULL</column>
            <column name="alfabank">NULL</column>
            <column name="bankmoskvy">0</column>
            <column name="raiffeisen">NULL</column>
            <column name="uralsib">NULL</column>
            <column name="rshb">NULL</column>
        </table>
        <table name="bank">
            <column name="id">1942</column>
            <column name="twitid">494862505022600000</column>
            <column name="date">1406819389</column>
            <column name="name">laaarinnn</column>
            <column name="text">RT @lifenews_ru: ЕС ввел санкции против Сбербанка, ВТБ, Газромбанка, Внешэкономбанка и Россельхозбанка
http://t.co/mBhF0uzoxE</column>
            <column name="sberbank">-1</column>
            <column name="vtb">-1</column>
            <column name="gazprom">NULL</column>
            <column name="alfabank">NULL</column>
            <column name="bankmoskvy">NULL</column>
            <column name="raiffeisen">NULL</column>
            <column name="uralsib">NULL</column>
            <column name="rshb">-1</column>
        </table>
        <table name="bank">
            <column name="id">1943</column>
            <column name="twitid">494862547137220000</column>
            <column name="date">1406819400</column>
            <column name="name">xukycocarut</column>
            <column name="text">Кредит на свадьбу в втб 24 http://t.co/0OGbZNtvOm</column>
            <column name="sberbank">NULL</column>
            <column name="vtb">0</column>
            <column name="gazprom">NULL</column>
            <column name="alfabank">NULL</column>
            <column name="bankmoskvy">NULL</column>
            <column name="raiffeisen">NULL</column>
            <column name="uralsib">NULL</column>
            <column name="rshb">NULL</column>
        </table>
        <table name="bank">
            <column name="id">1944</column>
            <column name="twitid">494862778705120000</column>
            <column name="date">1406819455</column>
            <column name="name">LEYLA_RAYN</column>
            <column name="text">RT @rrubanov: Теперь под санкциями ЕС — Сбербанк, ВТБ, Газпромбанк, Россельхозбанк, Внешэкономбанк http://t.co/4hTVJp6URh</column>
            <column name="sberbank">-1</column>
            <column name="vtb">-1</column>
            <column name="gazprom">-1</column>
            <column name="alfabank">NULL</column>
            <column name="bankmoskvy">NULL</column>
            <column name="raiffeisen">NULL</column>
            <column name="uralsib">NULL</column>
            <column name="rshb">-1</column>
        </table>
        <table name="bank">
            <column name="id">1945</column>
            <column name="twitid">494863183211790000</column>
            <column name="date">1406819551</column>
            <column name="name">hubaat557946</column>
            <column name="text">Россельхозбанк может обратиться за помощью из-за санкций Сегодня, 30 июля 2014 года, член наблюдательного совета ОАО</column>
            <column name="sberbank">NULL</column>
            <column name="vtb">NULL</column>
            <column name="gazprom">NULL</column>
            <column name="alfabank">NULL</column>
            <column name="bankmoskvy">NULL</column>
            <column name="raiffeisen">NULL</column>
            <column name="uralsib">NULL</column>
            <column name="rshb">-1</column>
        </table>
        <table name="bank">
            <column name="id">1946</column>
            <column name="twitid">494863333351120000</column>
            <column name="date">1406819587</column>
            <column name="name">Strannik_REB45</column>
            <column name="text">RT @kommersant: Под новые санкции Евросоюза попали Сбербанк, ВТБ, Газромбанк, Внешэкономбанк, Россельхозбанк http://t.co/LMjdGBKPpB</column>
            <column name="sberbank">-1</column>
            <column name="vtb">-1</column>
            <column name="gazprom">NULL</column>
            <column name="alfabank">NULL</column>
            <column name="bankmoskvy">NULL</column>
            <column name="raiffeisen">NULL</column>
            <column name="uralsib">NULL</column>
            <column name="rshb">-1</column>
        </table>
        <table name="bank">
            <column name="id">1947</column>
            <column name="twitid">494863608476860000</column>
            <column name="date">1406819653</column>
            <column name="name">rocorugo</column>
            <column name="text">Россельхозбанк не выда т кредиты на закупку иностарнной http://t.co/ujCotg0iNo</column>
            <column name="sberbank">NULL</column>
            <column name="vtb">NULL</column>
            <column name="gazprom">NULL</column>
            <column name="alfabank">NULL</column>
            <column name="bankmoskvy">NULL</column>
            <column name="raiffeisen">NULL</column>
            <column name="uralsib">NULL</column>
            <column name="rshb">-1</column>
        </table>
        <table name="bank">
            <column name="id">1948</column>
            <column name="twitid">494863657919320000</column>
            <column name="date">1406819664</column>
            <column name="name">fixugiwiqys</column>
            <column name="text">Оплатить хоум кредит через сбербанк http://t.co/ZDMBjEPggd</column>
            <column name="sberbank">0</column>
            <column name="vtb">NULL</column>
            <column name="gazprom">NULL</column>
            <column name="alfabank">NULL</column>
            <column name="bankmoskvy">NULL</column>
            <column name="raiffeisen">NULL</column>
            <column name="uralsib">NULL</column>
            <column name="rshb">NULL</column>
        </table>
        <table name="bank">
            <column name="id">1949</column>
            <column name="twitid">494864755958780000</column>
            <column name="date">1406819926</column>
            <column name="name">zighem1</column>
            <column name="text">RT @RT_russian: ЕС ограничил доступ к рынкам капитала для Сбербанка, ВТБ, Газпромбанка, Внешэкономбанка, Россельхозбанка http://t.co/EiAyvB…</column>
            <column name="sberbank">-1</column>
            <column name="vtb">-1</column>
            <column name="gazprom">-1</column>
            <column name="alfabank">NULL</column>
            <column name="bankmoskvy">NULL</column>
            <column name="raiffeisen">NULL</column>
            <column name="uralsib">NULL</column>
            <column name="rshb">-1</column>
        </table>
        <table name="bank">
            <column name="id">1950</column>
            <column name="twitid">494865126537720000</column>
            <column name="date">1406820014</column>
            <column name="name">tersonSir</column>
            <column name="text">втб 24 челябинск бланк анкета на потребительский кредит в залог недвижи http://t.co/oFodNdCxcz #втб #недвижи</column>
            <column name="sberbank">NULL</column>
            <column name="vtb">0</column>
            <column name="gazprom">NULL</column>
            <column name="alfabank">NULL</column>
            <column name="bankmoskvy">NULL</column>
            <column name="raiffeisen">NULL</column>
            <column name="uralsib">NULL</column>
            <column name="rshb">NULL</column>
        </table>
        <table name="bank">
            <column name="id">1951</column>
            <column name="twitid">494865128282930000</column>
            <column name="date">1406820015</column>
            <column name="name">etutamyhs</column>
            <column name="text">http://t.co/E7yOpckomN Кредит Оформить В Альфа Банке - Video Dailymotion</column>
            <column name="sberbank">NULL</column>
            <column name="vtb">NULL</column>
            <column name="gazprom">NULL</column>
            <column name="alfabank">0</column>
            <column name="bankmoskvy">NULL</column>
            <column name="raiffeisen">NULL</column>
            <column name="uralsib">NULL</column>
            <column name="rshb">NULL</column>
        </table>
        <table name="bank">
            <column name="id">1952</column>
            <column name="twitid">494865311091690000</column>
            <column name="date">1406820058</column>
            <column name="name">reuters_russia</column>
            <column name="text">ЕС ограничил доступ к рынкам капитала Сбербанку, ВТБ, Газпромбанку, ВЭБу, Россельхозбанку</column>
            <column name="sberbank">-1</column>
            <column name="vtb">-1</column>
            <column name="gazprom">-1</column>
            <column name="alfabank">NULL</column>
            <column name="bankmoskvy">NULL</column>
            <column name="raiffeisen">NULL</column>
            <column name="uralsib">NULL</column>
            <column name="rshb">-1</column>
        </table>
        <table name="bank">
            <column name="id">1953</column>
            <column name="twitid">494865489420890000</column>
            <column name="date">1406820101</column>
            <column name="name">nen_na</column>
            <column name="text">RT @Varfolomeev: Под новые санкции ЕС попадают Сбербанк, ВТБ, Газромбанк, Внешэкономбанк, Россельхозбанк - Официальный журнал ЕС (ТАСС).</column>
            <column name="sberbank">-1</column>
            <column name="vtb">-1</column>
            <column name="gazprom">NULL</column>
            <column name="alfabank">NULL</column>
            <column name="bankmoskvy">NULL</column>
            <column name="raiffeisen">NULL</column>
            <column name="uralsib">NULL</column>
            <column name="rshb">-1</column>
        </table>
        <table name="bank">
            <column name="id">1954</column>
            <column name="twitid">494865589115300000</column>
            <column name="date">1406820125</column>
            <column name="name">art_lebed</column>
            <column name="text">RT @toprbcru: Сбербанк легко переживет секторальные санкции ЕС http://t.co/9ELBQskmEO</column>
            <column name="sberbank">0</column>
            <column name="vtb">NULL</column>
            <column name="gazprom">NULL</column>
            <column name="alfabank">NULL</column>
            <column name="bankmoskvy">NULL</column>
            <column name="raiffeisen">NULL</column>
            <column name="uralsib">NULL</column>
            <column name="rshb">NULL</column>
        </table>
        <table name="bank">
            <column name="id">1955</column>
            <column name="twitid">494865678776930000</column>
            <column name="date">1406820146</column>
            <column name="name">soledadcgrill</column>
            <column name="text">Кредит удобный в уралсиб банке http://t.co/Y8fu6zF6x8</column>
            <column name="sberbank">NULL</column>
            <column name="vtb">NULL</column>
            <column name="gazprom">NULL</column>
            <column name="alfabank">NULL</column>
            <column name="bankmoskvy">NULL</column>
            <column name="raiffeisen">NULL</column>
            <column name="uralsib">0</column>
            <column name="rshb">NULL</column>
        </table>
        <table name="bank">
            <column name="id">1956</column>
            <column name="twitid">494865724327080000</column>
            <column name="date">1406820157</column>
            <column name="name">eihykop</column>
            <column name="text">Кредит наличными в санкт петербурге залог недвижимость сбербанк http://t.co/f7JayICG7i</column>
            <column name="sberbank">0</column>
            <column name="vtb">NULL</column>
            <column name="gazprom">NULL</column>
            <column name="alfabank">NULL</column>
            <column name="bankmoskvy">NULL</column>
            <column name="raiffeisen">NULL</column>
            <column name="uralsib">NULL</column>
            <column name="rshb">NULL</column>
        </table>
        <table name="bank">
            <column name="id">1957</column>
            <column name="twitid">494865816228460000</column>
            <column name="date">1406820179</column>
            <column name="name">DVM911</column>
            <column name="text">RT @rrubanov: Теперь под санкциями ЕС — Сбербанк, ВТБ, Газпромбанк, Россельхозбанк, Внешэкономбанк http://t.co/4hTVJp6URh http://t.co/MxZdo…</column>
            <column name="sberbank">-1</column>
            <column name="vtb">-1</column>
            <column name="gazprom">-1</column>
            <column name="alfabank">NULL</column>
            <column name="bankmoskvy">NULL</column>
            <column name="raiffeisen">NULL</column>
            <column name="uralsib">NULL</column>
            <column name="rshb">-1</column>
        </table>
        <table name="bank">
            <column name="id">1958</column>
            <column name="twitid">494866089139250000</column>
            <column name="date">1406820244</column>
            <column name="name">ehorlakuq</column>
            <column name="text">http://t.co/XoxYodVc3B Сбербанк официальный сайт оформить кредит онлайн</column>
            <column name="sberbank">0</column>
            <column name="vtb">NULL</column>
            <column name="gazprom">NULL</column>
            <column name="alfabank">NULL</column>
            <column name="bankmoskvy">NULL</column>
            <column name="raiffeisen">NULL</column>
            <column name="uralsib">NULL</column>
            <column name="rshb">NULL</column>
        </table>
        <table name="bank">
            <column name="id">1959</column>
            <column name="twitid">494866130486300000</column>
            <column name="date">1406820254</column>
            <column name="name">kreditzayavka</column>
            <column name="text">Под новые санкции ЕС попали ВТБ, Газпромбанк, Сбербанк, ВЭБ и Россельхозбанк</column>
            <column name="sberbank">-1</column>
            <column name="vtb">-1</column>
            <column name="gazprom">-1</column>
            <column name="alfabank">NULL</column>
            <column name="bankmoskvy">NULL</column>
            <column name="raiffeisen">NULL</column>
            <column name="uralsib">NULL</column>
            <column name="rshb">-1</column>
        </table>
        <table name="bank">
            <column name="id">1960</column>
            <column name="twitid">494866271511390000</column>
            <column name="date">1406820287</column>
            <column name="name">plyuks</column>
            <column name="text">RT @reuters_russia: ЕС ограничил доступ к рынкам капитала Сбербанку, ВТБ, Газпромбанку, ВЭБу, Россельхозбанку</column>
            <column name="sberbank">-1</column>
            <column name="vtb">-1</column>
            <column name="gazprom">-1</column>
            <column name="alfabank">NULL</column>
            <column name="bankmoskvy">NULL</column>
            <column name="raiffeisen">NULL</column>
            <column name="uralsib">NULL</column>
            <column name="rshb">-1</column>
        </table>
        <table name="bank">
            <column name="id">1961</column>
            <column name="twitid">494866315929470000</column>
            <column name="date">1406820298</column>
            <column name="name">rotten_buratino</column>
            <column name="text">RT @interfax_news: ЕС включил в &quot;секторальный&quot; список санкций Сбербанк, ВТБ, ВЭБ, Газпромбанк и Россельхозбанк
http://t.co/yYjeFMYlbZ</column>
            <column name="sberbank">-1</column>
            <column name="vtb">-1</column>
            <column name="gazprom">-1</column>
            <column name="alfabank">NULL</column>
            <column name="bankmoskvy">NULL</column>
            <column name="raiffeisen">NULL</column>
            <column name="uralsib">NULL</column>
            <column name="rshb">-1</column>
        </table>
        <table name="bank">
            <column name="id">1962</column>
            <column name="twitid">494866507021570000</column>
            <column name="date">1406820344</column>
            <column name="name">gipnoz_znoyi</column>
            <column name="text">RT @Andryulik: RT&quot;@akselenc: Под новые санкции ЕС попадают Сбербанк, ВТБ, Газромбанк, Внешэкономбанк, Россельхозбанк - Официальный журнал Е…</column>
            <column name="sberbank">-1</column>
            <column name="vtb">-1</column>
            <column name="gazprom">NULL</column>
            <column name="alfabank">NULL</column>
            <column name="bankmoskvy">NULL</column>
            <column name="raiffeisen">NULL</column>
            <column name="uralsib">NULL</column>
            <column name="rshb">-1</column>
        </table>
        <table name="bank">
            <column name="id">1963</column>
            <column name="twitid">494867011814840000</column>
            <column name="date">1406820464</column>
            <column name="name">Sheidlinae</column>
            <column name="text">RT @FastSlon: Сбербанк попал под санкции Евросоюза http://t.co/xA7m9HSIrK как там вчера Шувалов сказал? &quot;Семь бед - один ответ&quot;?</column>
            <column name="sberbank">-1</column>
            <column name="vtb">NULL</column>
            <column name="gazprom">NULL</column>
            <column name="alfabank">NULL</column>
            <column name="bankmoskvy">NULL</column>
            <column name="raiffeisen">NULL</column>
            <column name="uralsib">NULL</column>
            <column name="rshb">NULL</column>
        </table>
        <table name="bank">
            <column name="id">1964</column>
            <column name="twitid">494867062410720000</column>
            <column name="date">1406820476</column>
            <column name="name">ln5500</column>
            <column name="text">RT @rykov: Теперь под санкциями ЕС — Сбербанк, ВТБ, Газпромбанк, Россельхозбанк, Внешэкономбанк http://t.co/vFbX5wzUcr http://t.co/4mMBuTGd…</column>
            <column name="sberbank">-1</column>
            <column name="vtb">-1</column>
            <column name="gazprom">-1</column>
            <column name="alfabank">NULL</column>
            <column name="bankmoskvy">NULL</column>
            <column name="raiffeisen">NULL</column>
            <column name="uralsib">NULL</column>
            <column name="rshb">-1</column>
        </table>
        <table name="bank">
            <column name="id">1965</column>
            <column name="twitid">494867201057640000</column>
            <column name="date">1406820509</column>
            <column name="name">loraqbbharringt</column>
            <column name="text">Выдаёт ли ипотечный кредит сбербанк без справок http://t.co/wzCL0SZWbH</column>
            <column name="sberbank">0</column>
            <column name="vtb">NULL</column>
            <column name="gazprom">NULL</column>
            <column name="alfabank">NULL</column>
            <column name="bankmoskvy">NULL</column>
            <column name="raiffeisen">NULL</column>
            <column name="uralsib">NULL</column>
            <column name="rshb">NULL</column>
        </table>
        <table name="bank">
            <column name="id">1966</column>
            <column name="twitid">494867347283670000</column>
            <column name="date">1406820544</column>
            <column name="name">evgen_genadich</column>
            <column name="text">ЕС ввёл санкции против Сбербанка, ВТБ, ВЭБа, Газпромбанка и Россельхозбанка</column>
            <column name="sberbank">-1</column>
            <column name="vtb">-1</column>
            <column name="gazprom">-1</column>
            <column name="alfabank">NULL</column>
            <column name="bankmoskvy">NULL</column>
            <column name="raiffeisen">NULL</column>
            <column name="uralsib">NULL</column>
            <column name="rshb">-1</column>
        </table>
        <table name="bank">
            <column name="id">1967</column>
            <column name="twitid">494867384738380000</column>
            <column name="date">1406820553</column>
            <column name="name">kulik_vrn</column>
            <column name="text">ЕС ввёл санкции против Сбербанка, ВТБ, ВЭБа, Газпромбанка и Россельхозбанка: Евросоюз ввёл санкции против росс... http://t.co/QjtGoN7k9a</column>
            <column name="sberbank">-1</column>
            <column name="vtb">-1</column>
            <column name="gazprom">-1</column>
            <column name="alfabank">NULL</column>
            <column name="bankmoskvy">NULL</column>
            <column name="raiffeisen">NULL</column>
            <column name="uralsib">NULL</column>
            <column name="rshb">-1</column>
        </table>
        <table name="bank">
            <column name="id">1968</column>
            <column name="twitid">494867389004390000</column>
            <column name="date">1406820554</column>
            <column name="name">VBelozerov31</column>
            <column name="text">&quot;Wall Street Journal&quot;: ЕС может внести в санкционный список Сбербанк и ВТБ.Европейский союз готовится добавить еще пять человек и две компа</column>
            <column name="sberbank">-1</column>
            <column name="vtb">-1</column>
            <column name="gazprom">NULL</column>
            <column name="alfabank">NULL</column>
            <column name="bankmoskvy">NULL</column>
            <column name="raiffeisen">NULL</column>
            <column name="uralsib">NULL</column>
            <column name="rshb">NULL</column>
        </table>
        <table name="bank">
            <column name="id">1969</column>
            <column name="twitid">494867937971700000</column>
            <column name="date">1406820685</column>
            <column name="name">GinkgoBil0ba</column>
            <column name="text">RT @unkn0wnerror: ЕС ввел санкции против Сбербанка, ВТБ и Газпромбанка
http://t.co/aVzrq9xHln</column>
            <column name="sberbank">-1</column>
            <column name="vtb">-1</column>
            <column name="gazprom">-1</column>
            <column name="alfabank">NULL</column>
            <column name="bankmoskvy">NULL</column>
            <column name="raiffeisen">NULL</column>
            <column name="uralsib">NULL</column>
            <column name="rshb">NULL</column>
        </table>
        <table name="bank">
            <column name="id">1970</column>
            <column name="twitid">494868084147380000</column>
            <column name="date">1406820720</column>
            <column name="name">umyjoiwaq</column>
            <column name="text">http://t.co/9lK4hARDmc банк втб 24 заявка на кредит онлайн</column>
            <column name="sberbank">NULL</column>
            <column name="vtb">0</column>
            <column name="gazprom">NULL</column>
            <column name="alfabank">NULL</column>
            <column name="bankmoskvy">NULL</column>
            <column name="raiffeisen">NULL</column>
            <column name="uralsib">NULL</column>
            <column name="rshb">NULL</column>
        </table>
        <table name="bank">
            <column name="id">1971</column>
            <column name="twitid">494868676479570000</column>
            <column name="date">1406820861</column>
            <column name="name">dikaya_serdtsem</column>
            <column name="text">@Dobrokhotov @Praporec сбербанк есть в списке ЕС, но его нет в списке США</column>
            <column name="sberbank">0</column>
            <column name="vtb">NULL</column>
            <column name="gazprom">NULL</column>
            <column name="alfabank">NULL</column>
            <column name="bankmoskvy">NULL</column>
            <column name="raiffeisen">NULL</column>
            <column name="uralsib">NULL</column>
            <column name="rshb">NULL</column>
        </table>
        <table name="bank">
            <column name="id">1972</column>
            <column name="twitid">494868859326070000</column>
            <column name="date">1406820904</column>
            <column name="name">sasha_sotnik</column>
            <column name="text">Итак, Сбербанк вошел в санкционный секторальный список. С чем и поздравляю 70% граждан, держащих в нем вклады.... http://t.co/iy5Ya4RzC6</column>
            <column name="sberbank">-1</column>
            <column name="vtb">NULL</column>
            <column name="gazprom">NULL</column>
            <column name="alfabank">NULL</column>
            <column name="bankmoskvy">NULL</column>
            <column name="raiffeisen">NULL</column>
            <column name="uralsib">NULL</column>
            <column name="rshb">NULL</column>
        </table>
        <table name="bank">
            <column name="id">1973</column>
            <column name="twitid">494869096237120000</column>
            <column name="date">1406820961</column>
            <column name="name">quwotobir</column>
            <column name="text">Авто кредит в сбер банке в спб http://t.co/E4yqL9cOL4</column>
            <column name="sberbank">0</column>
            <column name="vtb">NULL</column>
            <column name="gazprom">NULL</column>
            <column name="alfabank">NULL</column>
            <column name="bankmoskvy">NULL</column>
            <column name="raiffeisen">NULL</column>
            <column name="uralsib">NULL</column>
            <column name="rshb">NULL</column>
        </table>
        <table name="bank">
            <column name="id">1974</column>
            <column name="twitid">494869608952650000</column>
            <column name="date">1406821083</column>
            <column name="name">13BiznesGog13</column>
            <column name="text">Под санкции ЕС попали Сбербанк, ВТБ, Газпромбанк, ВЭБ и Россельхозбанк - РИА Новости</column>
            <column name="sberbank">-1</column>
            <column name="vtb">-1</column>
            <column name="gazprom">-1</column>
            <column name="alfabank">NULL</column>
            <column name="bankmoskvy">NULL</column>
            <column name="raiffeisen">NULL</column>
            <column name="uralsib">NULL</column>
            <column name="rshb">-1</column>
        </table>
        <table name="bank">
            <column name="id">1975</column>
            <column name="twitid">494869706864470000</column>
            <column name="date">1406821107</column>
            <column name="name">djzabol</column>
            <column name="text">ЕС включил в список санкций Сбербанк, ВТБ, Газпромбанк, ВЭБ и Россельхозбанк - http://t.co/1QuuijEqSW через http://t.co/Bv8aTMcZsn</column>
            <column name="sberbank">-1</column>
            <column name="vtb">-1</column>
            <column name="gazprom">-1</column>
            <column name="alfabank">NULL</column>
            <column name="bankmoskvy">NULL</column>
            <column name="raiffeisen">NULL</column>
            <column name="uralsib">NULL</column>
            <column name="rshb">-1</column>
        </table>
        <table name="bank">
            <column name="id">1976</column>
            <column name="twitid">494869801945550000</column>
            <column name="date">1406821129</column>
            <column name="name">Rusava11</column>
            <column name="text">RT @Vedomosti: Сбербанк попал под санкции ЕС http://t.co/M8U4N3LaBq</column>
            <column name="sberbank">-1</column>
            <column name="vtb">NULL</column>
            <column name="gazprom">NULL</column>
            <column name="alfabank">NULL</column>
            <column name="bankmoskvy">NULL</column>
            <column name="raiffeisen">NULL</column>
            <column name="uralsib">NULL</column>
            <column name="rshb">NULL</column>
        </table>
        <table name="bank">
            <column name="id">1977</column>
            <column name="twitid">494870750923620000</column>
            <column name="date">1406821355</column>
            <column name="name">aslanygh</column>
            <column name="text">RT @sasha_sotnik: Итак, Сбербанк вошел в санкционный секторальный список. С чем и поздравляю 70% граждан, держащих в нем вклады.... http://…</column>
            <column name="sberbank">-1</column>
            <column name="vtb">NULL</column>
            <column name="gazprom">NULL</column>
            <column name="alfabank">NULL</column>
            <column name="bankmoskvy">NULL</column>
            <column name="raiffeisen">NULL</column>
            <column name="uralsib">NULL</column>
            <column name="rshb">NULL</column>
        </table>
        <table name="bank">
            <column name="id">1978</column>
            <column name="twitid">494870886801870000</column>
            <column name="date">1406821388</column>
            <column name="name">glori_1902</column>
            <column name="text">ЕС ограничил для ВТБ, Газпромбанка и Сбербанка доступ к рынкам капитала.Сбербанк, это все,людей в т.ч. зацепит сильно http://t.co/o8HlJp5VMa</column>
            <column name="sberbank">-1</column>
            <column name="vtb">-1</column>
            <column name="gazprom">-1</column>
            <column name="alfabank">NULL</column>
            <column name="bankmoskvy">NULL</column>
            <column name="raiffeisen">NULL</column>
            <column name="uralsib">NULL</column>
            <column name="rshb">NULL</column>
        </table>
        <table name="bank">
            <column name="id">1979</column>
            <column name="twitid">494870930464990000</column>
            <column name="date">1406821398</column>
            <column name="name">NLitvinenko20</column>
            <column name="text">Евросоюз ограничил доступ к рынкам капитала ЕС пяти российским государственным финансовым институтам: Сбербанку, ВТБ, Газпромбанку, Внешэко</column>
            <column name="sberbank">-1</column>
            <column name="vtb">-1</column>
            <column name="gazprom">-1</column>
            <column name="alfabank">NULL</column>
            <column name="bankmoskvy">NULL</column>
            <column name="raiffeisen">NULL</column>
            <column name="uralsib">NULL</column>
            <column name="rshb">NULL</column>
        </table>
        <table name="bank">
            <column name="id">1980</column>
            <column name="twitid">494871024199290000</column>
            <column name="date">1406821421</column>
            <column name="name">vstavaystrana</column>
            <column name="text">RT @novynar_ukr: Сбербанк России попал под санкции ЕС: Евросоюз официально ограничил доступ к рынкам капитала для пяти российских… http://t…</column>
            <column name="sberbank">-1</column>
            <column name="vtb">NULL</column>
            <column name="gazprom">NULL</column>
            <column name="alfabank">NULL</column>
            <column name="bankmoskvy">NULL</column>
            <column name="raiffeisen">NULL</column>
            <column name="uralsib">NULL</column>
            <column name="rshb">NULL</column>
        </table>
        <table name="bank">
            <column name="id">1981</column>
            <column name="twitid">494871389443470000</column>
            <column name="date">1406821508</column>
            <column name="name">eronymusHi</column>
            <column name="text">http://t.co/fSQGwUNNeQ Взять кредит втб 24 в санкт петербурге</column>
            <column name="sberbank">NULL</column>
            <column name="vtb">0</column>
            <column name="gazprom">NULL</column>
            <column name="alfabank">NULL</column>
            <column name="bankmoskvy">NULL</column>
            <column name="raiffeisen">NULL</column>
            <column name="uralsib">NULL</column>
            <column name="rshb">NULL</column>
        </table>
        <table name="bank">
            <column name="id">1982</column>
            <column name="twitid">494871483228110000</column>
            <column name="date">1406821530</column>
            <column name="name">anatoliy156794</column>
            <column name="text">RT @izvestia_ru: Евросоюз включил в новый санкционный список Сбербанк и ВТБ
http://t.co/SpnzvEJyO8</column>
            <column name="sberbank">-1</column>
            <column name="vtb">-1</column>
            <column name="gazprom">NULL</column>
            <column name="alfabank">NULL</column>
            <column name="bankmoskvy">NULL</column>
            <column name="raiffeisen">NULL</column>
            <column name="uralsib">NULL</column>
            <column name="rshb">NULL</column>
        </table>
        <table name="bank">
            <column name="id">1983</column>
            <column name="twitid">494871677075870000</column>
            <column name="date">1406821576</column>
            <column name="name">umyjoiwaq</column>
            <column name="text">http://t.co/Pc8L4U5U8H калькулятор по кредиту россельхозбанк</column>
            <column name="sberbank">NULL</column>
            <column name="vtb">NULL</column>
            <column name="gazprom">NULL</column>
            <column name="alfabank">NULL</column>
            <column name="bankmoskvy">NULL</column>
            <column name="raiffeisen">NULL</column>
            <column name="uralsib">NULL</column>
            <column name="rshb">0</column>
        </table>
        <table name="bank">
            <column name="id">1984</column>
            <column name="twitid">494871716888200000</column>
            <column name="date">1406821586</column>
            <column name="name">abdousnaniching</column>
            <column name="text">http://t.co/j07HOx9NhB калькулятор по кредиту россельхозбанк</column>
            <column name="sberbank">NULL</column>
            <column name="vtb">NULL</column>
            <column name="gazprom">NULL</column>
            <column name="alfabank">NULL</column>
            <column name="bankmoskvy">NULL</column>
            <column name="raiffeisen">NULL</column>
            <column name="uralsib">NULL</column>
            <column name="rshb">0</column>
        </table>
        <table name="bank">
            <column name="id">1985</column>
            <column name="twitid">494871986934280000</column>
            <column name="date">1406821650</column>
            <column name="name">zek0</column>
            <column name="text">RT @rianru: Под санкции ЕС попали Сбербанк, ВТБ, Газпромбанк, ВЭБ и Россельхозбанк http://t.co/BxLCMv99p3</column>
            <column name="sberbank">-1</column>
            <column name="vtb">-1</column>
            <column name="gazprom">-1</column>
            <column name="alfabank">NULL</column>
            <column name="bankmoskvy">NULL</column>
            <column name="raiffeisen">NULL</column>
            <column name="uralsib">NULL</column>
            <column name="rshb">-1</column>
        </table>
        <table name="bank">
            <column name="id">1986</column>
            <column name="twitid">494872035760150000</column>
            <column name="date">1406821662</column>
            <column name="name">Aid_Rostov</column>
            <column name="text">RT @Dobrokhotov: Для тех кто сомневался - в санкционном списке ЕС: Сбербанк, ВТБ, ВЭБ, Газпромбанк, Россельхозбанк http://t.co/5pvn1obnBB</column>
            <column name="sberbank">-1</column>
            <column name="vtb">-1</column>
            <column name="gazprom">-1</column>
            <column name="alfabank">NULL</column>
            <column name="bankmoskvy">NULL</column>
            <column name="raiffeisen">NULL</column>
            <column name="uralsib">NULL</column>
            <column name="rshb">-1</column>
        </table>
        <table name="bank">
            <column name="id">1987</column>
            <column name="twitid">494872308772000000</column>
            <column name="date">1406821727</column>
            <column name="name">otuzuc_33</column>
            <column name="text">RT @33Live_Ru: Сбербанк России попал под санкции ЕС http://t.co/kWF4Zg1nMz #33регион, #владимир</column>
            <column name="sberbank">-1</column>
            <column name="vtb">NULL</column>
            <column name="gazprom">NULL</column>
            <column name="alfabank">NULL</column>
            <column name="bankmoskvy">NULL</column>
            <column name="raiffeisen">NULL</column>
            <column name="uralsib">NULL</column>
            <column name="rshb">NULL</column>
        </table>
        <table name="bank">
            <column name="id">1988</column>
            <column name="twitid">494872357366820000</column>
            <column name="date">1406821738</column>
            <column name="name">pifpaff65</column>
            <column name="text">Брюссель щимит Сбербанк России. Уже объявили. С завтрашнего дня вступает в силу новый пакет санкций. Не по детски...</column>
            <column name="sberbank">-1</column>
            <column name="vtb">NULL</column>
            <column name="gazprom">NULL</column>
            <column name="alfabank">NULL</column>
            <column name="bankmoskvy">NULL</column>
            <column name="raiffeisen">NULL</column>
            <column name="uralsib">NULL</column>
            <column name="rshb">NULL</column>
        </table>
        <table name="bank">
            <column name="id">1989</column>
            <column name="twitid">494872400006480000</column>
            <column name="date">1406821749</column>
            <column name="name">TerritoryNews</column>
            <column name="text">RT @GraniTweet: Говорят, что и троллям в Сбербанк 12 руб. за твит переводят http://t.co/PWEmAGATgV http://t.co/utiZemWw53</column>
            <column name="sberbank">0</column>
            <column name="vtb">NULL</column>
            <column name="gazprom">NULL</column>
            <column name="alfabank">NULL</column>
            <column name="bankmoskvy">NULL</column>
            <column name="raiffeisen">NULL</column>
            <column name="uralsib">NULL</column>
            <column name="rshb">NULL</column>
        </table>
        <table name="bank">
            <column name="id">1990</column>
            <column name="twitid">494872759940700000</column>
            <column name="date">1406821834</column>
            <column name="name">anatoliy156794</column>
            <column name="text">RT @onlinekpru: Новые #санкции #ЕС конутся Сбербанка, ВТБ, Газпромбанка, Внешэкономбанка, Россельхозбанка - http://t.co/u4EHWrHxOq #Россия</column>
            <column name="sberbank">-1</column>
            <column name="vtb">-1</column>
            <column name="gazprom">-1</column>
            <column name="alfabank">NULL</column>
            <column name="bankmoskvy">NULL</column>
            <column name="raiffeisen">NULL</column>
            <column name="uralsib">NULL</column>
            <column name="rshb">-1</column>
        </table>
        <table name="bank">
            <column name="id">1991</column>
            <column name="twitid">494872808250700000</column>
            <column name="date">1406821846</column>
            <column name="name">freedom_russian</column>
            <column name="text">ЕС ввел санкции против Сбербанка, ВТБ и Газпромбанка /  / Евросоюз ввел запрет на доступ к рынкам капитала для Сб.. http://t.co/emMeKXJjXd</column>
            <column name="sberbank">-1</column>
            <column name="vtb">-1</column>
            <column name="gazprom">-1</column>
            <column name="alfabank">NULL</column>
            <column name="bankmoskvy">NULL</column>
            <column name="raiffeisen">NULL</column>
            <column name="uralsib">NULL</column>
            <column name="rshb">NULL</column>
        </table>
        <table name="bank">
            <column name="id">1992</column>
            <column name="twitid">494872900936020000</column>
            <column name="date">1406821868</column>
            <column name="name">vybuwifymuv</column>
            <column name="text">Под санкции ЕС попали Сбербанк, ВЭБ, ВТБ, Газпромбанк, и Россельхозбанк http://t.co/xvkJ5317hL</column>
            <column name="sberbank">-1</column>
            <column name="vtb">-1</column>
            <column name="gazprom">-1</column>
            <column name="alfabank">NULL</column>
            <column name="bankmoskvy">NULL</column>
            <column name="raiffeisen">NULL</column>
            <column name="uralsib">NULL</column>
            <column name="rshb">-1</column>
        </table>
        <table name="bank">
            <column name="id">1993</column>
            <column name="twitid">494873177685000000</column>
            <column name="date">1406821934</column>
            <column name="name">iicyt5</column>
            <column name="text">Под санкции ЕС официально попали Сбербанк, ВТБ, Газпромбанк, ВЭБ и Россельхозбанк</column>
            <column name="sberbank">-1</column>
            <column name="vtb">-1</column>
            <column name="gazprom">-1</column>
            <column name="alfabank">NULL</column>
            <column name="bankmoskvy">NULL</column>
            <column name="raiffeisen">NULL</column>
            <column name="uralsib">NULL</column>
            <column name="rshb">-1</column>
        </table>
        <table name="bank">
            <column name="id">1994</column>
            <column name="twitid">494873357914230000</column>
            <column name="date">1406821977</column>
            <column name="name">FS553321iX</column>
            <column name="text">RT @spina_putina: Сбербанк попал под санкции. Всем выражаю соболезнования, владельцам желаю отмучаться как можно быстрее.</column>
            <column name="sberbank">-1</column>
            <column name="vtb">NULL</column>
            <column name="gazprom">NULL</column>
            <column name="alfabank">NULL</column>
            <column name="bankmoskvy">NULL</column>
            <column name="raiffeisen">NULL</column>
            <column name="uralsib">NULL</column>
            <column name="rshb">NULL</column>
        </table>
        <table name="bank">
            <column name="id">1995</column>
            <column name="twitid">494873452344770000</column>
            <column name="date">1406822000</column>
            <column name="name">LLebedeva15</column>
            <column name="text">Они только что официально опубликованы в Брюсселе. Как сообщают информагентства, в список вошли Сбербанк, ВТБ, Газпромбанк, ВЭБ и Россельхо</column>
            <column name="sberbank">-1</column>
            <column name="vtb">-1</column>
            <column name="gazprom">-1</column>
            <column name="alfabank">NULL</column>
            <column name="bankmoskvy">NULL</column>
            <column name="raiffeisen">NULL</column>
            <column name="uralsib">NULL</column>
            <column name="rshb">NULL</column>
        </table>
        <table name="bank">
            <column name="id">1996</column>
            <column name="twitid">494874131117390000</column>
            <column name="date">1406822161</column>
            <column name="name">veo1ence78</column>
            <column name="text">Под новые санкции ЕС попали Сбербанк и ВТБ http://t.co/BYaH2m3gJl</column>
            <column name="sberbank">-1</column>
            <column name="vtb">-1</column>
            <column name="gazprom">NULL</column>
            <column name="alfabank">NULL</column>
            <column name="bankmoskvy">NULL</column>
            <column name="raiffeisen">NULL</column>
            <column name="uralsib">NULL</column>
            <column name="rshb">NULL</column>
        </table>
        <table name="bank">
            <column name="id">1997</column>
            <column name="twitid">494874220674150000</column>
            <column name="date">1406822183</column>
            <column name="name">BaibusIra</column>
            <column name="text">RT @MinistryEconomy: Агентство кредитных гарантий и Банк Москвы стали партнерами http://t.co/DDnZpJNlXt</column>
            <column name="sberbank">NULL</column>
            <column name="vtb">NULL</column>
            <column name="gazprom">NULL</column>
            <column name="alfabank">NULL</column>
            <column name="bankmoskvy">1</column>
            <column name="raiffeisen">NULL</column>
            <column name="uralsib">NULL</column>
            <column name="rshb">NULL</column>
        </table>
        <table name="bank">
            <column name="id">1998</column>
            <column name="twitid">494874749852740000</column>
            <column name="date">1406822309</column>
            <column name="name">uncik703ph</column>
            <column name="text">Сколько составляет автокредит в сбер банке http://t.co/9iKdpWVD8r</column>
            <column name="sberbank">0</column>
            <column name="vtb">NULL</column>
            <column name="gazprom">NULL</column>
            <column name="alfabank">NULL</column>
            <column name="bankmoskvy">NULL</column>
            <column name="raiffeisen">NULL</column>
            <column name="uralsib">NULL</column>
            <column name="rshb">NULL</column>
        </table>
        <table name="bank">
            <column name="id">1999</column>
            <column name="twitid">494875672389890000</column>
            <column name="date">1406822529</column>
            <column name="name">mega_popikov</column>
            <column name="text">Опубликованный наконец новый список европейских санкций не оправдал пессимистичных ожиданий, указывает аналитик УК &quot;Райффайзен Капитал&quot; Соф</column>
            <column name="sberbank">NULL</column>
            <column name="vtb">NULL</column>
            <column name="gazprom">NULL</column>
            <column name="alfabank">NULL</column>
            <column name="bankmoskvy">NULL</column>
            <column name="raiffeisen">0</column>
            <column name="uralsib">NULL</column>
            <column name="rshb">NULL</column>
        </table>
        <table name="bank">
            <column name="id">2000</column>
            <column name="twitid">494875919496930000</column>
            <column name="date">1406822588</column>
            <column name="name">ucmoku</column>
            <column name="text">Под новые санкции ЕС попадают Сбербанк, ВТБ, Газпромбанк, Внешэкономбанк, Россельхозбанк http://t.co/b94Bdvo0PP</column>
            <column name="sberbank">-1</column>
            <column name="vtb">-1</column>
            <column name="gazprom">-1</column>
            <column name="alfabank">NULL</column>
            <column name="bankmoskvy">NULL</column>
            <column name="raiffeisen">NULL</column>
            <column name="uralsib">NULL</column>
            <column name="rshb">-1</column>
        </table>
    </database>
</pma_xml_export>