<?xml version="1.0" encoding="utf-8"?>
<!--
- phpMyAdmin XML Dump
- version 4.0.4.1
- http://www.phpmyadmin.net
-
- Хост: localhost
- Время создания: Окт 28 2014 г., 09:04
- Версия сервера: 5.6.12
- Версия PHP: 5.5.3
-->

<pma_xml_export version="1.0" xmlns:pma="http://www.phpmyadmin.net/some_doc_url/">
    <!--
    - Structure schemas
    -->
    <pma:structure_schemas>
        <pma:database name="Romip" collation="utf8_general_ci" charset="utf8">
            <pma:table name="bank">
                CREATE TABLE `bank` (
                  `id` int(11) NOT NULL AUTO_INCREMENT,
                  `twitid` bigint(32) NOT NULL DEFAULT '0',
                  `date` varchar(128) DEFAULT NULL,
                  `name` varchar(128) DEFAULT NULL,
                  `text` varchar(256) DEFAULT NULL,
                  `sberbank` int(11) DEFAULT NULL,
                  `vtb` int(11) DEFAULT NULL,
                  `gazprom` int(11) DEFAULT NULL,
                  `alfabank` int(11) DEFAULT NULL,
                  `bankmoskvy` int(11) DEFAULT NULL,
                  `raiffeisen` int(11) DEFAULT NULL,
                  `uralsib` int(11) DEFAULT NULL,
                  `rshb` int(11) DEFAULT NULL,
                  PRIMARY KEY (`id`),
                  UNIQUE KEY `id` (`twitid`)
                ) ENGINE=InnoDB AUTO_INCREMENT=7924 DEFAULT CHARSET=utf8;
            </pma:table>
        </pma:database>
    </pma:structure_schemas>

    <!--
    - База данных: 'Romip'
    -->
    <database name="Romip">
        <!-- Таблица bank -->
        <table name="bank">
            <column name="id">3601</column>
            <column name="twitid">497762682737820000</column>
            <column name="date">1407510846</column>
            <column name="name">ruxokakityl</column>
            <column name="text">заявление на получение ипотечного кредита банк москвы ярославль http://t.co/OoJqj0rIdH</column>
            <column name="sberbank">NULL</column>
            <column name="vtb">NULL</column>
            <column name="gazprom">NULL</column>
            <column name="alfabank">NULL</column>
            <column name="bankmoskvy">0</column>
            <column name="raiffeisen">NULL</column>
            <column name="uralsib">NULL</column>
            <column name="rshb">NULL</column>
        </table>
        <table name="bank">
            <column name="id">3602</column>
            <column name="twitid">497763774875850000</column>
            <column name="date">1407511106</column>
            <column name="name">byvywatalev</column>
            <column name="text">банк москвы киров кредиты наличными http://t.co/sKqPyydbTq</column>
            <column name="sberbank">NULL</column>
            <column name="vtb">NULL</column>
            <column name="gazprom">NULL</column>
            <column name="alfabank">NULL</column>
            <column name="bankmoskvy">0</column>
            <column name="raiffeisen">NULL</column>
            <column name="uralsib">NULL</column>
            <column name="rshb">NULL</column>
        </table>
        <table name="bank">
            <column name="id">3603</column>
            <column name="twitid">497763814344240000</column>
            <column name="date">1407511116</column>
            <column name="name">DjSlim_Moscow</column>
            <column name="text">Сегодня снимаем в 6к )))) #red #reddragon #backstage #baddiplodoc #sberbank http://t.co/svMCjQ7zSD</column>
            <column name="sberbank">--</column>
            <column name="vtb">NULL</column>
            <column name="gazprom">NULL</column>
            <column name="alfabank">NULL</column>
            <column name="bankmoskvy">NULL</column>
            <column name="raiffeisen">NULL</column>
            <column name="uralsib">NULL</column>
            <column name="rshb">NULL</column>
        </table>
        <table name="bank">
            <column name="id">3604</column>
            <column name="twitid">497768874205380000</column>
            <column name="date">1407512322</column>
            <column name="name">CoreyLukeson1</column>
            <column name="text">RT @TracyErnst4: Сбербанк и ВТБ пообещали выполнить обязательства перед клиентами</column>
            <column name="sberbank">1</column>
            <column name="vtb">1</column>
            <column name="gazprom">NULL</column>
            <column name="alfabank">NULL</column>
            <column name="bankmoskvy">NULL</column>
            <column name="raiffeisen">NULL</column>
            <column name="uralsib">NULL</column>
            <column name="rshb">NULL</column>
        </table>
        <table name="bank">
            <column name="id">3605</column>
            <column name="twitid">497769477657080000</column>
            <column name="date">1407512466</column>
            <column name="name">RFedotov47</column>
            <column name="text">По состоянию на начало второго полугодия 2014 года Бурятский филиал Россельхозбанка&amp;amp;nbsp;предоставил населению и организациям республики кр</column>
            <column name="sberbank">NULL</column>
            <column name="vtb">NULL</column>
            <column name="gazprom">NULL</column>
            <column name="alfabank">NULL</column>
            <column name="bankmoskvy">NULL</column>
            <column name="raiffeisen">NULL</column>
            <column name="uralsib">NULL</column>
            <column name="rshb">0</column>
        </table>
        <table name="bank">
            <column name="id">3606</column>
            <column name="twitid">497771108641560000</column>
            <column name="date">1407512855</column>
            <column name="name">rivhale</column>
            <column name="text">Сколько все уверяют, что Сбербанк - это круто, потому что крупный - ни разу еще даже не обслужили нормально. Зажрались там в конец.</column>
            <column name="sberbank">-1</column>
            <column name="vtb">NULL</column>
            <column name="gazprom">NULL</column>
            <column name="alfabank">NULL</column>
            <column name="bankmoskvy">NULL</column>
            <column name="raiffeisen">NULL</column>
            <column name="uralsib">NULL</column>
            <column name="rshb">NULL</column>
        </table>
        <table name="bank">
            <column name="id">3607</column>
            <column name="twitid">497772819242320000</column>
            <column name="date">1407513262</column>
            <column name="name">pnepajpaso</column>
            <column name="text">атб банк заявка на кредит онлайн альфа банк http://t.co/2eetbp63t0</column>
            <column name="sberbank">NULL</column>
            <column name="vtb">NULL</column>
            <column name="raiffeisen">NULL</column>
            <column name="gazprom">NULL</column>
            <column name="alfabank">0</column>
            <column name="bankmoskvy">NULL</column>
            <column name="uralsib">NULL</column>
            <column name="rshb">NULL</column>
        </table>
        <table name="bank">
            <column name="id">3608</column>
            <column name="twitid">497773026759680000</column>
            <column name="date">1407513312</column>
            <column name="name">myqecumizozo</column>
            <column name="text">банк на карту онлайн альфа банк http://t.co/i6bMhlXbQm</column>
            <column name="sberbank">NULL</column>
            <column name="vtb">NULL</column>
            <column name="gazprom">NULL</column>
            <column name="alfabank">0</column>
            <column name="bankmoskvy">NULL</column>
            <column name="raiffeisen">NULL</column>
            <column name="uralsib">NULL</column>
            <column name="rshb">NULL</column>
        </table>
        <table name="bank">
            <column name="id">3609</column>
            <column name="twitid">497773159785830000</column>
            <column name="date">1407513344</column>
            <column name="name">valenti64152072</column>
            <column name="text">#компьютеры Сбербанк в ночь на 11 августа приостановит работу банкоматов #читаю #ru_ff</column>
            <column name="sberbank">-1</column>
            <column name="vtb">NULL</column>
            <column name="gazprom">NULL</column>
            <column name="alfabank">NULL</column>
            <column name="bankmoskvy">NULL</column>
            <column name="raiffeisen">NULL</column>
            <column name="uralsib">NULL</column>
            <column name="rshb">NULL</column>
        </table>
        <table name="bank">
            <column name="id">3610</column>
            <column name="twitid">497773336823620000</column>
            <column name="date">1407513386</column>
            <column name="name">sakabevehen</column>
            <column name="text">банк уралсиб санкт петербург ипотека http://t.co/vVPwVORqZy</column>
            <column name="sberbank">NULL</column>
            <column name="vtb">NULL</column>
            <column name="gazprom">NULL</column>
            <column name="alfabank">NULL</column>
            <column name="bankmoskvy">NULL</column>
            <column name="raiffeisen">NULL</column>
            <column name="uralsib">0</column>
            <column name="rshb">NULL</column>
        </table>
        <table name="bank">
            <column name="id">3611</column>
            <column name="twitid">497774343569810000</column>
            <column name="date">1407513626</column>
            <column name="name">CasandraKnott</column>
            <column name="text">банк втб 24 в санкт петербурге потребительский кредит http://t.co/nzBrPNOcbb</column>
            <column name="sberbank">NULL</column>
            <column name="vtb">0</column>
            <column name="gazprom">NULL</column>
            <column name="alfabank">NULL</column>
            <column name="bankmoskvy">NULL</column>
            <column name="raiffeisen">NULL</column>
            <column name="uralsib">NULL</column>
            <column name="rshb">NULL</column>
        </table>
        <table name="bank">
            <column name="id">3612</column>
            <column name="twitid">497776624038050000</column>
            <column name="date">1407514170</column>
            <column name="name">ekoffsmor</column>
            <column name="text">взять кредит уралсиб банк екатеринбург http://t.co/B3wKYw6s1t</column>
            <column name="sberbank">NULL</column>
            <column name="vtb">NULL</column>
            <column name="gazprom">NULL</column>
            <column name="alfabank">NULL</column>
            <column name="bankmoskvy">NULL</column>
            <column name="raiffeisen">NULL</column>
            <column name="uralsib">0</column>
            <column name="rshb">NULL</column>
        </table>
        <table name="bank">
            <column name="id">3613</column>
            <column name="twitid">497781171414380000</column>
            <column name="date">1407515254</column>
            <column name="name">news_mari_el</column>
            <column name="text">Волго-Вятский банк Сбербанка активно развивает безналичную систему оплаты товаров и услуг
Волго-Вятский банк Сбербанк http://t.co/rL9pjeShzW</column>
            <column name="sberbank">1</column>
            <column name="vtb">NULL</column>
            <column name="gazprom">NULL</column>
            <column name="alfabank">NULL</column>
            <column name="bankmoskvy">NULL</column>
            <column name="raiffeisen">NULL</column>
            <column name="uralsib">NULL</column>
            <column name="rshb">NULL</column>
        </table>
        <table name="bank">
            <column name="id">3614</column>
            <column name="twitid">497783390834540000</column>
            <column name="date">1407515783</column>
            <column name="name">duddan_kavindra</column>
            <column name="text">где сбербанк в калининграде http://t.co/ASM7EfKOEF</column>
            <column name="sberbank">0</column>
            <column name="vtb">NULL</column>
            <column name="gazprom">NULL</column>
            <column name="alfabank">NULL</column>
            <column name="bankmoskvy">NULL</column>
            <column name="raiffeisen">NULL</column>
            <column name="uralsib">NULL</column>
            <column name="rshb">NULL</column>
        </table>
        <table name="bank">
            <column name="id">3615</column>
            <column name="twitid">497787389537170000</column>
            <column name="date">1407516736</column>
            <column name="name">EArhipova54</column>
            <column name="text">Летний бум потребительского кредитования регистрирует Сбербанк во Владимире.</column>
            <column name="sberbank">1</column>
            <column name="vtb">NULL</column>
            <column name="gazprom">NULL</column>
            <column name="alfabank">NULL</column>
            <column name="bankmoskvy">NULL</column>
            <column name="raiffeisen">NULL</column>
            <column name="uralsib">NULL</column>
            <column name="rshb">NULL</column>
        </table>
        <table name="bank">
            <column name="id">3616</column>
            <column name="twitid">497787913258930000</column>
            <column name="date">1407516861</column>
            <column name="name">byqacarazin</column>
            <column name="text">банк москвы заявка на потребительский кредит http://t.co/1WeijRG9YP</column>
            <column name="sberbank">NULL</column>
            <column name="vtb">NULL</column>
            <column name="gazprom">NULL</column>
            <column name="alfabank">NULL</column>
            <column name="bankmoskvy">0</column>
            <column name="raiffeisen">NULL</column>
            <column name="uralsib">NULL</column>
            <column name="rshb">NULL</column>
        </table>
        <table name="bank">
            <column name="id">3617</column>
            <column name="twitid">497788432895480000</column>
            <column name="date">1407516985</column>
            <column name="name">vaqekohevagi</column>
            <column name="text">где взять справку о закрытии кредита сбербанк самара</column>
            <column name="sberbank">0</column>
            <column name="vtb">NULL</column>
            <column name="gazprom">NULL</column>
            <column name="alfabank">NULL</column>
            <column name="bankmoskvy">NULL</column>
            <column name="raiffeisen">NULL</column>
            <column name="uralsib">NULL</column>
            <column name="rshb">NULL</column>
        </table>
        <table name="bank">
            <column name="id">3618</column>
            <column name="twitid">497790702525630000</column>
            <column name="date">1407517526</column>
            <column name="name">OSemenov51</column>
            <column name="text">«Россельхозбанк» «наживается» на санкциях?</column>
            <column name="sberbank">NULL</column>
            <column name="vtb">NULL</column>
            <column name="gazprom">NULL</column>
            <column name="alfabank">NULL</column>
            <column name="bankmoskvy">NULL</column>
            <column name="raiffeisen">NULL</column>
            <column name="uralsib">NULL</column>
            <column name="rshb">0</column>
        </table>
        <table name="bank">
            <column name="id">3619</column>
            <column name="twitid">497792177435840000</column>
            <column name="date">1407517878</column>
            <column name="name">jazicaxililu</column>
            <column name="text">до какого возраста дают кредит в втб 24 http://t.co/y8mPQHcHag</column>
            <column name="sberbank">NULL</column>
            <column name="vtb">0</column>
            <column name="gazprom">NULL</column>
            <column name="alfabank">NULL</column>
            <column name="bankmoskvy">NULL</column>
            <column name="raiffeisen">NULL</column>
            <column name="uralsib">NULL</column>
            <column name="rshb">NULL</column>
        </table>
        <table name="bank">
            <column name="id">3620</column>
            <column name="twitid">497799985283740000</column>
            <column name="date">1407519739</column>
            <column name="name">segyzufihixy</column>
            <column name="text">втб 24 потребительский кредит г ставрополь калькулятор втб 24 рассчитать http://t.co/balKjvmXjB</column>
            <column name="sberbank">NULL</column>
            <column name="vtb">0</column>
            <column name="gazprom">NULL</column>
            <column name="alfabank">NULL</column>
            <column name="bankmoskvy">NULL</column>
            <column name="raiffeisen">NULL</column>
            <column name="uralsib">NULL</column>
            <column name="rshb">NULL</column>
        </table>
        <table name="bank">
            <column name="id">3621</column>
            <column name="twitid">497800893622800000</column>
            <column name="date">1407519956</column>
            <column name="name">kosuhanaduza</column>
            <column name="text">RT @ArhangelMisha: @desufagkun @noomrem эт не кръедит, а карта кредитная. И у альфа банка и сбера все ок. Пользуюсь с удовольствием х)</column>
            <column name="sberbank">1</column>
            <column name="vtb">NULL</column>
            <column name="gazprom">NULL</column>
            <column name="alfabank">1</column>
            <column name="bankmoskvy">NULL</column>
            <column name="raiffeisen">NULL</column>
            <column name="uralsib">NULL</column>
            <column name="rshb">NULL</column>
        </table>
        <table name="bank">
            <column name="id">3622</column>
            <column name="twitid">497805635002440000</column>
            <column name="date">1407521086</column>
            <column name="name">TMaksimov29</column>
            <column name="text">Санкционное повышение // Сбербанк рассматривает возможность увеличения ставок</column>
            <column name="sberbank">+-</column>
            <column name="vtb">NULL</column>
            <column name="gazprom">NULL</column>
            <column name="alfabank">NULL</column>
            <column name="bankmoskvy">NULL</column>
            <column name="raiffeisen">NULL</column>
            <column name="uralsib">NULL</column>
            <column name="rshb">NULL</column>
        </table>
        <table name="bank">
            <column name="id">3623</column>
            <column name="twitid">497805768947550000</column>
            <column name="date">1407521118</column>
            <column name="name">a_frostnecro</column>
            <column name="text">Отделения на карте Сбербанк Санкт Петербург схемы проезда http://t.co/546ctn8RNf</column>
            <column name="sberbank">0</column>
            <column name="vtb">NULL</column>
            <column name="gazprom">NULL</column>
            <column name="alfabank">NULL</column>
            <column name="bankmoskvy">NULL</column>
            <column name="raiffeisen">NULL</column>
            <column name="uralsib">NULL</column>
            <column name="rshb">NULL</column>
        </table>
        <table name="bank">
            <column name="id">3624</column>
            <column name="twitid">497810061541260000</column>
            <column name="date">1407522142</column>
            <column name="name">MelisaPasquino</column>
            <column name="text">автокредит сбербанк ростов http://t.co/K3UHjjq4aF</column>
            <column name="sberbank">0</column>
            <column name="vtb">NULL</column>
            <column name="gazprom">NULL</column>
            <column name="alfabank">NULL</column>
            <column name="bankmoskvy">NULL</column>
            <column name="raiffeisen">NULL</column>
            <column name="uralsib">NULL</column>
            <column name="rshb">NULL</column>
        </table>
        <table name="bank">
            <column name="id">3625</column>
            <column name="twitid">497814527178990000</column>
            <column name="date">1407523206</column>
            <column name="name">oatmanSing</column>
            <column name="text">взять ипотечный кредит в втб 24 москва http://t.co/9cG0P6h5NU</column>
            <column name="sberbank">NULL</column>
            <column name="vtb">0</column>
            <column name="gazprom">NULL</column>
            <column name="alfabank">NULL</column>
            <column name="bankmoskvy">NULL</column>
            <column name="raiffeisen">NULL</column>
            <column name="uralsib">NULL</column>
            <column name="rshb">NULL</column>
        </table>
        <table name="bank">
            <column name="id">3626</column>
            <column name="twitid">497817770692990000</column>
            <column name="date">1407523980</column>
            <column name="name">Rybak1971</column>
            <column name="text">RT @1953MWF: @navalny Денег мало! Олигархи всё украли... Пусть Сбербанк вернёт народу все советские вклады полностью!</column>
            <column name="sberbank">-1</column>
            <column name="vtb">NULL</column>
            <column name="gazprom">NULL</column>
            <column name="alfabank">NULL</column>
            <column name="bankmoskvy">NULL</column>
            <column name="raiffeisen">NULL</column>
            <column name="uralsib">NULL</column>
            <column name="rshb">NULL</column>
        </table>
        <table name="bank">
            <column name="id">3627</column>
            <column name="twitid">497817814418610000</column>
            <column name="date">1407523990</column>
            <column name="name">KhristianTorre2</column>
            <column name="text">RT @rusecon: Сбербанк на одну ночь приостановит работу банкоматов http://t.co/bF3CHId2EF</column>
            <column name="sberbank">-1</column>
            <column name="vtb">NULL</column>
            <column name="gazprom">NULL</column>
            <column name="alfabank">NULL</column>
            <column name="bankmoskvy">NULL</column>
            <column name="raiffeisen">NULL</column>
            <column name="uralsib">NULL</column>
            <column name="rshb">NULL</column>
        </table>
        <table name="bank">
            <column name="id">3628</column>
            <column name="twitid">497818581586150000</column>
            <column name="date">1407524173</column>
            <column name="name">gimbya_baison</column>
            <column name="text">абсолют банк кредит онлайн альфа банк http://t.co/8o5XWvluT5</column>
            <column name="sberbank">NULL</column>
            <column name="vtb">NULL</column>
            <column name="gazprom">NULL</column>
            <column name="alfabank">0</column>
            <column name="bankmoskvy">NULL</column>
            <column name="raiffeisen">NULL</column>
            <column name="uralsib">NULL</column>
            <column name="rshb">NULL</column>
        </table>
        <table name="bank">
            <column name="id">3629</column>
            <column name="twitid">497820323438690000</column>
            <column name="date">1407524588</column>
            <column name="name">trinasin76</column>
            <column name="text">С 4 августа банк ВТБ 24 приостановил прием консульского сбора за визу США, сообщили в колл-центре банка. Сотрудник визового центра США</column>
            <column name="sberbank">NULL</column>
            <column name="vtb">-1</column>
            <column name="gazprom">NULL</column>
            <column name="alfabank">NULL</column>
            <column name="bankmoskvy">NULL</column>
            <column name="raiffeisen">NULL</column>
            <column name="uralsib">NULL</column>
            <column name="rshb">NULL</column>
        </table>
        <table name="bank">
            <column name="id">3630</column>
            <column name="twitid">497827984162980000</column>
            <column name="date">1407526415</column>
            <column name="name">naykisu</column>
            <column name="text">RT @navmodly: Сбербанк России - 170 лет на рынке очередей!</column>
            <column name="sberbank">-1</column>
            <column name="vtb">NULL</column>
            <column name="gazprom">NULL</column>
            <column name="alfabank">NULL</column>
            <column name="bankmoskvy">NULL</column>
            <column name="raiffeisen">NULL</column>
            <column name="uralsib">NULL</column>
            <column name="rshb">NULL</column>
        </table>
        <table name="bank">
            <column name="id">3631</column>
            <column name="twitid">497828697601500000</column>
            <column name="date">1407526585</column>
            <column name="name">cavocesytac</column>
            <column name="text">анкета на кредит втб 24 процентная ставка http://t.co/hHBVDDf8aI</column>
            <column name="sberbank">NULL</column>
            <column name="vtb">0</column>
            <column name="gazprom">NULL</column>
            <column name="alfabank">NULL</column>
            <column name="bankmoskvy">NULL</column>
            <column name="raiffeisen">NULL</column>
            <column name="uralsib">NULL</column>
            <column name="rshb">NULL</column>
        </table>
        <table name="bank">
            <column name="id">3632</column>
            <column name="twitid">497829327615310000</column>
            <column name="date">1407526735</column>
            <column name="name">isserBell</column>
            <column name="text">http://t.co/jcy2gyBx6j В каком банке выгоднее взять кредит в альфа банке</column>
            <column name="sberbank">NULL</column>
            <column name="vtb">NULL</column>
            <column name="gazprom">NULL</column>
            <column name="alfabank">0</column>
            <column name="bankmoskvy">NULL</column>
            <column name="raiffeisen">NULL</column>
            <column name="uralsib">NULL</column>
            <column name="rshb">NULL</column>
        </table>
        <table name="bank">
            <column name="id">3633</column>
            <column name="twitid">497829468271300000</column>
            <column name="date">1407526769</column>
            <column name="name">EStartzeva27</column>
            <column name="text">В 2014 году ОАО «Россельхозбанк» впервые вошел в рейтинг крупнейших банковских брендов мира.. Россельхозбанк вошел в рейтинг крупнейших бан</column>
            <column name="sberbank">NULL</column>
            <column name="vtb">NULL</column>
            <column name="gazprom">NULL</column>
            <column name="alfabank">NULL</column>
            <column name="bankmoskvy">NULL</column>
            <column name="raiffeisen">NULL</column>
            <column name="uralsib">NULL</column>
            <column name="rshb">1</column>
        </table>
        <table name="bank">
            <column name="id">3634</column>
            <column name="twitid">497830563936360000</column>
            <column name="date">1407527030</column>
            <column name="name">conjudar1899162</column>
            <column name="text">Банк Москвы продает белорусскую «дочку» http://t.co/3adgw8p3Vo</column>
            <column name="sberbank">NULL</column>
            <column name="vtb">NULL</column>
            <column name="gazprom">NULL</column>
            <column name="alfabank">NULL</column>
            <column name="bankmoskvy">0</column>
            <column name="raiffeisen">NULL</column>
            <column name="uralsib">NULL</column>
            <column name="rshb">NULL</column>
        </table>
        <table name="bank">
            <column name="id">3635</column>
            <column name="twitid">497833615925850000</column>
            <column name="date">1407527757</column>
            <column name="name">NovostiTula</column>
            <column name="text">#Тула «Россети» будут развивать сотрудничество с «Россельхозбанком» и «Ростехом»: 7 августа состоялось заседание Правления ОАО ...  #Tula</column>
            <column name="sberbank">NULL</column>
            <column name="vtb">NULL</column>
            <column name="gazprom">NULL</column>
            <column name="alfabank">NULL</column>
            <column name="bankmoskvy">NULL</column>
            <column name="raiffeisen">NULL</column>
            <column name="uralsib">NULL</column>
            <column name="rshb">1</column>
        </table>
        <table name="bank">
            <column name="id">3636</column>
            <column name="twitid">497833710117720000</column>
            <column name="date">1407527780</column>
            <column name="name">wijamiribezo</column>
            <column name="text">автокредит без справок втб 24 http://t.co/OJA24FNYi5</column>
            <column name="sberbank">NULL</column>
            <column name="vtb">0</column>
            <column name="gazprom">NULL</column>
            <column name="alfabank">NULL</column>
            <column name="bankmoskvy">NULL</column>
            <column name="raiffeisen">NULL</column>
            <column name="uralsib">NULL</column>
            <column name="rshb">NULL</column>
        </table>
        <table name="bank">
            <column name="id">3637</column>
            <column name="twitid">497834739563500000</column>
            <column name="date">1407528025</column>
            <column name="name">bobanucinoqa</column>
            <column name="text">второй кредит в альфа банке http://t.co/hULjQgbfjl</column>
            <column name="sberbank">NULL</column>
            <column name="vtb">NULL</column>
            <column name="gazprom">NULL</column>
            <column name="alfabank">0</column>
            <column name="bankmoskvy">NULL</column>
            <column name="raiffeisen">NULL</column>
            <column name="uralsib">NULL</column>
            <column name="rshb">NULL</column>
        </table>
        <table name="bank">
            <column name="id">3638</column>
            <column name="twitid">497834962834720000</column>
            <column name="date">1407528079</column>
            <column name="name">khalalitpigto</column>
            <column name="text">RT @vilterprorituc: втб 24 кредиты малому бизнесу http://t.co/fnU22c8lgw</column>
            <column name="sberbank">NULL</column>
            <column name="vtb">0</column>
            <column name="gazprom">NULL</column>
            <column name="alfabank">NULL</column>
            <column name="bankmoskvy">NULL</column>
            <column name="raiffeisen">NULL</column>
            <column name="uralsib">NULL</column>
            <column name="rshb">NULL</column>
        </table>
        <table name="bank">
            <column name="id">3639</column>
            <column name="twitid">497836113151550000</column>
            <column name="date">1407528353</column>
            <column name="name">apashcha</column>
            <column name="text">Россельхозбанк снизил ставки по кредитам личным подсобным хозяйствам: Краснодарский филиал Россельхозбанка сни... http://t.co/XxECSNuRBL</column>
            <column name="sberbank">NULL</column>
            <column name="vtb">NULL</column>
            <column name="gazprom">NULL</column>
            <column name="alfabank">NULL</column>
            <column name="bankmoskvy">NULL</column>
            <column name="raiffeisen">NULL</column>
            <column name="uralsib">NULL</column>
            <column name="rshb">1</column>
        </table>
        <table name="bank">
            <column name="id">3640</column>
            <column name="twitid">497837868631730000</column>
            <column name="date">1407528771</column>
            <column name="name">zorikzorik</column>
            <column name="text">@olegtinkov @alfabank_ru @tcsbank реальный график.</column>
            <column name="sberbank">NULL</column>
            <column name="vtb">NULL</column>
            <column name="gazprom">NULL</column>
            <column name="alfabank">0</column>
            <column name="bankmoskvy">NULL</column>
            <column name="raiffeisen">NULL</column>
            <column name="uralsib">NULL</column>
            <column name="rshb">NULL</column>
        </table>
        <table name="bank">
            <column name="id">3641</column>
            <column name="twitid">497842966028120000</column>
            <column name="date">1407529987</column>
            <column name="name">vopojycedofo</column>
            <column name="text">ветеранам боевых действий в россельхозбанке можно взять беспроцентный кредит? http://t.co/RMMxqIgQJF</column>
            <column name="sberbank">NULL</column>
            <column name="vtb">NULL</column>
            <column name="gazprom">NULL</column>
            <column name="alfabank">NULL</column>
            <column name="bankmoskvy">NULL</column>
            <column name="raiffeisen">NULL</column>
            <column name="uralsib">NULL</column>
            <column name="rshb">0</column>
        </table>
        <table name="bank">
            <column name="id">3642</column>
            <column name="twitid">497843005240660000</column>
            <column name="date">1407529996</column>
            <column name="name">worldnewsday</column>
            <column name="text">Я.Новости | Финансы: Банк Москвы продает белорусскую «дочку» http://t.co/KqeXWbr0pi</column>
            <column name="sberbank">NULL</column>
            <column name="vtb">NULL</column>
            <column name="gazprom">NULL</column>
            <column name="alfabank">NULL</column>
            <column name="bankmoskvy">0</column>
            <column name="raiffeisen">NULL</column>
            <column name="uralsib">NULL</column>
            <column name="rshb">NULL</column>
        </table>
        <table name="bank">
            <column name="id">3643</column>
            <column name="twitid">497843232953600000</column>
            <column name="date">1407530050</column>
            <column name="name">VKovalenko29</column>
            <column name="text">С 14 февраля 2014 года Сбербанк снижает процентные ставки на все популярные продукты ипотечного кредитования.</column>
            <column name="sberbank">1</column>
            <column name="vtb">NULL</column>
            <column name="gazprom">NULL</column>
            <column name="alfabank">NULL</column>
            <column name="bankmoskvy">NULL</column>
            <column name="raiffeisen">NULL</column>
            <column name="uralsib">NULL</column>
            <column name="rshb">NULL</column>
        </table>
        <table name="bank">
            <column name="id">3644</column>
            <column name="twitid">497843318404190000</column>
            <column name="date">1407530071</column>
            <column name="name">sab29pu</column>
            <column name="text">Отзывы о кредите в альфа банке http://t.co/8kpBrBi56Q</column>
            <column name="sberbank">NULL</column>
            <column name="vtb">NULL</column>
            <column name="gazprom">NULL</column>
            <column name="alfabank">0</column>
            <column name="bankmoskvy">NULL</column>
            <column name="raiffeisen">NULL</column>
            <column name="uralsib">NULL</column>
            <column name="rshb">NULL</column>
        </table>
        <table name="bank">
            <column name="id">3645</column>
            <column name="twitid">497844390287910000</column>
            <column name="date">1407530326</column>
            <column name="name">fyodorkostomaro</column>
            <column name="text">Кредиты сбербанк в курске http://t.co/k3p2nOj60U</column>
            <column name="sberbank">0</column>
            <column name="vtb">NULL</column>
            <column name="gazprom">NULL</column>
            <column name="alfabank">NULL</column>
            <column name="bankmoskvy">NULL</column>
            <column name="raiffeisen">NULL</column>
            <column name="uralsib">NULL</column>
            <column name="rshb">NULL</column>
        </table>
        <table name="bank">
            <column name="id">3646</column>
            <column name="twitid">497844762607880000</column>
            <column name="date">1407530415</column>
            <column name="name">gotihosuwic</column>
            <column name="text">военная ипотека газпромбанк http://t.co/VWMumHpgb5</column>
            <column name="sberbank">NULL</column>
            <column name="vtb">NULL</column>
            <column name="gazprom">0</column>
            <column name="alfabank">NULL</column>
            <column name="bankmoskvy">NULL</column>
            <column name="raiffeisen">NULL</column>
            <column name="uralsib">NULL</column>
            <column name="rshb">NULL</column>
        </table>
        <table name="bank">
            <column name="id">3647</column>
            <column name="twitid">497846034903880000</column>
            <column name="date">1407530718</column>
            <column name="name">adrijana_hesser</column>
            <column name="text">банк москвы кредиты для ип http://t.co/l8LjZYsr16</column>
            <column name="sberbank">NULL</column>
            <column name="vtb">NULL</column>
            <column name="gazprom">NULL</column>
            <column name="alfabank">NULL</column>
            <column name="bankmoskvy">0</column>
            <column name="raiffeisen">NULL</column>
            <column name="uralsib">NULL</column>
            <column name="rshb">NULL</column>
        </table>
        <table name="bank">
            <column name="id">3648</column>
            <column name="twitid">497848472524310000</column>
            <column name="date">1407531300</column>
            <column name="name">igabyvazn</column>
            <column name="text">Банк втб 24 кредит москва http://t.co/dYgt7TpXVE</column>
            <column name="sberbank">NULL</column>
            <column name="vtb">0</column>
            <column name="gazprom">NULL</column>
            <column name="alfabank">NULL</column>
            <column name="bankmoskvy">NULL</column>
            <column name="raiffeisen">NULL</column>
            <column name="uralsib">NULL</column>
            <column name="rshb">NULL</column>
        </table>
        <table name="bank">
            <column name="id">3649</column>
            <column name="twitid">497848821431270000</column>
            <column name="date">1407531383</column>
            <column name="name">mypabsopac</column>
            <column name="text">RT @imednosari: http://t.co/ToRgMYnppL Новости Украины 30 июля 2014 года: США ввели санкции против ВТБ, «Банка Москвы» и Россельхозбанка</column>
            <column name="sberbank">NULL</column>
            <column name="vtb">-1</column>
            <column name="gazprom">NULL</column>
            <column name="alfabank">NULL</column>
            <column name="bankmoskvy">0</column>
            <column name="raiffeisen">NULL</column>
            <column name="uralsib">NULL</column>
            <column name="rshb">-1</column>
        </table>
        <table name="bank">
            <column name="id">3650</column>
            <column name="twitid">497848865362840000</column>
            <column name="date">1407531393</column>
            <column name="name">sewawekagode</column>
            <column name="text">в альфа банке получить кредит с плохой кредитной историей http://t.co/H3zafwKXSz</column>
            <column name="sberbank">NULL</column>
            <column name="vtb">NULL</column>
            <column name="gazprom">NULL</column>
            <column name="alfabank">0</column>
            <column name="bankmoskvy">NULL</column>
            <column name="raiffeisen">NULL</column>
            <column name="uralsib">NULL</column>
            <column name="rshb">NULL</column>
        </table>
        <table name="bank">
            <column name="id">3651</column>
            <column name="twitid">497851775878430000</column>
            <column name="date">1407532087</column>
            <column name="name">cydijuqepoci</column>
            <column name="text">банк втб 24 кредитные карты mastercard http://t.co/fSRDI39Ydt</column>
            <column name="sberbank">NULL</column>
            <column name="vtb">0</column>
            <column name="gazprom">NULL</column>
            <column name="alfabank">NULL</column>
            <column name="bankmoskvy">NULL</column>
            <column name="raiffeisen">NULL</column>
            <column name="uralsib">NULL</column>
            <column name="rshb">NULL</column>
        </table>
        <table name="bank">
            <column name="id">3652</column>
            <column name="twitid">497853351997240000</column>
            <column name="date">1407532463</column>
            <column name="name">inesrsdkillion</column>
            <column name="text">авто кредит в альфа банке http://t.co/mLbJLU0VFY</column>
            <column name="sberbank">NULL</column>
            <column name="vtb">NULL</column>
            <column name="gazprom">NULL</column>
            <column name="alfabank">0</column>
            <column name="bankmoskvy">NULL</column>
            <column name="raiffeisen">NULL</column>
            <column name="uralsib">NULL</column>
            <column name="rshb">NULL</column>
        </table>
        <table name="bank">
            <column name="id">3653</column>
            <column name="twitid">497853703702200000</column>
            <column name="date">1407532547</column>
            <column name="name">vijaafexr</column>
            <column name="text">http://t.co/vaa6zRcfQ2 Россельхозбанк оформить кредит лпх</column>
            <column name="sberbank">NULL</column>
            <column name="vtb">NULL</column>
            <column name="gazprom">NULL</column>
            <column name="alfabank">NULL</column>
            <column name="bankmoskvy">NULL</column>
            <column name="raiffeisen">NULL</column>
            <column name="uralsib">NULL</column>
            <column name="rshb">0</column>
        </table>
        <table name="bank">
            <column name="id">3654</column>
            <column name="twitid">497854312304120000</column>
            <column name="date">1407532692</column>
            <column name="name">VKnyazev34</column>
            <column name="text">«Банк Москвы» продаст белорусскую «дочку». Совет директоров ОАО &quot;Банк Москвы&quot; принял решение прекратить участие в ОАО &quot;Банк Москва-Минск&quot; п</column>
            <column name="sberbank">NULL</column>
            <column name="vtb">NULL</column>
            <column name="gazprom">NULL</column>
            <column name="alfabank">NULL</column>
            <column name="bankmoskvy">0</column>
            <column name="raiffeisen">NULL</column>
            <column name="uralsib">NULL</column>
            <column name="rshb">NULL</column>
        </table>
        <table name="bank">
            <column name="id">3655</column>
            <column name="twitid">497854837128990000</column>
            <column name="date">1407532817</column>
            <column name="name">kizefiqub</column>
            <column name="text">Кредиты в втб 24 белгород http://t.co/gncU4rxFLT</column>
            <column name="sberbank">NULL</column>
            <column name="vtb">0</column>
            <column name="gazprom">NULL</column>
            <column name="alfabank">NULL</column>
            <column name="bankmoskvy">NULL</column>
            <column name="raiffeisen">NULL</column>
            <column name="uralsib">NULL</column>
            <column name="rshb">NULL</column>
        </table>
        <table name="bank">
            <column name="id">3656</column>
            <column name="twitid">497856005733360000</column>
            <column name="date">1407533096</column>
            <column name="name">vydutihu</column>
            <column name="text">Дают ли кредит сбербанк http://t.co/0K5pgS4MhO</column>
            <column name="sberbank">0</column>
            <column name="vtb">NULL</column>
            <column name="gazprom">NULL</column>
            <column name="alfabank">NULL</column>
            <column name="bankmoskvy">NULL</column>
            <column name="raiffeisen">NULL</column>
            <column name="uralsib">NULL</column>
            <column name="rshb">NULL</column>
        </table>
        <table name="bank">
            <column name="id">3657</column>
            <column name="twitid">497856889536120000</column>
            <column name="date">1407533306</column>
            <column name="name">magobazin</column>
            <column name="text">Уралсиб банк субсидированное автокредитование г краснодар http://t.co/0KB04WVryN</column>
            <column name="sberbank">NULL</column>
            <column name="vtb">NULL</column>
            <column name="gazprom">NULL</column>
            <column name="alfabank">NULL</column>
            <column name="bankmoskvy">NULL</column>
            <column name="raiffeisen">NULL</column>
            <column name="uralsib">0</column>
            <column name="rshb">NULL</column>
        </table>
        <table name="bank">
            <column name="id">3658</column>
            <column name="twitid">497857575451640000</column>
            <column name="date">1407533470</column>
            <column name="name">fegazydal</column>
            <column name="text">Кредиты потребительские красноярск банк москвы http://t.co/6V93ObyrrZ</column>
            <column name="sberbank">NULL</column>
            <column name="vtb">NULL</column>
            <column name="gazprom">NULL</column>
            <column name="alfabank">NULL</column>
            <column name="bankmoskvy">0</column>
            <column name="raiffeisen">NULL</column>
            <column name="uralsib">NULL</column>
            <column name="rshb">NULL</column>
        </table>
        <table name="bank">
            <column name="id">3659</column>
            <column name="twitid">497858565756160000</column>
            <column name="date">1407533706</column>
            <column name="name">sajucuzefiq</column>
            <column name="text">военная ипотека газпромбанк http://t.co/6VuTEUdmIt</column>
            <column name="sberbank">NULL</column>
            <column name="vtb">NULL</column>
            <column name="gazprom">0</column>
            <column name="alfabank">NULL</column>
            <column name="bankmoskvy">NULL</column>
            <column name="raiffeisen">NULL</column>
            <column name="uralsib">NULL</column>
            <column name="rshb">NULL</column>
        </table>
        <table name="bank">
            <column name="id">3660</column>
            <column name="twitid">497858662879090000</column>
            <column name="date">1407533729</column>
            <column name="name">sasykosoqoxy</column>
            <column name="text">RT @taserdown39: Сбербанк решил вложится в сельское хозяйство, видимо там будут пахать просрочившие кредит.</column>
            <column name="sberbank">0</column>
            <column name="vtb">NULL</column>
            <column name="gazprom">NULL</column>
            <column name="alfabank">NULL</column>
            <column name="bankmoskvy">NULL</column>
            <column name="raiffeisen">NULL</column>
            <column name="uralsib">NULL</column>
            <column name="rshb">NULL</column>
        </table>
        <table name="bank">
            <column name="id">3661</column>
            <column name="twitid">497858923438040000</column>
            <column name="date">1407533791</column>
            <column name="name">seudaponem</column>
            <column name="text">проценты по кредитам в альфабанке http://t.co/IrKXQgZWi4</column>
            <column name="sberbank">NULL</column>
            <column name="vtb">NULL</column>
            <column name="gazprom">NULL</column>
            <column name="alfabank">0</column>
            <column name="bankmoskvy">NULL</column>
            <column name="raiffeisen">NULL</column>
            <column name="uralsib">NULL</column>
            <column name="rshb">NULL</column>
        </table>
        <table name="bank">
            <column name="id">3662</column>
            <column name="twitid">497859367329230000</column>
            <column name="date">1407533897</column>
            <column name="name">lexacom</column>
            <column name="text">Банк москвы в краснодаре http://t.co/zgUS6seryg</column>
            <column name="sberbank">NULL</column>
            <column name="vtb">NULL</column>
            <column name="gazprom">NULL</column>
            <column name="alfabank">NULL</column>
            <column name="bankmoskvy">0</column>
            <column name="raiffeisen">NULL</column>
            <column name="uralsib">NULL</column>
            <column name="rshb">NULL</column>
        </table>
        <table name="bank">
            <column name="id">3663</column>
            <column name="twitid">497860829115870000</column>
            <column name="date">1407534246</column>
            <column name="name">erdreStor</column>
            <column name="text">http://t.co/cCzgmBG2Iu Альфа банк взять кредит 150000</column>
            <column name="sberbank">NULL</column>
            <column name="vtb">NULL</column>
            <column name="gazprom">NULL</column>
            <column name="alfabank">0</column>
            <column name="bankmoskvy">NULL</column>
            <column name="raiffeisen">NULL</column>
            <column name="uralsib">NULL</column>
            <column name="rshb">NULL</column>
        </table>
        <table name="bank">
            <column name="id">3664</column>
            <column name="twitid">497862033984210000</column>
            <column name="date">1407534533</column>
            <column name="name">xecynasa</column>
            <column name="text">Кредиты в сбер банке росии http://t.co/jUU4PBm6FH</column>
            <column name="sberbank">0</column>
            <column name="vtb">NULL</column>
            <column name="gazprom">NULL</column>
            <column name="alfabank">NULL</column>
            <column name="bankmoskvy">NULL</column>
            <column name="raiffeisen">NULL</column>
            <column name="uralsib">NULL</column>
            <column name="rshb">NULL</column>
        </table>
        <table name="bank">
            <column name="id">3665</column>
            <column name="twitid">497863431471790000</column>
            <column name="date">1407534866</column>
            <column name="name">irillee90g</column>
            <column name="text">Банк уралсиб в калининграде кредиты http://t.co/PFTCY6sh6m</column>
            <column name="sberbank">NULL</column>
            <column name="vtb">NULL</column>
            <column name="gazprom">NULL</column>
            <column name="alfabank">NULL</column>
            <column name="bankmoskvy">NULL</column>
            <column name="raiffeisen">NULL</column>
            <column name="uralsib">0</column>
            <column name="rshb">NULL</column>
        </table>
        <table name="bank">
            <column name="id">3666</column>
            <column name="twitid">497863558412370000</column>
            <column name="date">1407534896</column>
            <column name="name">ocabso</column>
            <column name="text">взять авто кредит в сбер банке http://t.co/DLQgtVkdu4</column>
            <column name="sberbank">0</column>
            <column name="vtb">NULL</column>
            <column name="gazprom">NULL</column>
            <column name="alfabank">NULL</column>
            <column name="bankmoskvy">NULL</column>
            <column name="raiffeisen">NULL</column>
            <column name="uralsib">NULL</column>
            <column name="rshb">NULL</column>
        </table>
        <table name="bank">
            <column name="id">3667</column>
            <column name="twitid">497865080714060000</column>
            <column name="date">1407535259</column>
            <column name="name">apajoe005t</column>
            <column name="text">потребительский кредит банк втб 24 казань http://t.co/EmghA5ja08</column>
            <column name="sberbank">NULL</column>
            <column name="vtb">0</column>
            <column name="gazprom">NULL</column>
            <column name="alfabank">NULL</column>
            <column name="bankmoskvy">NULL</column>
            <column name="raiffeisen">NULL</column>
            <column name="uralsib">NULL</column>
            <column name="rshb">NULL</column>
        </table>
        <table name="bank">
            <column name="id">3668</column>
            <column name="twitid">497865480963910000</column>
            <column name="date">1407535355</column>
            <column name="name">vatoi862ri</column>
            <column name="text">кредиты в ставрополе сбербанк http://t.co/tUiQMEKuKy</column>
            <column name="sberbank">0</column>
            <column name="vtb">NULL</column>
            <column name="gazprom">NULL</column>
            <column name="alfabank">NULL</column>
            <column name="bankmoskvy">NULL</column>
            <column name="raiffeisen">NULL</column>
            <column name="uralsib">NULL</column>
            <column name="rshb">NULL</column>
        </table>
        <table name="bank">
            <column name="id">3669</column>
            <column name="twitid">497868966887700000</column>
            <column name="date">1407536186</column>
            <column name="name">hicikihyteh</column>
            <column name="text">авто в кредит чебоксары сбербанк http://t.co/asi6KylSWB</column>
            <column name="sberbank">0</column>
            <column name="vtb">NULL</column>
            <column name="gazprom">NULL</column>
            <column name="alfabank">NULL</column>
            <column name="bankmoskvy">NULL</column>
            <column name="raiffeisen">NULL</column>
            <column name="uralsib">NULL</column>
            <column name="rshb">NULL</column>
        </table>
        <table name="bank">
            <column name="id">3670</column>
            <column name="twitid">497869090258960000</column>
            <column name="date">1407536215</column>
            <column name="name">emelykunboothe</column>
            <column name="text">ставки кредитования сбербанк россии http://t.co/3NfoMoSepI</column>
            <column name="sberbank">0</column>
            <column name="vtb">NULL</column>
            <column name="gazprom">NULL</column>
            <column name="alfabank">NULL</column>
            <column name="bankmoskvy">NULL</column>
            <column name="raiffeisen">NULL</column>
            <column name="uralsib">NULL</column>
            <column name="rshb">NULL</column>
        </table>
        <table name="bank">
            <column name="id">3671</column>
            <column name="twitid">497870150604190000</column>
            <column name="date">1407536468</column>
            <column name="name">EEpifanova33</column>
            <column name="text">Кста, именно Именно Греф и Сбербанк торгует квотами по выбросу парниковых газов (эколого-зеленый черт, хе-хе..</column>
            <column name="sberbank">0</column>
            <column name="vtb">NULL</column>
            <column name="gazprom">NULL</column>
            <column name="alfabank">NULL</column>
            <column name="bankmoskvy">NULL</column>
            <column name="raiffeisen">NULL</column>
            <column name="uralsib">NULL</column>
            <column name="rshb">NULL</column>
        </table>
        <table name="bank">
            <column name="id">3672</column>
            <column name="twitid">497870919252320000</column>
            <column name="date">1407536651</column>
            <column name="name">tububakyt</column>
            <column name="text">Поволжский сбербанк кредитный калькулятор http://t.co/dHlBg9kByz</column>
            <column name="sberbank">0</column>
            <column name="vtb">NULL</column>
            <column name="gazprom">NULL</column>
            <column name="alfabank">NULL</column>
            <column name="bankmoskvy">NULL</column>
            <column name="raiffeisen">NULL</column>
            <column name="uralsib">NULL</column>
            <column name="rshb">NULL</column>
        </table>
        <table name="bank">
            <column name="id">3673</column>
            <column name="twitid">497871057022630000</column>
            <column name="date">1407536684</column>
            <column name="name">pegejypuk</column>
            <column name="text">Райффайзенбанк принимает решение по кредиту http://t.co/gMIQF8vw7G</column>
            <column name="sberbank">NULL</column>
            <column name="vtb">NULL</column>
            <column name="gazprom">NULL</column>
            <column name="alfabank">NULL</column>
            <column name="bankmoskvy">NULL</column>
            <column name="raiffeisen">0</column>
            <column name="uralsib">NULL</column>
            <column name="rshb">NULL</column>
        </table>
        <table name="bank">
            <column name="id">3674</column>
            <column name="twitid">497871102107200000</column>
            <column name="date">1407536695</column>
            <column name="name">sukonkin_valya</column>
            <column name="text">Райффайзенбанк анкета потребительский кредит http://t.co/A2S1oiNSJw</column>
            <column name="sberbank">NULL</column>
            <column name="vtb">NULL</column>
            <column name="gazprom">NULL</column>
            <column name="alfabank">NULL</column>
            <column name="bankmoskvy">NULL</column>
            <column name="raiffeisen">0</column>
            <column name="uralsib">NULL</column>
            <column name="rshb">NULL</column>
        </table>
        <table name="bank">
            <column name="id">3675</column>
            <column name="twitid">497871678622670000</column>
            <column name="date">1407536832</column>
            <column name="name">febabohuxele</column>
            <column name="text">ипотека банк москвы оренбург http://t.co/ISJvnyo7CY</column>
            <column name="sberbank">NULL</column>
            <column name="vtb">NULL</column>
            <column name="gazprom">NULL</column>
            <column name="alfabank">NULL</column>
            <column name="bankmoskvy">0</column>
            <column name="raiffeisen">NULL</column>
            <column name="uralsib">NULL</column>
            <column name="rshb">NULL</column>
        </table>
        <table name="bank">
            <column name="id">3676</column>
            <column name="twitid">497873146889130000</column>
            <column name="date">1407537182</column>
            <column name="name">jykapoganuk</column>
            <column name="text">банковская карта молодежная сбербанк http://t.co/VaqkNGEWr6</column>
            <column name="sberbank">0</column>
            <column name="vtb">NULL</column>
            <column name="gazprom">NULL</column>
            <column name="alfabank">NULL</column>
            <column name="bankmoskvy">NULL</column>
            <column name="raiffeisen">NULL</column>
            <column name="uralsib">NULL</column>
            <column name="rshb">NULL</column>
        </table>
        <table name="bank">
            <column name="id">3677</column>
            <column name="twitid">497873916615200000</column>
            <column name="date">1407537366</column>
            <column name="name">bicheno_hobert</column>
            <column name="text">взять кредитную карту в альфа банке http://t.co/nVwJ5cNXNi</column>
            <column name="sberbank">NULL</column>
            <column name="vtb">NULL</column>
            <column name="gazprom">NULL</column>
            <column name="alfabank">0</column>
            <column name="bankmoskvy">NULL</column>
            <column name="raiffeisen">NULL</column>
            <column name="uralsib">NULL</column>
            <column name="rshb">NULL</column>
        </table>
        <table name="bank">
            <column name="id">3678</column>
            <column name="twitid">497873965214620000</column>
            <column name="date">1407537378</column>
            <column name="name">syhacatizafu</column>
            <column name="text">автокредит в новосибирске сбербанк ярославль http://t.co/I1rHmPXgVY</column>
            <column name="sberbank">0</column>
            <column name="vtb">NULL</column>
            <column name="gazprom">NULL</column>
            <column name="alfabank">NULL</column>
            <column name="bankmoskvy">NULL</column>
            <column name="raiffeisen">NULL</column>
            <column name="uralsib">NULL</column>
            <column name="rshb">NULL</column>
        </table>
        <table name="bank">
            <column name="id">3679</column>
            <column name="twitid">497876007001810000</column>
            <column name="date">1407537864</column>
            <column name="name">safalydabad</column>
            <column name="text">Банк москвы безпроцентный кредит http://t.co/svhdzPwqIO</column>
            <column name="sberbank">NULL</column>
            <column name="vtb">NULL</column>
            <column name="gazprom">NULL</column>
            <column name="alfabank">NULL</column>
            <column name="bankmoskvy">0</column>
            <column name="raiffeisen">NULL</column>
            <column name="uralsib">NULL</column>
            <column name="rshb">NULL</column>
        </table>
        <table name="bank">
            <column name="id">3680</column>
            <column name="twitid">497877829812770000</column>
            <column name="date">1407538299</column>
            <column name="name">obufpatca</column>
            <column name="text">http://t.co/KPCgMHbA8P Оформить онлайн заявку на кредит в альфа банк</column>
            <column name="sberbank">NULL</column>
            <column name="vtb">NULL</column>
            <column name="gazprom">NULL</column>
            <column name="alfabank">0</column>
            <column name="bankmoskvy">NULL</column>
            <column name="raiffeisen">NULL</column>
            <column name="uralsib">NULL</column>
            <column name="rshb">NULL</column>
        </table>
        <table name="bank">
            <column name="id">3681</column>
            <column name="twitid">497877967570470000</column>
            <column name="date">1407538332</column>
            <column name="name">punatywenyf</column>
            <column name="text">Кредиты газпромбанка работникам сибур http://t.co/fTVRDKSV7G</column>
            <column name="sberbank">NULL</column>
            <column name="vtb">NULL</column>
            <column name="gazprom">0</column>
            <column name="alfabank">NULL</column>
            <column name="bankmoskvy">NULL</column>
            <column name="raiffeisen">NULL</column>
            <column name="uralsib">NULL</column>
            <column name="rshb">NULL</column>
        </table>
        <table name="bank">
            <column name="id">3682</column>
            <column name="twitid">497878006841740000</column>
            <column name="date">1407538341</column>
            <column name="name">givirehab</column>
            <column name="text">Автокредит в райффайзен банке http://t.co/KdPrMDOeiZ</column>
            <column name="sberbank">NULL</column>
            <column name="vtb">NULL</column>
            <column name="gazprom">NULL</column>
            <column name="alfabank">NULL</column>
            <column name="bankmoskvy">NULL</column>
            <column name="raiffeisen">0</column>
            <column name="uralsib">NULL</column>
            <column name="rshb">NULL</column>
        </table>
        <table name="bank">
            <column name="id">3683</column>
            <column name="twitid">497879120463020000</column>
            <column name="date">1407538607</column>
            <column name="name">Kazakovtimegisu</column>
            <column name="text">RT @EKudryavtzeva33: а не через форму. Сбер - либо по номеру карты переводить, либо на рублевый счет Альфы... иное сейчас не работает.</column>
            <column name="sberbank">0</column>
            <column name="vtb">NULL</column>
            <column name="gazprom">NULL</column>
            <column name="alfabank">0</column>
            <column name="bankmoskvy">NULL</column>
            <column name="raiffeisen">NULL</column>
            <column name="uralsib">NULL</column>
            <column name="rshb">NULL</column>
        </table>
        <table name="bank">
            <column name="id">3684</column>
            <column name="twitid">497880773345540000</column>
            <column name="date">1407539001</column>
            <column name="name">worldnewsday</column>
            <column name="text">Я.Новости | Финансы: Сбербанк не видит необходимости менять вес акций в биржевых индексах http://t.co/jyBlgyMPvC</column>
            <column name="sberbank">0</column>
            <column name="vtb">NULL</column>
            <column name="gazprom">NULL</column>
            <column name="alfabank">NULL</column>
            <column name="bankmoskvy">NULL</column>
            <column name="raiffeisen">NULL</column>
            <column name="uralsib">NULL</column>
            <column name="rshb">NULL</column>
        </table>
        <table name="bank">
            <column name="id">3685</column>
            <column name="twitid">497881066368410000</column>
            <column name="date">1407539071</column>
            <column name="name">tuqefaty</column>
            <column name="text">Центр ипотечного кредитования сбербанк адреса http://t.co/1wuxFusIQq</column>
            <column name="sberbank">0</column>
            <column name="vtb">NULL</column>
            <column name="gazprom">NULL</column>
            <column name="alfabank">NULL</column>
            <column name="bankmoskvy">NULL</column>
            <column name="raiffeisen">NULL</column>
            <column name="uralsib">NULL</column>
            <column name="rshb">NULL</column>
        </table>
        <table name="bank">
            <column name="id">3686</column>
            <column name="twitid">497881154109050000</column>
            <column name="date">1407539091</column>
            <column name="name">fibuwuzuli</column>
            <column name="text">Кому дает кредиты сбербанк http://t.co/8FY0dCExZD</column>
            <column name="sberbank">0</column>
            <column name="vtb">NULL</column>
            <column name="gazprom">NULL</column>
            <column name="alfabank">NULL</column>
            <column name="bankmoskvy">NULL</column>
            <column name="raiffeisen">NULL</column>
            <column name="uralsib">NULL</column>
            <column name="rshb">NULL</column>
        </table>
        <table name="bank">
            <column name="id">3687</column>
            <column name="twitid">497882172276370000</column>
            <column name="date">1407539334</column>
            <column name="name">jiqulimyz</column>
            <column name="text">вид кредитования сбербанк россии http://t.co/RZrG8KhF5q</column>
            <column name="sberbank">0</column>
            <column name="vtb">NULL</column>
            <column name="gazprom">NULL</column>
            <column name="alfabank">NULL</column>
            <column name="bankmoskvy">NULL</column>
            <column name="raiffeisen">NULL</column>
            <column name="uralsib">NULL</column>
            <column name="rshb">NULL</column>
        </table>
        <table name="bank">
            <column name="id">3688</column>
            <column name="twitid">497882299430880000</column>
            <column name="date">1407539365</column>
            <column name="name">fokodyzuzisi</column>
            <column name="text">банк москвы ипотечный кредит условия http://t.co/Ovz5NNhlIz</column>
            <column name="sberbank">NULL</column>
            <column name="vtb">NULL</column>
            <column name="gazprom">NULL</column>
            <column name="alfabank">NULL</column>
            <column name="bankmoskvy">0</column>
            <column name="raiffeisen">NULL</column>
            <column name="uralsib">NULL</column>
            <column name="rshb">NULL</column>
        </table>
        <table name="bank">
            <column name="id">3689</column>
            <column name="twitid">497882743951600000</column>
            <column name="date">1407539471</column>
            <column name="name">vomebabuhef</column>
            <column name="text">как получить кредит втб 24 хабаровск http://t.co/mvlSC9bK2M</column>
            <column name="sberbank">NULL</column>
            <column name="vtb">0</column>
            <column name="gazprom">NULL</column>
            <column name="alfabank">NULL</column>
            <column name="bankmoskvy">NULL</column>
            <column name="raiffeisen">NULL</column>
            <column name="uralsib">NULL</column>
            <column name="rshb">NULL</column>
        </table>
        <table name="bank">
            <column name="id">3690</column>
            <column name="twitid">497883169858010000</column>
            <column name="date">1407539572</column>
            <column name="name">itaymalahi</column>
            <column name="text">кредитные карты альфабанк новосибирск http://t.co/Ooc35ybRh5</column>
            <column name="sberbank">NULL</column>
            <column name="vtb">NULL</column>
            <column name="gazprom">NULL</column>
            <column name="alfabank">0</column>
            <column name="bankmoskvy">NULL</column>
            <column name="raiffeisen">NULL</column>
            <column name="uralsib">NULL</column>
            <column name="rshb">NULL</column>
        </table>
        <table name="bank">
            <column name="id">3691</column>
            <column name="twitid">497883226103640000</column>
            <column name="date">1407539585</column>
            <column name="name">erdreStor</column>
            <column name="text">http://t.co/9QYitBqXuu Какие нужны документы чтобы взять кредит в сбер банке</column>
            <column name="sberbank">0</column>
            <column name="vtb">NULL</column>
            <column name="gazprom">NULL</column>
            <column name="alfabank">NULL</column>
            <column name="bankmoskvy">NULL</column>
            <column name="raiffeisen">NULL</column>
            <column name="uralsib">NULL</column>
            <column name="rshb">NULL</column>
        </table>
        <table name="bank">
            <column name="id">3692</column>
            <column name="twitid">497884068265330000</column>
            <column name="date">1407539786</column>
            <column name="name">cicihoqacuc</column>
            <column name="text">ипотека сбербанк 12 12 12 http://t.co/oCQuTFGrwN</column>
            <column name="sberbank">0</column>
            <column name="vtb">NULL</column>
            <column name="gazprom">NULL</column>
            <column name="alfabank">NULL</column>
            <column name="bankmoskvy">NULL</column>
            <column name="raiffeisen">NULL</column>
            <column name="uralsib">NULL</column>
            <column name="rshb">NULL</column>
        </table>
        <table name="bank">
            <column name="id">3693</column>
            <column name="twitid">497885313105410000</column>
            <column name="date">1407540083</column>
            <column name="name">sezoxawysyz</column>
            <column name="text">банк сбербанк кредит пенсионерам http://t.co/GX0QAC75KN</column>
            <column name="sberbank">0</column>
            <column name="vtb">NULL</column>
            <column name="gazprom">NULL</column>
            <column name="alfabank">NULL</column>
            <column name="bankmoskvy">NULL</column>
            <column name="raiffeisen">NULL</column>
            <column name="uralsib">NULL</column>
            <column name="rshb">NULL</column>
        </table>
        <table name="bank">
            <column name="id">3694</column>
            <column name="twitid">497885647299150000</column>
            <column name="date">1407540163</column>
            <column name="name">ysorpmey</column>
            <column name="text">http://t.co/95qw6IEpY2 Как получить кредит физлицу альфа банк в краснодаре</column>
            <column name="sberbank">NULL</column>
            <column name="vtb">NULL</column>
            <column name="gazprom">NULL</column>
            <column name="alfabank">0</column>
            <column name="bankmoskvy">NULL</column>
            <column name="raiffeisen">NULL</column>
            <column name="uralsib">NULL</column>
            <column name="rshb">NULL</column>
        </table>
        <table name="bank">
            <column name="id">3695</column>
            <column name="twitid">497886047595160000</column>
            <column name="date">1407540258</column>
            <column name="name">lezycecoxeva</column>
            <column name="text">банк втб 24 потребительские кредиты без справок http://t.co/BF52SHak8k</column>
            <column name="sberbank">NULL</column>
            <column name="vtb">0</column>
            <column name="gazprom">NULL</column>
            <column name="alfabank">NULL</column>
            <column name="bankmoskvy">NULL</column>
            <column name="raiffeisen">NULL</column>
            <column name="uralsib">NULL</column>
            <column name="rshb">NULL</column>
        </table>
        <table name="bank">
            <column name="id">3696</column>
            <column name="twitid">497886084639240000</column>
            <column name="date">1407540267</column>
            <column name="name">rogutonun</column>
            <column name="text">Лучшие кредитные карты альфа банка http://t.co/SnDCo4sjmr</column>
            <column name="sberbank">NULL</column>
            <column name="vtb">NULL</column>
            <column name="gazprom">NULL</column>
            <column name="alfabank">0</column>
            <column name="bankmoskvy">NULL</column>
            <column name="raiffeisen">NULL</column>
            <column name="uralsib">NULL</column>
            <column name="rshb">NULL</column>
        </table>
        <table name="bank">
            <column name="id">3697</column>
            <column name="twitid">497886437518220000</column>
            <column name="date">1407540351</column>
            <column name="name">byzehywusadu</column>
            <column name="text">RT @vikalivikynu: кредитная карта альфа банка</column>
            <column name="sberbank">NULL</column>
            <column name="vtb">NULL</column>
            <column name="gazprom">NULL</column>
            <column name="alfabank">0</column>
            <column name="bankmoskvy">NULL</column>
            <column name="raiffeisen">NULL</column>
            <column name="uralsib">NULL</column>
            <column name="rshb">NULL</column>
        </table>
        <table name="bank">
            <column name="id">3698</column>
            <column name="twitid">497886697028620000</column>
            <column name="date">1407540413</column>
            <column name="name">medabzzpbrake</column>
            <column name="text">спб кредиты банки сбербанк http://t.co/BwM0RZPc7e</column>
            <column name="sberbank">0</column>
            <column name="vtb">NULL</column>
            <column name="gazprom">NULL</column>
            <column name="alfabank">NULL</column>
            <column name="bankmoskvy">NULL</column>
            <column name="raiffeisen">NULL</column>
            <column name="uralsib">NULL</column>
            <column name="rshb">NULL</column>
        </table>
        <table name="bank">
            <column name="id">3699</column>
            <column name="twitid">497886998930400000</column>
            <column name="date">1407540485</column>
            <column name="name">liaSideris</column>
            <column name="text">http://t.co/9AKJTYBTmZ Банк оформить кредитку альфа банк</column>
            <column name="sberbank">NULL</column>
            <column name="vtb">NULL</column>
            <column name="gazprom">NULL</column>
            <column name="alfabank">0</column>
            <column name="bankmoskvy">NULL</column>
            <column name="raiffeisen">NULL</column>
            <column name="uralsib">NULL</column>
            <column name="rshb">NULL</column>
        </table>
        <table name="bank">
            <column name="id">3700</column>
            <column name="twitid">497887699173660000</column>
            <column name="date">1407540652</column>
            <column name="name">ariap17</column>
            <column name="text">взять кредит в райфайзенбанке http://t.co/18t3IxLAy0</column>
            <column name="sberbank">NULL</column>
            <column name="vtb">NULL</column>
            <column name="gazprom">NULL</column>
            <column name="alfabank">NULL</column>
            <column name="bankmoskvy">NULL</column>
            <column name="raiffeisen">0</column>
            <column name="uralsib">NULL</column>
            <column name="rshb">NULL</column>
        </table>
    </database>
</pma_xml_export>