<?xml version="1.0" encoding="utf-8"?>
<!--
- phpMyAdmin XML Dump
- version 4.0.4.1
- http://www.phpmyadmin.net
-
- Хост: localhost
- Время создания: Окт 28 2014 г., 09:04
- Версия сервера: 5.6.12
- Версия PHP: 5.5.3
-->

<pma_xml_export version="1.0" xmlns:pma="http://www.phpmyadmin.net/some_doc_url/">
    <!--
    - Structure schemas
    -->
    <pma:structure_schemas>
        <pma:database name="Romip" collation="utf8_general_ci" charset="utf8">
            <pma:table name="bank">
                CREATE TABLE `bank` (
                  `id` int(11) NOT NULL AUTO_INCREMENT,
                  `twitid` bigint(32) NOT NULL DEFAULT '0',
                  `date` varchar(128) DEFAULT NULL,
                  `name` varchar(128) DEFAULT NULL,
                  `text` varchar(256) DEFAULT NULL,
                  `sberbank` int(11) DEFAULT NULL,
                  `vtb` int(11) DEFAULT NULL,
                  `gazprom` int(11) DEFAULT NULL,
                  `alfabank` int(11) DEFAULT NULL,
                  `bankmoskvy` int(11) DEFAULT NULL,
                  `raiffeisen` int(11) DEFAULT NULL,
                  `uralsib` int(11) DEFAULT NULL,
                  `rshb` int(11) DEFAULT NULL,
                  PRIMARY KEY (`id`),
                  UNIQUE KEY `id` (`twitid`)
                ) ENGINE=InnoDB AUTO_INCREMENT=7924 DEFAULT CHARSET=utf8;
            </pma:table>
        </pma:database>
    </pma:structure_schemas>

    <!--
    - База данных: 'Romip'
    -->
    <database name="Romip">
        <!-- Таблица bank -->
        <table name="bank">
            <column name="id">2201</column>
            <column name="twitid">494989627053210000</column>
            <column name="date">1406849698</column>
            <column name="name">f_fulhg</column>
            <column name="text">@s_nik @prezidenty Сбербанк и ВТБ пообещали выполнить обязательства перед клиентами: Банки, попавшие под санкц... http://t.co/7nrsuubbmK</column>
            <column name="sberbank">1</column>
            <column name="vtb">1</column>
            <column name="gazprom">NULL</column>
            <column name="alfabank">NULL</column>
            <column name="bankmoskvy">NULL</column>
            <column name="raiffeisen">NULL</column>
            <column name="uralsib">NULL</column>
            <column name="rshb">NULL</column>
        </table>
        <table name="bank">
            <column name="id">2202</column>
            <column name="twitid">494989629024520000</column>
            <column name="date">1406849698</column>
            <column name="name">maximka_belov</column>
            <column name="text">@s_nik @prezidenty Сбербанк и ВТБ пообещали выполнить обязательства перед клиентами: Банки, попавшие под санкц... http://t.co/SpGNbshkeY</column>
            <column name="sberbank">1</column>
            <column name="vtb">1</column>
            <column name="gazprom">NULL</column>
            <column name="alfabank">NULL</column>
            <column name="bankmoskvy">NULL</column>
            <column name="raiffeisen">NULL</column>
            <column name="uralsib">NULL</column>
            <column name="rshb">NULL</column>
        </table>
        <table name="bank">
            <column name="id">2203</column>
            <column name="twitid">494989630941320000</column>
            <column name="date">1406849699</column>
            <column name="name">fshy_1Dmalik</column>
            <column name="text">@s_nik @prezidenty Сбербанк и ВТБ пообещали выполнить обязательства перед клиентами: Банки, попавшие под санкц... http://t.co/B7tLUV210S</column>
            <column name="sberbank">1</column>
            <column name="vtb">1</column>
            <column name="gazprom">NULL</column>
            <column name="alfabank">NULL</column>
            <column name="bankmoskvy">NULL</column>
            <column name="raiffeisen">NULL</column>
            <column name="uralsib">NULL</column>
            <column name="rshb">NULL</column>
        </table>
        <table name="bank">
            <column name="id">2204</column>
            <column name="twitid">494990004268310000</column>
            <column name="date">1406849788</column>
            <column name="name">Kovalevprofabit</column>
            <column name="text">RT @1prime_ru: США ввели санкции против ВТБ, Россельхозбанка и Банка Москвы:  http://t.co/gEeanxTbgb</column>
            <column name="sberbank">NULL</column>
            <column name="vtb">-1</column>
            <column name="gazprom">NULL</column>
            <column name="alfabank">NULL</column>
            <column name="bankmoskvy">-1</column>
            <column name="raiffeisen">NULL</column>
            <column name="uralsib">NULL</column>
            <column name="rshb">-1</column>
        </table>
        <table name="bank">
            <column name="id">2205</column>
            <column name="twitid">494990284774970000</column>
            <column name="date">1406849855</column>
            <column name="name">worldnewsday</column>
            <column name="text">Я.Новости | Экономика: США ввели санкции против Россельхозбанка, ВТБ и Банка Москвы http://t.co/nEEM1FFC2w</column>
            <column name="sberbank">NULL</column>
            <column name="vtb">-1</column>
            <column name="gazprom">NULL</column>
            <column name="alfabank">NULL</column>
            <column name="bankmoskvy">-1</column>
            <column name="raiffeisen">NULL</column>
            <column name="uralsib">NULL</column>
            <column name="rshb">-1</column>
        </table>
        <table name="bank">
            <column name="id">2206</column>
            <column name="twitid">494990325090620000</column>
            <column name="date">1406849864</column>
            <column name="name">yqleonisfe</column>
            <column name="text">http://t.co/sGGNulLOPW Взять кредит в альфа банк нижний новгород</column>
            <column name="sberbank">NULL</column>
            <column name="vtb">NULL</column>
            <column name="gazprom">NULL</column>
            <column name="alfabank">0</column>
            <column name="bankmoskvy">NULL</column>
            <column name="raiffeisen">NULL</column>
            <column name="uralsib">NULL</column>
            <column name="rshb">NULL</column>
        </table>
        <table name="bank">
            <column name="id">2207</column>
            <column name="twitid">494990362713530000</column>
            <column name="date">1406849873</column>
            <column name="name">xyjmashy</column>
            <column name="text">http://t.co/KBtDYgAbXT Взять кредит втб 24 вологда</column>
            <column name="sberbank">NULL</column>
            <column name="vtb">0</column>
            <column name="gazprom">NULL</column>
            <column name="alfabank">NULL</column>
            <column name="bankmoskvy">NULL</column>
            <column name="raiffeisen">NULL</column>
            <column name="uralsib">NULL</column>
            <column name="rshb">NULL</column>
        </table>
        <table name="bank">
            <column name="id">2208</column>
            <column name="twitid">494990412709640000</column>
            <column name="date">1406849885</column>
            <column name="name">transvlblogger</column>
            <column name="text">По итогам 2008 года Райффайзен-Лизинг занимает первое место в сбалансированном рейтинге лизинговых компаний РБ http://t.co/8bE2ywaclo</column>
            <column name="sberbank">NULL</column>
            <column name="vtb">NULL</column>
            <column name="gazprom">NULL</column>
            <column name="alfabank">NULL</column>
            <column name="bankmoskvy">NULL</column>
            <column name="raiffeisen">--</column>
            <column name="uralsib">NULL</column>
            <column name="rshb">NULL</column>
        </table>
        <table name="bank">
            <column name="id">2209</column>
            <column name="twitid">494990817514500000</column>
            <column name="date">1406849982</column>
            <column name="name">rraAntonio</column>
            <column name="text">http://t.co/6NHxAreLhe Взять кредит в втб 24 новосибирск</column>
            <column name="sberbank">NULL</column>
            <column name="vtb">0</column>
            <column name="gazprom">NULL</column>
            <column name="alfabank">NULL</column>
            <column name="bankmoskvy">NULL</column>
            <column name="raiffeisen">NULL</column>
            <column name="uralsib">NULL</column>
            <column name="rshb">NULL</column>
        </table>
        <table name="bank">
            <column name="id">2210</column>
            <column name="twitid">494991562980740000</column>
            <column name="date">1406850159</column>
            <column name="name">maticummo1983</column>
            <column name="text">. Под санкции Евросоюза попали Сбербанк, ВТБ и Газпромбанк</column>
            <column name="sberbank">-1</column>
            <column name="vtb">-1</column>
            <column name="gazprom">-1</column>
            <column name="alfabank">NULL</column>
            <column name="bankmoskvy">NULL</column>
            <column name="raiffeisen">NULL</column>
            <column name="uralsib">NULL</column>
            <column name="rshb">NULL</column>
        </table>
        <table name="bank">
            <column name="id">2211</column>
            <column name="twitid">494991875297000000</column>
            <column name="date">1406850234</column>
            <column name="name">wogixelkas</column>
            <column name="text">http://t.co/i6AuWVJzXs Хочу получить кредит альфа банк</column>
            <column name="sberbank">NULL</column>
            <column name="vtb">NULL</column>
            <column name="gazprom">NULL</column>
            <column name="alfabank">0</column>
            <column name="bankmoskvy">NULL</column>
            <column name="raiffeisen">NULL</column>
            <column name="uralsib">NULL</column>
            <column name="rshb">NULL</column>
        </table>
        <table name="bank">
            <column name="id">2212</column>
            <column name="twitid">494992060840440000</column>
            <column name="date">1406850278</column>
            <column name="name">teiaSteinl</column>
            <column name="text">http://t.co/EqlWjdbNf6 Трудно ли получить кредит в россельхозбанке</column>
            <column name="sberbank">NULL</column>
            <column name="vtb">NULL</column>
            <column name="gazprom">NULL</column>
            <column name="alfabank">NULL</column>
            <column name="bankmoskvy">NULL</column>
            <column name="raiffeisen">NULL</column>
            <column name="uralsib">NULL</column>
            <column name="rshb">0</column>
        </table>
        <table name="bank">
            <column name="id">2213</column>
            <column name="twitid">494992093153330000</column>
            <column name="date">1406850286</column>
            <column name="name">BezlimitRu</column>
            <column name="text">Евросоюз включил в новый санкционный список Сбербанк и ВТБ http://t.co/tmoYHRXZ5k</column>
            <column name="sberbank">-1</column>
            <column name="vtb">-1</column>
            <column name="gazprom">NULL</column>
            <column name="alfabank">NULL</column>
            <column name="bankmoskvy">NULL</column>
            <column name="raiffeisen">NULL</column>
            <column name="uralsib">NULL</column>
            <column name="rshb">NULL</column>
        </table>
        <table name="bank">
            <column name="id">2214</column>
            <column name="twitid">494992152683110000</column>
            <column name="date">1406850300</column>
            <column name="name">riannSti</column>
            <column name="text">http://t.co/zI78lvSA3x Взять кредит 1 млн рублей в сбербанк на 20 лет</column>
            <column name="sberbank">0</column>
            <column name="vtb">NULL</column>
            <column name="gazprom">NULL</column>
            <column name="alfabank">NULL</column>
            <column name="bankmoskvy">NULL</column>
            <column name="raiffeisen">NULL</column>
            <column name="uralsib">NULL</column>
            <column name="rshb">NULL</column>
        </table>
        <table name="bank">
            <column name="id">2215</column>
            <column name="twitid">494992708339910000</column>
            <column name="date">1406850432</column>
            <column name="name">ndonerEdel</column>
            <column name="text">http://t.co/J32jF7keAS Сбербанк росси взять кредит 2 миллиона рублей</column>
            <column name="sberbank">0</column>
            <column name="vtb">NULL</column>
            <column name="gazprom">NULL</column>
            <column name="alfabank">NULL</column>
            <column name="bankmoskvy">NULL</column>
            <column name="raiffeisen">NULL</column>
            <column name="uralsib">NULL</column>
            <column name="rshb">NULL</column>
        </table>
        <table name="bank">
            <column name="id">2216</column>
            <column name="twitid">494993512035670000</column>
            <column name="date">1406850624</column>
            <column name="name">sebonfuc</column>
            <column name="text">http://t.co/gYIpf7drtT россельхозбанк кострома кредит</column>
            <column name="sberbank">NULL</column>
            <column name="vtb">NULL</column>
            <column name="gazprom">NULL</column>
            <column name="alfabank">NULL</column>
            <column name="bankmoskvy">NULL</column>
            <column name="raiffeisen">NULL</column>
            <column name="uralsib">NULL</column>
            <column name="rshb">0</column>
        </table>
        <table name="bank">
            <column name="id">2217</column>
            <column name="twitid">494993560542780000</column>
            <column name="date">1406850636</column>
            <column name="name">pnolevomp</column>
            <column name="text">http://t.co/NbEWx8h0lc россельхозбанк кострома кредит</column>
            <column name="sberbank">NULL</column>
            <column name="vtb">NULL</column>
            <column name="gazprom">NULL</column>
            <column name="alfabank">NULL</column>
            <column name="bankmoskvy">NULL</column>
            <column name="raiffeisen">NULL</column>
            <column name="uralsib">NULL</column>
            <column name="rshb">0</column>
        </table>
        <table name="bank">
            <column name="id">2218</column>
            <column name="twitid">494993802893860000</column>
            <column name="date">1406850693</column>
            <column name="name">ypypusryt</column>
            <column name="text">порядок кредитования юридических лиц россельхозбанк инструкция http://t.co/hUDTm6Q7Go #инструкция #порядок</column>
            <column name="sberbank">NULL</column>
            <column name="vtb">NULL</column>
            <column name="gazprom">NULL</column>
            <column name="alfabank">NULL</column>
            <column name="bankmoskvy">NULL</column>
            <column name="raiffeisen">NULL</column>
            <column name="uralsib">NULL</column>
            <column name="rshb">0</column>
        </table>
        <table name="bank">
            <column name="id">2219</column>
            <column name="twitid">494994064282910000</column>
            <column name="date">1406850756</column>
            <column name="name">wemetfoffi</column>
            <column name="text">http://t.co/WNTtdTZN17 Как взять кредит на машину в райффайзенбанке</column>
            <column name="sberbank">NULL</column>
            <column name="vtb">NULL</column>
            <column name="gazprom">NULL</column>
            <column name="alfabank">NULL</column>
            <column name="bankmoskvy">NULL</column>
            <column name="raiffeisen">0</column>
            <column name="uralsib">NULL</column>
            <column name="rshb">NULL</column>
        </table>
        <table name="bank">
            <column name="id">2220</column>
            <column name="twitid">494994796964880000</column>
            <column name="date">1406850930</column>
            <column name="name">nazCozart</column>
            <column name="text">http://t.co/ZJG3SHTLNy Как получить кредитную карту в сбер банке</column>
            <column name="sberbank">0</column>
            <column name="vtb">NULL</column>
            <column name="gazprom">NULL</column>
            <column name="alfabank">NULL</column>
            <column name="bankmoskvy">NULL</column>
            <column name="raiffeisen">NULL</column>
            <column name="uralsib">NULL</column>
            <column name="rshb">NULL</column>
        </table>
        <table name="bank">
            <column name="id">2221</column>
            <column name="twitid">494996413445440000</column>
            <column name="date">1406851316</column>
            <column name="name">ndonerEdel</column>
            <column name="text">http://t.co/HDKQCmUy9T Взять кредит в райффайзенбанке</column>
            <column name="sberbank">NULL</column>
            <column name="vtb">NULL</column>
            <column name="gazprom">NULL</column>
            <column name="alfabank">NULL</column>
            <column name="bankmoskvy">NULL</column>
            <column name="raiffeisen">0</column>
            <column name="uralsib">NULL</column>
            <column name="rshb">NULL</column>
        </table>
        <table name="bank">
            <column name="id">2222</column>
            <column name="twitid">494996455463990000</column>
            <column name="date">1406851326</column>
            <column name="name">mmineLuya</column>
            <column name="text">http://t.co/dWUrQWi22d Альфа банк взять второй кредит по зарплатной карте</column>
            <column name="sberbank">NULL</column>
            <column name="vtb">NULL</column>
            <column name="gazprom">NULL</column>
            <column name="alfabank">0</column>
            <column name="bankmoskvy">NULL</column>
            <column name="raiffeisen">NULL</column>
            <column name="uralsib">NULL</column>
            <column name="rshb">NULL</column>
        </table>
        <table name="bank">
            <column name="id">2223</column>
            <column name="twitid">494997003127230000</column>
            <column name="date">1406851456</column>
            <column name="name">korall8</column>
            <column name="text">RT @interfax_news: Сбербанк назвал европейские санкции опасными для глобальной финансовой системы http://t.co/ZZ0QH0Xgn9</column>
            <column name="sberbank">0</column>
            <column name="vtb">NULL</column>
            <column name="gazprom">NULL</column>
            <column name="alfabank">NULL</column>
            <column name="bankmoskvy">NULL</column>
            <column name="raiffeisen">NULL</column>
            <column name="uralsib">NULL</column>
            <column name="rshb">NULL</column>
        </table>
        <table name="bank">
            <column name="id">2224</column>
            <column name="twitid">494997178650080000</column>
            <column name="date">1406851498</column>
            <column name="name">rraAntonio</column>
            <column name="text">http://t.co/zfj9MkWU3G Сбербанк томск кредит оформить заявку</column>
            <column name="sberbank">0</column>
            <column name="vtb">NULL</column>
            <column name="gazprom">NULL</column>
            <column name="alfabank">NULL</column>
            <column name="bankmoskvy">NULL</column>
            <column name="raiffeisen">NULL</column>
            <column name="uralsib">NULL</column>
            <column name="rshb">NULL</column>
        </table>
        <table name="bank">
            <column name="id">2225</column>
            <column name="twitid">494997277770290000</column>
            <column name="date">1406851522</column>
            <column name="name">NAUM0VA</column>
            <column name="text">Лол . сбербанк попал под санкции</column>
            <column name="sberbank">-1</column>
            <column name="vtb">NULL</column>
            <column name="gazprom">NULL</column>
            <column name="alfabank">NULL</column>
            <column name="bankmoskvy">NULL</column>
            <column name="raiffeisen">NULL</column>
            <column name="uralsib">NULL</column>
            <column name="rshb">NULL</column>
        </table>
        <table name="bank">
            <column name="id">2226</column>
            <column name="twitid">494998153939010000</column>
            <column name="date">1406851731</column>
            <column name="name">lsbyeMayr</column>
            <column name="text">http://t.co/8WejGhMCoZ Оформить кредитную карту втб 24 онлайн</column>
            <column name="sberbank">NULL</column>
            <column name="vtb">0</column>
            <column name="gazprom">NULL</column>
            <column name="alfabank">NULL</column>
            <column name="bankmoskvy">NULL</column>
            <column name="raiffeisen">NULL</column>
            <column name="uralsib">NULL</column>
            <column name="rshb">NULL</column>
        </table>
        <table name="bank">
            <column name="id">2227</column>
            <column name="twitid">494998379177730000</column>
            <column name="date">1406851784</column>
            <column name="name">slawabeganski</column>
            <column name="text">RT @KoltovskoyYakov: Евросоюз наказал за Украину Сбербанк и еще 4 банка из РФ - BBC Russian - В мире http://t.co/ZQOC9JixY7</column>
            <column name="sberbank">-1</column>
            <column name="vtb">NULL</column>
            <column name="gazprom">NULL</column>
            <column name="alfabank">NULL</column>
            <column name="bankmoskvy">NULL</column>
            <column name="raiffeisen">NULL</column>
            <column name="uralsib">NULL</column>
            <column name="rshb">NULL</column>
        </table>
        <table name="bank">
            <column name="id">2228</column>
            <column name="twitid">494998472651580000</column>
            <column name="date">1406851807</column>
            <column name="name">ehucpligi</column>
            <column name="text">http://t.co/VPobfyDArL Получить кредит в втб 24 имея просрочку</column>
            <column name="sberbank">NULL</column>
            <column name="vtb">0</column>
            <column name="gazprom">NULL</column>
            <column name="alfabank">NULL</column>
            <column name="bankmoskvy">NULL</column>
            <column name="raiffeisen">NULL</column>
            <column name="uralsib">NULL</column>
            <column name="rshb">NULL</column>
        </table>
        <table name="bank">
            <column name="id">2229</column>
            <column name="twitid">494998931705560000</column>
            <column name="date">1406851916</column>
            <column name="name">acdenisgeta</column>
            <column name="text">http://t.co/tisO5VqlOe кредит втб 24 без справке о доходах</column>
            <column name="sberbank">NULL</column>
            <column name="vtb">0</column>
            <column name="gazprom">NULL</column>
            <column name="alfabank">NULL</column>
            <column name="bankmoskvy">NULL</column>
            <column name="raiffeisen">NULL</column>
            <column name="uralsib">NULL</column>
            <column name="rshb">NULL</column>
        </table>
        <table name="bank">
            <column name="id">2230</column>
            <column name="twitid">494999481604000000</column>
            <column name="date">1406852047</column>
            <column name="name">cehtrowim</column>
            <column name="text">http://t.co/gVEKCZmsXr Банк втб взять кредит в екатеринбурге</column>
            <column name="sberbank">NULL</column>
            <column name="vtb">0</column>
            <column name="gazprom">NULL</column>
            <column name="alfabank">NULL</column>
            <column name="bankmoskvy">NULL</column>
            <column name="raiffeisen">NULL</column>
            <column name="uralsib">NULL</column>
            <column name="rshb">NULL</column>
        </table>
        <table name="bank">
            <column name="id">2231</column>
            <column name="twitid">495000221525360000</column>
            <column name="date">1406852224</column>
            <column name="name">nohtomanq</column>
            <column name="text">http://t.co/LeGgWrmotc Сбербанк взять кредит александров</column>
            <column name="sberbank">0</column>
            <column name="vtb">NULL</column>
            <column name="gazprom">NULL</column>
            <column name="alfabank">NULL</column>
            <column name="bankmoskvy">NULL</column>
            <column name="raiffeisen">NULL</column>
            <column name="uralsib">NULL</column>
            <column name="rshb">NULL</column>
        </table>
        <table name="bank">
            <column name="id">2232</column>
            <column name="twitid">495000259328610000</column>
            <column name="date">1406852233</column>
            <column name="name">AmburCunha</column>
            <column name="text">http://t.co/yP5hROLysy Оформить кредит в альфабанк</column>
            <column name="sberbank">NULL</column>
            <column name="vtb">NULL</column>
            <column name="gazprom">NULL</column>
            <column name="alfabank">0</column>
            <column name="bankmoskvy">NULL</column>
            <column name="raiffeisen">NULL</column>
            <column name="uralsib">NULL</column>
            <column name="rshb">NULL</column>
        </table>
        <table name="bank">
            <column name="id">2233</column>
            <column name="twitid">495000359861890000</column>
            <column name="date">1406852257</column>
            <column name="name">ya__chara</column>
            <column name="text">@molodost__bz Сбербанк счел санкции опасными для глобальной финансовой системы</column>
            <column name="sberbank">0</column>
            <column name="vtb">NULL</column>
            <column name="gazprom">NULL</column>
            <column name="alfabank">NULL</column>
            <column name="bankmoskvy">NULL</column>
            <column name="raiffeisen">NULL</column>
            <column name="uralsib">NULL</column>
            <column name="rshb">NULL</column>
        </table>
        <table name="bank">
            <column name="id">2234</column>
            <column name="twitid">495000814872580000</column>
            <column name="date">1406852365</column>
            <column name="name">nohtomanq</column>
            <column name="text">http://t.co/q8mTVU8kwo Сбербанк кредиты для пенсионеров как его получить</column>
            <column name="sberbank">0</column>
            <column name="vtb">NULL</column>
            <column name="gazprom">NULL</column>
            <column name="alfabank">NULL</column>
            <column name="bankmoskvy">NULL</column>
            <column name="raiffeisen">NULL</column>
            <column name="uralsib">NULL</column>
            <column name="rshb">NULL</column>
        </table>
        <table name="bank">
            <column name="id">2235</column>
            <column name="twitid">495001507281240000</column>
            <column name="date">1406852530</column>
            <column name="name">YuSoboleva50</column>
            <column name="text">31 июля 2014 года, Москва – Сбербанк выступил генеральным партнером хакатона* мобильных финансовых сервисов, организованного сообществом ро</column>
            <column name="sberbank">0</column>
            <column name="vtb">NULL</column>
            <column name="gazprom">NULL</column>
            <column name="alfabank">NULL</column>
            <column name="bankmoskvy">NULL</column>
            <column name="raiffeisen">NULL</column>
            <column name="uralsib">NULL</column>
            <column name="rshb">NULL</column>
        </table>
        <table name="bank">
            <column name="id">2236</column>
            <column name="twitid">495001556878500000</column>
            <column name="date">1406852542</column>
            <column name="name">tyvnoalys</column>
            <column name="text">http://t.co/yOD092wEqV Сбербанк взять кредит без трудовой книжки</column>
            <column name="sberbank">0</column>
            <column name="vtb">NULL</column>
            <column name="gazprom">NULL</column>
            <column name="alfabank">NULL</column>
            <column name="bankmoskvy">NULL</column>
            <column name="raiffeisen">NULL</column>
            <column name="uralsib">NULL</column>
            <column name="rshb">NULL</column>
        </table>
        <table name="bank">
            <column name="id">2237</column>
            <column name="twitid">495001999461850000</column>
            <column name="date">1406852648</column>
            <column name="name">aliaywya</column>
            <column name="text">RT @luda_1081: Сбербанк онлайн на андроид http://t.co/4oNvBgQ7Em</column>
            <column name="sberbank">0</column>
            <column name="vtb">NULL</column>
            <column name="gazprom">NULL</column>
            <column name="alfabank">NULL</column>
            <column name="bankmoskvy">NULL</column>
            <column name="raiffeisen">NULL</column>
            <column name="uralsib">NULL</column>
            <column name="rshb">NULL</column>
        </table>
        <table name="bank">
            <column name="id">2238</column>
            <column name="twitid">495002503268680000</column>
            <column name="date">1406852768</column>
            <column name="name">riceGholst</column>
            <column name="text">http://t.co/0OfOOgyu8H Можно ли получить второй кредит в альфа банке</column>
            <column name="sberbank">NULL</column>
            <column name="vtb">NULL</column>
            <column name="gazprom">NULL</column>
            <column name="alfabank">0</column>
            <column name="bankmoskvy">NULL</column>
            <column name="raiffeisen">NULL</column>
            <column name="uralsib">NULL</column>
            <column name="rshb">NULL</column>
        </table>
        <table name="bank">
            <column name="id">2239</column>
            <column name="twitid">495002684512950000</column>
            <column name="date">1406852811</column>
            <column name="name">teiaSteinl</column>
            <column name="text">http://t.co/nfInzfjM1E Взять кредит райфайзенбанк</column>
            <column name="sberbank">NULL</column>
            <column name="vtb">NULL</column>
            <column name="gazprom">NULL</column>
            <column name="alfabank">NULL</column>
            <column name="bankmoskvy">NULL</column>
            <column name="raiffeisen">0</column>
            <column name="uralsib">NULL</column>
            <column name="rshb">NULL</column>
        </table>
        <table name="bank">
            <column name="id">2240</column>
            <column name="twitid">495002869062310000</column>
            <column name="date">1406852855</column>
            <column name="name">terfmortrearate</column>
            <column name="text">http://t.co/ybh0vu09Lq банк втб брест кредиты</column>
            <column name="sberbank">NULL</column>
            <column name="vtb">0</column>
            <column name="gazprom">NULL</column>
            <column name="alfabank">NULL</column>
            <column name="bankmoskvy">NULL</column>
            <column name="raiffeisen">NULL</column>
            <column name="uralsib">NULL</column>
            <column name="rshb">NULL</column>
        </table>
        <table name="bank">
            <column name="id">2241</column>
            <column name="twitid">495004030620280000</column>
            <column name="date">1406853132</column>
            <column name="name">tiaqsipee</column>
            <column name="text">http://t.co/V9JnSP2jjF кредиты газпромбанка калькулятор</column>
            <column name="sberbank">NULL</column>
            <column name="vtb">NULL</column>
            <column name="gazprom">0</column>
            <column name="alfabank">NULL</column>
            <column name="bankmoskvy">NULL</column>
            <column name="raiffeisen">NULL</column>
            <column name="uralsib">NULL</column>
            <column name="rshb">NULL</column>
        </table>
        <table name="bank">
            <column name="id">2242</column>
            <column name="twitid">495004032180570000</column>
            <column name="date">1406853132</column>
            <column name="name">sebonfuc</column>
            <column name="text">http://t.co/d8EFGnloNq кредиты газпромбанка калькулятор</column>
            <column name="sberbank">NULL</column>
            <column name="vtb">NULL</column>
            <column name="gazprom">0</column>
            <column name="alfabank">NULL</column>
            <column name="bankmoskvy">NULL</column>
            <column name="raiffeisen">NULL</column>
            <column name="uralsib">NULL</column>
            <column name="rshb">NULL</column>
        </table>
        <table name="bank">
            <column name="id">2243</column>
            <column name="twitid">495004078078830000</column>
            <column name="date">1406853143</column>
            <column name="name">esnicisukid</column>
            <column name="text">http://t.co/4lsBmp86cu кредиты газпромбанка калькулятор</column>
            <column name="sberbank">NULL</column>
            <column name="vtb">NULL</column>
            <column name="gazprom">0</column>
            <column name="alfabank">NULL</column>
            <column name="bankmoskvy">NULL</column>
            <column name="raiffeisen">NULL</column>
            <column name="uralsib">NULL</column>
            <column name="rshb">NULL</column>
        </table>
        <table name="bank">
            <column name="id">2244</column>
            <column name="twitid">495005388233010000</column>
            <column name="date">1406853455</column>
            <column name="name">CharleneCransto</column>
            <column name="text">СМИ: Сбербанк и ВТБ пополнят санкционный список ЕС</column>
            <column name="sberbank">-1</column>
            <column name="vtb">-1</column>
            <column name="gazprom">NULL</column>
            <column name="alfabank">NULL</column>
            <column name="bankmoskvy">NULL</column>
            <column name="raiffeisen">NULL</column>
            <column name="uralsib">NULL</column>
            <column name="rshb">NULL</column>
        </table>
        <table name="bank">
            <column name="id">2245</column>
            <column name="twitid">495006102937820000</column>
            <column name="date">1406853626</column>
            <column name="name">eronymusHi</column>
            <column name="text">http://t.co/fe0HypjVbd Как взять кредит в альфа банке</column>
            <column name="sberbank">NULL</column>
            <column name="vtb">NULL</column>
            <column name="gazprom">NULL</column>
            <column name="alfabank">0</column>
            <column name="bankmoskvy">NULL</column>
            <column name="raiffeisen">NULL</column>
            <column name="uralsib">NULL</column>
            <column name="rshb">NULL</column>
        </table>
        <table name="bank">
            <column name="id">2246</column>
            <column name="twitid">495006711380340000</column>
            <column name="date">1406853771</column>
            <column name="name">benivanne841</column>
            <column name="text">http://t.co/6q7J480NoX В числе юридических лиц, попадающих под новые санкции ЕС, находятся крупнейшие российские банки — Сбербанк и</column>
            <column name="sberbank">-1</column>
            <column name="vtb">NULL</column>
            <column name="gazprom">NULL</column>
            <column name="alfabank">NULL</column>
            <column name="bankmoskvy">NULL</column>
            <column name="raiffeisen">NULL</column>
            <column name="uralsib">NULL</column>
            <column name="rshb">NULL</column>
        </table>
        <table name="bank">
            <column name="id">2247</column>
            <column name="twitid">495006893887090000</column>
            <column name="date">1406853814</column>
            <column name="name">bbaHawth</column>
            <column name="text">http://t.co/FlgCsYvzfN Втб 24 как взять кредит в тульской обл</column>
            <column name="sberbank">NULL</column>
            <column name="vtb">0</column>
            <column name="gazprom">NULL</column>
            <column name="alfabank">NULL</column>
            <column name="bankmoskvy">NULL</column>
            <column name="raiffeisen">NULL</column>
            <column name="uralsib">NULL</column>
            <column name="rshb">NULL</column>
        </table>
        <table name="bank">
            <column name="id">2248</column>
            <column name="twitid">495007268501330000</column>
            <column name="date">1406853904</column>
            <column name="name">yqleonisfe</column>
            <column name="text">http://t.co/bAoiAa7wdR Где взять кредит в альфа банке</column>
            <column name="sberbank">NULL</column>
            <column name="vtb">NULL</column>
            <column name="gazprom">NULL</column>
            <column name="alfabank">0</column>
            <column name="bankmoskvy">NULL</column>
            <column name="raiffeisen">NULL</column>
            <column name="uralsib">NULL</column>
            <column name="rshb">NULL</column>
        </table>
        <table name="bank">
            <column name="id">2249</column>
            <column name="twitid">495007963057120000</column>
            <column name="date">1406854069</column>
            <column name="name">terfmortrearate</column>
            <column name="text">http://t.co/MDGyPpgZTO проценты по кредиту россельхозбанк</column>
            <column name="sberbank">NULL</column>
            <column name="vtb">NULL</column>
            <column name="gazprom">NULL</column>
            <column name="alfabank">NULL</column>
            <column name="bankmoskvy">NULL</column>
            <column name="raiffeisen">NULL</column>
            <column name="uralsib">NULL</column>
            <column name="rshb">0</column>
        </table>
        <table name="bank">
            <column name="id">2250</column>
            <column name="twitid">495008253785290000</column>
            <column name="date">1406854139</column>
            <column name="name">riannSti</column>
            <column name="text">http://t.co/kjlJzyzyt1 Как получить кредит втб 24 в с петербурге</column>
            <column name="sberbank">NULL</column>
            <column name="vtb">0</column>
            <column name="gazprom">NULL</column>
            <column name="alfabank">NULL</column>
            <column name="bankmoskvy">NULL</column>
            <column name="raiffeisen">NULL</column>
            <column name="uralsib">NULL</column>
            <column name="rshb">NULL</column>
        </table>
        <table name="bank">
            <column name="id">2251</column>
            <column name="twitid">495008628386960000</column>
            <column name="date">1406854228</column>
            <column name="name">fogexg81</column>
            <column name="text">http://t.co/NPDm1cCUEo Взять кредит в втб 24 в перми</column>
            <column name="sberbank">NULL</column>
            <column name="vtb">0</column>
            <column name="gazprom">NULL</column>
            <column name="alfabank">NULL</column>
            <column name="bankmoskvy">NULL</column>
            <column name="raiffeisen">NULL</column>
            <column name="uralsib">NULL</column>
            <column name="rshb">NULL</column>
        </table>
        <table name="bank">
            <column name="id">2252</column>
            <column name="twitid">495009178080260000</column>
            <column name="date">1406854359</column>
            <column name="name">VSergeevich37</column>
            <column name="text">Кроме того, в санкционный список Евросоюза были включены Газпромбанк, Внешэкономбанк и Россельхозбанк.</column>
            <column name="sberbank">NULL</column>
            <column name="vtb">NULL</column>
            <column name="gazprom">-1</column>
            <column name="alfabank">NULL</column>
            <column name="bankmoskvy">NULL</column>
            <column name="raiffeisen">NULL</column>
            <column name="uralsib">NULL</column>
            <column name="rshb">-1</column>
        </table>
        <table name="bank">
            <column name="id">2253</column>
            <column name="twitid">495009362696760000</column>
            <column name="date">1406854403</column>
            <column name="name">VPonomarev14</column>
            <column name="text">Евросоюз ограничил доступ к европейским рынкам капитала пяти российским банкам с государственным участием: Сбербанку, ВТБ, Газпромбанку, Вн</column>
            <column name="sberbank">-1</column>
            <column name="vtb">-1</column>
            <column name="gazprom">-1</column>
            <column name="alfabank">NULL</column>
            <column name="bankmoskvy">NULL</column>
            <column name="raiffeisen">NULL</column>
            <column name="uralsib">NULL</column>
            <column name="rshb">NULL</column>
        </table>
        <table name="bank">
            <column name="id">2254</column>
            <column name="twitid">495009882106390000</column>
            <column name="date">1406854527</column>
            <column name="name">rraAntonio</column>
            <column name="text">http://t.co/LRDU6JrCMi По какому адресу взять кредит в альфабанке</column>
            <column name="sberbank">NULL</column>
            <column name="vtb">NULL</column>
            <column name="gazprom">NULL</column>
            <column name="alfabank">0</column>
            <column name="bankmoskvy">NULL</column>
            <column name="raiffeisen">NULL</column>
            <column name="uralsib">NULL</column>
            <column name="rshb">NULL</column>
        </table>
        <table name="bank">
            <column name="id">2255</column>
            <column name="twitid">495010240278970000</column>
            <column name="date">1406854612</column>
            <column name="name">echo_kurilka</column>
            <column name="text">Главное на Эхе Сбербанк обладает ресурсами, необходимыми для работы в режиме санкций http://t.co/s8sSfuNP3Z</column>
            <column name="sberbank">1</column>
            <column name="vtb">NULL</column>
            <column name="gazprom">NULL</column>
            <column name="alfabank">NULL</column>
            <column name="bankmoskvy">NULL</column>
            <column name="raiffeisen">NULL</column>
            <column name="uralsib">NULL</column>
            <column name="rshb">NULL</column>
        </table>
        <table name="bank">
            <column name="id">2256</column>
            <column name="twitid">495010470210720000</column>
            <column name="date">1406854667</column>
            <column name="name">terfmortrearate</column>
            <column name="text">http://t.co/aovHijgBao кредиты сбербанк по зарплатной карте</column>
            <column name="sberbank">0</column>
            <column name="vtb">NULL</column>
            <column name="gazprom">NULL</column>
            <column name="alfabank">NULL</column>
            <column name="bankmoskvy">NULL</column>
            <column name="raiffeisen">NULL</column>
            <column name="uralsib">NULL</column>
            <column name="rshb">NULL</column>
        </table>
        <table name="bank">
            <column name="id">2257</column>
            <column name="twitid">495010534765250000</column>
            <column name="date">1406854683</column>
            <column name="name">myLegnica</column>
            <column name="text">#Новости #Экономика Сбербанк отреагировал на санкции ЕС http://t.co/cpitDoy7QU</column>
            <column name="sberbank">0</column>
            <column name="vtb">NULL</column>
            <column name="gazprom">NULL</column>
            <column name="alfabank">NULL</column>
            <column name="bankmoskvy">NULL</column>
            <column name="raiffeisen">NULL</column>
            <column name="uralsib">NULL</column>
            <column name="rshb">NULL</column>
        </table>
        <table name="bank">
            <column name="id">2258</column>
            <column name="twitid">495010802118570000</column>
            <column name="date">1406854746</column>
            <column name="name">wibinlfast</column>
            <column name="text">http://t.co/bcTkLLZZFl Как оформить кредит на утилизацию сбербанк кавказ</column>
            <column name="sberbank">0</column>
            <column name="vtb">NULL</column>
            <column name="gazprom">NULL</column>
            <column name="alfabank">NULL</column>
            <column name="bankmoskvy">NULL</column>
            <column name="raiffeisen">NULL</column>
            <column name="uralsib">NULL</column>
            <column name="rshb">NULL</column>
        </table>
        <table name="bank">
            <column name="id">2259</column>
            <column name="twitid">495010891394320000</column>
            <column name="date">1406854768</column>
            <column name="name">vypbistipo</column>
            <column name="text">http://t.co/3xAeiN79Fo Как оформить кредитную карту в райфайзен банке</column>
            <column name="sberbank">NULL</column>
            <column name="vtb">NULL</column>
            <column name="gazprom">NULL</column>
            <column name="alfabank">NULL</column>
            <column name="bankmoskvy">NULL</column>
            <column name="raiffeisen">0</column>
            <column name="uralsib">NULL</column>
            <column name="rshb">NULL</column>
        </table>
        <table name="bank">
            <column name="id">2260</column>
            <column name="twitid">495011666136790000</column>
            <column name="date">1406854952</column>
            <column name="name">inaplomhad</column>
            <column name="text">http://t.co/SqpRhsgo1J Что нужно чтобы взять кредит альфа банк</column>
            <column name="sberbank">NULL</column>
            <column name="vtb">NULL</column>
            <column name="gazprom">NULL</column>
            <column name="alfabank">0</column>
            <column name="bankmoskvy">NULL</column>
            <column name="raiffeisen">NULL</column>
            <column name="uralsib">NULL</column>
            <column name="rshb">NULL</column>
        </table>
        <table name="bank">
            <column name="id">2261</column>
            <column name="twitid">495012431249150000</column>
            <column name="date">1406855135</column>
            <column name="name">Vanderkot</column>
            <column name="text">@dr_chif не хочу гадать, поживем увидим, что сбербанк с моим кредитом сделает.</column>
            <column name="sberbank">0</column>
            <column name="vtb">NULL</column>
            <column name="gazprom">NULL</column>
            <column name="alfabank">NULL</column>
            <column name="bankmoskvy">NULL</column>
            <column name="raiffeisen">NULL</column>
            <column name="uralsib">NULL</column>
            <column name="rshb">NULL</column>
        </table>
        <table name="bank">
            <column name="id">2262</column>
            <column name="twitid">495013473344970000</column>
            <column name="date">1406855383</column>
            <column name="name">yqapelok</column>
            <column name="text">справочник телефонов сорочинска сбербанк http://t.co/f5mr0GHwp7 #справочник</column>
            <column name="sberbank">0</column>
            <column name="vtb">NULL</column>
            <column name="gazprom">NULL</column>
            <column name="alfabank">NULL</column>
            <column name="bankmoskvy">NULL</column>
            <column name="raiffeisen">NULL</column>
            <column name="uralsib">NULL</column>
            <column name="rshb">NULL</column>
        </table>
        <table name="bank">
            <column name="id">2263</column>
            <column name="twitid">495013782637130000</column>
            <column name="date">1406855457</column>
            <column name="name">lsbyeMayr</column>
            <column name="text">http://t.co/NAjsVoOILH Сбербанк как взять кредит пенсионеру</column>
            <column name="sberbank">0</column>
            <column name="vtb">NULL</column>
            <column name="gazprom">NULL</column>
            <column name="alfabank">NULL</column>
            <column name="bankmoskvy">NULL</column>
            <column name="raiffeisen">NULL</column>
            <column name="uralsib">NULL</column>
            <column name="rshb">NULL</column>
        </table>
        <table name="bank">
            <column name="id">2264</column>
            <column name="twitid">495013866372220000</column>
            <column name="date">1406855477</column>
            <column name="name">artemsnob</column>
            <column name="text">1 Сбербанк отреагировал на санкции ЕС - Сбербанк России отреагировал на внесение банка в санкционный список Европейского союза в ответ на...</column>
            <column name="sberbank">0</column>
            <column name="vtb">NULL</column>
            <column name="gazprom">NULL</column>
            <column name="alfabank">NULL</column>
            <column name="bankmoskvy">NULL</column>
            <column name="raiffeisen">NULL</column>
            <column name="uralsib">NULL</column>
            <column name="rshb">NULL</column>
        </table>
        <table name="bank">
            <column name="id">2265</column>
            <column name="twitid">495013867479910000</column>
            <column name="date">1406855477</column>
            <column name="name">artemsnob</column>
            <column name="text">1 Сбербанк с сожалением восприн... http://t.co/XZYdB24l6F</column>
            <column name="sberbank">0</column>
            <column name="vtb">NULL</column>
            <column name="gazprom">NULL</column>
            <column name="alfabank">NULL</column>
            <column name="bankmoskvy">NULL</column>
            <column name="raiffeisen">NULL</column>
            <column name="uralsib">NULL</column>
            <column name="rshb">NULL</column>
        </table>
        <table name="bank">
            <column name="id">2266</column>
            <column name="twitid">495013931564690000</column>
            <column name="date">1406855492</column>
            <column name="name">wogixelkas</column>
            <column name="text">http://t.co/aGEHIYsy3H Оформить кредит в альфа банк</column>
            <column name="sberbank">NULL</column>
            <column name="vtb">NULL</column>
            <column name="gazprom">NULL</column>
            <column name="alfabank">0</column>
            <column name="bankmoskvy">NULL</column>
            <column name="raiffeisen">NULL</column>
            <column name="uralsib">NULL</column>
            <column name="rshb">NULL</column>
        </table>
        <table name="bank">
            <column name="id">2267</column>
            <column name="twitid">495014209131130000</column>
            <column name="date">1406855559</column>
            <column name="name">lob1cheva79</column>
            <column name="text">В связи с внесением Сбербанка в список ЕС, Сбербанк заявляет</column>
            <column name="sberbank">0</column>
            <column name="vtb">NULL</column>
            <column name="gazprom">NULL</column>
            <column name="alfabank">NULL</column>
            <column name="bankmoskvy">NULL</column>
            <column name="raiffeisen">NULL</column>
            <column name="uralsib">NULL</column>
            <column name="rshb">NULL</column>
        </table>
        <table name="bank">
            <column name="id">2268</column>
            <column name="twitid">495014343885340000</column>
            <column name="date">1406855591</column>
            <column name="name">wibinlfast</column>
            <column name="text">http://t.co/4cGCanBs3y Россельхозбанк взять кредит на покупку сельхозтехники</column>
            <column name="sberbank">NULL</column>
            <column name="vtb">NULL</column>
            <column name="gazprom">NULL</column>
            <column name="alfabank">NULL</column>
            <column name="bankmoskvy">NULL</column>
            <column name="raiffeisen">NULL</column>
            <column name="uralsib">NULL</column>
            <column name="rshb">0</column>
        </table>
        <table name="bank">
            <column name="id">2269</column>
            <column name="twitid">495014772342270000</column>
            <column name="date">1406855693</column>
            <column name="name">ehorlakuq</column>
            <column name="text">http://t.co/96OyB95zo9 Как получить кредит втб 24 в с петербурге</column>
            <column name="sberbank">NULL</column>
            <column name="vtb">0</column>
            <column name="gazprom">NULL</column>
            <column name="alfabank">NULL</column>
            <column name="bankmoskvy">NULL</column>
            <column name="raiffeisen">NULL</column>
            <column name="uralsib">NULL</column>
            <column name="rshb">NULL</column>
        </table>
        <table name="bank">
            <column name="id">2270</column>
            <column name="twitid">495014938369210000</column>
            <column name="date">1406855732</column>
            <column name="name">eprimyr22</column>
            <column name="text">http://t.co/jpVRFjRrLx Россельхозбанк кредит взять</column>
            <column name="sberbank">NULL</column>
            <column name="vtb">NULL</column>
            <column name="gazprom">NULL</column>
            <column name="alfabank">NULL</column>
            <column name="bankmoskvy">NULL</column>
            <column name="raiffeisen">NULL</column>
            <column name="uralsib">NULL</column>
            <column name="rshb">0</column>
        </table>
        <table name="bank">
            <column name="id">2271</column>
            <column name="twitid">495014938977790000</column>
            <column name="date">1406855733</column>
            <column name="name">SZhukov_apple</column>
            <column name="text">@sberbank ЧТОБ ВЫ ВСЕ СДОХЛИ БЛЯТЬ УРОДЫ СУКА ЕБАНЫЕ. НАХУЙ ВАМ ВООБЩЕ БЫЛИ ЛЕЗТЬ СЮДА ДЕБИЛЫ ЕБАНЫЕ НЕ УМЕЕШЬ СРАТЬ http://t.co/XTy0MHCjEp</column>
            <column name="sberbank">-1</column>
            <column name="vtb">NULL</column>
            <column name="gazprom">NULL</column>
            <column name="alfabank">NULL</column>
            <column name="bankmoskvy">NULL</column>
            <column name="raiffeisen">NULL</column>
            <column name="uralsib">NULL</column>
            <column name="rshb">NULL</column>
        </table>
        <table name="bank">
            <column name="id">2272</column>
            <column name="twitid">495015132658160000</column>
            <column name="date">1406855779</column>
            <column name="name">SZhukov_apple</column>
            <column name="text">@sberbank НЕ МУЧАЙ ЖОПУ. СОЖГИТЕ НАХУЙ СВОЙ СРАНЫЙ СБЕРБАНК, ИМБЕЦИЛЫ СУКА ЕБАНЫЕ НА БАБКИ ЕЩЕ ШВЫРЯТЬ БУДУТ. НЕНАВИЖУ ВАС СУКИ.</column>
            <column name="sberbank">-1</column>
            <column name="vtb">NULL</column>
            <column name="gazprom">NULL</column>
            <column name="alfabank">NULL</column>
            <column name="bankmoskvy">NULL</column>
            <column name="raiffeisen">NULL</column>
            <column name="uralsib">NULL</column>
            <column name="rshb">NULL</column>
        </table>
        <table name="bank">
            <column name="id">2273</column>
            <column name="twitid">495015216921720000</column>
            <column name="date">1406855799</column>
            <column name="name">wibinlfast</column>
            <column name="text">http://t.co/VMMm4je9xB Стерлитамак сбербанк артема оформить кредит 500 тысяч</column>
            <column name="sberbank">0</column>
            <column name="vtb">NULL</column>
            <column name="gazprom">NULL</column>
            <column name="alfabank">NULL</column>
            <column name="bankmoskvy">NULL</column>
            <column name="raiffeisen">NULL</column>
            <column name="uralsib">NULL</column>
            <column name="rshb">NULL</column>
        </table>
        <table name="bank">
            <column name="id">2274</column>
            <column name="twitid">495015447486410000</column>
            <column name="date">1406855854</column>
            <column name="name">ewardStric</column>
            <column name="text">образец кредитного договора сбер банка http://t.co/BX0N1tHKr5 #банка</column>
            <column name="sberbank">0</column>
            <column name="vtb">NULL</column>
            <column name="gazprom">NULL</column>
            <column name="alfabank">NULL</column>
            <column name="bankmoskvy">NULL</column>
            <column name="raiffeisen">NULL</column>
            <column name="uralsib">NULL</column>
            <column name="rshb">NULL</column>
        </table>
        <table name="bank">
            <column name="id">2275</column>
            <column name="twitid">495015668530420000</column>
            <column name="date">1406855906</column>
            <column name="name">xuronylu</column>
            <column name="text">договор банковского счета бланк сбербанк http://t.co/LQJX3tKufs #договор</column>
            <column name="sberbank">0</column>
            <column name="vtb">NULL</column>
            <column name="gazprom">NULL</column>
            <column name="alfabank">NULL</column>
            <column name="bankmoskvy">NULL</column>
            <column name="raiffeisen">NULL</column>
            <column name="uralsib">NULL</column>
            <column name="rshb">NULL</column>
        </table>
        <table name="bank">
            <column name="id">2276</column>
            <column name="twitid">495016088246030000</column>
            <column name="date">1406856007</column>
            <column name="name">rraAntonio</column>
            <column name="text">http://t.co/pGFg5A5hsK Где взять кредит в туле в альфа банке</column>
            <column name="sberbank">NULL</column>
            <column name="vtb">NULL</column>
            <column name="gazprom">NULL</column>
            <column name="alfabank">0</column>
            <column name="bankmoskvy">NULL</column>
            <column name="raiffeisen">NULL</column>
            <column name="uralsib">NULL</column>
            <column name="rshb">NULL</column>
        </table>
        <table name="bank">
            <column name="id">2277</column>
            <column name="twitid">495018099809480000</column>
            <column name="date">1406856486</column>
            <column name="name">inaplomhad</column>
            <column name="text">http://t.co/kpv2BcHuxj Как получить кредит в россельхозбанке для лпх</column>
            <column name="sberbank">NULL</column>
            <column name="vtb">NULL</column>
            <column name="gazprom">NULL</column>
            <column name="alfabank">NULL</column>
            <column name="bankmoskvy">NULL</column>
            <column name="raiffeisen">NULL</column>
            <column name="uralsib">NULL</column>
            <column name="rshb">0</column>
        </table>
        <table name="bank">
            <column name="id">2278</column>
            <column name="twitid">495018651352060000</column>
            <column name="date">1406856618</column>
            <column name="name">Kamil9lra</column>
            <column name="text">RT @AidilCpTr: заявка на кредитную карту газпромбанка http://t.co/J6JvtpNQtD</column>
            <column name="sberbank">NULL</column>
            <column name="vtb">NULL</column>
            <column name="gazprom">0</column>
            <column name="alfabank">NULL</column>
            <column name="bankmoskvy">NULL</column>
            <column name="raiffeisen">NULL</column>
            <column name="uralsib">NULL</column>
            <column name="rshb">NULL</column>
        </table>
        <table name="bank">
            <column name="id">2279</column>
            <column name="twitid">495018700115040000</column>
            <column name="date">1406856629</column>
            <column name="name">anastasiya_vas</column>
            <column name="text">Под новые санкции США попали ВТБ, Банк Москвы и Россельхозбанк</column>
            <column name="sberbank">NULL</column>
            <column name="vtb">-1</column>
            <column name="gazprom">NULL</column>
            <column name="alfabank">NULL</column>
            <column name="bankmoskvy">-1</column>
            <column name="raiffeisen">NULL</column>
            <column name="uralsib">NULL</column>
            <column name="rshb">-1</column>
        </table>
        <table name="bank">
            <column name="id">2280</column>
            <column name="twitid">495019007636820000</column>
            <column name="date">1406856703</column>
            <column name="name">rchetSch</column>
            <column name="text">http://t.co/wmoZ9OIoCh альфа банк в украине кредит</column>
            <column name="sberbank">NULL</column>
            <column name="vtb">NULL</column>
            <column name="gazprom">NULL</column>
            <column name="alfabank">0</column>
            <column name="bankmoskvy">NULL</column>
            <column name="raiffeisen">NULL</column>
            <column name="uralsib">NULL</column>
            <column name="rshb">NULL</column>
        </table>
        <table name="bank">
            <column name="id">2281</column>
            <column name="twitid">495019557891750000</column>
            <column name="date">1406856834</column>
            <column name="name">bbaHawth</column>
            <column name="text">http://t.co/vfOxbdJ9IT Как взять кредит в россельхозбанке на разведения овец</column>
            <column name="sberbank">NULL</column>
            <column name="vtb">NULL</column>
            <column name="gazprom">NULL</column>
            <column name="alfabank">NULL</column>
            <column name="bankmoskvy">NULL</column>
            <column name="raiffeisen">NULL</column>
            <column name="uralsib">NULL</column>
            <column name="rshb">0</column>
        </table>
        <table name="bank">
            <column name="id">2282</column>
            <column name="twitid">495019600393030000</column>
            <column name="date">1406856844</column>
            <column name="name">AmburCunha</column>
            <column name="text">http://t.co/xsAqr8NHUj Оформить кредитную карту альфа банк</column>
            <column name="sberbank">NULL</column>
            <column name="vtb">NULL</column>
            <column name="gazprom">NULL</column>
            <column name="alfabank">0</column>
            <column name="bankmoskvy">NULL</column>
            <column name="raiffeisen">NULL</column>
            <column name="uralsib">NULL</column>
            <column name="rshb">NULL</column>
        </table>
        <table name="bank">
            <column name="id">2283</column>
            <column name="twitid">495019836788180000</column>
            <column name="date">1406856900</column>
            <column name="name">giprapcxai</column>
            <column name="text">http://t.co/JSe4aUhQqw отсрочка платежей по кредиту альфа банк</column>
            <column name="sberbank">NULL</column>
            <column name="vtb">NULL</column>
            <column name="gazprom">NULL</column>
            <column name="alfabank">0</column>
            <column name="bankmoskvy">NULL</column>
            <column name="raiffeisen">NULL</column>
            <column name="uralsib">NULL</column>
            <column name="rshb">NULL</column>
        </table>
        <table name="bank">
            <column name="id">2284</column>
            <column name="twitid">495019927204810000</column>
            <column name="date">1406856922</column>
            <column name="name">bunitabl</column>
            <column name="text">http://t.co/dq2G5PVPru Россельхозбанк взять кредит в туле</column>
            <column name="sberbank">NULL</column>
            <column name="vtb">NULL</column>
            <column name="gazprom">NULL</column>
            <column name="alfabank">NULL</column>
            <column name="bankmoskvy">NULL</column>
            <column name="raiffeisen">NULL</column>
            <column name="uralsib">NULL</column>
            <column name="rshb">0</column>
        </table>
        <table name="bank">
            <column name="id">2285</column>
            <column name="twitid">495019962873160000</column>
            <column name="date">1406856930</column>
            <column name="name">eronymusHi</column>
            <column name="text">http://t.co/pIV6n9Eppm Как взять кредит в банке в альфа банке</column>
            <column name="sberbank">NULL</column>
            <column name="vtb">NULL</column>
            <column name="gazprom">NULL</column>
            <column name="alfabank">0</column>
            <column name="bankmoskvy">NULL</column>
            <column name="raiffeisen">NULL</column>
            <column name="uralsib">NULL</column>
            <column name="rshb">NULL</column>
        </table>
        <table name="bank">
            <column name="id">2286</column>
            <column name="twitid">495020651489410000</column>
            <column name="date">1406857095</column>
            <column name="name">fogexg81</column>
            <column name="text">http://t.co/VHNI8AbkCN Сбербанк взять кредит наличными</column>
            <column name="sberbank">0</column>
            <column name="vtb">NULL</column>
            <column name="gazprom">NULL</column>
            <column name="alfabank">NULL</column>
            <column name="bankmoskvy">NULL</column>
            <column name="raiffeisen">NULL</column>
            <column name="uralsib">NULL</column>
            <column name="rshb">NULL</column>
        </table>
        <table name="bank">
            <column name="id">2287</column>
            <column name="twitid">495020880980750000</column>
            <column name="date">1406857149</column>
            <column name="name">riceGholst</column>
            <column name="text">http://t.co/87SlGm5fSz Оформить кредит в альфа банке г бийска</column>
            <column name="sberbank">NULL</column>
            <column name="vtb">NULL</column>
            <column name="gazprom">NULL</column>
            <column name="alfabank">0</column>
            <column name="bankmoskvy">NULL</column>
            <column name="raiffeisen">NULL</column>
            <column name="uralsib">NULL</column>
            <column name="rshb">NULL</column>
        </table>
        <table name="bank">
            <column name="id">2288</column>
            <column name="twitid">495020971364220000</column>
            <column name="date">1406857171</column>
            <column name="name">logmecamo</column>
            <column name="text">RT @ShveRomNik: Я сейчас здесь: Газпромбанк http://t.co/9C7gBRzR7j</column>
            <column name="sberbank">NULL</column>
            <column name="vtb">NULL</column>
            <column name="gazprom">0</column>
            <column name="alfabank">NULL</column>
            <column name="bankmoskvy">NULL</column>
            <column name="raiffeisen">NULL</column>
            <column name="uralsib">NULL</column>
            <column name="rshb">NULL</column>
        </table>
        <table name="bank">
            <column name="id">2289</column>
            <column name="twitid">495021163740140000</column>
            <column name="date">1406857217</column>
            <column name="name">riceGholst</column>
            <column name="text">http://t.co/99RruGUdBI Взять кредит в россельхозбанке г ртищево</column>
            <column name="sberbank">NULL</column>
            <column name="vtb">NULL</column>
            <column name="gazprom">NULL</column>
            <column name="alfabank">NULL</column>
            <column name="bankmoskvy">NULL</column>
            <column name="raiffeisen">NULL</column>
            <column name="uralsib">NULL</column>
            <column name="rshb">0</column>
        </table>
        <table name="bank">
            <column name="id">2290</column>
            <column name="twitid">495021476870100000</column>
            <column name="date">1406857291</column>
            <column name="name">odgrassL</column>
            <column name="text">http://t.co/ke75RgHsVW сбербанк кредит на строительство дома под материнский капитал</column>
            <column name="sberbank">0</column>
            <column name="vtb">NULL</column>
            <column name="gazprom">NULL</column>
            <column name="alfabank">NULL</column>
            <column name="bankmoskvy">NULL</column>
            <column name="raiffeisen">NULL</column>
            <column name="uralsib">NULL</column>
            <column name="rshb">NULL</column>
        </table>
        <table name="bank">
            <column name="id">2291</column>
            <column name="twitid">495021511515070000</column>
            <column name="date">1406857300</column>
            <column name="name">terfmortrearate</column>
            <column name="text">http://t.co/NjEYFB5LvX сбербанк кредит на строительство дома под материнский капитал</column>
            <column name="sberbank">0</column>
            <column name="vtb">NULL</column>
            <column name="gazprom">NULL</column>
            <column name="alfabank">NULL</column>
            <column name="bankmoskvy">NULL</column>
            <column name="raiffeisen">NULL</column>
            <column name="uralsib">NULL</column>
            <column name="rshb">NULL</column>
        </table>
        <table name="bank">
            <column name="id">2292</column>
            <column name="twitid">495022022024370000</column>
            <column name="date">1406857421</column>
            <column name="name">MaltiBoger</column>
            <column name="text">http://t.co/71whamY6sa втб 24 потребительский кредит под залог недвижимости</column>
            <column name="sberbank">NULL</column>
            <column name="vtb">0</column>
            <column name="gazprom">NULL</column>
            <column name="alfabank">NULL</column>
            <column name="bankmoskvy">NULL</column>
            <column name="raiffeisen">NULL</column>
            <column name="uralsib">NULL</column>
            <column name="rshb">NULL</column>
        </table>
        <table name="bank">
            <column name="id">2293</column>
            <column name="twitid">495023260275600000</column>
            <column name="date">1406857717</column>
            <column name="name">bbaHawth</column>
            <column name="text">http://t.co/lqr24s8PHu Сбербанк россии взять кредит в ульяновске</column>
            <column name="sberbank">0</column>
            <column name="vtb">NULL</column>
            <column name="gazprom">NULL</column>
            <column name="alfabank">NULL</column>
            <column name="bankmoskvy">NULL</column>
            <column name="raiffeisen">NULL</column>
            <column name="uralsib">NULL</column>
            <column name="rshb">NULL</column>
        </table>
        <table name="bank">
            <column name="id">2294</column>
            <column name="twitid">495023318391860000</column>
            <column name="date">1406857730</column>
            <column name="name">nazCozart</column>
            <column name="text">http://t.co/8A7SAgIh40 Что надо чтобы взять кредит в россельхозбанке</column>
            <column name="sberbank">NULL</column>
            <column name="vtb">NULL</column>
            <column name="gazprom">NULL</column>
            <column name="alfabank">NULL</column>
            <column name="bankmoskvy">NULL</column>
            <column name="raiffeisen">NULL</column>
            <column name="uralsib">NULL</column>
            <column name="rshb">0</column>
        </table>
        <table name="bank">
            <column name="id">2295</column>
            <column name="twitid">495023858463050000</column>
            <column name="date">1406857859</column>
            <column name="name">zotfambo</column>
            <column name="text">http://t.co/vR5a8wwjyD Взять кредит в альфа банке в черкесске</column>
            <column name="sberbank">NULL</column>
            <column name="vtb">NULL</column>
            <column name="gazprom">NULL</column>
            <column name="alfabank">0</column>
            <column name="bankmoskvy">NULL</column>
            <column name="raiffeisen">NULL</column>
            <column name="uralsib">NULL</column>
            <column name="rshb">NULL</column>
        </table>
        <table name="bank">
            <column name="id">2296</column>
            <column name="twitid">495024403730920000</column>
            <column name="date">1406857989</column>
            <column name="name">zobilewij</column>
            <column name="text">http://t.co/KVmGj8bCL8 Как оформить кредитную карту райффайзен</column>
            <column name="sberbank">NULL</column>
            <column name="vtb">NULL</column>
            <column name="gazprom">NULL</column>
            <column name="alfabank">NULL</column>
            <column name="bankmoskvy">NULL</column>
            <column name="raiffeisen">0</column>
            <column name="uralsib">NULL</column>
            <column name="rshb">NULL</column>
        </table>
        <table name="bank">
            <column name="id">2297</column>
            <column name="twitid">495024503542780000</column>
            <column name="date">1406858013</column>
            <column name="name">tyvnoalys</column>
            <column name="text">http://t.co/gAVSsAk4HL Помогу взять кредит в россельхозбанке</column>
            <column name="sberbank">NULL</column>
            <column name="vtb">NULL</column>
            <column name="gazprom">NULL</column>
            <column name="alfabank">NULL</column>
            <column name="bankmoskvy">NULL</column>
            <column name="raiffeisen">NULL</column>
            <column name="uralsib">NULL</column>
            <column name="rshb">0</column>
        </table>
        <table name="bank">
            <column name="id">2298</column>
            <column name="twitid">495025747799850000</column>
            <column name="date">1406858310</column>
            <column name="name">malMckittr</column>
            <column name="text">http://t.co/AwHC9PHQUl Взять кредит в втб 24 по зарплатной карте</column>
            <column name="sberbank">NULL</column>
            <column name="vtb">0</column>
            <column name="gazprom">NULL</column>
            <column name="alfabank">NULL</column>
            <column name="bankmoskvy">NULL</column>
            <column name="raiffeisen">NULL</column>
            <column name="uralsib">NULL</column>
            <column name="rshb">NULL</column>
        </table>
        <table name="bank">
            <column name="id">2299</column>
            <column name="twitid">495026248364470000</column>
            <column name="date">1406858429</column>
            <column name="name">qefaquxyp</column>
            <column name="text">RT @ilycalyvop: RT @artemem2: #Сбербанк 
Лонг с целью на 89 - 90 и стопом ниже 83
#акции #фондовый #биржа #трейдер #идея #торги #торговыеид…</column>
            <column name="sberbank">--</column>
            <column name="vtb">NULL</column>
            <column name="gazprom">NULL</column>
            <column name="alfabank">NULL</column>
            <column name="bankmoskvy">NULL</column>
            <column name="raiffeisen">NULL</column>
            <column name="uralsib">NULL</column>
            <column name="rshb">NULL</column>
        </table>
        <table name="bank">
            <column name="id">2300</column>
            <column name="twitid">495027113083540000</column>
            <column name="date">1406858635</column>
            <column name="name">Yu_Ivanova16</column>
            <column name="text">Официальный журнал Евросоюза обнародовал секторальные санкции против России. Под них попали Сбербанк, ВТБ, Газпромбанк, Внешэкономбанк, Рос</column>
            <column name="sberbank">-1</column>
            <column name="vtb">-1</column>
            <column name="gazprom">-1</column>
            <column name="alfabank">NULL</column>
            <column name="bankmoskvy">NULL</column>
            <column name="raiffeisen">NULL</column>
            <column name="uralsib">NULL</column>
            <column name="rshb">NULL</column>
        </table>
    </database>
</pma_xml_export>