<?xml version="1.0" encoding="utf-8"?>
<!--
- phpMyAdmin XML Dump
- version 4.0.4.1
- http://www.phpmyadmin.net
-
- Хост: localhost
- Время создания: Окт 28 2014 г., 09:03
- Версия сервера: 5.6.12
- Версия PHP: 5.5.3
-->

<pma_xml_export version="1.0" xmlns:pma="http://www.phpmyadmin.net/some_doc_url/">
    <!--
    - Structure schemas
    -->
    <pma:structure_schemas>
        <pma:database name="Romip" collation="utf8_general_ci" charset="utf8">
            <pma:table name="bank">
                CREATE TABLE `bank` (
                  `id` int(11) NOT NULL AUTO_INCREMENT,
                  `twitid` bigint(32) NOT NULL DEFAULT '0',
                  `date` varchar(128) DEFAULT NULL,
                  `name` varchar(128) DEFAULT NULL,
                  `text` varchar(256) DEFAULT NULL,
                  `sberbank` int(11) DEFAULT NULL,
                  `vtb` int(11) DEFAULT NULL,
                  `gazprom` int(11) DEFAULT NULL,
                  `alfabank` int(11) DEFAULT NULL,
                  `bankmoskvy` int(11) DEFAULT NULL,
                  `raiffeisen` int(11) DEFAULT NULL,
                  `uralsib` int(11) DEFAULT NULL,
                  `rshb` int(11) DEFAULT NULL,
                  PRIMARY KEY (`id`),
                  UNIQUE KEY `id` (`twitid`)
                ) ENGINE=InnoDB AUTO_INCREMENT=7924 DEFAULT CHARSET=utf8;
            </pma:table>
        </pma:database>
    </pma:structure_schemas>

    <!--
    - База данных: 'Romip'
    -->
    <database name="Romip">
        <!-- Таблица bank -->
        <table name="bank">
            <column name="id">1101</column>
            <column name="twitid">494219762939880000</column>
            <column name="date">1406666148</column>
            <column name="name">DenKovalenko</column>
            <column name="text">США ввели санкции против Банка Москвы, ВТБ, Россельхозбанка и ОСК:  http://t.co/8RS1nTCin1</column>
            <column name="sberbank">NULL</column>
            <column name="vtb">-1</column>
            <column name="gazprom">NULL</column>
            <column name="alfabank">NULL</column>
            <column name="bankmoskvy">-1</column>
            <column name="raiffeisen">NULL</column>
            <column name="uralsib">NULL</column>
            <column name="rshb">-1</column>
        </table>
        <table name="bank">
            <column name="id">1102</column>
            <column name="twitid">494220120105820000</column>
            <column name="date">1406666233</column>
            <column name="name">lenabayda</column>
            <column name="text">США ввели санкции против ВТБ, &quot;Банка Москвы&quot; и &quot;Россельхозбанка&quot;</column>
            <column name="sberbank">NULL</column>
            <column name="vtb">-1</column>
            <column name="gazprom">NULL</column>
            <column name="alfabank">NULL</column>
            <column name="bankmoskvy">-1</column>
            <column name="raiffeisen">NULL</column>
            <column name="uralsib">NULL</column>
            <column name="rshb">-1</column>
        </table>
        <table name="bank">
            <column name="id">1103</column>
            <column name="twitid">494220740028140000</column>
            <column name="date">1406666381</column>
            <column name="name">RuMediaTop</column>
            <column name="text">, ВТБ и Россельхозбанка http://t.co/oxu4Ny91mm</column>
            <column name="sberbank">NULL</column>
            <column name="vtb">0</column>
            <column name="gazprom">NULL</column>
            <column name="alfabank">NULL</column>
            <column name="bankmoskvy">NULL</column>
            <column name="raiffeisen">NULL</column>
            <column name="uralsib">NULL</column>
            <column name="rshb">0</column>
        </table>
        <table name="bank">
            <column name="id">1104</column>
            <column name="twitid">494221049480110000</column>
            <column name="date">1406666455</column>
            <column name="name">adleyBeilk</column>
            <column name="text">http://t.co/3p4ArDJyNs Взять кредит россельхозбанк</column>
            <column name="sberbank">NULL</column>
            <column name="vtb">NULL</column>
            <column name="gazprom">NULL</column>
            <column name="alfabank">NULL</column>
            <column name="bankmoskvy">NULL</column>
            <column name="raiffeisen">NULL</column>
            <column name="uralsib">NULL</column>
            <column name="rshb">0</column>
        </table>
        <table name="bank">
            <column name="id">1105</column>
            <column name="twitid">494221497071080000</column>
            <column name="date">1406666561</column>
            <column name="name">MMusaev51</column>
            <column name="text">США в связи с ситуацией на Украине ввели санкции против &amp;amp;quot;Банка Москвы&amp;amp;quot;, ВТБ и Россельхозбанка. Об этом сообщается на сайте минист</column>
            <column name="sberbank">NULL</column>
            <column name="vtb">-1</column>
            <column name="gazprom">NULL</column>
            <column name="alfabank">NULL</column>
            <column name="bankmoskvy">-1</column>
            <column name="raiffeisen">NULL</column>
            <column name="uralsib">NULL</column>
            <column name="rshb">-1</column>
        </table>
        <table name="bank">
            <column name="id">1106</column>
            <column name="twitid">494221537223130000</column>
            <column name="date">1406666571</column>
            <column name="name">anetslonik</column>
            <column name="text">#помощь #мама #здоровье  номер 89064537431 номер карточки сбербанк Ерошкина Галина Дмитриевна 4276300018786353</column>
            <column name="sberbank">--</column>
            <column name="vtb">NULL</column>
            <column name="gazprom">NULL</column>
            <column name="alfabank">NULL</column>
            <column name="bankmoskvy">NULL</column>
            <column name="raiffeisen">NULL</column>
            <column name="uralsib">NULL</column>
            <column name="rshb">NULL</column>
        </table>
        <table name="bank">
            <column name="id">1107</column>
            <column name="twitid">494221984377880000</column>
            <column name="date">1406666677</column>
            <column name="name">NMaksimova33</column>
            <column name="text">США ввели санкции против ВТБ, Банка Москвы и Россельхозбанка далее ..</column>
            <column name="sberbank">NULL</column>
            <column name="vtb">-1</column>
            <column name="gazprom">NULL</column>
            <column name="alfabank">NULL</column>
            <column name="bankmoskvy">-1</column>
            <column name="raiffeisen">NULL</column>
            <column name="uralsib">NULL</column>
            <column name="rshb">-1</column>
        </table>
        <table name="bank">
            <column name="id">1108</column>
            <column name="twitid">494222115990560000</column>
            <column name="date">1406666709</column>
            <column name="name">xemicorahax</column>
            <column name="text">США ввели санкции против ВТБ, &quot;Банка Москвы&quot; и &quot;Россельхозбанка&quot; http://t.co/Sfo3jXT1NW</column>
            <column name="sberbank">NULL</column>
            <column name="vtb">-1</column>
            <column name="gazprom">NULL</column>
            <column name="alfabank">NULL</column>
            <column name="bankmoskvy">-1</column>
            <column name="raiffeisen">NULL</column>
            <column name="uralsib">NULL</column>
            <column name="rshb">-1</column>
        </table>
        <table name="bank">
            <column name="id">1109</column>
            <column name="twitid">494222116779070000</column>
            <column name="date">1406666709</column>
            <column name="name">nurasosi</column>
            <column name="text">США ввели санкции против ВТБ, &quot;Банка Москвы&quot; и &quot;Россельхозбанка&quot; http://t.co/bDtTnRtrcx</column>
            <column name="sberbank">NULL</column>
            <column name="vtb">-1</column>
            <column name="gazprom">NULL</column>
            <column name="alfabank">NULL</column>
            <column name="bankmoskvy">-1</column>
            <column name="raiffeisen">NULL</column>
            <column name="uralsib">NULL</column>
            <column name="rshb">-1</column>
        </table>
        <table name="bank">
            <column name="id">1110</column>
            <column name="twitid">494222247221940000</column>
            <column name="date">1406666740</column>
            <column name="name">LisaMar60991075</column>
            <column name="text">США ввели санкции против Банка Москвы, ВТБ, Россельхозбанка и ОСК: США ввели санкции против Банка Москвы, ВТБ ... http://t.co/4BDiWoIPIQ</column>
            <column name="sberbank">NULL</column>
            <column name="vtb">-1</column>
            <column name="gazprom">NULL</column>
            <column name="alfabank">NULL</column>
            <column name="bankmoskvy">-1</column>
            <column name="raiffeisen">NULL</column>
            <column name="uralsib">NULL</column>
            <column name="rshb">-1</column>
        </table>
        <table name="bank">
            <column name="id">1111</column>
            <column name="twitid">494222644066000000</column>
            <column name="date">1406666835</column>
            <column name="name">iconicok</column>
            <column name="text">http://t.co/Q5PRsoNqlC США ввели санкции против ВТБ, Банка Москвы и Россельхозбанка</column>
            <column name="sberbank">NULL</column>
            <column name="vtb">-1</column>
            <column name="gazprom">NULL</column>
            <column name="alfabank">NULL</column>
            <column name="bankmoskvy">-1</column>
            <column name="raiffeisen">NULL</column>
            <column name="uralsib">NULL</column>
            <column name="rshb">-1</column>
        </table>
        <table name="bank">
            <column name="id">1112</column>
            <column name="twitid">494223355222830000</column>
            <column name="date">1406667004</column>
            <column name="name">SWAGSOBIEBER_</column>
            <column name="text">США ввели санкции против «Банка Москвы», ВТБ и Россельхозбанка #sledui</column>
            <column name="sberbank">NULL</column>
            <column name="vtb">-1</column>
            <column name="gazprom">NULL</column>
            <column name="alfabank">NULL</column>
            <column name="bankmoskvy">-1</column>
            <column name="raiffeisen">NULL</column>
            <column name="uralsib">NULL</column>
            <column name="rshb">-1</column>
        </table>
        <table name="bank">
            <column name="id">1113</column>
            <column name="twitid">494223524459180000</column>
            <column name="date">1406667045</column>
            <column name="name">MonikaMohn</column>
            <column name="text">RT @BorisNemtsov: Почему американцы ввели санкции против ВТБ и Россельхозбанка , а против Сбера- нет? Причины две: санкции против... http:/…</column>
            <column name="sberbank">0</column>
            <column name="vtb">-1</column>
            <column name="gazprom">NULL</column>
            <column name="alfabank">NULL</column>
            <column name="bankmoskvy">NULL</column>
            <column name="raiffeisen">NULL</column>
            <column name="uralsib">NULL</column>
            <column name="rshb">-1</column>
        </table>
        <table name="bank">
            <column name="id">1114</column>
            <column name="twitid">494223744131690000</column>
            <column name="date">1406667097</column>
            <column name="name">alinashatikyan</column>
            <column name="text">RT @rusnovosti: США ввели санкции против ВТБ, Россельхозбанка и Банка Москвы http://t.co/sSOKiOZXrJ http://t.co/n2DTj5ymKW</column>
            <column name="sberbank">NULL</column>
            <column name="vtb">-1</column>
            <column name="gazprom">NULL</column>
            <column name="alfabank">NULL</column>
            <column name="bankmoskvy">-1</column>
            <column name="raiffeisen">NULL</column>
            <column name="uralsib">NULL</column>
            <column name="rshb">-1</column>
        </table>
        <table name="bank">
            <column name="id">1115</column>
            <column name="twitid">494224019789320000</column>
            <column name="date">1406667163</column>
            <column name="name">iinewsru</column>
            <column name="text">США ввели против России новые санкции: Власти США ввели санкции против ВТБ, Банка Москвы и Россельхозбанка. Об... http://t.co/SDY9mo5SLy</column>
            <column name="sberbank">NULL</column>
            <column name="vtb">-1</column>
            <column name="gazprom">NULL</column>
            <column name="alfabank">NULL</column>
            <column name="bankmoskvy">-1</column>
            <column name="raiffeisen">NULL</column>
            <column name="uralsib">NULL</column>
            <column name="rshb">-1</column>
        </table>
        <table name="bank">
            <column name="id">1116</column>
            <column name="twitid">494224021475430000</column>
            <column name="date">1406667163</column>
            <column name="name">vadimtsar5502</column>
            <column name="text">США ввели против России новые санкции: Власти США ввели санкции против ВТБ, Банка Москвы и Россельхозбанка. Об... http://t.co/STfs48LzZS</column>
            <column name="sberbank">NULL</column>
            <column name="vtb">-1</column>
            <column name="gazprom">NULL</column>
            <column name="alfabank">NULL</column>
            <column name="bankmoskvy">-1</column>
            <column name="raiffeisen">NULL</column>
            <column name="uralsib">NULL</column>
            <column name="rshb">-1</column>
        </table>
        <table name="bank">
            <column name="id">1117</column>
            <column name="twitid">494224564574900000</column>
            <column name="date">1406667293</column>
            <column name="name">RuMediaTop</column>
            <column name="text">, ВТБ, Банка Москвы, Газпромбанка http://t.co/UdPkMUDurr</column>
            <column name="sberbank">NULL</column>
            <column name="vtb">0</column>
            <column name="gazprom">0</column>
            <column name="alfabank">NULL</column>
            <column name="bankmoskvy">0</column>
            <column name="raiffeisen">NULL</column>
            <column name="uralsib">NULL</column>
            <column name="rshb">NULL</column>
        </table>
        <table name="bank">
            <column name="id">1118</column>
            <column name="twitid">494224614223280000</column>
            <column name="date">1406667304</column>
            <column name="name">Vladimir3qS</column>
            <column name="text">США ввели санкции против Банка Москвы, ВТБ, и Россельхозбанка</column>
            <column name="sberbank">NULL</column>
            <column name="vtb">-1</column>
            <column name="gazprom">NULL</column>
            <column name="alfabank">NULL</column>
            <column name="bankmoskvy">-1</column>
            <column name="raiffeisen">NULL</column>
            <column name="uralsib">NULL</column>
            <column name="rshb">-1</column>
        </table>
        <table name="bank">
            <column name="id">1119</column>
            <column name="twitid">494225654196360000</column>
            <column name="date">1406667552</column>
            <column name="name">sergeyshvidovsk</column>
            <column name="text">#новости Ранее Обама заявил о введении дополнительных карательных мер под которые попала ОСК и три банка - ВТБ, Россельхозбанк и Банк Москвы</column>
            <column name="sberbank">NULL</column>
            <column name="vtb">-1</column>
            <column name="gazprom">NULL</column>
            <column name="alfabank">NULL</column>
            <column name="bankmoskvy">-1</column>
            <column name="raiffeisen">NULL</column>
            <column name="uralsib">NULL</column>
            <column name="rshb">-1</column>
        </table>
        <table name="bank">
            <column name="id">1120</column>
            <column name="twitid">494226112415670000</column>
            <column name="date">1406667662</column>
            <column name="name">prefosgile0</column>
            <column name="text">#The #Wall #Street #Journal: ЕС и #США введут санкции против #Сбербанка и #ВТБ    #FF</column>
            <column name="sberbank">-1</column>
            <column name="vtb">-1</column>
            <column name="gazprom">NULL</column>
            <column name="alfabank">NULL</column>
            <column name="bankmoskvy">NULL</column>
            <column name="raiffeisen">NULL</column>
            <column name="uralsib">NULL</column>
            <column name="rshb">NULL</column>
        </table>
        <table name="bank">
            <column name="id">1121</column>
            <column name="twitid">494226688562450000</column>
            <column name="date">1406667799</column>
            <column name="name">EChernova12</column>
            <column name="text">Под санкции попали ВТБ, &quot;Банк Москвы&quot; и &quot;Россельхозбанк&quot;. Гражданам и компаниям США запрещено приобретать долговые обязательства этих банко</column>
            <column name="sberbank">NULL</column>
            <column name="vtb">-1</column>
            <column name="gazprom">NULL</column>
            <column name="alfabank">NULL</column>
            <column name="bankmoskvy">-1</column>
            <column name="raiffeisen">NULL</column>
            <column name="uralsib">NULL</column>
            <column name="rshb">-1</column>
        </table>
        <table name="bank">
            <column name="id">1122</column>
            <column name="twitid">494227936493720000</column>
            <column name="date">1406668097</column>
            <column name="name">Bayan_The_One</column>
            <column name="text">@o_tiahnybok @aronets да я уже давно по городу (Николаев) хожу и косо смотрю на Сбербанк России, что он у нас делает?</column>
            <column name="sberbank">-1</column>
            <column name="vtb">NULL</column>
            <column name="gazprom">NULL</column>
            <column name="alfabank">NULL</column>
            <column name="bankmoskvy">NULL</column>
            <column name="raiffeisen">NULL</column>
            <column name="uralsib">NULL</column>
            <column name="rshb">NULL</column>
        </table>
        <table name="bank">
            <column name="id">1123</column>
            <column name="twitid">494229292361190000</column>
            <column name="date">1406668420</column>
            <column name="name">ProfBanking</column>
            <column name="text">В новый санкционный список США попали Банк ВТБ, Россельхозбанк и Банк Москвы... http://t.co/3bYyWiHTBC</column>
            <column name="sberbank">NULL</column>
            <column name="vtb">-1</column>
            <column name="gazprom">NULL</column>
            <column name="alfabank">NULL</column>
            <column name="bankmoskvy">-1</column>
            <column name="raiffeisen">NULL</column>
            <column name="uralsib">NULL</column>
            <column name="rshb">-1</column>
        </table>
        <table name="bank">
            <column name="id">1124</column>
            <column name="twitid">494229387957400000</column>
            <column name="date">1406668443</column>
            <column name="name">EmilCroff1</column>
            <column name="text">США ввели санкции против ВТБ, Россельхозбанка и &quot;Банка Москвы&quot; http://t.co/J0UGjySC2Z #новости</column>
            <column name="sberbank">NULL</column>
            <column name="vtb">-1</column>
            <column name="gazprom">NULL</column>
            <column name="alfabank">NULL</column>
            <column name="bankmoskvy">-1</column>
            <column name="raiffeisen">NULL</column>
            <column name="uralsib">NULL</column>
            <column name="rshb">-1</column>
        </table>
        <table name="bank">
            <column name="id">1125</column>
            <column name="twitid">494229389454750000</column>
            <column name="date">1406668443</column>
            <column name="name">wobixusoqag</column>
            <column name="text">США ввели санкции против ВТБ, Россельхозбанка и &quot;Банка Москвы&quot;: США вели санкции против ВТБ, Россельхозбанка и... http://t.co/CxfIJsbxGz</column>
            <column name="sberbank">NULL</column>
            <column name="vtb">-1</column>
            <column name="gazprom">NULL</column>
            <column name="alfabank">NULL</column>
            <column name="bankmoskvy">-1</column>
            <column name="raiffeisen">NULL</column>
            <column name="uralsib">NULL</column>
            <column name="rshb">-1</column>
        </table>
        <table name="bank">
            <column name="id">1126</column>
            <column name="twitid">494230489985600000</column>
            <column name="date">1406668705</column>
            <column name="name">MIHIRTR</column>
            <column name="text">Может ещё возникнуть справедливый вопрос - а причём тут &quot;Банк Москвы&quot;, который три года примерно, как банкрот, и находится до сих пор...</column>
            <column name="sberbank">NULL</column>
            <column name="vtb">NULL</column>
            <column name="gazprom">NULL</column>
            <column name="alfabank">NULL</column>
            <column name="bankmoskvy">-1</column>
            <column name="raiffeisen">NULL</column>
            <column name="uralsib">NULL</column>
            <column name="rshb">NULL</column>
        </table>
        <table name="bank">
            <column name="id">1127</column>
            <column name="twitid">494232054109050000</column>
            <column name="date">1406669078</column>
            <column name="name">onzasilii</column>
            <column name="text">http://t.co/byXIDUFjHR сбербанк отзывы по кредиту</column>
            <column name="sberbank">0</column>
            <column name="vtb">NULL</column>
            <column name="gazprom">NULL</column>
            <column name="alfabank">NULL</column>
            <column name="bankmoskvy">NULL</column>
            <column name="raiffeisen">NULL</column>
            <column name="uralsib">NULL</column>
            <column name="rshb">NULL</column>
        </table>
        <table name="bank">
            <column name="id">1128</column>
            <column name="twitid">494232451448070000</column>
            <column name="date">1406669173</column>
            <column name="name">AebcafduNikita</column>
            <column name="text">RT @lizazadorozhnay: США ввели санкции против ОСК, Банка Москвы, ВТБ, Россельхозбанка  #Политика</column>
            <column name="sberbank">NULL</column>
            <column name="vtb">-1</column>
            <column name="gazprom">NULL</column>
            <column name="alfabank">NULL</column>
            <column name="bankmoskvy">-1</column>
            <column name="raiffeisen">NULL</column>
            <column name="uralsib">NULL</column>
            <column name="rshb">-1</column>
        </table>
        <table name="bank">
            <column name="id">1129</column>
            <column name="twitid">494232848958640000</column>
            <column name="date">1406669268</column>
            <column name="name">Egorysch</column>
            <column name="text">США ввели санкции против Банка Москвы, ВТБ, Россельхозбанка и ОСК http://t.co/NaYtxqcXY8 с помощью @rianru</column>
            <column name="sberbank">NULL</column>
            <column name="vtb">-1</column>
            <column name="gazprom">NULL</column>
            <column name="alfabank">NULL</column>
            <column name="bankmoskvy">-1</column>
            <column name="raiffeisen">NULL</column>
            <column name="uralsib">NULL</column>
            <column name="rshb">-1</column>
        </table>
        <table name="bank">
            <column name="id">1130</column>
            <column name="twitid">494233211250030000</column>
            <column name="date">1406669354</column>
            <column name="name">Sergewna_I</column>
            <column name="text">США вели санкции против ВТБ, Россельхозбанка и &quot;Банка Москвы&quot;. Как сообщается на сайте министерства финансов США, американцам отныне ...</column>
            <column name="sberbank">NULL</column>
            <column name="vtb">-1</column>
            <column name="gazprom">NULL</column>
            <column name="alfabank">NULL</column>
            <column name="bankmoskvy">-1</column>
            <column name="raiffeisen">NULL</column>
            <column name="uralsib">NULL</column>
            <column name="rshb">-1</column>
        </table>
        <table name="bank">
            <column name="id">1131</column>
            <column name="twitid">494233211854010000</column>
            <column name="date">1406669354</column>
            <column name="name">sergimans1</column>
            <column name="text">США ввели санкции против ВТБ, Россельхозбанка и &quot;Банка Москвы&quot;</column>
            <column name="sberbank">NULL</column>
            <column name="vtb">-1</column>
            <column name="gazprom">NULL</column>
            <column name="alfabank">NULL</column>
            <column name="bankmoskvy">-1</column>
            <column name="raiffeisen">NULL</column>
            <column name="uralsib">NULL</column>
            <column name="rshb">-1</column>
        </table>
        <table name="bank">
            <column name="id">1132</column>
            <column name="twitid">494233212067920000</column>
            <column name="date">1406669354</column>
            <column name="name">denemgolden</column>
            <column name="text">Как ПОПОЛНИТЬ перфект мани кошелек,ОБМЕНЯТЬ сбербанк perfect money,:</column>
            <column name="sberbank">0</column>
            <column name="vtb">NULL</column>
            <column name="gazprom">NULL</column>
            <column name="alfabank">NULL</column>
            <column name="bankmoskvy">NULL</column>
            <column name="raiffeisen">NULL</column>
            <column name="uralsib">NULL</column>
            <column name="rshb">NULL</column>
        </table>
        <table name="bank">
            <column name="id">1133</column>
            <column name="twitid">494233294272070000</column>
            <column name="date">1406669374</column>
            <column name="name">GuyonBrim</column>
            <column name="text">США ввели санкции против ВТБ, Россельхозбанка и Банка Москвы</column>
            <column name="sberbank">NULL</column>
            <column name="vtb">-1</column>
            <column name="gazprom">NULL</column>
            <column name="alfabank">NULL</column>
            <column name="bankmoskvy">-1</column>
            <column name="raiffeisen">NULL</column>
            <column name="uralsib">NULL</column>
            <column name="rshb">-1</column>
        </table>
        <table name="bank">
            <column name="id">1134</column>
            <column name="twitid">494233334516430000</column>
            <column name="date">1406669384</column>
            <column name="name">ArmourerSoc</column>
            <column name="text">Банк Москвы, ВТБ и Россельхозбанк попали под санкции США http://t.co/k7JYG7Y1YG</column>
            <column name="sberbank">NULL</column>
            <column name="vtb">-1</column>
            <column name="gazprom">NULL</column>
            <column name="alfabank">NULL</column>
            <column name="bankmoskvy">-1</column>
            <column name="raiffeisen">NULL</column>
            <column name="uralsib">NULL</column>
            <column name="rshb">-1</column>
        </table>
        <table name="bank">
            <column name="id">1135</column>
            <column name="twitid">494233862919450000</column>
            <column name="date">1406669510</column>
            <column name="name">IIIwwar</column>
            <column name="text">? США ввели санкции против Банка Москвы, ВТБ и Россельхозбанка /  / США ввели санкции против Банка Москвы,.. http://t.co/6EGDctqP1A</column>
            <column name="sberbank">NULL</column>
            <column name="vtb">-1</column>
            <column name="gazprom">NULL</column>
            <column name="alfabank">NULL</column>
            <column name="bankmoskvy">-1</column>
            <column name="raiffeisen">NULL</column>
            <column name="uralsib">NULL</column>
            <column name="rshb">-1</column>
        </table>
        <table name="bank">
            <column name="id">1136</column>
            <column name="twitid">494233950869410000</column>
            <column name="date">1406669530</column>
            <column name="name">igerHartig</column>
            <column name="text">В новый санкционный список США попали ОСК, ВТБ и Банк Москвы</column>
            <column name="sberbank">NULL</column>
            <column name="vtb">-1</column>
            <column name="gazprom">NULL</column>
            <column name="alfabank">NULL</column>
            <column name="bankmoskvy">-1</column>
            <column name="raiffeisen">NULL</column>
            <column name="uralsib">NULL</column>
            <column name="rshb">NULL</column>
        </table>
        <table name="bank">
            <column name="id">1137</column>
            <column name="twitid">494235126000130000</column>
            <column name="date">1406669811</column>
            <column name="name">fcuktv</column>
            <column name="text">@bm_twit доброй ночи! Почему я не могу узнать свой номер счёта по телефону? Говорят, что только по личному визиту в банк.</column>
            <column name="sberbank">NULL</column>
            <column name="vtb">NULL</column>
            <column name="gazprom">NULL</column>
            <column name="alfabank">NULL</column>
            <column name="bankmoskvy">-1</column>
            <column name="raiffeisen">NULL</column>
            <column name="uralsib">NULL</column>
            <column name="rshb">NULL</column>
        </table>
        <table name="bank">
            <column name="id">1138</column>
            <column name="twitid">494236855186260000</column>
            <column name="date">1406670223</column>
            <column name="name">DavidBektashyan</column>
            <column name="text">RT @ForbesNews_Rus: США ввели санкции против ВТБ, Банка Москвы и Россельхозбанка http://t.co/TWoVIwNupO</column>
            <column name="sberbank">NULL</column>
            <column name="vtb">-1</column>
            <column name="gazprom">NULL</column>
            <column name="alfabank">NULL</column>
            <column name="bankmoskvy">-1</column>
            <column name="raiffeisen">NULL</column>
            <column name="uralsib">NULL</column>
            <column name="rshb">-1</column>
        </table>
        <table name="bank">
            <column name="id">1139</column>
            <column name="twitid">494238873007180000</column>
            <column name="date">1406670704</column>
            <column name="name">AmburCunha</column>
            <column name="text">http://t.co/LPAMkoDJ0E Хочу взять кредит в банке альфа банк</column>
            <column name="sberbank">NULL</column>
            <column name="vtb">NULL</column>
            <column name="gazprom">NULL</column>
            <column name="alfabank">0</column>
            <column name="bankmoskvy">NULL</column>
            <column name="raiffeisen">NULL</column>
            <column name="uralsib">NULL</column>
            <column name="rshb">NULL</column>
        </table>
        <table name="bank">
            <column name="id">1140</column>
            <column name="twitid">494239493759580000</column>
            <column name="date">1406670852</column>
            <column name="name">SanychSanych36</column>
            <column name="text">Грани.Ру: США ввели санкции против Банка Москвы, ВТБ и Россельхозбанка http://t.co/CK2lX5MXMO с помощью @GraniTweet</column>
            <column name="sberbank">NULL</column>
            <column name="vtb">-1</column>
            <column name="gazprom">NULL</column>
            <column name="alfabank">NULL</column>
            <column name="bankmoskvy">-1</column>
            <column name="raiffeisen">NULL</column>
            <column name="uralsib">NULL</column>
            <column name="rshb">-1</column>
        </table>
        <table name="bank">
            <column name="id">1141</column>
            <column name="twitid">494240760272000000</column>
            <column name="date">1406671154</column>
            <column name="name">gorianov</column>
            <column name="text">США ввели санкции против «Банка Москвы», ВТБ и Россельхозбанка http://t.co/AoaRjBA0lH</column>
            <column name="sberbank">NULL</column>
            <column name="vtb">-1</column>
            <column name="gazprom">NULL</column>
            <column name="alfabank">NULL</column>
            <column name="bankmoskvy">-1</column>
            <column name="raiffeisen">NULL</column>
            <column name="uralsib">NULL</column>
            <column name="rshb">-1</column>
        </table>
        <table name="bank">
            <column name="id">1142</column>
            <column name="twitid">494240848834340000</column>
            <column name="date">1406671175</column>
            <column name="name">tsilyadezhin430</column>
            <column name="text">http://t.co/Z0d8LevsBV США в связи с ситуацией на Украине ввели санкции против &quot;Банка Москвы&quot;, ВТБ и Россельхозбанка. Об этом сооб</column>
            <column name="sberbank">NULL</column>
            <column name="vtb">-1</column>
            <column name="gazprom">NULL</column>
            <column name="alfabank">NULL</column>
            <column name="bankmoskvy">-1</column>
            <column name="raiffeisen">NULL</column>
            <column name="uralsib">NULL</column>
            <column name="rshb">-1</column>
        </table>
        <table name="bank">
            <column name="id">1143</column>
            <column name="twitid">494241199335540000</column>
            <column name="date">1406671259</column>
            <column name="name">MediaFoxcomua</column>
            <column name="text">США ввели санкции против Банка Москвы, ВТБ, Россельхозбанка и ОСК: Гражданам и компаниям США запрещено приобретать… http://t.co/eslNjaVoU6</column>
            <column name="sberbank">NULL</column>
            <column name="vtb">-1</column>
            <column name="gazprom">NULL</column>
            <column name="alfabank">NULL</column>
            <column name="bankmoskvy">-1</column>
            <column name="raiffeisen">NULL</column>
            <column name="uralsib">NULL</column>
            <column name="rshb">-1</column>
        </table>
        <table name="bank">
            <column name="id">1144</column>
            <column name="twitid">494242765770080000</column>
            <column name="date">1406671632</column>
            <column name="name">rusnod52</column>
            <column name="text">США ввели санкции против Банка Москвы, ВТБ и Россельхозбанка. Гражданам и компаниям США запрещено приобретать долго.. http://t.co/PkS0LU9kFN</column>
            <column name="sberbank">NULL</column>
            <column name="vtb">-1</column>
            <column name="gazprom">NULL</column>
            <column name="alfabank">NULL</column>
            <column name="bankmoskvy">-1</column>
            <column name="raiffeisen">NULL</column>
            <column name="uralsib">NULL</column>
            <column name="rshb">-1</column>
        </table>
        <table name="bank">
            <column name="id">1145</column>
            <column name="twitid">494244239916950000</column>
            <column name="date">1406671984</column>
            <column name="name">idast5</column>
            <column name="text">RT @zvezdanews: США ввели санкции против Банка Москвы, ВТБ и Россельхозбанка.

Подробнее: http://t.co/zxqcY4dv40 http://t.co/u3s8LObfRT</column>
            <column name="sberbank">NULL</column>
            <column name="vtb">-1</column>
            <column name="gazprom">NULL</column>
            <column name="alfabank">NULL</column>
            <column name="bankmoskvy">-1</column>
            <column name="raiffeisen">NULL</column>
            <column name="uralsib">NULL</column>
            <column name="rshb">-1</column>
        </table>
        <table name="bank">
            <column name="id">1146</column>
            <column name="twitid">494245247208390000</column>
            <column name="date">1406672224</column>
            <column name="name">military_p_r</column>
            <column name="text">#США_ВПО /  / США ввели санкции против Банка Москвы, ВТБ и Россельхозбанка /  / США ввели санкции против Банка .. http://t.co/EYwWwlUMsh</column>
            <column name="sberbank">NULL</column>
            <column name="vtb">-1</column>
            <column name="gazprom">NULL</column>
            <column name="alfabank">NULL</column>
            <column name="bankmoskvy">-1</column>
            <column name="raiffeisen">NULL</column>
            <column name="uralsib">NULL</column>
            <column name="rshb">-1</column>
        </table>
        <table name="bank">
            <column name="id">1147</column>
            <column name="twitid">494245829197040000</column>
            <column name="date">1406672362</column>
            <column name="name">USSRnews</column>
            <column name="text">США объявили о санкциях против Россельхозбанка, Банка Москвы и ВТБ http://t.co/e8oKM0Af29</column>
            <column name="sberbank">NULL</column>
            <column name="vtb">-1</column>
            <column name="gazprom">NULL</column>
            <column name="alfabank">NULL</column>
            <column name="bankmoskvy">-1</column>
            <column name="raiffeisen">NULL</column>
            <column name="uralsib">NULL</column>
            <column name="rshb">-1</column>
        </table>
        <table name="bank">
            <column name="id">1148</column>
            <column name="twitid">494246051076140000</column>
            <column name="date">1406672415</column>
            <column name="name">MediaFoxcomua</column>
            <column name="text">США ввели новые санкции против России / Соединенные Штаты ввели санкции против Банка Москвы, ВТБ и Россельхозбанка.. http://t.co/l2raqLlAR7</column>
            <column name="sberbank">NULL</column>
            <column name="vtb">-1</column>
            <column name="gazprom">NULL</column>
            <column name="alfabank">NULL</column>
            <column name="bankmoskvy">-1</column>
            <column name="raiffeisen">NULL</column>
            <column name="uralsib">NULL</column>
            <column name="rshb">-1</column>
        </table>
        <table name="bank">
            <column name="id">1149</column>
            <column name="twitid">494246141945720000</column>
            <column name="date">1406672437</column>
            <column name="name">vypbistipo</column>
            <column name="text">http://t.co/c1r2ERsAd4 Оформить кредит в альфа банке мурманск</column>
            <column name="sberbank">NULL</column>
            <column name="vtb">NULL</column>
            <column name="gazprom">NULL</column>
            <column name="alfabank">0</column>
            <column name="bankmoskvy">NULL</column>
            <column name="raiffeisen">NULL</column>
            <column name="uralsib">NULL</column>
            <column name="rshb">NULL</column>
        </table>
        <table name="bank">
            <column name="id">1150</column>
            <column name="twitid">494247985312990000</column>
            <column name="date">1406672877</column>
            <column name="name">esken_h</column>
            <column name="text">RT @wwwejru: Автор: . Усы Пескова: Во глубине сибирских руд Храните ваши сбереженья, Пока Сбербанк и ВТБ... Стоят в неловком... http://t.co…</column>
            <column name="sberbank">-1</column>
            <column name="vtb">-1</column>
            <column name="gazprom">NULL</column>
            <column name="alfabank">NULL</column>
            <column name="bankmoskvy">NULL</column>
            <column name="raiffeisen">NULL</column>
            <column name="uralsib">NULL</column>
            <column name="rshb">NULL</column>
        </table>
        <table name="bank">
            <column name="id">1151</column>
            <column name="twitid">494249026481840000</column>
            <column name="date">1406673125</column>
            <column name="name">putin_v_v_da</column>
            <column name="text">США ввели санкции против Банка Москвы, ВТБ, Россельхозбанка и ОСК /  / #Россия@putin_v_v_da, #санкции@putin_v_v_d.. http://t.co/3dQB8twEsi</column>
            <column name="sberbank">NULL</column>
            <column name="vtb">-1</column>
            <column name="gazprom">NULL</column>
            <column name="alfabank">NULL</column>
            <column name="bankmoskvy">-1</column>
            <column name="raiffeisen">NULL</column>
            <column name="uralsib">NULL</column>
            <column name="rshb">-1</column>
        </table>
        <table name="bank">
            <column name="id">1152</column>
            <column name="twitid">494249459359150000</column>
            <column name="date">1406673228</column>
            <column name="name">evTwifor</column>
            <column name="text">http://t.co/OOsZBLZ0Zg Взять кредит в виннице альфа банк с какого возраста</column>
            <column name="sberbank">NULL</column>
            <column name="vtb">NULL</column>
            <column name="gazprom">NULL</column>
            <column name="alfabank">0</column>
            <column name="bankmoskvy">NULL</column>
            <column name="raiffeisen">NULL</column>
            <column name="uralsib">NULL</column>
            <column name="rshb">NULL</column>
        </table>
        <table name="bank">
            <column name="id">1153</column>
            <column name="twitid">494250118078800000</column>
            <column name="date">1406673385</column>
            <column name="name">MediaFoxcomua</column>
            <column name="text">США ввели санкции против Банка Москвы, ВТБ, Россельхозбанка и ОСК / Гражданам и компаниям США запрещено приобретат.. http://t.co/yegJTU5i5x</column>
            <column name="sberbank">NULL</column>
            <column name="vtb">-1</column>
            <column name="gazprom">NULL</column>
            <column name="alfabank">NULL</column>
            <column name="bankmoskvy">-1</column>
            <column name="raiffeisen">NULL</column>
            <column name="uralsib">NULL</column>
            <column name="rshb">-1</column>
        </table>
        <table name="bank">
            <column name="id">1154</column>
            <column name="twitid">494250639757940000</column>
            <column name="date">1406673509</column>
            <column name="name">wogixelkas</column>
            <column name="text">http://t.co/EuIIYa6JLN Кто может получить кредит в альфа банке</column>
            <column name="sberbank">NULL</column>
            <column name="vtb">NULL</column>
            <column name="gazprom">NULL</column>
            <column name="alfabank">0</column>
            <column name="bankmoskvy">NULL</column>
            <column name="raiffeisen">NULL</column>
            <column name="uralsib">NULL</column>
            <column name="rshb">NULL</column>
        </table>
        <table name="bank">
            <column name="id">1155</column>
            <column name="twitid">494251787562790000</column>
            <column name="date">1406673783</column>
            <column name="name">omybeard</column>
            <column name="text">RT @gorianov: США ввели санкции против «Банка Москвы», ВТБ и Россельхозбанка http://t.co/AoaRjBA0lH</column>
            <column name="sberbank">NULL</column>
            <column name="vtb">-1</column>
            <column name="gazprom">NULL</column>
            <column name="alfabank">NULL</column>
            <column name="bankmoskvy">-1</column>
            <column name="raiffeisen">NULL</column>
            <column name="uralsib">NULL</column>
            <column name="rshb">-1</column>
        </table>
        <table name="bank">
            <column name="id">1156</column>
            <column name="twitid">494252176475460000</column>
            <column name="date">1406673876</column>
            <column name="name">worldnewsday</column>
            <column name="text">Я.Новости | Финансы: США ввели санкции против ВТБ, Россельхозбанка и «Банка Москвы» http://t.co/aPcUvobm7e</column>
            <column name="sberbank">NULL</column>
            <column name="vtb">-1</column>
            <column name="gazprom">NULL</column>
            <column name="alfabank">NULL</column>
            <column name="bankmoskvy">-1</column>
            <column name="raiffeisen">NULL</column>
            <column name="uralsib">NULL</column>
            <column name="rshb">-1</column>
        </table>
        <table name="bank">
            <column name="id">1157</column>
            <column name="twitid">494252968049660000</column>
            <column name="date">1406674065</column>
            <column name="name">ehorlakuq</column>
            <column name="text">http://t.co/opQhGgvuZR Взять кредит в россельхозбанке срочно в москве</column>
            <column name="sberbank">NULL</column>
            <column name="vtb">NULL</column>
            <column name="gazprom">NULL</column>
            <column name="alfabank">NULL</column>
            <column name="bankmoskvy">NULL</column>
            <column name="raiffeisen">NULL</column>
            <column name="uralsib">NULL</column>
            <column name="rshb">0</column>
        </table>
        <table name="bank">
            <column name="id">1158</column>
            <column name="twitid">494253144029660000</column>
            <column name="date">1406674106</column>
            <column name="name">sergeyshvidovsk</column>
            <column name="text">#события Министерство финансов США сообщило о том, что США ввели санкции против ВТБ, Россельхозбанка, Банка Москвы и ОСК. Помимо этог...</column>
            <column name="sberbank">NULL</column>
            <column name="vtb">-1</column>
            <column name="gazprom">NULL</column>
            <column name="alfabank">NULL</column>
            <column name="bankmoskvy">-1</column>
            <column name="raiffeisen">NULL</column>
            <column name="uralsib">NULL</column>
            <column name="rshb">-1</column>
        </table>
        <table name="bank">
            <column name="id">1159</column>
            <column name="twitid">494253502794060000</column>
            <column name="date">1406674192</column>
            <column name="name">emaineFulo</column>
            <column name="text">http://t.co/dAMKewzjIv Как получить кредитную карту альфа банка в перми</column>
            <column name="sberbank">NULL</column>
            <column name="vtb">NULL</column>
            <column name="gazprom">NULL</column>
            <column name="alfabank">0</column>
            <column name="bankmoskvy">NULL</column>
            <column name="raiffeisen">NULL</column>
            <column name="uralsib">NULL</column>
            <column name="rshb">NULL</column>
        </table>
        <table name="bank">
            <column name="id">1160</column>
            <column name="twitid">494253599472750000</column>
            <column name="date">1406674215</column>
            <column name="name">KireinKroin</column>
            <column name="text">RT @interfaxua: США ввели санкции против российской Объединенной судостроительной корпорации и банков ВТБ, Россельхозбанка и Банка Москвы -…</column>
            <column name="sberbank">NULL</column>
            <column name="vtb">-1</column>
            <column name="gazprom">NULL</column>
            <column name="alfabank">NULL</column>
            <column name="bankmoskvy">-1</column>
            <column name="raiffeisen">NULL</column>
            <column name="uralsib">NULL</column>
            <column name="rshb">-1</column>
        </table>
        <table name="bank">
            <column name="id">1161</column>
            <column name="twitid">494254084321720000</column>
            <column name="date">1406674331</column>
            <column name="name">YeKlimov39</column>
            <column name="text">США ввели санкции против ВТБ, Россельхозбанка, Банка Москвы и Объединенной судостроительной корпорации 
 
США расширила санкционный список</column>
            <column name="sberbank">NULL</column>
            <column name="vtb">-1</column>
            <column name="gazprom">NULL</column>
            <column name="alfabank">NULL</column>
            <column name="bankmoskvy">-1</column>
            <column name="raiffeisen">NULL</column>
            <column name="uralsib">NULL</column>
            <column name="rshb">-1</column>
        </table>
        <table name="bank">
            <column name="id">1162</column>
            <column name="twitid">494256219922510000</column>
            <column name="date">1406674840</column>
            <column name="name">niscastketkeipo</column>
            <column name="text">http://t.co/7ro6RldhOC кредиты альфабанк калькулятор</column>
            <column name="sberbank">NULL</column>
            <column name="vtb">NULL</column>
            <column name="gazprom">NULL</column>
            <column name="alfabank">0</column>
            <column name="bankmoskvy">NULL</column>
            <column name="raiffeisen">NULL</column>
            <column name="uralsib">NULL</column>
            <column name="rshb">NULL</column>
        </table>
        <table name="bank">
            <column name="id">1163</column>
            <column name="twitid">494260178372410000</column>
            <column name="date">1406675784</column>
            <column name="name">centrrcom</column>
            <column name="text">В новый санкционный список США попали ОСК, ВТБ и Банк Москвы - РБК</column>
            <column name="sberbank">NULL</column>
            <column name="vtb">-1</column>
            <column name="gazprom">NULL</column>
            <column name="alfabank">NULL</column>
            <column name="bankmoskvy">-1</column>
            <column name="raiffeisen">NULL</column>
            <column name="uralsib">NULL</column>
            <column name="rshb">NULL</column>
        </table>
        <table name="bank">
            <column name="id">1164</column>
            <column name="twitid">494260529297250000</column>
            <column name="date">1406675867</column>
            <column name="name">evofolanre</column>
            <column name="text">http://t.co/epp5Sy3wgL подать заявку на кредит в сбербанк россии онлайн</column>
            <column name="sberbank">0</column>
            <column name="vtb">NULL</column>
            <column name="gazprom">NULL</column>
            <column name="alfabank">NULL</column>
            <column name="bankmoskvy">NULL</column>
            <column name="raiffeisen">NULL</column>
            <column name="uralsib">NULL</column>
            <column name="rshb">NULL</column>
        </table>
        <table name="bank">
            <column name="id">1165</column>
            <column name="twitid">494260567603830000</column>
            <column name="date">1406675876</column>
            <column name="name">latbitoo6</column>
            <column name="text">http://t.co/QZ7gGXb36o сбербанк официальный сайт оформить заявку на кредит</column>
            <column name="sberbank">0</column>
            <column name="vtb">NULL</column>
            <column name="gazprom">NULL</column>
            <column name="alfabank">NULL</column>
            <column name="bankmoskvy">NULL</column>
            <column name="raiffeisen">NULL</column>
            <column name="uralsib">NULL</column>
            <column name="rshb">NULL</column>
        </table>
        <table name="bank">
            <column name="id">1166</column>
            <column name="twitid">494260962413650000</column>
            <column name="date">1406675971</column>
            <column name="name">Lloginof6</column>
            <column name="text">В список новых экономических санкций США против Москвы вошли три российских банка - &quot;Банк Москвы&quot;, &quot;ВТБ-банк&quot; и &quot;Российский сельскохо...</column>
            <column name="sberbank">NULL</column>
            <column name="vtb">-1</column>
            <column name="gazprom">NULL</column>
            <column name="alfabank">NULL</column>
            <column name="bankmoskvy">-1</column>
            <column name="raiffeisen">NULL</column>
            <column name="uralsib">NULL</column>
            <column name="rshb">NULL</column>
        </table>
        <table name="bank">
            <column name="id">1167</column>
            <column name="twitid">494261653899580000</column>
            <column name="date">1406676135</column>
            <column name="name">plorcomnelia197</column>
            <column name="text">Под американские санкции попали ВТБ, Банк Москвы и Россельхозбанк.</column>
            <column name="sberbank">NULL</column>
            <column name="vtb">-1</column>
            <column name="gazprom">NULL</column>
            <column name="alfabank">NULL</column>
            <column name="bankmoskvy">-1</column>
            <column name="raiffeisen">NULL</column>
            <column name="uralsib">NULL</column>
            <column name="rshb">-1</column>
        </table>
        <table name="bank">
            <column name="id">1168</column>
            <column name="twitid">494264721432780000</column>
            <column name="date">1406676867</column>
            <column name="name">upbaficq</column>
            <column name="text">http://t.co/RzL4H7cJFV как взять кредит в россельхозбанка</column>
            <column name="sberbank">NULL</column>
            <column name="vtb">NULL</column>
            <column name="gazprom">NULL</column>
            <column name="alfabank">NULL</column>
            <column name="bankmoskvy">NULL</column>
            <column name="raiffeisen">NULL</column>
            <column name="uralsib">NULL</column>
            <column name="rshb">0</column>
        </table>
        <table name="bank">
            <column name="id">1169</column>
            <column name="twitid">494264892619510000</column>
            <column name="date">1406676908</column>
            <column name="name">SSukat</column>
            <column name="text">RT @vseodetiah: США ввели во вторник санкции против ВТБ, Россельхозбанка и Банка Москвы</column>
            <column name="sberbank">NULL</column>
            <column name="vtb">-1</column>
            <column name="gazprom">NULL</column>
            <column name="alfabank">NULL</column>
            <column name="bankmoskvy">-1</column>
            <column name="raiffeisen">NULL</column>
            <column name="uralsib">NULL</column>
            <column name="rshb">-1</column>
        </table>
        <table name="bank">
            <column name="id">1170</column>
            <column name="twitid">494265120738910000</column>
            <column name="date">1406676962</column>
            <column name="name">gibbokiltida</column>
            <column name="text">http://t.co/1pLsrsaY1K потребительский кредит процентные ставки райффайзенбанк</column>
            <column name="sberbank">NULL</column>
            <column name="vtb">NULL</column>
            <column name="gazprom">NULL</column>
            <column name="alfabank">NULL</column>
            <column name="bankmoskvy">NULL</column>
            <column name="raiffeisen">0</column>
            <column name="uralsib">NULL</column>
            <column name="rshb">NULL</column>
        </table>
        <table name="bank">
            <column name="id">1171</column>
            <column name="twitid">494265336254850000</column>
            <column name="date">1406677013</column>
            <column name="name">terfmortrearate</column>
            <column name="text">http://t.co/Df8Qhsq3Nz сбербанк кредиты отзывы</column>
            <column name="sberbank">0</column>
            <column name="vtb">NULL</column>
            <column name="gazprom">NULL</column>
            <column name="alfabank">NULL</column>
            <column name="bankmoskvy">NULL</column>
            <column name="raiffeisen">NULL</column>
            <column name="uralsib">NULL</column>
            <column name="rshb">NULL</column>
        </table>
        <table name="bank">
            <column name="id">1172</column>
            <column name="twitid">494265421462120000</column>
            <column name="date">1406677034</column>
            <column name="name">onzasilii</column>
            <column name="text">http://t.co/KHXEMBz527 банк москвы оформить заявку на кредит</column>
            <column name="sberbank">NULL</column>
            <column name="vtb">NULL</column>
            <column name="gazprom">NULL</column>
            <column name="alfabank">NULL</column>
            <column name="bankmoskvy">0</column>
            <column name="raiffeisen">NULL</column>
            <column name="uralsib">NULL</column>
            <column name="rshb">NULL</column>
        </table>
        <table name="bank">
            <column name="id">1173</column>
            <column name="twitid">494265772903250000</column>
            <column name="date">1406677117</column>
            <column name="name">vypbistipo</column>
            <column name="text">http://t.co/jT5J707m5V Взять кредит в газпромбанке</column>
            <column name="sberbank">NULL</column>
            <column name="vtb">NULL</column>
            <column name="gazprom">0</column>
            <column name="alfabank">NULL</column>
            <column name="bankmoskvy">NULL</column>
            <column name="raiffeisen">NULL</column>
            <column name="uralsib">NULL</column>
            <column name="rshb">NULL</column>
        </table>
        <table name="bank">
            <column name="id">1174</column>
            <column name="twitid">494265906927650000</column>
            <column name="date">1406677149</column>
            <column name="name">sebonfuc</column>
            <column name="text">http://t.co/cjGBtJXIiZ сбербанк кредиты на стартапы</column>
            <column name="sberbank">0</column>
            <column name="vtb">NULL</column>
            <column name="gazprom">NULL</column>
            <column name="alfabank">NULL</column>
            <column name="bankmoskvy">NULL</column>
            <column name="raiffeisen">NULL</column>
            <column name="uralsib">NULL</column>
            <column name="rshb">NULL</column>
        </table>
        <table name="bank">
            <column name="id">1175</column>
            <column name="twitid">494266276030600000</column>
            <column name="date">1406677237</column>
            <column name="name">sergeyshvidovsk</column>
            <column name="text">#новости США ввели во вторник санкции против ВТБ, Россельхозбанка и Банка Москвы</column>
            <column name="sberbank">NULL</column>
            <column name="vtb">-1</column>
            <column name="gazprom">NULL</column>
            <column name="alfabank">NULL</column>
            <column name="bankmoskvy">-1</column>
            <column name="raiffeisen">NULL</column>
            <column name="uralsib">NULL</column>
            <column name="rshb">-1</column>
        </table>
        <table name="bank">
            <column name="id">1176</column>
            <column name="twitid">494266881923350000</column>
            <column name="date">1406677382</column>
            <column name="name">bunitabl</column>
            <column name="text">http://t.co/kTKHtYzI5d Получить кредит райффайзенбанк</column>
            <column name="sberbank">NULL</column>
            <column name="vtb">NULL</column>
            <column name="gazprom">NULL</column>
            <column name="alfabank">NULL</column>
            <column name="bankmoskvy">NULL</column>
            <column name="raiffeisen">0</column>
            <column name="uralsib">NULL</column>
            <column name="rshb">NULL</column>
        </table>
        <table name="bank">
            <column name="id">1177</column>
            <column name="twitid">494267289147960000</column>
            <column name="date">1406677479</column>
            <column name="name">paskahismoinock</column>
            <column name="text">http://t.co/ZVPEYTvXWL кредиты райффайзенбанк</column>
            <column name="sberbank">NULL</column>
            <column name="vtb">NULL</column>
            <column name="gazprom">NULL</column>
            <column name="alfabank">NULL</column>
            <column name="bankmoskvy">NULL</column>
            <column name="raiffeisen">0</column>
            <column name="uralsib">NULL</column>
            <column name="rshb">NULL</column>
        </table>
        <table name="bank">
            <column name="id">1178</column>
            <column name="twitid">494268023835230000</column>
            <column name="date">1406677654</column>
            <column name="name">odgrassL</column>
            <column name="text">http://t.co/vWEo5LF5fW банк втб 24 потребительский кредит процентные ставки</column>
            <column name="sberbank">NULL</column>
            <column name="vtb">0</column>
            <column name="gazprom">NULL</column>
            <column name="alfabank">NULL</column>
            <column name="bankmoskvy">NULL</column>
            <column name="raiffeisen">NULL</column>
            <column name="uralsib">NULL</column>
            <column name="rshb">NULL</column>
        </table>
        <table name="bank">
            <column name="id">1179</column>
            <column name="twitid">494268072673280000</column>
            <column name="date">1406677666</column>
            <column name="name">sebonfuc</column>
            <column name="text">http://t.co/wyMQ9UrpZw банк втб 24 потребительский кредит процентные ставки</column>
            <column name="sberbank">NULL</column>
            <column name="vtb">0</column>
            <column name="gazprom">NULL</column>
            <column name="alfabank">NULL</column>
            <column name="bankmoskvy">NULL</column>
            <column name="raiffeisen">NULL</column>
            <column name="uralsib">NULL</column>
            <column name="rshb">NULL</column>
        </table>
        <table name="bank">
            <column name="id">1180</column>
            <column name="twitid">494269019264800000</column>
            <column name="date">1406677891</column>
            <column name="name">mareena56</column>
            <column name="text">США ввели санкции против росс. судостроительной корпорации.В списке также оказались Банк Москвы, ВТБ и Россельхозбанк http://t.co/oVwY0Bx5LZ</column>
            <column name="sberbank">NULL</column>
            <column name="vtb">-1</column>
            <column name="gazprom">NULL</column>
            <column name="alfabank">NULL</column>
            <column name="bankmoskvy">-1</column>
            <column name="raiffeisen">NULL</column>
            <column name="uralsib">NULL</column>
            <column name="rshb">-1</column>
        </table>
        <table name="bank">
            <column name="id">1181</column>
            <column name="twitid">494270059058320000</column>
            <column name="date">1406678139</column>
            <column name="name">wemetfoffi</column>
            <column name="text">http://t.co/ceFQfAAkIu Альфа банк взять кредит в мурманске</column>
            <column name="sberbank">NULL</column>
            <column name="vtb">NULL</column>
            <column name="gazprom">NULL</column>
            <column name="alfabank">0</column>
            <column name="bankmoskvy">NULL</column>
            <column name="raiffeisen">NULL</column>
            <column name="uralsib">NULL</column>
            <column name="rshb">NULL</column>
        </table>
        <table name="bank">
            <column name="id">1182</column>
            <column name="twitid">494270837034590000</column>
            <column name="date">1406678325</column>
            <column name="name">nazCozart</column>
            <column name="text">http://t.co/NsITGvGPR4 Взять кредит в втб 24 в миассе</column>
            <column name="sberbank">NULL</column>
            <column name="vtb">0</column>
            <column name="gazprom">NULL</column>
            <column name="alfabank">NULL</column>
            <column name="bankmoskvy">NULL</column>
            <column name="raiffeisen">NULL</column>
            <column name="uralsib">NULL</column>
            <column name="rshb">NULL</column>
        </table>
        <table name="bank">
            <column name="id">1183</column>
            <column name="twitid">494272973054830000</column>
            <column name="date">1406678834</column>
            <column name="name">pawnumeworldarn</column>
            <column name="text">http://t.co/s638tRma3d сбербанк заявка на кредит наличными</column>
            <column name="sberbank">0</column>
            <column name="vtb">NULL</column>
            <column name="gazprom">NULL</column>
            <column name="alfabank">NULL</column>
            <column name="bankmoskvy">NULL</column>
            <column name="raiffeisen">NULL</column>
            <column name="uralsib">NULL</column>
            <column name="rshb">NULL</column>
        </table>
        <table name="bank">
            <column name="id">1184</column>
            <column name="twitid">494273382670560000</column>
            <column name="date">1406678932</column>
            <column name="name">abakumov_si</column>
            <column name="text">США добавили три российских банка в черный список: Под санкции попали ВТБ, Банк Москвы и Рос... http://t.co/lU6GSFKa8C #sledui #rufollow</column>
            <column name="sberbank">NULL</column>
            <column name="vtb">-1</column>
            <column name="gazprom">NULL</column>
            <column name="alfabank">NULL</column>
            <column name="bankmoskvy">-1</column>
            <column name="raiffeisen">NULL</column>
            <column name="uralsib">NULL</column>
            <column name="rshb">NULL</column>
        </table>
        <table name="bank">
            <column name="id">1185</column>
            <column name="twitid">494273736988950000</column>
            <column name="date">1406679016</column>
            <column name="name">doradoSu</column>
            <column name="text">http://t.co/u6ul3k9u8o Как получить кредит в альфа банке в сумской области</column>
            <column name="sberbank">NULL</column>
            <column name="vtb">NULL</column>
            <column name="gazprom">NULL</column>
            <column name="alfabank">0</column>
            <column name="bankmoskvy">NULL</column>
            <column name="raiffeisen">NULL</column>
            <column name="uralsib">NULL</column>
            <column name="rshb">NULL</column>
        </table>
        <table name="bank">
            <column name="id">1186</column>
            <column name="twitid">494273903020090000</column>
            <column name="date">1406679056</column>
            <column name="name">accoocawebkax</column>
            <column name="text">http://t.co/U4kM2kVArB втб 24 кредиты онлайн</column>
            <column name="sberbank">NULL</column>
            <column name="vtb">1</column>
            <column name="gazprom">NULL</column>
            <column name="alfabank">NULL</column>
            <column name="bankmoskvy">NULL</column>
            <column name="raiffeisen">NULL</column>
            <column name="uralsib">NULL</column>
            <column name="rshb">NULL</column>
        </table>
        <table name="bank">
            <column name="id">1187</column>
            <column name="twitid">494273943818100000</column>
            <column name="date">1406679066</column>
            <column name="name">BeanAraki</column>
            <column name="text">Власти США ввели санкции против Банка Москвы, ВТБ и Россельхозбанка, сообщает «РИА</column>
            <column name="sberbank">NULL</column>
            <column name="vtb">-1</column>
            <column name="gazprom">NULL</column>
            <column name="alfabank">NULL</column>
            <column name="bankmoskvy">-1</column>
            <column name="raiffeisen">NULL</column>
            <column name="uralsib">NULL</column>
            <column name="rshb">-1</column>
        </table>
        <table name="bank">
            <column name="id">1188</column>
            <column name="twitid">494274265181860000</column>
            <column name="date">1406679142</column>
            <column name="name">teiaSteinl</column>
            <column name="text">http://t.co/nMmua2FEmU Взять кредит в райффайзен банк аваль</column>
            <column name="sberbank">NULL</column>
            <column name="vtb">NULL</column>
            <column name="gazprom">NULL</column>
            <column name="alfabank">NULL</column>
            <column name="bankmoskvy">NULL</column>
            <column name="raiffeisen">0</column>
            <column name="uralsib">NULL</column>
            <column name="rshb">NULL</column>
        </table>
        <table name="bank">
            <column name="id">1189</column>
            <column name="twitid">494275000292370000</column>
            <column name="date">1406679317</column>
            <column name="name">willed_strong</column>
            <column name="text">RT @ruspolitika: США ввели санкции против «Банка Москвы», ВТБ и Россельхозбанка http://t.co/IsAf5XKdGe</column>
            <column name="sberbank">NULL</column>
            <column name="vtb">-1</column>
            <column name="gazprom">NULL</column>
            <column name="alfabank">NULL</column>
            <column name="bankmoskvy">-1</column>
            <column name="raiffeisen">NULL</column>
            <column name="uralsib">NULL</column>
            <column name="rshb">-1</column>
        </table>
        <table name="bank">
            <column name="id">1190</column>
            <column name="twitid">494275887941290000</column>
            <column name="date">1406679529</column>
            <column name="name">AmburCunha</column>
            <column name="text">http://t.co/RbzQirrBlx Как взять кредит в россельхозбанк в москве</column>
            <column name="sberbank">NULL</column>
            <column name="vtb">NULL</column>
            <column name="gazprom">NULL</column>
            <column name="alfabank">NULL</column>
            <column name="bankmoskvy">NULL</column>
            <column name="raiffeisen">NULL</column>
            <column name="uralsib">NULL</column>
            <column name="rshb">0</column>
        </table>
        <table name="bank">
            <column name="id">1191</column>
            <column name="twitid">494277751210130000</column>
            <column name="date">1406679973</column>
            <column name="name">esnicisukid</column>
            <column name="text">http://t.co/6iReLc3maN кредит банк альфа банк процентная ставка</column>
            <column name="sberbank">NULL</column>
            <column name="vtb">NULL</column>
            <column name="gazprom">NULL</column>
            <column name="alfabank">0</column>
            <column name="bankmoskvy">NULL</column>
            <column name="raiffeisen">NULL</column>
            <column name="uralsib">NULL</column>
            <column name="rshb">NULL</column>
        </table>
        <table name="bank">
            <column name="id">1192</column>
            <column name="twitid">494278408373690000</column>
            <column name="date">1406680130</column>
            <column name="name">ndonerEdel</column>
            <column name="text">http://t.co/PeVxUdKSFd Оао сбербанк рф взять кредит какой процент</column>
            <column name="sberbank">0</column>
            <column name="vtb">NULL</column>
            <column name="gazprom">NULL</column>
            <column name="alfabank">NULL</column>
            <column name="bankmoskvy">NULL</column>
            <column name="raiffeisen">NULL</column>
            <column name="uralsib">NULL</column>
            <column name="rshb">NULL</column>
        </table>
        <table name="bank">
            <column name="id">1193</column>
            <column name="twitid">494278621553390000</column>
            <column name="date">1406680181</column>
            <column name="name">netbovalsase</column>
            <column name="text">http://t.co/9ZUPJFiXes сбербанк кредиты чебоксары</column>
            <column name="sberbank">0</column>
            <column name="vtb">NULL</column>
            <column name="gazprom">NULL</column>
            <column name="alfabank">NULL</column>
            <column name="bankmoskvy">NULL</column>
            <column name="raiffeisen">NULL</column>
            <column name="uralsib">NULL</column>
            <column name="rshb">NULL</column>
        </table>
        <table name="bank">
            <column name="id">1194</column>
            <column name="twitid">494278672388330000</column>
            <column name="date">1406680193</column>
            <column name="name">upbaficq</column>
            <column name="text">http://t.co/9mpArcWJ8A сбербанк кредиты чебоксары</column>
            <column name="sberbank">0</column>
            <column name="vtb">NULL</column>
            <column name="gazprom">NULL</column>
            <column name="alfabank">NULL</column>
            <column name="bankmoskvy">NULL</column>
            <column name="raiffeisen">NULL</column>
            <column name="uralsib">NULL</column>
            <column name="rshb">NULL</column>
        </table>
        <table name="bank">
            <column name="id">1195</column>
            <column name="twitid">494279299164560000</column>
            <column name="date">1406680342</column>
            <column name="name">OLogunov32</column>
            <column name="text">Власти США ввели санкции в отношении ВТБ, Банка Москвы и Россельхозбанка, о чем сообщило американское Министерство финансов.</column>
            <column name="sberbank">NULL</column>
            <column name="vtb">-1</column>
            <column name="gazprom">NULL</column>
            <column name="alfabank">NULL</column>
            <column name="bankmoskvy">-1</column>
            <column name="raiffeisen">NULL</column>
            <column name="uralsib">NULL</column>
            <column name="rshb">-1</column>
        </table>
        <table name="bank">
            <column name="id">1196</column>
            <column name="twitid">494279339182390000</column>
            <column name="date">1406680352</column>
            <column name="name">protallilis1974</column>
            <column name="text">США ввели во вторник санкции против ВТБ, Россельхозбанка и Банка Москвы</column>
            <column name="sberbank">NULL</column>
            <column name="vtb">-1</column>
            <column name="gazprom">NULL</column>
            <column name="alfabank">NULL</column>
            <column name="bankmoskvy">-1</column>
            <column name="raiffeisen">NULL</column>
            <column name="uralsib">NULL</column>
            <column name="rshb">-1</column>
        </table>
        <table name="bank">
            <column name="id">1197</column>
            <column name="twitid">494279379716160000</column>
            <column name="date">1406680362</column>
            <column name="name">ehucpligi</column>
            <column name="text">http://t.co/IjoM4uk33v Взять кредит в россельхозбанке в воронеже</column>
            <column name="sberbank">NULL</column>
            <column name="vtb">NULL</column>
            <column name="gazprom">NULL</column>
            <column name="alfabank">NULL</column>
            <column name="bankmoskvy">NULL</column>
            <column name="raiffeisen">NULL</column>
            <column name="uralsib">NULL</column>
            <column name="rshb">0</column>
        </table>
        <table name="bank">
            <column name="id">1198</column>
            <column name="twitid">494279820935570000</column>
            <column name="date">1406680467</column>
            <column name="name">loyrusetesli</column>
            <column name="text">http://t.co/ovM7C9R5YO кредит наличными в газпромбанк</column>
            <column name="sberbank">NULL</column>
            <column name="vtb">NULL</column>
            <column name="gazprom">0</column>
            <column name="alfabank">NULL</column>
            <column name="bankmoskvy">NULL</column>
            <column name="raiffeisen">NULL</column>
            <column name="uralsib">NULL</column>
            <column name="rshb">NULL</column>
        </table>
        <table name="bank">
            <column name="id">1199</column>
            <column name="twitid">494281567096030000</column>
            <column name="date">1406680883</column>
            <column name="name">worlthandnita6</column>
            <column name="text">#The #Wall #Street #Journal опровергла информацию о возможных санкциях против #Сбербанка и #ВТБ (63)  #autofollow</column>
            <column name="sberbank">0</column>
            <column name="vtb">0</column>
            <column name="gazprom">NULL</column>
            <column name="alfabank">NULL</column>
            <column name="bankmoskvy">NULL</column>
            <column name="raiffeisen">NULL</column>
            <column name="uralsib">NULL</column>
            <column name="rshb">NULL</column>
        </table>
        <table name="bank">
            <column name="id">1200</column>
            <column name="twitid">494282128725930000</column>
            <column name="date">1406681017</column>
            <column name="name">rimadbusen7</column>
            <column name="text">#Новые санкции могут отразиться на #Сбербанке и #ВТБ   #follow</column>
            <column name="sberbank">-1</column>
            <column name="vtb">-1</column>
            <column name="gazprom">NULL</column>
            <column name="alfabank">NULL</column>
            <column name="bankmoskvy">NULL</column>
            <column name="raiffeisen">NULL</column>
            <column name="uralsib">NULL</column>
            <column name="rshb">NULL</column>
        </table>
    </database>
</pma_xml_export>