<?xml version="1.0" encoding="utf-8"?>
<!--
- phpMyAdmin XML Dump
- version 4.0.4.1
- http://www.phpmyadmin.net
-
- Хост: localhost
- Время создания: Окт 28 2014 г., 09:04
- Версия сервера: 5.6.12
- Версия PHP: 5.5.3
-->

<pma_xml_export version="1.0" xmlns:pma="http://www.phpmyadmin.net/some_doc_url/">
    <!--
    - Structure schemas
    -->
    <pma:structure_schemas>
        <pma:database name="Romip" collation="utf8_general_ci" charset="utf8">
            <pma:table name="bank">
                CREATE TABLE `bank` (
                  `id` int(11) NOT NULL AUTO_INCREMENT,
                  `twitid` bigint(32) NOT NULL DEFAULT '0',
                  `date` varchar(128) DEFAULT NULL,
                  `name` varchar(128) DEFAULT NULL,
                  `text` varchar(256) DEFAULT NULL,
                  `sberbank` int(11) DEFAULT NULL,
                  `vtb` int(11) DEFAULT NULL,
                  `gazprom` int(11) DEFAULT NULL,
                  `alfabank` int(11) DEFAULT NULL,
                  `bankmoskvy` int(11) DEFAULT NULL,
                  `raiffeisen` int(11) DEFAULT NULL,
                  `uralsib` int(11) DEFAULT NULL,
                  `rshb` int(11) DEFAULT NULL,
                  PRIMARY KEY (`id`),
                  UNIQUE KEY `id` (`twitid`)
                ) ENGINE=InnoDB AUTO_INCREMENT=7924 DEFAULT CHARSET=utf8;
            </pma:table>
        </pma:database>
    </pma:structure_schemas>

    <!--
    - База данных: 'Romip'
    -->
    <database name="Romip">
        <!-- Таблица bank -->
        <table name="bank">
            <column name="id">2601</column>
            <column name="twitid">495447645150640000</column>
            <column name="date">1406958898</column>
            <column name="name">NezaYapi</column>
            <column name="text">Месяц продаж ипотечных кредитов от Алтайского филиала Россельхозбанка</column>
            <column name="sberbank">NULL</column>
            <column name="vtb">NULL</column>
            <column name="gazprom">NULL</column>
            <column name="alfabank">NULL</column>
            <column name="bankmoskvy">NULL</column>
            <column name="raiffeisen">NULL</column>
            <column name="uralsib">NULL</column>
            <column name="rshb">0</column>
        </table>
        <table name="bank">
            <column name="id">2602</column>
            <column name="twitid">495449235224300000</column>
            <column name="date">1406959277</column>
            <column name="name">ouwgerfe</column>
            <column name="text">Получить кредитную карту втб 24 http://t.co/8uFbvSzyrp</column>
            <column name="sberbank">NULL</column>
            <column name="vtb">0</column>
            <column name="gazprom">NULL</column>
            <column name="alfabank">NULL</column>
            <column name="bankmoskvy">NULL</column>
            <column name="raiffeisen">NULL</column>
            <column name="uralsib">NULL</column>
            <column name="rshb">NULL</column>
        </table>
        <table name="bank">
            <column name="id">2603</column>
            <column name="twitid">495457171229120000</column>
            <column name="date">1406961169</column>
            <column name="name">soledadcgrill</column>
            <column name="text">Россельхозбанк в дагестане авто кредит http://t.co/csqklAAPjM</column>
            <column name="sberbank">NULL</column>
            <column name="vtb">NULL</column>
            <column name="gazprom">NULL</column>
            <column name="alfabank">NULL</column>
            <column name="bankmoskvy">NULL</column>
            <column name="raiffeisen">NULL</column>
            <column name="uralsib">NULL</column>
            <column name="rshb">0</column>
        </table>
        <table name="bank">
            <column name="id">2604</column>
            <column name="twitid">495459109710600000</column>
            <column name="date">1406961631</column>
            <column name="name">doreathaxofitch</column>
            <column name="text">Автокредит втб 24 чебоксары http://t.co/sFvQaYMdF5</column>
            <column name="sberbank">NULL</column>
            <column name="vtb">0</column>
            <column name="gazprom">NULL</column>
            <column name="alfabank">NULL</column>
            <column name="bankmoskvy">NULL</column>
            <column name="raiffeisen">NULL</column>
            <column name="uralsib">NULL</column>
            <column name="rshb">NULL</column>
        </table>
        <table name="bank">
            <column name="id">2605</column>
            <column name="twitid">495460729328120000</column>
            <column name="date">1406962017</column>
            <column name="name">OlnekSan</column>
            <column name="text">образец квитанции на оплату енвд 2014 через сбербанк брянск http://t.co/WxuzfmaWdb #через</column>
            <column name="sberbank">0</column>
            <column name="vtb">NULL</column>
            <column name="gazprom">NULL</column>
            <column name="alfabank">NULL</column>
            <column name="bankmoskvy">NULL</column>
            <column name="raiffeisen">NULL</column>
            <column name="uralsib">NULL</column>
            <column name="rshb">NULL</column>
        </table>
        <table name="bank">
            <column name="id">2606</column>
            <column name="twitid">495461095348670000</column>
            <column name="date">1406962105</column>
            <column name="name">osis789zee</column>
            <column name="text">Банк москвы липецк кредиты http://t.co/I4B7rXZMsC</column>
            <column name="sberbank">NULL</column>
            <column name="vtb">NULL</column>
            <column name="gazprom">NULL</column>
            <column name="alfabank">NULL</column>
            <column name="bankmoskvy">0</column>
            <column name="raiffeisen">NULL</column>
            <column name="uralsib">NULL</column>
            <column name="rshb">NULL</column>
        </table>
        <table name="bank">
            <column name="id">2607</column>
            <column name="twitid">495461095734510000</column>
            <column name="date">1406962105</column>
            <column name="name">wazecaly</column>
            <column name="text">Кредит в уралсиб банке официальный сайт http://t.co/nXYrFnRLvF</column>
            <column name="sberbank">NULL</column>
            <column name="vtb">NULL</column>
            <column name="gazprom">NULL</column>
            <column name="alfabank">NULL</column>
            <column name="bankmoskvy">NULL</column>
            <column name="raiffeisen">NULL</column>
            <column name="uralsib">0</column>
            <column name="rshb">NULL</column>
        </table>
        <table name="bank">
            <column name="id">2608</column>
            <column name="twitid">495461097915570000</column>
            <column name="date">1406962105</column>
            <column name="name">ozellatucwroy</column>
            <column name="text">Банк втб 24 потребительский кредит для зарплатных клиентов http://t.co/A3RRnQOvn6</column>
            <column name="sberbank">NULL</column>
            <column name="vtb">0</column>
            <column name="gazprom">NULL</column>
            <column name="alfabank">NULL</column>
            <column name="bankmoskvy">NULL</column>
            <column name="raiffeisen">NULL</column>
            <column name="uralsib">NULL</column>
            <column name="rshb">NULL</column>
        </table>
        <table name="bank">
            <column name="id">2609</column>
            <column name="twitid">495462059367480000</column>
            <column name="date">1406962334</column>
            <column name="name">liacumipe1970</column>
            <column name="text">Сбербанк и Газпромбанк подпали под секторальные санкции ЕС наряду с ВТБ, ВЭБом, РСХБ</column>
            <column name="sberbank">-1</column>
            <column name="vtb">-1</column>
            <column name="gazprom">-1</column>
            <column name="alfabank">NULL</column>
            <column name="bankmoskvy">NULL</column>
            <column name="raiffeisen">NULL</column>
            <column name="uralsib">NULL</column>
            <column name="rshb">-1</column>
        </table>
        <table name="bank">
            <column name="id">2610</column>
            <column name="twitid">495462636348120000</column>
            <column name="date">1406962472</column>
            <column name="name">trantegambbahgk</column>
            <column name="text">http://t.co/adgCoZMeqA сбербанк воронеж кредит</column>
            <column name="sberbank">0</column>
            <column name="vtb">NULL</column>
            <column name="gazprom">NULL</column>
            <column name="alfabank">NULL</column>
            <column name="bankmoskvy">NULL</column>
            <column name="raiffeisen">NULL</column>
            <column name="uralsib">NULL</column>
            <column name="rshb">NULL</column>
        </table>
        <table name="bank">
            <column name="id">2611</column>
            <column name="twitid">495464140719530000</column>
            <column name="date">1406962831</column>
            <column name="name">sukonkin_valya</column>
            <column name="text">Оао альфа банк г москва кредитный отдел http://t.co/rIvBp3Mz3K</column>
            <column name="sberbank">NULL</column>
            <column name="vtb">NULL</column>
            <column name="gazprom">NULL</column>
            <column name="alfabank">0</column>
            <column name="bankmoskvy">NULL</column>
            <column name="raiffeisen">NULL</column>
            <column name="uralsib">NULL</column>
            <column name="rshb">NULL</column>
        </table>
        <table name="bank">
            <column name="id">2612</column>
            <column name="twitid">495467079504380000</column>
            <column name="date">1406963531</column>
            <column name="name">abdousnaniching</column>
            <column name="text">http://t.co/vgMzk3DnUa онлайн заявка на кредит наличными в уралсиб банк</column>
            <column name="sberbank">NULL</column>
            <column name="vtb">NULL</column>
            <column name="gazprom">NULL</column>
            <column name="alfabank">NULL</column>
            <column name="bankmoskvy">NULL</column>
            <column name="raiffeisen">NULL</column>
            <column name="uralsib">0</column>
            <column name="rshb">NULL</column>
        </table>
        <table name="bank">
            <column name="id">2613</column>
            <column name="twitid">495467082742390000</column>
            <column name="date">1406963532</column>
            <column name="name">uyujagua</column>
            <column name="text">В санкционный список попали Сбербанк, ВТБ, Газпромбанк, ВЭБ и РСХБ Пять российских банков попали в санкционный список Евросоюза,</column>
            <column name="sberbank">-1</column>
            <column name="vtb">-1</column>
            <column name="gazprom">-1</column>
            <column name="alfabank">NULL</column>
            <column name="bankmoskvy">NULL</column>
            <column name="raiffeisen">NULL</column>
            <column name="uralsib">NULL</column>
            <column name="rshb">-1</column>
        </table>
        <table name="bank">
            <column name="id">2614</column>
            <column name="twitid">495474774580420000</column>
            <column name="date">1406965366</column>
            <column name="name">KsyuMordovskaya</column>
            <column name="text">Сделать онлайн заявку на кредит альфа банк якутск http://t.co/omJEZpBi2p</column>
            <column name="sberbank">NULL</column>
            <column name="vtb">NULL</column>
            <column name="gazprom">NULL</column>
            <column name="alfabank">0</column>
            <column name="bankmoskvy">NULL</column>
            <column name="raiffeisen">NULL</column>
            <column name="uralsib">NULL</column>
            <column name="rshb">NULL</column>
        </table>
        <table name="bank">
            <column name="id">2615</column>
            <column name="twitid">495480252379190000</column>
            <column name="date">1406966672</column>
            <column name="name">walokewyxal</column>
            <column name="text">Уралсиб банк кредитная карта магнитогор http://t.co/QawIP8Q39a</column>
            <column name="sberbank">NULL</column>
            <column name="vtb">NULL</column>
            <column name="gazprom">NULL</column>
            <column name="alfabank">NULL</column>
            <column name="bankmoskvy">NULL</column>
            <column name="raiffeisen">NULL</column>
            <column name="uralsib">0</column>
            <column name="rshb">NULL</column>
        </table>
        <table name="bank">
            <column name="id">2616</column>
            <column name="twitid">495488861406260000</column>
            <column name="date">1406968724</column>
            <column name="name">lidolave</column>
            <column name="text">Банки москвы кредиты райфайзен банк http://t.co/FxT9fZDCJZ</column>
            <column name="sberbank">NULL</column>
            <column name="vtb">NULL</column>
            <column name="gazprom">NULL</column>
            <column name="alfabank">NULL</column>
            <column name="bankmoskvy">NULL</column>
            <column name="raiffeisen">0</column>
            <column name="uralsib">NULL</column>
            <column name="rshb">NULL</column>
        </table>
        <table name="bank">
            <column name="id">2617</column>
            <column name="twitid">495489406913220000</column>
            <column name="date">1406968855</column>
            <column name="name">GRazgulov</column>
            <column name="text">Процентные ставки по кредитам в россельхозбанке в 2014 http://t.co/VZ65V4ZTw6</column>
            <column name="sberbank">NULL</column>
            <column name="vtb">NULL</column>
            <column name="gazprom">NULL</column>
            <column name="alfabank">NULL</column>
            <column name="bankmoskvy">NULL</column>
            <column name="raiffeisen">NULL</column>
            <column name="uralsib">NULL</column>
            <column name="rshb">0</column>
        </table>
        <table name="bank">
            <column name="id">2618</column>
            <column name="twitid">495493911683420000</column>
            <column name="date">1406969929</column>
            <column name="name">pokjkl</column>
            <column name="text">Альфа-Клик платежная система Альфа-Банка: особенности и преимущества http://t.co/itKDyrpAK4</column>
            <column name="sberbank">NULL</column>
            <column name="vtb">NULL</column>
            <column name="gazprom">NULL</column>
            <column name="alfabank">0</column>
            <column name="bankmoskvy">NULL</column>
            <column name="raiffeisen">NULL</column>
            <column name="uralsib">NULL</column>
            <column name="rshb">NULL</column>
        </table>
        <table name="bank">
            <column name="id">2619</column>
            <column name="twitid">495494068081000000</column>
            <column name="date">1406969966</column>
            <column name="name">EKostin35</column>
            <column name="text">Я не дружно, я первый раз. Сбер поменял секретные слова на моих двух картах.</column>
            <column name="sberbank">-1</column>
            <column name="vtb">NULL</column>
            <column name="gazprom">NULL</column>
            <column name="alfabank">NULL</column>
            <column name="bankmoskvy">NULL</column>
            <column name="raiffeisen">NULL</column>
            <column name="uralsib">NULL</column>
            <column name="rshb">NULL</column>
        </table>
        <table name="bank">
            <column name="id">2620</column>
            <column name="twitid">495500208336160000</column>
            <column name="date">1406971430</column>
            <column name="name">XoTDoGbadu</column>
            <column name="text">В санкционный список ЕС вошли Сбербанк и ВТБ</column>
            <column name="sberbank">-1</column>
            <column name="vtb">-1</column>
            <column name="gazprom">NULL</column>
            <column name="alfabank">NULL</column>
            <column name="bankmoskvy">NULL</column>
            <column name="raiffeisen">NULL</column>
            <column name="uralsib">NULL</column>
            <column name="rshb">NULL</column>
        </table>
        <table name="bank">
            <column name="id">2621</column>
            <column name="twitid">495500793085440000</column>
            <column name="date">1406971569</column>
            <column name="name">Glushkovasimpge</column>
            <column name="text">ДРУЗЬЯ!!!! ВНИМАНИЕ!!! У НАС ЧП!!! завтра репетиция для альфа банка будет с..</column>
            <column name="sberbank">NULL</column>
            <column name="vtb">NULL</column>
            <column name="gazprom">NULL</column>
            <column name="alfabank">0</column>
            <column name="bankmoskvy">NULL</column>
            <column name="raiffeisen">NULL</column>
            <column name="uralsib">NULL</column>
            <column name="rshb">NULL</column>
        </table>
        <table name="bank">
            <column name="id">2622</column>
            <column name="twitid">495501800293010000</column>
            <column name="date">1406971809</column>
            <column name="name">LHismatullina34</column>
            <column name="text">А каким образом Сбербанк подчиняется управе?</column>
            <column name="sberbank">0</column>
            <column name="vtb">NULL</column>
            <column name="gazprom">NULL</column>
            <column name="alfabank">NULL</column>
            <column name="bankmoskvy">NULL</column>
            <column name="raiffeisen">NULL</column>
            <column name="uralsib">NULL</column>
            <column name="rshb">NULL</column>
        </table>
        <table name="bank">
            <column name="id">2623</column>
            <column name="twitid">495506282330470000</column>
            <column name="date">1406972878</column>
            <column name="name">GUISSOKOL</column>
            <column name="text">#сбербанк #БанкМосквы наконецто два говнобанка под санкциями! Жаль что без блокировок карт обошлось(</column>
            <column name="sberbank">-1</column>
            <column name="vtb">NULL</column>
            <column name="gazprom">NULL</column>
            <column name="alfabank">NULL</column>
            <column name="bankmoskvy">-1</column>
            <column name="raiffeisen">NULL</column>
            <column name="uralsib">NULL</column>
            <column name="rshb">NULL</column>
        </table>
        <table name="bank">
            <column name="id">2624</column>
            <column name="twitid">495509007319450000</column>
            <column name="date">1406973528</column>
            <column name="name">lyzuxadyjy</column>
            <column name="text">Банк москвы пермь кредит быстро http://t.co/V3A97xheCc</column>
            <column name="sberbank">NULL</column>
            <column name="vtb">NULL</column>
            <column name="gazprom">NULL</column>
            <column name="alfabank">NULL</column>
            <column name="bankmoskvy">0</column>
            <column name="raiffeisen">NULL</column>
            <column name="uralsib">NULL</column>
            <column name="rshb">NULL</column>
        </table>
        <table name="bank">
            <column name="id">2625</column>
            <column name="twitid">495509586468930000</column>
            <column name="date">1406973666</column>
            <column name="name">qucewiga</column>
            <column name="text">Кредиты в чите россельхозбанк http://t.co/YllXenisEr</column>
            <column name="sberbank">NULL</column>
            <column name="vtb">NULL</column>
            <column name="gazprom">NULL</column>
            <column name="alfabank">NULL</column>
            <column name="bankmoskvy">NULL</column>
            <column name="raiffeisen">NULL</column>
            <column name="uralsib">NULL</column>
            <column name="rshb">0</column>
        </table>
        <table name="bank">
            <column name="id">2626</column>
            <column name="twitid">495512440621530000</column>
            <column name="date">1406974346</column>
            <column name="name">vydutihu</column>
            <column name="text">Ford в кредит втб 24 http://t.co/nkdBcRceLW</column>
            <column name="sberbank">NULL</column>
            <column name="vtb">0</column>
            <column name="gazprom">NULL</column>
            <column name="alfabank">NULL</column>
            <column name="bankmoskvy">NULL</column>
            <column name="raiffeisen">NULL</column>
            <column name="uralsib">NULL</column>
            <column name="rshb">NULL</column>
        </table>
        <table name="bank">
            <column name="id">2627</column>
            <column name="twitid">495516446634430000</column>
            <column name="date">1406975301</column>
            <column name="name">renifexeguha</column>
            <column name="text">RT @fozuvohohyho: http://t.co/SzbC78G835 «Банк Москвы» перестал быть генеральным спонсором «Амкара»</column>
            <column name="sberbank">NULL</column>
            <column name="vtb">NULL</column>
            <column name="gazprom">NULL</column>
            <column name="alfabank">NULL</column>
            <column name="bankmoskvy">0</column>
            <column name="raiffeisen">NULL</column>
            <column name="uralsib">NULL</column>
            <column name="rshb">NULL</column>
        </table>
        <table name="bank">
            <column name="id">2628</column>
            <column name="twitid">495519992654620000</column>
            <column name="date">1406976147</column>
            <column name="name">worldnewsday</column>
            <column name="text">Я.Новости | Блоги: Сбербанк попадет под третий раунд санкций Евросоюза http://t.co/W6ufKNjcRB</column>
            <column name="sberbank">-1</column>
            <column name="vtb">NULL</column>
            <column name="gazprom">NULL</column>
            <column name="alfabank">NULL</column>
            <column name="bankmoskvy">NULL</column>
            <column name="raiffeisen">NULL</column>
            <column name="uralsib">NULL</column>
            <column name="rshb">NULL</column>
        </table>
        <table name="bank">
            <column name="id">2629</column>
            <column name="twitid">495521512737490000</column>
            <column name="date">1406976509</column>
            <column name="name">musacegot</column>
            <column name="text">Кредитный калькулятор альфа банка автокредит http://t.co/txsPiuYmNO</column>
            <column name="sberbank">NULL</column>
            <column name="vtb">NULL</column>
            <column name="gazprom">NULL</column>
            <column name="alfabank">0</column>
            <column name="bankmoskvy">NULL</column>
            <column name="raiffeisen">NULL</column>
            <column name="uralsib">NULL</column>
            <column name="rshb">NULL</column>
        </table>
        <table name="bank">
            <column name="id">2630</column>
            <column name="twitid">495523054194560000</column>
            <column name="date">1406976877</column>
            <column name="name">lywyjuvozig</column>
            <column name="text">Анкета альфа банка на открытие кредитной карточки http://t.co/wOKdSYBJAB</column>
            <column name="sberbank">NULL</column>
            <column name="vtb">NULL</column>
            <column name="gazprom">NULL</column>
            <column name="alfabank">0</column>
            <column name="bankmoskvy">NULL</column>
            <column name="raiffeisen">NULL</column>
            <column name="uralsib">NULL</column>
            <column name="rshb">NULL</column>
        </table>
        <table name="bank">
            <column name="id">2631</column>
            <column name="twitid">495526481444230000</column>
            <column name="date">1406977694</column>
            <column name="name">kalaxazyw</column>
            <column name="text">Кредит доверительный сбербанк рыбинск http://t.co/kQvdgiTrSN</column>
            <column name="sberbank">0</column>
            <column name="vtb">NULL</column>
            <column name="gazprom">NULL</column>
            <column name="alfabank">NULL</column>
            <column name="bankmoskvy">NULL</column>
            <column name="raiffeisen">NULL</column>
            <column name="uralsib">NULL</column>
            <column name="rshb">NULL</column>
        </table>
        <table name="bank">
            <column name="id">2632</column>
            <column name="twitid">495534840964320000</column>
            <column name="date">1406979687</column>
            <column name="name">kingkredit</column>
            <column name="text">Всё о Кредитах Сбербанк попал под санкции, что делать с вкладами? Мнение спецов. http://t.co/TZsdCsIoXN</column>
            <column name="sberbank">-1</column>
            <column name="vtb">NULL</column>
            <column name="gazprom">NULL</column>
            <column name="alfabank">NULL</column>
            <column name="bankmoskvy">NULL</column>
            <column name="raiffeisen">NULL</column>
            <column name="uralsib">NULL</column>
            <column name="rshb">NULL</column>
        </table>
        <table name="bank">
            <column name="id">2633</column>
            <column name="twitid">495539646768910000</column>
            <column name="date">1406980833</column>
            <column name="name">vuxazicihix</column>
            <column name="text">Кредиты наличными в райфайзен банке аваль http://t.co/dEIVgZoSL1</column>
            <column name="sberbank">NULL</column>
            <column name="vtb">NULL</column>
            <column name="gazprom">NULL</column>
            <column name="alfabank">NULL</column>
            <column name="bankmoskvy">NULL</column>
            <column name="raiffeisen">0</column>
            <column name="uralsib">NULL</column>
            <column name="rshb">NULL</column>
        </table>
        <table name="bank">
            <column name="id">2634</column>
            <column name="twitid">495541610256400000</column>
            <column name="date">1406981301</column>
            <column name="name">apoknorij</column>
            <column name="text">http://t.co/IWna6QX1Gp Сбербанк попадет под третий раунд санкций Евросоюза</column>
            <column name="sberbank">-1</column>
            <column name="vtb">NULL</column>
            <column name="gazprom">NULL</column>
            <column name="alfabank">NULL</column>
            <column name="bankmoskvy">NULL</column>
            <column name="raiffeisen">NULL</column>
            <column name="uralsib">NULL</column>
            <column name="rshb">NULL</column>
        </table>
        <table name="bank">
            <column name="id">2635</column>
            <column name="twitid">495545181459200000</column>
            <column name="date">1406982152</column>
            <column name="name">tndnupsk</column>
            <column name="text">Снижение процентных ставок по кредитам сбербанк http://t.co/G0gYoR4KKT</column>
            <column name="sberbank">1</column>
            <column name="vtb">NULL</column>
            <column name="gazprom">NULL</column>
            <column name="alfabank">NULL</column>
            <column name="bankmoskvy">NULL</column>
            <column name="raiffeisen">NULL</column>
            <column name="uralsib">NULL</column>
            <column name="rshb">NULL</column>
        </table>
        <table name="bank">
            <column name="id">2636</column>
            <column name="twitid">495549189569650000</column>
            <column name="date">1406983108</column>
            <column name="name">dehojulu</column>
            <column name="text">Вязники сбербанк кредитный отдел http://t.co/JW3ZM7urWZ</column>
            <column name="sberbank">0</column>
            <column name="vtb">NULL</column>
            <column name="gazprom">NULL</column>
            <column name="alfabank">NULL</column>
            <column name="bankmoskvy">NULL</column>
            <column name="raiffeisen">NULL</column>
            <column name="uralsib">NULL</column>
            <column name="rshb">NULL</column>
        </table>
        <table name="bank">
            <column name="id">2637</column>
            <column name="twitid">495551769301510000</column>
            <column name="date">1406983723</column>
            <column name="name">JReshetnikov29</column>
            <column name="text">Санкции ЕС не нарушат финансовую устойчивость Газпромбанка</column>
            <column name="sberbank">NULL</column>
            <column name="vtb">NULL</column>
            <column name="gazprom">1</column>
            <column name="alfabank">NULL</column>
            <column name="bankmoskvy">NULL</column>
            <column name="raiffeisen">NULL</column>
            <column name="uralsib">NULL</column>
            <column name="rshb">NULL</column>
        </table>
        <table name="bank">
            <column name="id">2638</column>
            <column name="twitid">495552595944290000</column>
            <column name="date">1406983920</column>
            <column name="name">demnwnuu31</column>
            <column name="text">Рогамма расчета кредита в втб 24 http://t.co/EXA8Xh8rpK</column>
            <column name="sberbank">NULL</column>
            <column name="vtb">0</column>
            <column name="gazprom">NULL</column>
            <column name="alfabank">NULL</column>
            <column name="bankmoskvy">NULL</column>
            <column name="raiffeisen">NULL</column>
            <column name="uralsib">NULL</column>
            <column name="rshb">NULL</column>
        </table>
        <table name="bank">
            <column name="id">2639</column>
            <column name="twitid">495555635296340000</column>
            <column name="date">1406984645</column>
            <column name="name">apajoe005t</column>
            <column name="text">Банк втб 24 г пенза отзывы о кредите http://t.co/E9BMs5ho9A</column>
            <column name="sberbank">NULL</column>
            <column name="vtb">0</column>
            <column name="gazprom">NULL</column>
            <column name="alfabank">NULL</column>
            <column name="bankmoskvy">NULL</column>
            <column name="raiffeisen">NULL</column>
            <column name="uralsib">NULL</column>
            <column name="rshb">NULL</column>
        </table>
        <table name="bank">
            <column name="id">2640</column>
            <column name="twitid">495559362140970000</column>
            <column name="date">1406985533</column>
            <column name="name">tweednkntameika</column>
            <column name="text">Расчет получения кредита сбербанк в волгограде http://t.co/ZI4pAZrSeO</column>
            <column name="sberbank">0</column>
            <column name="vtb">NULL</column>
            <column name="gazprom">NULL</column>
            <column name="alfabank">NULL</column>
            <column name="bankmoskvy">NULL</column>
            <column name="raiffeisen">NULL</column>
            <column name="uralsib">NULL</column>
            <column name="rshb">NULL</column>
        </table>
        <table name="bank">
            <column name="id">2641</column>
            <column name="twitid">495567799860080000</column>
            <column name="date">1406987545</column>
            <column name="name">qucewiga</column>
            <column name="text">Кредит наличными в томске сбербанк http://t.co/91S1gEXMuJ</column>
            <column name="sberbank">0</column>
            <column name="vtb">NULL</column>
            <column name="gazprom">NULL</column>
            <column name="alfabank">NULL</column>
            <column name="bankmoskvy">NULL</column>
            <column name="raiffeisen">NULL</column>
            <column name="uralsib">NULL</column>
            <column name="rshb">NULL</column>
        </table>
        <table name="bank">
            <column name="id">2642</column>
            <column name="twitid">495579549305180000</column>
            <column name="date">1406990346</column>
            <column name="name">dausidelea1981</column>
            <column name="text">но Сбер нам должен, у меня еще у сотрудницы на той карте что-то около 30 тысяч, да моих 200 (тысяч, естественно)</column>
            <column name="sberbank">-1</column>
            <column name="vtb">NULL</column>
            <column name="gazprom">NULL</column>
            <column name="alfabank">NULL</column>
            <column name="bankmoskvy">NULL</column>
            <column name="raiffeisen">NULL</column>
            <column name="uralsib">NULL</column>
            <column name="rshb">NULL</column>
        </table>
        <table name="bank">
            <column name="id">2643</column>
            <column name="twitid">495580807055300000</column>
            <column name="date">1406990646</column>
            <column name="name">angelikaeubutte</column>
            <column name="text">Дали ли мне кредит сбербанк http://t.co/l9ddsTJmB6</column>
            <column name="sberbank">0</column>
            <column name="vtb">NULL</column>
            <column name="gazprom">NULL</column>
            <column name="alfabank">NULL</column>
            <column name="bankmoskvy">NULL</column>
            <column name="raiffeisen">NULL</column>
            <column name="uralsib">NULL</column>
            <column name="rshb">NULL</column>
        </table>
        <table name="bank">
            <column name="id">2644</column>
            <column name="twitid">495582850352410000</column>
            <column name="date">1406991133</column>
            <column name="name">osis789zee</column>
            <column name="text">Ипотечное кредитование сбербанк в россиии в астане http://t.co/VCoI2610uh</column>
            <column name="sberbank">0</column>
            <column name="vtb">NULL</column>
            <column name="gazprom">NULL</column>
            <column name="alfabank">NULL</column>
            <column name="bankmoskvy">NULL</column>
            <column name="raiffeisen">NULL</column>
            <column name="uralsib">NULL</column>
            <column name="rshb">NULL</column>
        </table>
        <table name="bank">
            <column name="id">2645</column>
            <column name="twitid">495583947833620000</column>
            <column name="date">1406991395</column>
            <column name="name">BankingTipsRU</column>
            <column name="text">РоссельхозБанк: вклады для пенсионеров http://t.co/AkwjvODRqs</column>
            <column name="sberbank">NULL</column>
            <column name="vtb">NULL</column>
            <column name="gazprom">NULL</column>
            <column name="alfabank">NULL</column>
            <column name="bankmoskvy">NULL</column>
            <column name="raiffeisen">NULL</column>
            <column name="uralsib">NULL</column>
            <column name="rshb">0</column>
        </table>
        <table name="bank">
            <column name="id">2646</column>
            <column name="twitid">495591471828190000</column>
            <column name="date">1406993189</column>
            <column name="name">mvmwmp</column>
            <column name="text">Кредиты для ооо в россельхозбанке http://t.co/mVoon6iNvi</column>
            <column name="sberbank">NULL</column>
            <column name="vtb">NULL</column>
            <column name="gazprom">NULL</column>
            <column name="alfabank">NULL</column>
            <column name="bankmoskvy">NULL</column>
            <column name="raiffeisen">NULL</column>
            <column name="uralsib">NULL</column>
            <column name="rshb">0</column>
        </table>
        <table name="bank">
            <column name="id">2647</column>
            <column name="twitid">495595732741910000</column>
            <column name="date">1406994205</column>
            <column name="name">RShabalin25</column>
            <column name="text">В банковском секторе полный моноплизм - Сбер держит больше половины рынка кредитования</column>
            <column name="sberbank">0</column>
            <column name="vtb">NULL</column>
            <column name="gazprom">NULL</column>
            <column name="alfabank">NULL</column>
            <column name="bankmoskvy">NULL</column>
            <column name="raiffeisen">NULL</column>
            <column name="uralsib">NULL</column>
            <column name="rshb">NULL</column>
        </table>
        <table name="bank">
            <column name="id">2648</column>
            <column name="twitid">495599014046610000</column>
            <column name="date">1406994987</column>
            <column name="name">fdxeyyy9bu</column>
            <column name="text">Кредитный калькулятор россельхозбанка ростов http://t.co/fkElcuz1r0</column>
            <column name="sberbank">NULL</column>
            <column name="vtb">NULL</column>
            <column name="gazprom">NULL</column>
            <column name="alfabank">NULL</column>
            <column name="bankmoskvy">NULL</column>
            <column name="raiffeisen">NULL</column>
            <column name="uralsib">NULL</column>
            <column name="rshb">0</column>
        </table>
        <table name="bank">
            <column name="id">2649</column>
            <column name="twitid">495600540060230000</column>
            <column name="date">1406995351</column>
            <column name="name">NikolayYashin</column>
            <column name="text">Ну, наконец-то Связной банк догадался давать возможность придумывать свой логин. Тиньков и даже Сбербанк догадались до это гораздо раньше.</column>
            <column name="sberbank">+-</column>
            <column name="vtb">NULL</column>
            <column name="gazprom">NULL</column>
            <column name="alfabank">NULL</column>
            <column name="bankmoskvy">NULL</column>
            <column name="raiffeisen">NULL</column>
            <column name="uralsib">NULL</column>
            <column name="rshb">NULL</column>
        </table>
        <table name="bank">
            <column name="id">2650</column>
            <column name="twitid">495613546957640000</column>
            <column name="date">1406998452</column>
            <column name="name">MAlekseev57</column>
            <column name="text">Россельхозбанк поддержит Госпрограммы развития АПК на 2,5 трлн рублей.Это объём кредитов, выданных Россельхозбанком на 1 июля в рамках реал</column>
            <column name="sberbank">NULL</column>
            <column name="vtb">NULL</column>
            <column name="gazprom">NULL</column>
            <column name="alfabank">NULL</column>
            <column name="bankmoskvy">NULL</column>
            <column name="raiffeisen">NULL</column>
            <column name="uralsib">NULL</column>
            <column name="rshb">0</column>
        </table>
        <table name="bank">
            <column name="id">2651</column>
            <column name="twitid">495615134484950000</column>
            <column name="date">1406998830</column>
            <column name="name">fylezywe</column>
            <column name="text">Кредит на квартиру в спб сбербанк россии http://t.co/5OfK7qDmsd</column>
            <column name="sberbank">0</column>
            <column name="vtb">NULL</column>
            <column name="gazprom">NULL</column>
            <column name="alfabank">NULL</column>
            <column name="bankmoskvy">NULL</column>
            <column name="raiffeisen">NULL</column>
            <column name="uralsib">NULL</column>
            <column name="rshb">NULL</column>
        </table>
        <table name="bank">
            <column name="id">2652</column>
            <column name="twitid">495625664163510000</column>
            <column name="date">1407001341</column>
            <column name="name">luisatkfbretz</column>
            <column name="text">Кредиты для физических лиц от газпромбанка http://t.co/rSDX7p2mMT</column>
            <column name="sberbank">NULL</column>
            <column name="vtb">NULL</column>
            <column name="gazprom">0</column>
            <column name="alfabank">NULL</column>
            <column name="bankmoskvy">NULL</column>
            <column name="raiffeisen">NULL</column>
            <column name="uralsib">NULL</column>
            <column name="rshb">NULL</column>
        </table>
        <table name="bank">
            <column name="id">2653</column>
            <column name="twitid">495627770970800000</column>
            <column name="date">1407001843</column>
            <column name="name">ruputijopyh</column>
            <column name="text">Заявление на досрочное погашение кредита в втб 24 http://t.co/aqz83kHM5Y</column>
            <column name="sberbank">NULL</column>
            <column name="vtb">0</column>
            <column name="gazprom">NULL</column>
            <column name="alfabank">NULL</column>
            <column name="bankmoskvy">NULL</column>
            <column name="raiffeisen">NULL</column>
            <column name="uralsib">NULL</column>
            <column name="rshb">NULL</column>
        </table>
        <table name="bank">
            <column name="id">2654</column>
            <column name="twitid">495630817448960000</column>
            <column name="date">1407002569</column>
            <column name="name">bewe079</column>
            <column name="text">Кредит сбер банк россии в украине http://t.co/mtBKly4wbo</column>
            <column name="sberbank">0</column>
            <column name="vtb">NULL</column>
            <column name="gazprom">NULL</column>
            <column name="alfabank">NULL</column>
            <column name="bankmoskvy">NULL</column>
            <column name="raiffeisen">NULL</column>
            <column name="uralsib">NULL</column>
            <column name="rshb">NULL</column>
        </table>
        <table name="bank">
            <column name="id">2655</column>
            <column name="twitid">495638855866130000</column>
            <column name="date">1407004486</column>
            <column name="name">dohozafisud</column>
            <column name="text">Банк уралсиб кредит на строительство http://t.co/kZF40cdC8S</column>
            <column name="sberbank">NULL</column>
            <column name="vtb">NULL</column>
            <column name="gazprom">NULL</column>
            <column name="alfabank">NULL</column>
            <column name="bankmoskvy">NULL</column>
            <column name="raiffeisen">NULL</column>
            <column name="uralsib">0</column>
            <column name="rshb">NULL</column>
        </table>
        <table name="bank">
            <column name="id">2656</column>
            <column name="twitid">495638857191540000</column>
            <column name="date">1407004486</column>
            <column name="name">kosuqinuj</column>
            <column name="text">Список должников частные лица по кредитам сбербанк http://t.co/HOX87D30UI</column>
            <column name="sberbank">0</column>
            <column name="vtb">NULL</column>
            <column name="gazprom">NULL</column>
            <column name="alfabank">NULL</column>
            <column name="bankmoskvy">NULL</column>
            <column name="raiffeisen">NULL</column>
            <column name="uralsib">NULL</column>
            <column name="rshb">NULL</column>
        </table>
        <table name="bank">
            <column name="id">2657</column>
            <column name="twitid">495649090848690000</column>
            <column name="date">1407006926</column>
            <column name="name">AlleXXiA_</column>
            <column name="text">райффайзен банк кредитная карта 10 8 http://t.co/Mgo27bE0sp</column>
            <column name="sberbank">NULL</column>
            <column name="vtb">NULL</column>
            <column name="gazprom">NULL</column>
            <column name="alfabank">NULL</column>
            <column name="bankmoskvy">NULL</column>
            <column name="raiffeisen">0</column>
            <column name="uralsib">NULL</column>
            <column name="rshb">NULL</column>
        </table>
        <table name="bank">
            <column name="id">2658</column>
            <column name="twitid">495649243449670000</column>
            <column name="date">1407006963</column>
            <column name="name">witywiniwuzo</column>
            <column name="text">Третий пакет санкций США и ЕС включает ограничение доступа к американскому кредитному рынку Газпромбанка, российского госбанка развития</column>
            <column name="sberbank">NULL</column>
            <column name="vtb">NULL</column>
            <column name="gazprom">-1</column>
            <column name="alfabank">NULL</column>
            <column name="bankmoskvy">NULL</column>
            <column name="raiffeisen">NULL</column>
            <column name="uralsib">NULL</column>
            <column name="rshb">NULL</column>
        </table>
        <table name="bank">
            <column name="id">2659</column>
            <column name="twitid">495650330894680000</column>
            <column name="date">1407007222</column>
            <column name="name">roniwysu</column>
            <column name="text">Кредиты сбербанк россии пакет документов для получения кредита http://t.co/zBzgdtDGgh</column>
            <column name="sberbank">0</column>
            <column name="vtb">NULL</column>
            <column name="gazprom">NULL</column>
            <column name="alfabank">NULL</column>
            <column name="bankmoskvy">NULL</column>
            <column name="raiffeisen">NULL</column>
            <column name="uralsib">NULL</column>
            <column name="rshb">NULL</column>
        </table>
        <table name="bank">
            <column name="id">2660</column>
            <column name="twitid">495650607080820000</column>
            <column name="date">1407007288</column>
            <column name="name">LiR1Kapodu</column>
            <column name="text">Под новые санкции ЕС попали Сбербанк и ещё 4 банка</column>
            <column name="sberbank">-1</column>
            <column name="vtb">NULL</column>
            <column name="gazprom">NULL</column>
            <column name="alfabank">NULL</column>
            <column name="bankmoskvy">NULL</column>
            <column name="raiffeisen">NULL</column>
            <column name="uralsib">NULL</column>
            <column name="rshb">NULL</column>
        </table>
        <table name="bank">
            <column name="id">2661</column>
            <column name="twitid">495651499121610000</column>
            <column name="date">1407007500</column>
            <column name="name">AHanov34</column>
            <column name="text">На стабильную работу Россельхозбанка не повлияют санкции ЕС и США.  ОАО «Россельхозбанк» располагает достаточным инструментарием для устойч</column>
            <column name="sberbank">NULL</column>
            <column name="vtb">NULL</column>
            <column name="gazprom">NULL</column>
            <column name="alfabank">NULL</column>
            <column name="bankmoskvy">NULL</column>
            <column name="raiffeisen">NULL</column>
            <column name="uralsib">NULL</column>
            <column name="rshb">1</column>
        </table>
        <table name="bank">
            <column name="id">2662</column>
            <column name="twitid">495654805059420000</column>
            <column name="date">1407008289</column>
            <column name="name">bacegico</column>
            <column name="text">Кредит на газификацию россельхозбанк http://t.co/L6xAA6muRB</column>
            <column name="sberbank">NULL</column>
            <column name="vtb">NULL</column>
            <column name="gazprom">NULL</column>
            <column name="alfabank">NULL</column>
            <column name="bankmoskvy">NULL</column>
            <column name="raiffeisen">NULL</column>
            <column name="uralsib">NULL</column>
            <column name="rshb">0</column>
        </table>
        <table name="bank">
            <column name="id">2663</column>
            <column name="twitid">495654897153770000</column>
            <column name="date">1407008310</column>
            <column name="name">wivudupe</column>
            <column name="text">Кредит втб или сбербанк http://t.co/UeLL7ur2vX</column>
            <column name="sberbank">0</column>
            <column name="vtb">0</column>
            <column name="gazprom">NULL</column>
            <column name="alfabank">NULL</column>
            <column name="bankmoskvy">NULL</column>
            <column name="raiffeisen">NULL</column>
            <column name="uralsib">NULL</column>
            <column name="rshb">NULL</column>
        </table>
        <table name="bank">
            <column name="id">2664</column>
            <column name="twitid">495656478469280000</column>
            <column name="date">1407008687</column>
            <column name="name">bivybiroxe</column>
            <column name="text">Документы для аккредитации на этп сбербанк аст http://t.co/luGgOtdum9</column>
            <column name="sberbank">0</column>
            <column name="vtb">NULL</column>
            <column name="gazprom">NULL</column>
            <column name="alfabank">NULL</column>
            <column name="bankmoskvy">NULL</column>
            <column name="raiffeisen">NULL</column>
            <column name="uralsib">NULL</column>
            <column name="rshb">NULL</column>
        </table>
        <table name="bank">
            <column name="id">2665</column>
            <column name="twitid">495656593657450000</column>
            <column name="date">1407008715</column>
            <column name="name">ismael_rendon2</column>
            <column name="text">RT @pachek19761976: райффайзен банк петрозаводск кредитная карта http://t.co/9WsUEFiiIy</column>
            <column name="sberbank">NULL</column>
            <column name="vtb">NULL</column>
            <column name="gazprom">NULL</column>
            <column name="alfabank">NULL</column>
            <column name="bankmoskvy">NULL</column>
            <column name="raiffeisen">0</column>
            <column name="uralsib">NULL</column>
            <column name="rshb">NULL</column>
        </table>
        <table name="bank">
            <column name="id">2666</column>
            <column name="twitid">495657977136050000</column>
            <column name="date">1407009045</column>
            <column name="name">marisajuvcquarl</column>
            <column name="text">Потребительского кредитования сотрудников втб 24 http://t.co/je5RUGTAWh</column>
            <column name="sberbank">NULL</column>
            <column name="vtb">0</column>
            <column name="gazprom">NULL</column>
            <column name="alfabank">NULL</column>
            <column name="bankmoskvy">NULL</column>
            <column name="raiffeisen">NULL</column>
            <column name="uralsib">NULL</column>
            <column name="rshb">NULL</column>
        </table>
        <table name="bank">
            <column name="id">2667</column>
            <column name="twitid">495657978062990000</column>
            <column name="date">1407009045</column>
            <column name="name">jiqulimyz</column>
            <column name="text">Программы кредитования сбербанк жилье брянск http://t.co/nbD5jWHfQL</column>
            <column name="sberbank">0</column>
            <column name="vtb">NULL</column>
            <column name="gazprom">NULL</column>
            <column name="alfabank">NULL</column>
            <column name="bankmoskvy">NULL</column>
            <column name="raiffeisen">NULL</column>
            <column name="uralsib">NULL</column>
            <column name="rshb">NULL</column>
        </table>
        <table name="bank">
            <column name="id">2668</column>
            <column name="twitid">495658242123780000</column>
            <column name="date">1407009108</column>
            <column name="name">ImperiaZla</column>
            <column name="text">RT @UkrProgress: #ЕC ввел секторальные экономические санкции против #России.В списке-Сбербанк, ВТБ, Газпромбанк, ВЭБ и Россельхозбанк. http…</column>
            <column name="sberbank">-1</column>
            <column name="vtb">-1</column>
            <column name="gazprom">-1</column>
            <column name="alfabank">NULL</column>
            <column name="bankmoskvy">NULL</column>
            <column name="raiffeisen">NULL</column>
            <column name="uralsib">NULL</column>
            <column name="rshb">-1</column>
        </table>
        <table name="bank">
            <column name="id">2669</column>
            <column name="twitid">495660246141260000</column>
            <column name="date">1407009586</column>
            <column name="name">MTarasova25</column>
            <column name="text">Санкции накрыли банки и корабли.США запретили своим гражданам и компаниям сотрудничать с ВТБ, Банком Москвы, Россельхозбанком и Объединенно</column>
            <column name="sberbank">NULL</column>
            <column name="vtb">-1</column>
            <column name="gazprom">NULL</column>
            <column name="alfabank">NULL</column>
            <column name="bankmoskvy">-1</column>
            <column name="raiffeisen">NULL</column>
            <column name="uralsib">NULL</column>
            <column name="rshb">-1</column>
        </table>
        <table name="bank">
            <column name="id">2670</column>
            <column name="twitid">495664395838830000</column>
            <column name="date">1407010575</column>
            <column name="name">eldemoni1</column>
            <column name="text">Погашение кредита уралсиб банка http://t.co/4jG83nxgSK</column>
            <column name="sberbank">NULL</column>
            <column name="vtb">NULL</column>
            <column name="gazprom">NULL</column>
            <column name="alfabank">NULL</column>
            <column name="bankmoskvy">NULL</column>
            <column name="raiffeisen">NULL</column>
            <column name="uralsib">0</column>
            <column name="rshb">NULL</column>
        </table>
        <table name="bank">
            <column name="id">2671</column>
            <column name="twitid">495666388103880000</column>
            <column name="date">1407011050</column>
            <column name="name">laxaqerycez</column>
            <column name="text">Банк уралсиб арзамас кредит http://t.co/U9FrxCv1kX</column>
            <column name="sberbank">NULL</column>
            <column name="vtb">NULL</column>
            <column name="gazprom">NULL</column>
            <column name="alfabank">NULL</column>
            <column name="bankmoskvy">NULL</column>
            <column name="raiffeisen">NULL</column>
            <column name="uralsib">0</column>
            <column name="rshb">NULL</column>
        </table>
        <table name="bank">
            <column name="id">2672</column>
            <column name="twitid">495671050135670000</column>
            <column name="date">1407012162</column>
            <column name="name">blondellokbarna</column>
            <column name="text">Требования для кредита в альфабанке http://t.co/2uIOmpvOek</column>
            <column name="sberbank">NULL</column>
            <column name="vtb">NULL</column>
            <column name="gazprom">NULL</column>
            <column name="alfabank">0</column>
            <column name="bankmoskvy">NULL</column>
            <column name="raiffeisen">NULL</column>
            <column name="uralsib">NULL</column>
            <column name="rshb">NULL</column>
        </table>
        <table name="bank">
            <column name="id">2673</column>
            <column name="twitid">495673957132280000</column>
            <column name="date">1407012855</column>
            <column name="name">iaviqor</column>
            <column name="text">Заявки на кредит в втб 24 http://t.co/ZmcOZNIskt</column>
            <column name="sberbank">NULL</column>
            <column name="vtb">0</column>
            <column name="gazprom">NULL</column>
            <column name="alfabank">NULL</column>
            <column name="bankmoskvy">NULL</column>
            <column name="raiffeisen">NULL</column>
            <column name="uralsib">NULL</column>
            <column name="rshb">NULL</column>
        </table>
        <table name="bank">
            <column name="id">2674</column>
            <column name="twitid">495682793171480000</column>
            <column name="date">1407014961</column>
            <column name="name">Alexander_fcz</column>
            <column name="text">В банке например)) @ Сбербанк России Дополнительный офис http://t.co/mzVRtrd1f5</column>
            <column name="sberbank">0</column>
            <column name="vtb">NULL</column>
            <column name="gazprom">NULL</column>
            <column name="alfabank">NULL</column>
            <column name="bankmoskvy">NULL</column>
            <column name="raiffeisen">NULL</column>
            <column name="uralsib">NULL</column>
            <column name="rshb">NULL</column>
        </table>
        <table name="bank">
            <column name="id">2675</column>
            <column name="twitid">495690617251700000</column>
            <column name="date">1407016827</column>
            <column name="name">juqyhuluse</column>
            <column name="text">Пересмотр процентной ставки по кредиту сбербанк http://t.co/ZH4yHrRJfM</column>
            <column name="sberbank">0</column>
            <column name="vtb">NULL</column>
            <column name="gazprom">NULL</column>
            <column name="alfabank">NULL</column>
            <column name="bankmoskvy">NULL</column>
            <column name="raiffeisen">NULL</column>
            <column name="uralsib">NULL</column>
            <column name="rshb">NULL</column>
        </table>
        <table name="bank">
            <column name="id">2676</column>
            <column name="twitid">495690662046890000</column>
            <column name="date">1407016837</column>
            <column name="name">umolai164b</column>
            <column name="text">Кредитный калькулятор сбербанк диференцированный платеж http://t.co/oBzXhjqQXy</column>
            <column name="sberbank">0</column>
            <column name="vtb">NULL</column>
            <column name="gazprom">NULL</column>
            <column name="alfabank">NULL</column>
            <column name="bankmoskvy">NULL</column>
            <column name="raiffeisen">NULL</column>
            <column name="uralsib">NULL</column>
            <column name="rshb">NULL</column>
        </table>
        <table name="bank">
            <column name="id">2677</column>
            <column name="twitid">495698609485380000</column>
            <column name="date">1407018732</column>
            <column name="name">alasinsole</column>
            <column name="text">Кредитный калькулятор райффайзен банка http://t.co/8q39VjNaPT</column>
            <column name="sberbank">NULL</column>
            <column name="vtb">NULL</column>
            <column name="gazprom">NULL</column>
            <column name="alfabank">NULL</column>
            <column name="bankmoskvy">NULL</column>
            <column name="raiffeisen">0</column>
            <column name="uralsib">NULL</column>
            <column name="rshb">NULL</column>
        </table>
        <table name="bank">
            <column name="id">2678</column>
            <column name="twitid">495701901514920000</column>
            <column name="date">1407019517</column>
            <column name="name">daga_0_5</column>
            <column name="text">заявка на кредитную карту райффайзен http://t.co/7RpCQTjpOy</column>
            <column name="sberbank">NULL</column>
            <column name="vtb">NULL</column>
            <column name="gazprom">NULL</column>
            <column name="alfabank">NULL</column>
            <column name="bankmoskvy">NULL</column>
            <column name="raiffeisen">0</column>
            <column name="uralsib">NULL</column>
            <column name="rshb">NULL</column>
        </table>
        <table name="bank">
            <column name="id">2679</column>
            <column name="twitid">495705945381810000</column>
            <column name="date">1407020481</column>
            <column name="name">kvawaartem</column>
            <column name="text">RT @tiyiti: кредитная карта газпромбанка отзывы http://t.co/xLvQpsV8uc</column>
            <column name="sberbank">NULL</column>
            <column name="vtb">NULL</column>
            <column name="gazprom">0</column>
            <column name="alfabank">NULL</column>
            <column name="bankmoskvy">NULL</column>
            <column name="raiffeisen">NULL</column>
            <column name="uralsib">NULL</column>
            <column name="rshb">NULL</column>
        </table>
        <table name="bank">
            <column name="id">2680</column>
            <column name="twitid">495707738765530000</column>
            <column name="date">1407020909</column>
            <column name="name">vafelyvujec</column>
            <column name="text">RT @caxesosugyn: США ввели санкции против ОСК, Банка Москвы, ВТБ, Россельхозбанка</column>
            <column name="sberbank">NULL</column>
            <column name="vtb">-1</column>
            <column name="gazprom">NULL</column>
            <column name="alfabank">NULL</column>
            <column name="bankmoskvy">-1</column>
            <column name="raiffeisen">NULL</column>
            <column name="uralsib">NULL</column>
            <column name="rshb">-1</column>
        </table>
        <table name="bank">
            <column name="id">2681</column>
            <column name="twitid">495709715247410000</column>
            <column name="date">1407021380</column>
            <column name="name">bettinalqclack</column>
            <column name="text">Кредит на строительство жилого дома сбербанк рф http://t.co/1ZHCdvobmF</column>
            <column name="sberbank">0</column>
            <column name="vtb">NULL</column>
            <column name="gazprom">NULL</column>
            <column name="alfabank">NULL</column>
            <column name="bankmoskvy">NULL</column>
            <column name="raiffeisen">NULL</column>
            <column name="uralsib">NULL</column>
            <column name="rshb">NULL</column>
        </table>
        <table name="bank">
            <column name="id">2682</column>
            <column name="twitid">495716278829850000</column>
            <column name="date">1407022945</column>
            <column name="name">antonettajvhabo</column>
            <column name="text">Уралсиб банк субсидированное автокредитование г краснодар http://t.co/blxUhyHDO7</column>
            <column name="sberbank">NULL</column>
            <column name="vtb">NULL</column>
            <column name="gazprom">NULL</column>
            <column name="alfabank">NULL</column>
            <column name="bankmoskvy">NULL</column>
            <column name="raiffeisen">NULL</column>
            <column name="uralsib">0</column>
            <column name="rshb">NULL</column>
        </table>
        <table name="bank">
            <column name="id">2683</column>
            <column name="twitid">495716280302070000</column>
            <column name="date">1407022945</column>
            <column name="name">biwyluraf</column>
            <column name="text">Условия кредитования в альфа банке в нижнем тагиле http://t.co/2Hjq0723np</column>
            <column name="sberbank">NULL</column>
            <column name="vtb">NULL</column>
            <column name="gazprom">NULL</column>
            <column name="alfabank">0</column>
            <column name="bankmoskvy">NULL</column>
            <column name="raiffeisen">NULL</column>
            <column name="uralsib">NULL</column>
            <column name="rshb">NULL</column>
        </table>
        <table name="bank">
            <column name="id">2684</column>
            <column name="twitid">495717734463070000</column>
            <column name="date">1407023292</column>
            <column name="name">kahowigiq</column>
            <column name="text">Кредиты для физ лиц банк втб http://t.co/x4AwyaaQSd</column>
            <column name="sberbank">NULL</column>
            <column name="vtb">0</column>
            <column name="gazprom">NULL</column>
            <column name="alfabank">NULL</column>
            <column name="bankmoskvy">NULL</column>
            <column name="raiffeisen">NULL</column>
            <column name="uralsib">NULL</column>
            <column name="rshb">NULL</column>
        </table>
        <table name="bank">
            <column name="id">2685</column>
            <column name="twitid">495722360604200000</column>
            <column name="date">1407024395</column>
            <column name="name">wudadizep</column>
            <column name="text">Кредит on line банк москвы http://t.co/nKFpVRVApo</column>
            <column name="sberbank">NULL</column>
            <column name="vtb">NULL</column>
            <column name="gazprom">NULL</column>
            <column name="alfabank">NULL</column>
            <column name="bankmoskvy">0</column>
            <column name="raiffeisen">NULL</column>
            <column name="uralsib">NULL</column>
            <column name="rshb">NULL</column>
        </table>
        <table name="bank">
            <column name="id">2686</column>
            <column name="twitid">495722403381910000</column>
            <column name="date">1407024405</column>
            <column name="name">buxivylu</column>
            <column name="text">Как расчитать кредит сбер банк http://t.co/e8vId0YqIq</column>
            <column name="sberbank">0</column>
            <column name="vtb">NULL</column>
            <column name="gazprom">NULL</column>
            <column name="alfabank">NULL</column>
            <column name="bankmoskvy">NULL</column>
            <column name="raiffeisen">NULL</column>
            <column name="uralsib">NULL</column>
            <column name="rshb">NULL</column>
        </table>
        <table name="bank">
            <column name="id">2687</column>
            <column name="twitid">495725939138230000</column>
            <column name="date">1407025248</column>
            <column name="name">alethaelspwiela</column>
            <column name="text">Райффайзенбанк потребительский кредит наличными http://t.co/AdAjN9s1Oi</column>
            <column name="sberbank">NULL</column>
            <column name="vtb">NULL</column>
            <column name="gazprom">NULL</column>
            <column name="alfabank">NULL</column>
            <column name="bankmoskvy">NULL</column>
            <column name="raiffeisen">0</column>
            <column name="uralsib">NULL</column>
            <column name="rshb">NULL</column>
        </table>
        <table name="bank">
            <column name="id">2688</column>
            <column name="twitid">495729654985010000</column>
            <column name="date">1407026134</column>
            <column name="name">balehydih</column>
            <column name="text">договор банковского счета сбербанк образец заполнения http://t.co/q3AQH0SgDc #образец #банковского</column>
            <column name="sberbank">0</column>
            <column name="vtb">NULL</column>
            <column name="gazprom">NULL</column>
            <column name="alfabank">NULL</column>
            <column name="bankmoskvy">NULL</column>
            <column name="raiffeisen">NULL</column>
            <column name="uralsib">NULL</column>
            <column name="rshb">NULL</column>
        </table>
        <table name="bank">
            <column name="id">2689</column>
            <column name="twitid">495729823772600000</column>
            <column name="date">1407026174</column>
            <column name="name">vywynarep</column>
            <column name="text">Кредитный калькулятор сбербанк ярославль http://t.co/Fv1gJLujTU</column>
            <column name="sberbank">0</column>
            <column name="vtb">NULL</column>
            <column name="gazprom">NULL</column>
            <column name="alfabank">NULL</column>
            <column name="bankmoskvy">NULL</column>
            <column name="raiffeisen">NULL</column>
            <column name="uralsib">NULL</column>
            <column name="rshb">NULL</column>
        </table>
        <table name="bank">
            <column name="id">2690</column>
            <column name="twitid">495730345510440000</column>
            <column name="date">1407026299</column>
            <column name="name">ismisesdia1971</column>
            <column name="text">Сбербанк легко переживет секторальные санкции ЕС.  Сегодня вечером станет ясно, попадет ли Сбербанк под секторальные санкции Евросоюза. Даж</column>
            <column name="sberbank">1</column>
            <column name="vtb">NULL</column>
            <column name="gazprom">NULL</column>
            <column name="alfabank">NULL</column>
            <column name="bankmoskvy">NULL</column>
            <column name="raiffeisen">NULL</column>
            <column name="uralsib">NULL</column>
            <column name="rshb">NULL</column>
        </table>
        <table name="bank">
            <column name="id">2691</column>
            <column name="twitid">495731833318170000</column>
            <column name="date">1407026653</column>
            <column name="name">oolobxanca</column>
            <column name="text">Кредит сбербанк россии санкт петербург http://t.co/YIZFp9qNqz</column>
            <column name="sberbank">0</column>
            <column name="vtb">NULL</column>
            <column name="gazprom">NULL</column>
            <column name="alfabank">NULL</column>
            <column name="bankmoskvy">NULL</column>
            <column name="raiffeisen">NULL</column>
            <column name="uralsib">NULL</column>
            <column name="rshb">NULL</column>
        </table>
        <table name="bank">
            <column name="id">2692</column>
            <column name="twitid">495748432867230000</column>
            <column name="date">1407030611</column>
            <column name="name">perlii1186</column>
            <column name="text">RT @cgillenpiy: США ввели санкции против ВТБ, Банка Москвы и Россельхозбанка</column>
            <column name="sberbank">NULL</column>
            <column name="vtb">-1</column>
            <column name="gazprom">NULL</column>
            <column name="alfabank">NULL</column>
            <column name="bankmoskvy">-1</column>
            <column name="raiffeisen">NULL</column>
            <column name="uralsib">NULL</column>
            <column name="rshb">-1</column>
        </table>
        <table name="bank">
            <column name="id">2693</column>
            <column name="twitid">495748961547080000</column>
            <column name="date">1407030737</column>
            <column name="name">ajh766n</column>
            <column name="text">Райффайзен банк кредиты на авто http://t.co/U39XydgDbI</column>
            <column name="sberbank">NULL</column>
            <column name="vtb">NULL</column>
            <column name="gazprom">NULL</column>
            <column name="alfabank">NULL</column>
            <column name="bankmoskvy">NULL</column>
            <column name="raiffeisen">0</column>
            <column name="uralsib">NULL</column>
            <column name="rshb">NULL</column>
        </table>
        <table name="bank">
            <column name="id">2694</column>
            <column name="twitid">495760134988380000</column>
            <column name="date">1407033401</column>
            <column name="name">ottnyropar</column>
            <column name="text">Уралсиб банк информация по кредиту http://t.co/IrlVAcoSwo</column>
            <column name="sberbank">NULL</column>
            <column name="vtb">NULL</column>
            <column name="gazprom">NULL</column>
            <column name="alfabank">NULL</column>
            <column name="bankmoskvy">NULL</column>
            <column name="raiffeisen">NULL</column>
            <column name="uralsib">0</column>
            <column name="rshb">NULL</column>
        </table>
        <table name="bank">
            <column name="id">2695</column>
            <column name="twitid">495760139669220000</column>
            <column name="date">1407033402</column>
            <column name="name">izlasuhman</column>
            <column name="text">Увеличить лимит кредитки банк москвы http://t.co/SRYJ1gr60J</column>
            <column name="sberbank">NULL</column>
            <column name="vtb">NULL</column>
            <column name="gazprom">NULL</column>
            <column name="alfabank">NULL</column>
            <column name="bankmoskvy">0</column>
            <column name="raiffeisen">NULL</column>
            <column name="uralsib">NULL</column>
            <column name="rshb">NULL</column>
        </table>
        <table name="bank">
            <column name="id">2696</column>
            <column name="twitid">495763063413690000</column>
            <column name="date">1407034099</column>
            <column name="name">orucstorp</column>
            <column name="text">Россельхозбанк условия кредита на лпх http://t.co/9NCPG4zcV9</column>
            <column name="sberbank">NULL</column>
            <column name="vtb">NULL</column>
            <column name="gazprom">NULL</column>
            <column name="alfabank">NULL</column>
            <column name="bankmoskvy">NULL</column>
            <column name="raiffeisen">NULL</column>
            <column name="uralsib">NULL</column>
            <column name="rshb">0</column>
        </table>
        <table name="bank">
            <column name="id">2697</column>
            <column name="twitid">495777231562870000</column>
            <column name="date">1407037477</column>
            <column name="name">cyFlande</column>
            <column name="text">RT @ebrigxylt: Сбербанк снижает процентные ставки по ипотеке</column>
            <column name="sberbank">1</column>
            <column name="vtb">NULL</column>
            <column name="gazprom">NULL</column>
            <column name="alfabank">NULL</column>
            <column name="bankmoskvy">NULL</column>
            <column name="raiffeisen">NULL</column>
            <column name="uralsib">NULL</column>
            <column name="rshb">NULL</column>
        </table>
        <table name="bank">
            <column name="id">2698</column>
            <column name="twitid">495777279956780000</column>
            <column name="date">1407037489</column>
            <column name="name">desireohotchkis</column>
            <column name="text">Банк москвы о кредитах в курске http://t.co/fY4jonlox8</column>
            <column name="sberbank">NULL</column>
            <column name="vtb">NULL</column>
            <column name="gazprom">NULL</column>
            <column name="alfabank">NULL</column>
            <column name="bankmoskvy">0</column>
            <column name="raiffeisen">NULL</column>
            <column name="uralsib">NULL</column>
            <column name="rshb">NULL</column>
        </table>
        <table name="bank">
            <column name="id">2699</column>
            <column name="twitid">495777942220600000</column>
            <column name="date">1407037647</column>
            <column name="name">ra2621</column>
            <column name="text">Газета.Ru - Санкции возмутили Сбербанк http://t.co/wLUdeicYWV через @gazetaru</column>
            <column name="sberbank">0</column>
            <column name="vtb">NULL</column>
            <column name="gazprom">NULL</column>
            <column name="alfabank">NULL</column>
            <column name="bankmoskvy">NULL</column>
            <column name="raiffeisen">NULL</column>
            <column name="uralsib">NULL</column>
            <column name="rshb">NULL</column>
        </table>
        <table name="bank">
            <column name="id">2700</column>
            <column name="twitid">495784663689230000</column>
            <column name="date">1407039249</column>
            <column name="name">DSazonov12</column>
            <column name="text">По новой банковской программе вологжане могут избежать выплаты неустоек. 1 ноября 2013 года Сбербанк России запустил программу, в рамках ко</column>
            <column name="sberbank">1</column>
            <column name="vtb">NULL</column>
            <column name="gazprom">NULL</column>
            <column name="alfabank">NULL</column>
            <column name="bankmoskvy">NULL</column>
            <column name="raiffeisen">NULL</column>
            <column name="uralsib">NULL</column>
            <column name="rshb">NULL</column>
        </table>
    </database>
</pma_xml_export>