<?xml version="1.0" encoding="utf-8"?>
<!--
- phpMyAdmin XML Dump
- version 4.0.4.1
- http://www.phpmyadmin.net
-
- Хост: localhost
- Время создания: Окт 28 2014 г., 09:04
- Версия сервера: 5.6.12
- Версия PHP: 5.5.3
-->

<pma_xml_export version="1.0" xmlns:pma="http://www.phpmyadmin.net/some_doc_url/">
    <!--
    - Structure schemas
    -->
    <pma:structure_schemas>
        <pma:database name="Romip" collation="utf8_general_ci" charset="utf8">
            <pma:table name="bank">
                CREATE TABLE `bank` (
                  `id` int(11) NOT NULL AUTO_INCREMENT,
                  `twitid` bigint(32) NOT NULL DEFAULT '0',
                  `date` varchar(128) DEFAULT NULL,
                  `name` varchar(128) DEFAULT NULL,
                  `text` varchar(256) DEFAULT NULL,
                  `sberbank` int(11) DEFAULT NULL,
                  `vtb` int(11) DEFAULT NULL,
                  `gazprom` int(11) DEFAULT NULL,
                  `alfabank` int(11) DEFAULT NULL,
                  `bankmoskvy` int(11) DEFAULT NULL,
                  `raiffeisen` int(11) DEFAULT NULL,
                  `uralsib` int(11) DEFAULT NULL,
                  `rshb` int(11) DEFAULT NULL,
                  PRIMARY KEY (`id`),
                  UNIQUE KEY `id` (`twitid`)
                ) ENGINE=InnoDB AUTO_INCREMENT=7924 DEFAULT CHARSET=utf8;
            </pma:table>
        </pma:database>
    </pma:structure_schemas>

    <!--
    - База данных: 'Romip'
    -->
    <database name="Romip">
        <!-- Таблица bank -->
        <table name="bank">
            <column name="id">1501</column>
            <column name="twitid">494418665203560000</column>
            <column name="date">1406713570</column>
            <column name="name">VCherdintzeva29</column>
            <column name="text">В июле, когда был введен &quot;третий пакет&quot; санкций США в отношении ВЭБа и Газпромбанка, Банк России также заявлял о готовности помочь этим бан</column>
            <column name="sberbank">NULL</column>
            <column name="vtb">NULL</column>
            <column name="gazprom">+-</column>
            <column name="alfabank">NULL</column>
            <column name="bankmoskvy">NULL</column>
            <column name="raiffeisen">NULL</column>
            <column name="uralsib">NULL</column>
            <column name="rshb">NULL</column>
        </table>
        <table name="bank">
            <column name="id">1502</column>
            <column name="twitid">494419128464440000</column>
            <column name="date">1406713680</column>
            <column name="name">soshnicow</column>
            <column name="text">RT @rusbizness: Россельхозбанк заявил, что санкции ЕС и США не повлияют на его работу http://t.co/xxX8HErqwk</column>
            <column name="sberbank">NULL</column>
            <column name="vtb">NULL</column>
            <column name="gazprom">NULL</column>
            <column name="alfabank">NULL</column>
            <column name="bankmoskvy">NULL</column>
            <column name="raiffeisen">NULL</column>
            <column name="uralsib">NULL</column>
            <column name="rshb">0</column>
        </table>
        <table name="bank">
            <column name="id">1503</column>
            <column name="twitid">494420247135260000</column>
            <column name="date">1406713947</column>
            <column name="name">evofolanre</column>
            <column name="text">http://t.co/Rb3YoI1aMA кредит от втб 24 калькулятор</column>
            <column name="sberbank">NULL</column>
            <column name="vtb">0</column>
            <column name="gazprom">NULL</column>
            <column name="alfabank">NULL</column>
            <column name="bankmoskvy">NULL</column>
            <column name="raiffeisen">NULL</column>
            <column name="uralsib">NULL</column>
            <column name="rshb">NULL</column>
        </table>
        <table name="bank">
            <column name="id">1504</column>
            <column name="twitid">494420441470370000</column>
            <column name="date">1406713993</column>
            <column name="name">yes_but_not</column>
            <column name="text">Зашла к Лизе в сбербанк и поняла, что можно работать в банке. Конечно если не ползти по карьерной лестнице, а сразу в отдельный кабинет.</column>
            <column name="sberbank">0</column>
            <column name="vtb">NULL</column>
            <column name="gazprom">NULL</column>
            <column name="alfabank">NULL</column>
            <column name="bankmoskvy">NULL</column>
            <column name="raiffeisen">NULL</column>
            <column name="uralsib">NULL</column>
            <column name="rshb">NULL</column>
        </table>
        <table name="bank">
            <column name="id">1505</column>
            <column name="twitid">494422457416430000</column>
            <column name="date">1406714474</column>
            <column name="name">nr2ru</column>
            <column name="text">Visa и MasterCard не будут блокировать карты ВТБ, &quot;Банка Москвы&quot; и Россельхозбанка http://t.co/EU4QbfjWXj</column>
            <column name="sberbank">NULL</column>
            <column name="vtb">0</column>
            <column name="gazprom">NULL</column>
            <column name="alfabank">NULL</column>
            <column name="bankmoskvy">0</column>
            <column name="raiffeisen">NULL</column>
            <column name="uralsib">NULL</column>
            <column name="rshb">0</column>
        </table>
        <table name="bank">
            <column name="id">1506</column>
            <column name="twitid">494422458397890000</column>
            <column name="date">1406714474</column>
            <column name="name">novy_region</column>
            <column name="text">Visa и MasterCard не будут блокировать карты ВТБ, &quot;Банка Москвы&quot; и Россельхозбанка http://t.co/1BH1qb9cHO</column>
            <column name="sberbank">NULL</column>
            <column name="vtb">0</column>
            <column name="gazprom">NULL</column>
            <column name="alfabank">NULL</column>
            <column name="bankmoskvy">0</column>
            <column name="raiffeisen">NULL</column>
            <column name="uralsib">NULL</column>
            <column name="rshb">0</column>
        </table>
        <table name="bank">
            <column name="id">1507</column>
            <column name="twitid">494422866772120000</column>
            <column name="date">1406714572</column>
            <column name="name">RNazarov47</column>
            <column name="text">На стабильную работу Россельхозбанка не повлияют санкции ЕС и США, об этом сообщили «Байкал Финанс» в пресс-службе банка</column>
            <column name="sberbank">NULL</column>
            <column name="vtb">NULL</column>
            <column name="gazprom">NULL</column>
            <column name="alfabank">NULL</column>
            <column name="bankmoskvy">NULL</column>
            <column name="raiffeisen">NULL</column>
            <column name="uralsib">NULL</column>
            <column name="rshb">0</column>
        </table>
        <table name="bank">
            <column name="id">1508</column>
            <column name="twitid">494423014059290000</column>
            <column name="date">1406714607</column>
            <column name="name">Seretas</column>
            <column name="text">@sberbank просто я в понедельник общался с тех поддержкой банка и они сказали,что всё должно быть хорошо( спасибо в любом случае</column>
            <column name="sberbank">1</column>
            <column name="vtb">NULL</column>
            <column name="gazprom">NULL</column>
            <column name="alfabank">NULL</column>
            <column name="bankmoskvy">NULL</column>
            <column name="raiffeisen">NULL</column>
            <column name="uralsib">NULL</column>
            <column name="rshb">NULL</column>
        </table>
        <table name="bank">
            <column name="id">1509</column>
            <column name="twitid">494423066957850000</column>
            <column name="date">1406714619</column>
            <column name="name">VPupkin27</column>
            <column name="text">Попавшие под санкции США новые российские банки — ВТБ, Банк Москвы и Россельхозбанк (РСХБ) отреагировали на происшедшее. Все они выпустили</column>
            <column name="sberbank">NULL</column>
            <column name="vtb">+-</column>
            <column name="gazprom">NULL</column>
            <column name="alfabank">NULL</column>
            <column name="bankmoskvy">+-</column>
            <column name="raiffeisen">NULL</column>
            <column name="uralsib">NULL</column>
            <column name="rshb">+-</column>
        </table>
        <table name="bank">
            <column name="id">1510</column>
            <column name="twitid">494423491861810000</column>
            <column name="date">1406714721</column>
            <column name="name">AdIndex</column>
            <column name="text">У кого там карты ВТБ, Банка Москвы и Россельхозбанка. Для вас хорошие новости! http://t.co/UaOOyyLI3X</column>
            <column name="sberbank">NULL</column>
            <column name="vtb">1</column>
            <column name="gazprom">NULL</column>
            <column name="alfabank">NULL</column>
            <column name="bankmoskvy">1</column>
            <column name="raiffeisen">NULL</column>
            <column name="uralsib">NULL</column>
            <column name="rshb">1</column>
        </table>
        <table name="bank">
            <column name="id">1511</column>
            <column name="twitid">494423877733590000</column>
            <column name="date">1406714813</column>
            <column name="name">pta_x</column>
            <column name="text">Банк Москвы объяснил, почему ему не страшны санкции США http://t.co/HB40XnLTR7 http://t.co/QyE9nOVkI9</column>
            <column name="sberbank">NULL</column>
            <column name="vtb">NULL</column>
            <column name="gazprom">NULL</column>
            <column name="alfabank">NULL</column>
            <column name="bankmoskvy">0</column>
            <column name="raiffeisen">NULL</column>
            <column name="uralsib">NULL</column>
            <column name="rshb">NULL</column>
        </table>
        <table name="bank">
            <column name="id">1512</column>
            <column name="twitid">494424013624850000</column>
            <column name="date">1406714845</column>
            <column name="name">VoiceWallz</column>
            <column name="text">http://t.co/HbQtgp8xMd кредиты газпром банка</column>
            <column name="sberbank">NULL</column>
            <column name="vtb">NULL</column>
            <column name="gazprom">0</column>
            <column name="alfabank">NULL</column>
            <column name="bankmoskvy">NULL</column>
            <column name="raiffeisen">NULL</column>
            <column name="uralsib">NULL</column>
            <column name="rshb">NULL</column>
        </table>
        <table name="bank">
            <column name="id">1513</column>
            <column name="twitid">494424433126570000</column>
            <column name="date">1406714945</column>
            <column name="name">KursRu</column>
            <column name="text">&quot;Россельхозбанк и Банк Москвы не пострадают от санкций&quot; http://t.co/11xCNUxn0S</column>
            <column name="sberbank">NULL</column>
            <column name="vtb">NULL</column>
            <column name="gazprom">NULL</column>
            <column name="alfabank">NULL</column>
            <column name="bankmoskvy">0</column>
            <column name="raiffeisen">NULL</column>
            <column name="uralsib">NULL</column>
            <column name="rshb">0</column>
        </table>
        <table name="bank">
            <column name="id">1514</column>
            <column name="twitid">494427020936640000</column>
            <column name="date">1406715562</column>
            <column name="name">Chenysh</column>
            <column name="text">RT @Vedomosti: В продолжение предыдущего ретвита: похоже, Сбербанк тоже не избежал санкций http://t.co/OR7cGYUVwV</column>
            <column name="sberbank">-1</column>
            <column name="vtb">NULL</column>
            <column name="gazprom">NULL</column>
            <column name="alfabank">NULL</column>
            <column name="bankmoskvy">NULL</column>
            <column name="raiffeisen">NULL</column>
            <column name="uralsib">NULL</column>
            <column name="rshb">NULL</column>
        </table>
        <table name="bank">
            <column name="id">1515</column>
            <column name="twitid">494427633552080000</column>
            <column name="date">1406715708</column>
            <column name="name">idipofai09</column>
            <column name="text">образец платежного поручения втб 24 для перечисления кредита http://t.co/WBEocTti8I #втб #платежного</column>
            <column name="sberbank">NULL</column>
            <column name="vtb">0</column>
            <column name="gazprom">NULL</column>
            <column name="alfabank">NULL</column>
            <column name="bankmoskvy">NULL</column>
            <column name="raiffeisen">NULL</column>
            <column name="uralsib">NULL</column>
            <column name="rshb">NULL</column>
        </table>
        <table name="bank">
            <column name="id">1516</column>
            <column name="twitid">494428737635910000</column>
            <column name="date">1406715971</column>
            <column name="name">Larionovapuecos</column>
            <column name="text">RT @SGazizova16: Сбербанк и ВТБ могут попасть в санкционный список ЕС.Европейский союз готовится добавить в антироссийский санкционный спис…</column>
            <column name="sberbank">-1</column>
            <column name="vtb">-1</column>
            <column name="gazprom">NULL</column>
            <column name="alfabank">NULL</column>
            <column name="bankmoskvy">NULL</column>
            <column name="raiffeisen">NULL</column>
            <column name="uralsib">NULL</column>
            <column name="rshb">NULL</column>
        </table>
        <table name="bank">
            <column name="id">1517</column>
            <column name="twitid">494429989492640000</column>
            <column name="date">1406716270</column>
            <column name="name">AndiCoggin</column>
            <column name="text">http://t.co/Bs5kGuKJmk сбербанк кредиты страховка</column>
            <column name="sberbank">0</column>
            <column name="vtb">NULL</column>
            <column name="gazprom">NULL</column>
            <column name="alfabank">NULL</column>
            <column name="bankmoskvy">NULL</column>
            <column name="raiffeisen">NULL</column>
            <column name="uralsib">NULL</column>
            <column name="rshb">NULL</column>
        </table>
        <table name="bank">
            <column name="id">1518</column>
            <column name="twitid">494430519443340000</column>
            <column name="date">1406716396</column>
            <column name="name">ALobanov32</column>
            <column name="text">Visa и MasterCard объявили, что санкции США, введенные в отношении Россельхозбанка, ВТБ и Банка Москвы, не затрагивают работу с картами дан</column>
            <column name="sberbank">NULL</column>
            <column name="vtb">0</column>
            <column name="gazprom">NULL</column>
            <column name="alfabank">NULL</column>
            <column name="bankmoskvy">0</column>
            <column name="raiffeisen">NULL</column>
            <column name="uralsib">NULL</column>
            <column name="rshb">0</column>
        </table>
        <table name="bank">
            <column name="id">1519</column>
            <column name="twitid">494430569322000000</column>
            <column name="date">1406716408</column>
            <column name="name">kursevroRF</column>
            <column name="text">курс евро в банках оренбурга http://t.co/6lIqNIVOaU /  / Россельхозбанк 47,86 48,45 / Региональный Коммерческий Бан.. http://t.co/Nq2rRaCzLN</column>
            <column name="sberbank">NULL</column>
            <column name="vtb">NULL</column>
            <column name="gazprom">NULL</column>
            <column name="alfabank">NULL</column>
            <column name="bankmoskvy">NULL</column>
            <column name="raiffeisen">NULL</column>
            <column name="uralsib">NULL</column>
            <column name="rshb">0</column>
        </table>
        <table name="bank">
            <column name="id">1520</column>
            <column name="twitid">494431789075560000</column>
            <column name="date">1406716699</column>
            <column name="name">viunae</column>
            <column name="text">Сотрудник сбербанк чувствует себя супергероем http://t.co/UDX1Lw6VY5</column>
            <column name="sberbank">0</column>
            <column name="vtb">NULL</column>
            <column name="gazprom">NULL</column>
            <column name="alfabank">NULL</column>
            <column name="bankmoskvy">NULL</column>
            <column name="raiffeisen">NULL</column>
            <column name="uralsib">NULL</column>
            <column name="rshb">NULL</column>
        </table>
        <table name="bank">
            <column name="id">1521</column>
            <column name="twitid">494434636429540000</column>
            <column name="date">1406717378</column>
            <column name="name">snaranovich</column>
            <column name="text">RT @netovetz: Шеф брюссельского бюро FT: Сбербанк попадет под санкции Евросоюза http://t.co/utQLkTJSYW</column>
            <column name="sberbank">-1</column>
            <column name="vtb">NULL</column>
            <column name="gazprom">NULL</column>
            <column name="alfabank">NULL</column>
            <column name="bankmoskvy">NULL</column>
            <column name="raiffeisen">NULL</column>
            <column name="uralsib">NULL</column>
            <column name="rshb">NULL</column>
        </table>
        <table name="bank">
            <column name="id">1522</column>
            <column name="twitid">494435436220390000</column>
            <column name="date">1406717568</column>
            <column name="name">DNikolaeva18</column>
            <column name="text">Речь идет о ВТБ, Банке Москвы и Россельхозбанке. Ранее в июле, когда были введены ограничения в отношении ВЭБа и Газпрома, банк России такж</column>
            <column name="sberbank">NULL</column>
            <column name="vtb">0</column>
            <column name="gazprom">NULL</column>
            <column name="alfabank">NULL</column>
            <column name="bankmoskvy">0</column>
            <column name="raiffeisen">NULL</column>
            <column name="uralsib">NULL</column>
            <column name="rshb">0</column>
        </table>
        <table name="bank">
            <column name="id">1523</column>
            <column name="twitid">494435888714090000</column>
            <column name="date">1406717676</column>
            <column name="name">umyjoiwaq</column>
            <column name="text">http://t.co/xH8ThQc4HL кредит банк альфа банк процентная ставка</column>
            <column name="sberbank">NULL</column>
            <column name="vtb">NULL</column>
            <column name="gazprom">NULL</column>
            <column name="alfabank">0</column>
            <column name="bankmoskvy">NULL</column>
            <column name="raiffeisen">NULL</column>
            <column name="uralsib">NULL</column>
            <column name="rshb">NULL</column>
        </table>
        <table name="bank">
            <column name="id">1524</column>
            <column name="twitid">494436784672350000</column>
            <column name="date">1406717890</column>
            <column name="name">GazetaRu_Biz</column>
            <column name="text">FT: Сбербанк попадет под третий раунд санкций ЕС #бизнес http://t.co/zc8NtpMDjv</column>
            <column name="sberbank">-1</column>
            <column name="vtb">NULL</column>
            <column name="gazprom">NULL</column>
            <column name="alfabank">NULL</column>
            <column name="bankmoskvy">NULL</column>
            <column name="raiffeisen">NULL</column>
            <column name="uralsib">NULL</column>
            <column name="rshb">NULL</column>
        </table>
        <table name="bank">
            <column name="id">1525</column>
            <column name="twitid">494437602138000000</column>
            <column name="date">1406718085</column>
            <column name="name">Egorp6s82</column>
            <column name="text">как оформить кредитную карту газпромбанка http://t.co/7UsLCV6Xo6</column>
            <column name="sberbank">NULL</column>
            <column name="vtb">NULL</column>
            <column name="gazprom">0</column>
            <column name="alfabank">NULL</column>
            <column name="bankmoskvy">NULL</column>
            <column name="raiffeisen">NULL</column>
            <column name="uralsib">NULL</column>
            <column name="rshb">NULL</column>
        </table>
        <table name="bank">
            <column name="id">1526</column>
            <column name="twitid">494439245717990000</column>
            <column name="date">1406718477</column>
            <column name="name">wogixelkas</column>
            <column name="text">http://t.co/my76OBHc41 Восколько лет можно взять кредит в альфа банк</column>
            <column name="sberbank">NULL</column>
            <column name="vtb">NULL</column>
            <column name="gazprom">NULL</column>
            <column name="alfabank">0</column>
            <column name="bankmoskvy">NULL</column>
            <column name="raiffeisen">NULL</column>
            <column name="uralsib">NULL</column>
            <column name="rshb">NULL</column>
        </table>
        <table name="bank">
            <column name="id">1527</column>
            <column name="twitid">494441285840030000</column>
            <column name="date">1406718963</column>
            <column name="name">galeeaculver</column>
            <column name="text">Вырастут ли проценты за кредиты сбербанк http://t.co/s0Op1rCOGw</column>
            <column name="sberbank">0</column>
            <column name="vtb">NULL</column>
            <column name="gazprom">NULL</column>
            <column name="alfabank">NULL</column>
            <column name="bankmoskvy">NULL</column>
            <column name="raiffeisen">NULL</column>
            <column name="uralsib">NULL</column>
            <column name="rshb">NULL</column>
        </table>
        <table name="bank">
            <column name="id">1528</column>
            <column name="twitid">494441648332770000</column>
            <column name="date">1406719049</column>
            <column name="name">hlilSill</column>
            <column name="text">http://t.co/rnRj1dERH7 Взять кредит в россельхозбанке 200 тыс</column>
            <column name="sberbank">NULL</column>
            <column name="vtb">NULL</column>
            <column name="gazprom">NULL</column>
            <column name="alfabank">NULL</column>
            <column name="bankmoskvy">NULL</column>
            <column name="raiffeisen">NULL</column>
            <column name="uralsib">NULL</column>
            <column name="rshb">0</column>
        </table>
        <table name="bank">
            <column name="id">1529</column>
            <column name="twitid">494441879144900000</column>
            <column name="date">1406719104</column>
            <column name="name">LexxLoki</column>
            <column name="text">ЦБ поддержит попавшие под санкции ВТБ, РСХБ и Банк Москвы!..а детские больницы поддержит как всегда Господь?..ага.ага http://t.co/tSaME9FJZi</column>
            <column name="sberbank">NULL</column>
            <column name="vtb">+-</column>
            <column name="gazprom">NULL</column>
            <column name="alfabank">NULL</column>
            <column name="bankmoskvy">+-</column>
            <column name="raiffeisen">NULL</column>
            <column name="uralsib">NULL</column>
            <column name="rshb">+-</column>
        </table>
        <table name="bank">
            <column name="id">1530</column>
            <column name="twitid">494442242011310000</column>
            <column name="date">1406719191</column>
            <column name="name">NektoNekto</column>
            <column name="text">RT @Rundschau: Локальное производство разворачивают на заводе Derways в Карачаево-Черкесии (принадлежит @sberbank )</column>
            <column name="sberbank">0</column>
            <column name="vtb">NULL</column>
            <column name="gazprom">NULL</column>
            <column name="alfabank">NULL</column>
            <column name="bankmoskvy">NULL</column>
            <column name="raiffeisen">NULL</column>
            <column name="uralsib">NULL</column>
            <column name="rshb">NULL</column>
        </table>
        <table name="bank">
            <column name="id">1531</column>
            <column name="twitid">494442423620100000</column>
            <column name="date">1406719234</column>
            <column name="name">ukrtbv075y</column>
            <column name="text">Новости Грузии сегодня США ввели санкции против Банка Москвы, ВТБ и Россельхозбанка,</column>
            <column name="sberbank">NULL</column>
            <column name="vtb">-1</column>
            <column name="gazprom">NULL</column>
            <column name="alfabank">NULL</column>
            <column name="bankmoskvy">-1</column>
            <column name="raiffeisen">NULL</column>
            <column name="uralsib">NULL</column>
            <column name="rshb">-1</column>
        </table>
        <table name="bank">
            <column name="id">1532</column>
            <column name="twitid">494442423674630000</column>
            <column name="date">1406719234</column>
            <column name="name">sapifizitega</column>
            <column name="text">visa #mastercard #втб Visa и MasterCard не намерены блокировать карты ВТБ, Банка ...</column>
            <column name="sberbank">NULL</column>
            <column name="vtb">0</column>
            <column name="gazprom">NULL</column>
            <column name="alfabank">NULL</column>
            <column name="bankmoskvy">NULL</column>
            <column name="raiffeisen">NULL</column>
            <column name="uralsib">NULL</column>
            <column name="rshb">NULL</column>
        </table>
        <table name="bank">
            <column name="id">1533</column>
            <column name="twitid">494442474648380000</column>
            <column name="date">1406719246</column>
            <column name="name">anatolui290</column>
            <column name="text">RT @Vedomosti: Сбербанк попадет под третий раунд санкций ЕС - шеф брюссельского бюро FT http://t.co/5CuIbxAOXq</column>
            <column name="sberbank">-1</column>
            <column name="vtb">NULL</column>
            <column name="gazprom">NULL</column>
            <column name="alfabank">NULL</column>
            <column name="bankmoskvy">NULL</column>
            <column name="raiffeisen">NULL</column>
            <column name="uralsib">NULL</column>
            <column name="rshb">NULL</column>
        </table>
        <table name="bank">
            <column name="id">1534</column>
            <column name="twitid">494442875430910000</column>
            <column name="date">1406719342</column>
            <column name="name">wawecojime</column>
            <column name="text">Райффайзенбанк анкета потребительский кредит http://t.co/Ab3wNnhoAk</column>
            <column name="sberbank">NULL</column>
            <column name="vtb">NULL</column>
            <column name="gazprom">NULL</column>
            <column name="alfabank">NULL</column>
            <column name="bankmoskvy">NULL</column>
            <column name="raiffeisen">0</column>
            <column name="uralsib">NULL</column>
            <column name="rshb">NULL</column>
        </table>
        <table name="bank">
            <column name="id">1535</column>
            <column name="twitid">494442875556730000</column>
            <column name="date">1406719342</column>
            <column name="name">ksiee1nit</column>
            <column name="text">Новокузнецк сбербанк россии условия автокредитования http://t.co/nAHg6d8HdR</column>
            <column name="sberbank">0</column>
            <column name="vtb">NULL</column>
            <column name="gazprom">NULL</column>
            <column name="alfabank">NULL</column>
            <column name="bankmoskvy">NULL</column>
            <column name="raiffeisen">NULL</column>
            <column name="uralsib">NULL</column>
            <column name="rshb">NULL</column>
        </table>
        <table name="bank">
            <column name="id">1536</column>
            <column name="twitid">494444962587890000</column>
            <column name="date">1406719840</column>
            <column name="name">ulgrad</column>
            <column name="text">Поволжский Сбербанк проводит акцию для малого бизнеса  http://t.co/7AxOCzke0t</column>
            <column name="sberbank">1</column>
            <column name="vtb">NULL</column>
            <column name="gazprom">NULL</column>
            <column name="alfabank">NULL</column>
            <column name="bankmoskvy">NULL</column>
            <column name="raiffeisen">NULL</column>
            <column name="uralsib">NULL</column>
            <column name="rshb">NULL</column>
        </table>
        <table name="bank">
            <column name="id">1537</column>
            <column name="twitid">494445005621460000</column>
            <column name="date">1406719850</column>
            <column name="name">xobiqicu</column>
            <column name="text">Кредиты сбербанк г петрозаводск http://t.co/dxXCxk947A</column>
            <column name="sberbank">0</column>
            <column name="vtb">NULL</column>
            <column name="gazprom">NULL</column>
            <column name="alfabank">NULL</column>
            <column name="bankmoskvy">NULL</column>
            <column name="raiffeisen">NULL</column>
            <column name="uralsib">NULL</column>
            <column name="rshb">NULL</column>
        </table>
        <table name="bank">
            <column name="id">1538</column>
            <column name="twitid">494445236723400000</column>
            <column name="date">1406719905</column>
            <column name="name">kralya7</column>
            <column name="text">RT @channelone_rus: Visa и MasterCard продолжат работать с ВТБ, Россельхозбанком и Банком Москвы в обычном режиме
http://t.co/AS1qGzZvm1 ht…</column>
            <column name="sberbank">NULL</column>
            <column name="vtb">0</column>
            <column name="gazprom">NULL</column>
            <column name="alfabank">NULL</column>
            <column name="bankmoskvy">0</column>
            <column name="raiffeisen">NULL</column>
            <column name="uralsib">NULL</column>
            <column name="rshb">0</column>
        </table>
        <table name="bank">
            <column name="id">1539</column>
            <column name="twitid">494445453778240000</column>
            <column name="date">1406719957</column>
            <column name="name">MyrtleSladek</column>
            <column name="text">WSJ: от санкций ЕС пострадают Сбербанк и ВТБ http://t.co/nnwQu3jV0N</column>
            <column name="sberbank">-1</column>
            <column name="vtb">-1</column>
            <column name="gazprom">NULL</column>
            <column name="alfabank">NULL</column>
            <column name="bankmoskvy">NULL</column>
            <column name="raiffeisen">NULL</column>
            <column name="uralsib">NULL</column>
            <column name="rshb">NULL</column>
        </table>
        <table name="bank">
            <column name="id">1540</column>
            <column name="twitid">494445945074240000</column>
            <column name="date">1406720074</column>
            <column name="name">belyi_ej</column>
            <column name="text">RT @K_Spiridonov: @belyi_ej радуется, что Сбер под санкции не попал http://t.co/h1jgk4X7jg</column>
            <column name="sberbank">0</column>
            <column name="vtb">NULL</column>
            <column name="gazprom">NULL</column>
            <column name="alfabank">NULL</column>
            <column name="bankmoskvy">NULL</column>
            <column name="raiffeisen">NULL</column>
            <column name="uralsib">NULL</column>
            <column name="rshb">NULL</column>
        </table>
        <table name="bank">
            <column name="id">1541</column>
            <column name="twitid">494446355818220000</column>
            <column name="date">1406720172</column>
            <column name="name">esnicisukid</column>
            <column name="text">http://t.co/QrJ38hLItC втб 24 воронеж кредиты калькулятор</column>
            <column name="sberbank">NULL</column>
            <column name="vtb">0</column>
            <column name="gazprom">NULL</column>
            <column name="alfabank">NULL</column>
            <column name="bankmoskvy">NULL</column>
            <column name="raiffeisen">NULL</column>
            <column name="uralsib">NULL</column>
            <column name="rshb">NULL</column>
        </table>
        <table name="bank">
            <column name="id">1542</column>
            <column name="twitid">494446851408810000</column>
            <column name="date">1406720290</column>
            <column name="name">jacobsenlanfati</column>
            <column name="text">Ставки пенсионного кредита в россельхозбанке http://t.co/zeGYeCkVqm</column>
            <column name="sberbank">NULL</column>
            <column name="vtb">NULL</column>
            <column name="gazprom">NULL</column>
            <column name="alfabank">NULL</column>
            <column name="bankmoskvy">NULL</column>
            <column name="raiffeisen">NULL</column>
            <column name="uralsib">NULL</column>
            <column name="rshb">0</column>
        </table>
        <table name="bank">
            <column name="id">1543</column>
            <column name="twitid">494446894354300000</column>
            <column name="date">1406720300</column>
            <column name="name">ubolv698pa</column>
            <column name="text">Оформить кредитную карту онлайн сбербанк россии http://t.co/RMMIHI9qHe</column>
            <column name="sberbank">0</column>
            <column name="vtb">NULL</column>
            <column name="gazprom">NULL</column>
            <column name="alfabank">NULL</column>
            <column name="bankmoskvy">NULL</column>
            <column name="raiffeisen">NULL</column>
            <column name="uralsib">NULL</column>
            <column name="rshb">NULL</column>
        </table>
        <table name="bank">
            <column name="id">1544</column>
            <column name="twitid">494448210383880000</column>
            <column name="date">1406720614</column>
            <column name="name">inedyvijen</column>
            <column name="text">Wwwsberbankru образец предварительного договора купли продажи дома и земельного участка http://t.co/fkVC3a1W3X #образец #договора</column>
            <column name="sberbank">0</column>
            <column name="vtb">NULL</column>
            <column name="gazprom">NULL</column>
            <column name="alfabank">NULL</column>
            <column name="bankmoskvy">NULL</column>
            <column name="raiffeisen">NULL</column>
            <column name="uralsib">NULL</column>
            <column name="rshb">NULL</column>
        </table>
        <table name="bank">
            <column name="id">1545</column>
            <column name="twitid">494448341594690000</column>
            <column name="date">1406720645</column>
            <column name="name">wujoponoqov</column>
            <column name="text">Выдача кредитов юридическим лицам в райффайзен банке http://t.co/KNZFA7HGGO</column>
            <column name="sberbank">NULL</column>
            <column name="vtb">NULL</column>
            <column name="gazprom">NULL</column>
            <column name="alfabank">NULL</column>
            <column name="bankmoskvy">NULL</column>
            <column name="raiffeisen">0</column>
            <column name="uralsib">NULL</column>
            <column name="rshb">NULL</column>
        </table>
        <table name="bank">
            <column name="id">1546</column>
            <column name="twitid">494448837676000000</column>
            <column name="date">1406720763</column>
            <column name="name">christianaxtwsl</column>
            <column name="text">Кредитные программмы газпромбанка в красноярске http://t.co/OYqgtjH7hD</column>
            <column name="sberbank">NULL</column>
            <column name="vtb">NULL</column>
            <column name="gazprom">0</column>
            <column name="alfabank">NULL</column>
            <column name="bankmoskvy">NULL</column>
            <column name="raiffeisen">NULL</column>
            <column name="uralsib">NULL</column>
            <column name="rshb">NULL</column>
        </table>
        <table name="bank">
            <column name="id">1547</column>
            <column name="twitid">494449681447930000</column>
            <column name="date">1406720965</column>
            <column name="name">abdousnaniching</column>
            <column name="text">http://t.co/GkhqCTOAmX банк москвы автокредиты</column>
            <column name="sberbank">NULL</column>
            <column name="vtb">NULL</column>
            <column name="gazprom">NULL</column>
            <column name="alfabank">NULL</column>
            <column name="bankmoskvy">0</column>
            <column name="raiffeisen">NULL</column>
            <column name="uralsib">NULL</column>
            <column name="rshb">NULL</column>
        </table>
        <table name="bank">
            <column name="id">1548</column>
            <column name="twitid">494451933818540000</column>
            <column name="date">1406721502</column>
            <column name="name">latbitoo6</column>
            <column name="text">http://t.co/W3jgr8rRRH райфайзен банк онлайн заявка на кредит наличными</column>
            <column name="sberbank">NULL</column>
            <column name="vtb">NULL</column>
            <column name="gazprom">NULL</column>
            <column name="alfabank">NULL</column>
            <column name="bankmoskvy">NULL</column>
            <column name="raiffeisen">0</column>
            <column name="uralsib">NULL</column>
            <column name="rshb">NULL</column>
        </table>
        <table name="bank">
            <column name="id">1549</column>
            <column name="twitid">494452016262150000</column>
            <column name="date">1406721521</column>
            <column name="name">dudewytag</column>
            <column name="text">Ккаковы скрытые проценты по кредиту в альфа банке http://t.co/CfDNPxNZM0</column>
            <column name="sberbank">NULL</column>
            <column name="vtb">NULL</column>
            <column name="gazprom">NULL</column>
            <column name="alfabank">0</column>
            <column name="bankmoskvy">NULL</column>
            <column name="raiffeisen">NULL</column>
            <column name="uralsib">NULL</column>
            <column name="rshb">NULL</column>
        </table>
        <table name="bank">
            <column name="id">1550</column>
            <column name="twitid">494452797459290000</column>
            <column name="date">1406721708</column>
            <column name="name">Cto9kbibi</column>
            <column name="text">Банк Москвы: клиенты от санкций не пострадают</column>
            <column name="sberbank">NULL</column>
            <column name="vtb">NULL</column>
            <column name="gazprom">NULL</column>
            <column name="alfabank">NULL</column>
            <column name="bankmoskvy">0</column>
            <column name="raiffeisen">NULL</column>
            <column name="uralsib">NULL</column>
            <column name="rshb">NULL</column>
        </table>
        <table name="bank">
            <column name="id">1551</column>
            <column name="twitid">494453458964340000</column>
            <column name="date">1406721865</column>
            <column name="name">paksizka9710z</column>
            <column name="text">Россельхозбанк нижний новгород кредитный отдел http://t.co/TLIrDdgm8j</column>
            <column name="sberbank">NULL</column>
            <column name="vtb">NULL</column>
            <column name="gazprom">NULL</column>
            <column name="alfabank">NULL</column>
            <column name="bankmoskvy">NULL</column>
            <column name="raiffeisen">NULL</column>
            <column name="uralsib">NULL</column>
            <column name="rshb">0</column>
        </table>
        <table name="bank">
            <column name="id">1552</column>
            <column name="twitid">494454317785830000</column>
            <column name="date">1406722070</column>
            <column name="name">AlsuMironova</column>
            <column name="text">спасибо интернету)) звонили мошенники.а в офисе @sberbank #казань не уточнили откуда звонок: #унасоплатапрошла и все.будьте бдительны 2/2</column>
            <column name="sberbank">-1</column>
            <column name="vtb">NULL</column>
            <column name="gazprom">NULL</column>
            <column name="alfabank">NULL</column>
            <column name="bankmoskvy">NULL</column>
            <column name="raiffeisen">NULL</column>
            <column name="uralsib">NULL</column>
            <column name="rshb">NULL</column>
        </table>
        <table name="bank">
            <column name="id">1553</column>
            <column name="twitid">494456039886960000</column>
            <column name="date">1406722481</column>
            <column name="name">onzasilii</column>
            <column name="text">http://t.co/28VyxhOSKf кредиты втб 24 на неотложные нужды</column>
            <column name="sberbank">NULL</column>
            <column name="vtb">0</column>
            <column name="gazprom">NULL</column>
            <column name="alfabank">NULL</column>
            <column name="bankmoskvy">NULL</column>
            <column name="raiffeisen">NULL</column>
            <column name="uralsib">NULL</column>
            <column name="rshb">NULL</column>
        </table>
        <table name="bank">
            <column name="id">1554</column>
            <column name="twitid">494456554834640000</column>
            <column name="date">1406722603</column>
            <column name="name">ight610kk</column>
            <column name="text">Ипотека сбербанк поднимет проценты по ранее выданным кредитам http://t.co/59KOkqelOq</column>
            <column name="sberbank">-1</column>
            <column name="vtb">NULL</column>
            <column name="gazprom">NULL</column>
            <column name="alfabank">NULL</column>
            <column name="bankmoskvy">NULL</column>
            <column name="raiffeisen">NULL</column>
            <column name="uralsib">NULL</column>
            <column name="rshb">NULL</column>
        </table>
        <table name="bank">
            <column name="id">1555</column>
            <column name="twitid">494457855466930000</column>
            <column name="date">1406722914</column>
            <column name="name">mijivyqemax</column>
            <column name="text">RT @gudyhoravyf: США ввели санкции против ОСК, Банка Москвы, ВТБ, Россельхозбанка  #In...</column>
            <column name="sberbank">NULL</column>
            <column name="vtb">-1</column>
            <column name="gazprom">NULL</column>
            <column name="alfabank">NULL</column>
            <column name="bankmoskvy">-1</column>
            <column name="raiffeisen">NULL</column>
            <column name="uralsib">NULL</column>
            <column name="rshb">-1</column>
        </table>
        <table name="bank">
            <column name="id">1556</column>
            <column name="twitid">494458520289300000</column>
            <column name="date">1406723072</column>
            <column name="name">aif_saratov</column>
            <column name="text">Поволжский Сбербанк проводит акцию для малого бизнеса: Поволжский банк ОАО «Сбербанк России» о... http://t.co/tjSS0png8D #Саратов</column>
            <column name="sberbank">1</column>
            <column name="vtb">NULL</column>
            <column name="gazprom">NULL</column>
            <column name="alfabank">NULL</column>
            <column name="bankmoskvy">NULL</column>
            <column name="raiffeisen">NULL</column>
            <column name="uralsib">NULL</column>
            <column name="rshb">NULL</column>
        </table>
        <table name="bank">
            <column name="id">1557</column>
            <column name="twitid">494460068709280000</column>
            <column name="date">1406723441</column>
            <column name="name">mircea_olga</column>
            <column name="text">RT @narodprotiv: СБЕРБАНК ПОДПАДЕТ ПОД ТРЕТИЙ РАУНД САНКЦИЙ ЕС /  / Евросоюз объявит о третьем раунде санкций в отношении российск.. http:/…</column>
            <column name="sberbank">-1</column>
            <column name="vtb">NULL</column>
            <column name="gazprom">NULL</column>
            <column name="alfabank">NULL</column>
            <column name="bankmoskvy">NULL</column>
            <column name="raiffeisen">NULL</column>
            <column name="uralsib">NULL</column>
            <column name="rshb">NULL</column>
        </table>
        <table name="bank">
            <column name="id">1558</column>
            <column name="twitid">494460770898680000</column>
            <column name="date">1406723609</column>
            <column name="name">teiaSteinl</column>
            <column name="text">http://t.co/IfMXDocdsO Втб 24 взять кредит ульяновск</column>
            <column name="sberbank">NULL</column>
            <column name="vtb">0</column>
            <column name="gazprom">NULL</column>
            <column name="alfabank">NULL</column>
            <column name="bankmoskvy">NULL</column>
            <column name="raiffeisen">NULL</column>
            <column name="uralsib">NULL</column>
            <column name="rshb">NULL</column>
        </table>
        <table name="bank">
            <column name="id">1559</column>
            <column name="twitid">494461047437550000</column>
            <column name="date">1406723675</column>
            <column name="name">alexsas_</column>
            <column name="text">Рассылка от @alfa_bank — http://t.co/J67fBSHTgS</column>
            <column name="sberbank">NULL</column>
            <column name="vtb">NULL</column>
            <column name="gazprom">NULL</column>
            <column name="alfabank">0</column>
            <column name="bankmoskvy">NULL</column>
            <column name="raiffeisen">NULL</column>
            <column name="uralsib">NULL</column>
            <column name="rshb">NULL</column>
        </table>
        <table name="bank">
            <column name="id">1560</column>
            <column name="twitid">494461368125640000</column>
            <column name="date">1406723751</column>
            <column name="name">Canadum</column>
            <column name="text">США ввели санкции против ОСК, ВТБ, Банка Москвы и Россельхозбанка</column>
            <column name="sberbank">NULL</column>
            <column name="vtb">-1</column>
            <column name="gazprom">NULL</column>
            <column name="alfabank">NULL</column>
            <column name="bankmoskvy">-1</column>
            <column name="raiffeisen">NULL</column>
            <column name="uralsib">NULL</column>
            <column name="rshb">-1</column>
        </table>
        <table name="bank">
            <column name="id">1561</column>
            <column name="twitid">494461589844930000</column>
            <column name="date">1406723804</column>
            <column name="name">tyvnoalys</column>
            <column name="text">http://t.co/haQ7dPG75c Как получить кредит россельхозбанк</column>
            <column name="sberbank">NULL</column>
            <column name="vtb">NULL</column>
            <column name="gazprom">NULL</column>
            <column name="alfabank">NULL</column>
            <column name="bankmoskvy">NULL</column>
            <column name="raiffeisen">NULL</column>
            <column name="uralsib">NULL</column>
            <column name="rshb">0</column>
        </table>
        <table name="bank">
            <column name="id">1562</column>
            <column name="twitid">494461772917520000</column>
            <column name="date">1406723847</column>
            <column name="name">victoria8bel</column>
            <column name="text">RT @Dbnmjr: #Сбербанк подпадет под третий раунд санкций ЕС. 
График по состоянию на 12:00 30.07.2014 http://t.co/lZ9sNqRnDi</column>
            <column name="sberbank">-1</column>
            <column name="vtb">NULL</column>
            <column name="gazprom">NULL</column>
            <column name="alfabank">NULL</column>
            <column name="bankmoskvy">NULL</column>
            <column name="raiffeisen">NULL</column>
            <column name="uralsib">NULL</column>
            <column name="rshb">NULL</column>
        </table>
        <table name="bank">
            <column name="id">1563</column>
            <column name="twitid">494462928805190000</column>
            <column name="date">1406724123</column>
            <column name="name">hiWARD</column>
            <column name="text">О, сбербанк под санкции попадет..</column>
            <column name="sberbank">-1</column>
            <column name="vtb">NULL</column>
            <column name="gazprom">NULL</column>
            <column name="alfabank">NULL</column>
            <column name="bankmoskvy">NULL</column>
            <column name="raiffeisen">NULL</column>
            <column name="uralsib">NULL</column>
            <column name="rshb">NULL</column>
        </table>
        <table name="bank">
            <column name="id">1564</column>
            <column name="twitid">494464230444530000</column>
            <column name="date">1406724433</column>
            <column name="name">aleksey_kry</column>
            <column name="text">RT @banki_ru: Европейские санкции «третьего уровня» затронут Сбербанк http://t.co/LNGH8hUhng</column>
            <column name="sberbank">-1</column>
            <column name="vtb">NULL</column>
            <column name="gazprom">NULL</column>
            <column name="alfabank">NULL</column>
            <column name="bankmoskvy">NULL</column>
            <column name="raiffeisen">NULL</column>
            <column name="uralsib">NULL</column>
            <column name="rshb">NULL</column>
        </table>
        <table name="bank">
            <column name="id">1565</column>
            <column name="twitid">494464318860040000</column>
            <column name="date">1406724454</column>
            <column name="name">KondraPola</column>
            <column name="text">Россельхозбанк может попросить помощи от государства из-за санкций</column>
            <column name="sberbank">NULL</column>
            <column name="vtb">NULL</column>
            <column name="gazprom">NULL</column>
            <column name="alfabank">NULL</column>
            <column name="bankmoskvy">NULL</column>
            <column name="raiffeisen">NULL</column>
            <column name="uralsib">NULL</column>
            <column name="rshb">0</column>
        </table>
        <table name="bank">
            <column name="id">1566</column>
            <column name="twitid">494465450798240000</column>
            <column name="date">1406724724</column>
            <column name="name">Kulikovaverdiap</column>
            <column name="text">RT @TSemenova41: Введённые США санкции в отношении ОАО Банк ВТБ никак не отразятся на клиентах Банка ВТБ &amp;amp;#40;Армения&amp;amp;#41; – банк продолжит…</column>
            <column name="sberbank">NULL</column>
            <column name="vtb">0</column>
            <column name="gazprom">NULL</column>
            <column name="alfabank">NULL</column>
            <column name="bankmoskvy">NULL</column>
            <column name="raiffeisen">NULL</column>
            <column name="uralsib">NULL</column>
            <column name="rshb">NULL</column>
        </table>
        <table name="bank">
            <column name="id">1567</column>
            <column name="twitid">494465804251830000</column>
            <column name="date">1406724809</column>
            <column name="name">vipugreninov</column>
            <column name="text">Во вторник США ввели санкции против Банка Москвы, ВТБ и Россельхозбанка и ОСК. Гражданам и компаниям США запре... http://t.co/ftv6dg1v8u</column>
            <column name="sberbank">NULL</column>
            <column name="vtb">-1</column>
            <column name="gazprom">NULL</column>
            <column name="alfabank">NULL</column>
            <column name="bankmoskvy">-1</column>
            <column name="raiffeisen">NULL</column>
            <column name="uralsib">NULL</column>
            <column name="rshb">-1</column>
        </table>
        <table name="bank">
            <column name="id">1568</column>
            <column name="twitid">494465984435340000</column>
            <column name="date">1406724852</column>
            <column name="name">goodallzbjanel</column>
            <column name="text">Калькулятор расчета ипотечного кредита сбербанк http://t.co/6ZL0tN3YHP</column>
            <column name="sberbank">0</column>
            <column name="vtb">NULL</column>
            <column name="gazprom">NULL</column>
            <column name="alfabank">NULL</column>
            <column name="bankmoskvy">NULL</column>
            <column name="raiffeisen">NULL</column>
            <column name="uralsib">NULL</column>
            <column name="rshb">NULL</column>
        </table>
        <table name="bank">
            <column name="id">1569</column>
            <column name="twitid">494466294155340000</column>
            <column name="date">1406724925</column>
            <column name="name">FinRussia</column>
            <column name="text">ВТБ, Банк Москвы и Россельхозбанк отреагировали на санкции США http://t.co/eg3EysysET</column>
            <column name="sberbank">NULL</column>
            <column name="vtb">0</column>
            <column name="gazprom">NULL</column>
            <column name="alfabank">NULL</column>
            <column name="bankmoskvy">0</column>
            <column name="raiffeisen">NULL</column>
            <column name="uralsib">NULL</column>
            <column name="rshb">0</column>
        </table>
        <table name="bank">
            <column name="id">1570</column>
            <column name="twitid">494466602331830000</column>
            <column name="date">1406724999</column>
            <column name="name">malMckittr</column>
            <column name="text">http://t.co/nHGAFK8ON5 Оформить кредитную карту онлайн альфа банк 100 дней</column>
            <column name="sberbank">NULL</column>
            <column name="vtb">NULL</column>
            <column name="gazprom">NULL</column>
            <column name="alfabank">0</column>
            <column name="bankmoskvy">NULL</column>
            <column name="raiffeisen">NULL</column>
            <column name="uralsib">NULL</column>
            <column name="rshb">NULL</column>
        </table>
        <table name="bank">
            <column name="id">1571</column>
            <column name="twitid">494467149021590000</column>
            <column name="date">1406725129</column>
            <column name="name">yraqosho</column>
            <column name="text">http://t.co/MwHOLEkoAj Где взять кредит в грозном россельхозбанке</column>
            <column name="sberbank">NULL</column>
            <column name="vtb">NULL</column>
            <column name="gazprom">NULL</column>
            <column name="alfabank">NULL</column>
            <column name="bankmoskvy">NULL</column>
            <column name="raiffeisen">NULL</column>
            <column name="uralsib">NULL</column>
            <column name="rshb">0</column>
        </table>
        <table name="bank">
            <column name="id">1572</column>
            <column name="twitid">494468131327600000</column>
            <column name="date">1406725363</column>
            <column name="name">ElenkaGaponenko</column>
            <column name="text">Ухтинский сбербанк ставки по кредиту http://t.co/hwfKXwTzdc</column>
            <column name="sberbank">0</column>
            <column name="vtb">NULL</column>
            <column name="gazprom">NULL</column>
            <column name="alfabank">NULL</column>
            <column name="bankmoskvy">NULL</column>
            <column name="raiffeisen">NULL</column>
            <column name="uralsib">NULL</column>
            <column name="rshb">NULL</column>
        </table>
        <table name="bank">
            <column name="id">1573</column>
            <column name="twitid">494470865724380000</column>
            <column name="date">1406726015</column>
            <column name="name">tatnus</column>
            <column name="text">Татфондбанк догоняй конкурентов и запомни: клиент всегда прав! Будь с клиентами ласковее и они к тебе потянутся! БЕРИ ПРИМЕР СО #сбербанк а</column>
            <column name="sberbank">1</column>
            <column name="vtb">NULL</column>
            <column name="gazprom">NULL</column>
            <column name="alfabank">NULL</column>
            <column name="bankmoskvy">NULL</column>
            <column name="raiffeisen">NULL</column>
            <column name="uralsib">NULL</column>
            <column name="rshb">NULL</column>
        </table>
        <table name="bank">
            <column name="id">1574</column>
            <column name="twitid">494471458727670000</column>
            <column name="date">1406726157</column>
            <column name="name">richardsonecndi</column>
            <column name="text">Организация кредитования физических лиц втб 24 http://t.co/U0uMmlBXUz</column>
            <column name="sberbank">NULL</column>
            <column name="vtb">0</column>
            <column name="gazprom">NULL</column>
            <column name="alfabank">NULL</column>
            <column name="bankmoskvy">NULL</column>
            <column name="raiffeisen">NULL</column>
            <column name="uralsib">NULL</column>
            <column name="rshb">NULL</column>
        </table>
        <table name="bank">
            <column name="id">1575</column>
            <column name="twitid">494472654477590000</column>
            <column name="date">1406726442</column>
            <column name="name">fcuktv</column>
            <column name="text">@bm_twit но в силу некоторых причин придти в офис я не могу. Что мне делать?</column>
            <column name="sberbank">NULL</column>
            <column name="vtb">NULL</column>
            <column name="gazprom">NULL</column>
            <column name="alfabank">NULL</column>
            <column name="bankmoskvy">0</column>
            <column name="raiffeisen">NULL</column>
            <column name="uralsib">NULL</column>
            <column name="rshb">NULL</column>
        </table>
        <table name="bank">
            <column name="id">1576</column>
            <column name="twitid">494473837141300000</column>
            <column name="date">1406726724</column>
            <column name="name">ehucpligi</column>
            <column name="text">http://t.co/jx4tHc6oNv Взять кредит сбербанк тюмень</column>
            <column name="sberbank">0</column>
            <column name="vtb">NULL</column>
            <column name="gazprom">NULL</column>
            <column name="alfabank">NULL</column>
            <column name="bankmoskvy">NULL</column>
            <column name="raiffeisen">NULL</column>
            <column name="uralsib">NULL</column>
            <column name="rshb">NULL</column>
        </table>
        <table name="bank">
            <column name="id">1577</column>
            <column name="twitid">494474073930350000</column>
            <column name="date">1406726780</column>
            <column name="name">jurik8887882</column>
            <column name="text">США ввели санкции против ВТБ, &quot;Банка Москвы&quot; и &quot;Россельхозбанка&quot; США расширили санкции на три российских банка: &quot;Россельхозбанк&quot;,</column>
            <column name="sberbank">NULL</column>
            <column name="vtb">-1</column>
            <column name="gazprom">NULL</column>
            <column name="alfabank">NULL</column>
            <column name="bankmoskvy">-1</column>
            <column name="raiffeisen">NULL</column>
            <column name="uralsib">NULL</column>
            <column name="rshb">-1</column>
        </table>
        <table name="bank">
            <column name="id">1578</column>
            <column name="twitid">494474549229260000</column>
            <column name="date">1406726894</column>
            <column name="name">castillocmranee</column>
            <column name="text">Как рассчитать кредит в втб 24 http://t.co/RzwJ6HG1Jd</column>
            <column name="sberbank">NULL</column>
            <column name="vtb">0</column>
            <column name="gazprom">NULL</column>
            <column name="alfabank">NULL</column>
            <column name="bankmoskvy">NULL</column>
            <column name="raiffeisen">NULL</column>
            <column name="uralsib">NULL</column>
            <column name="rshb">NULL</column>
        </table>
        <table name="bank">
            <column name="id">1579</column>
            <column name="twitid">494475793381470000</column>
            <column name="date">1406727190</column>
            <column name="name">EKazakova13</column>
            <column name="text">Международные платежные системы Visa и MasterCard не станут блокировать карты, выпущенные Банком Москвы, ВТБ и Россельхозбанком. Новый паке</column>
            <column name="sberbank">NULL</column>
            <column name="vtb">0</column>
            <column name="gazprom">NULL</column>
            <column name="alfabank">NULL</column>
            <column name="bankmoskvy">NULL</column>
            <column name="raiffeisen">NULL</column>
            <column name="uralsib">NULL</column>
            <column name="rshb">0</column>
        </table>
        <table name="bank">
            <column name="id">1580</column>
            <column name="twitid">494476224035840000</column>
            <column name="date">1406727293</column>
            <column name="name">AIvashenko47</column>
            <column name="text">Международные платежные системы Visa и MasterCard не станут блокировать карты, выпущенные Банком Москвы, ВТБ и Россельхозбанком. Об этом аг</column>
            <column name="sberbank">NULL</column>
            <column name="vtb">0</column>
            <column name="gazprom">NULL</column>
            <column name="alfabank">NULL</column>
            <column name="bankmoskvy">NULL</column>
            <column name="raiffeisen">NULL</column>
            <column name="uralsib">NULL</column>
            <column name="rshb">0</column>
        </table>
        <table name="bank">
            <column name="id">1581</column>
            <column name="twitid">494476651397670000</column>
            <column name="date">1406727395</column>
            <column name="name">rinakxhtremilla</column>
            <column name="text">Форма анкеты заявки на кредит в сбербанк http://t.co/rQG74uhvPu</column>
            <column name="sberbank">0</column>
            <column name="vtb">NULL</column>
            <column name="gazprom">NULL</column>
            <column name="alfabank">NULL</column>
            <column name="bankmoskvy">NULL</column>
            <column name="raiffeisen">NULL</column>
            <column name="uralsib">NULL</column>
            <column name="rshb">NULL</column>
        </table>
        <table name="bank">
            <column name="id">1582</column>
            <column name="twitid">494477681249890000</column>
            <column name="date">1406727640</column>
            <column name="name">forciritanip</column>
            <column name="text">http://t.co/psQHM9BQ8D рефинансирование кредитов в втб 24 калькулятор</column>
            <column name="sberbank">NULL</column>
            <column name="vtb">0</column>
            <column name="gazprom">NULL</column>
            <column name="alfabank">NULL</column>
            <column name="bankmoskvy">NULL</column>
            <column name="raiffeisen">NULL</column>
            <column name="uralsib">NULL</column>
            <column name="rshb">NULL</column>
        </table>
        <table name="bank">
            <column name="id">1583</column>
            <column name="twitid">494478042367270000</column>
            <column name="date">1406727726</column>
            <column name="name">NOsipova22</column>
            <column name="text">УрБК, Москва, 30.07.2014. Центробанк РФ заявил, что готов предпринять шаги, направленные на поддержку ВТБ, Россельхозбанка и Банка Москвы в</column>
            <column name="sberbank">NULL</column>
            <column name="vtb">0</column>
            <column name="gazprom">NULL</column>
            <column name="alfabank">NULL</column>
            <column name="bankmoskvy">0</column>
            <column name="raiffeisen">NULL</column>
            <column name="uralsib">NULL</column>
            <column name="rshb">0</column>
        </table>
        <table name="bank">
            <column name="id">1584</column>
            <column name="twitid">494478140434310000</column>
            <column name="date">1406727750</column>
            <column name="name">harriettwxnshav</column>
            <column name="text">Состояние кредита в альфа банке http://t.co/NpQwZfyXZl</column>
            <column name="sberbank">NULL</column>
            <column name="vtb">NULL</column>
            <column name="gazprom">NULL</column>
            <column name="alfabank">0</column>
            <column name="bankmoskvy">NULL</column>
            <column name="raiffeisen">NULL</column>
            <column name="uralsib">NULL</column>
            <column name="rshb">NULL</column>
        </table>
        <table name="bank">
            <column name="id">1585</column>
            <column name="twitid">494480382403030000</column>
            <column name="date">1406728284</column>
            <column name="name">fogexg81</column>
            <column name="text">http://t.co/JDZtau5h1J Взять кредит сбербанк официальный сайт</column>
            <column name="sberbank">0</column>
            <column name="vtb">NULL</column>
            <column name="gazprom">NULL</column>
            <column name="alfabank">NULL</column>
            <column name="bankmoskvy">NULL</column>
            <column name="raiffeisen">NULL</column>
            <column name="uralsib">NULL</column>
            <column name="rshb">NULL</column>
        </table>
        <table name="bank">
            <column name="id">1586</column>
            <column name="twitid">494480719771870000</column>
            <column name="date">1406728365</column>
            <column name="name">doradoSu</column>
            <column name="text">http://t.co/8XSqCiA3CE Сбербанк россии как получить кредит на развитие</column>
            <column name="sberbank">0</column>
            <column name="vtb">NULL</column>
            <column name="gazprom">NULL</column>
            <column name="alfabank">NULL</column>
            <column name="bankmoskvy">NULL</column>
            <column name="raiffeisen">NULL</column>
            <column name="uralsib">NULL</column>
            <column name="rshb">NULL</column>
        </table>
        <table name="bank">
            <column name="id">1587</column>
            <column name="twitid">494480719800840000</column>
            <column name="date">1406728365</column>
            <column name="name">accoocawebkax</column>
            <column name="text">http://t.co/4Nuao5ekHi сбербанк кредит без справок и поручителей</column>
            <column name="sberbank">0</column>
            <column name="vtb">NULL</column>
            <column name="gazprom">NULL</column>
            <column name="alfabank">NULL</column>
            <column name="bankmoskvy">NULL</column>
            <column name="raiffeisen">NULL</column>
            <column name="uralsib">NULL</column>
            <column name="rshb">NULL</column>
        </table>
        <table name="bank">
            <column name="id">1588</column>
            <column name="twitid">494481102447610000</column>
            <column name="date">1406728456</column>
            <column name="name">lyrycare</column>
            <column name="text">Потребительские кредиты в банке втб 24 http://t.co/pO7EtYxll0</column>
            <column name="sberbank">NULL</column>
            <column name="vtb">0</column>
            <column name="gazprom">NULL</column>
            <column name="alfabank">NULL</column>
            <column name="bankmoskvy">NULL</column>
            <column name="raiffeisen">NULL</column>
            <column name="uralsib">NULL</column>
            <column name="rshb">NULL</column>
        </table>
        <table name="bank">
            <column name="id">1589</column>
            <column name="twitid">494481717785540000</column>
            <column name="date">1406728603</column>
            <column name="name">kurilka_banka</column>
            <column name="text">ЦБ поддержит @vtb и @sberbank, попавшие под санкции. Мы закроем все остальные банки!!!</column>
            <column name="sberbank">+-</column>
            <column name="vtb">+-</column>
            <column name="gazprom">NULL</column>
            <column name="alfabank">NULL</column>
            <column name="bankmoskvy">NULL</column>
            <column name="raiffeisen">NULL</column>
            <column name="uralsib">NULL</column>
            <column name="rshb">NULL</column>
        </table>
        <table name="bank">
            <column name="id">1590</column>
            <column name="twitid">494482649818600000</column>
            <column name="date">1406728825</column>
            <column name="name">evTwifor</column>
            <column name="text">http://t.co/N0zamn3KMP Взять кредит в райффайзенбанке через интернет</column>
            <column name="sberbank">NULL</column>
            <column name="vtb">NULL</column>
            <column name="gazprom">NULL</column>
            <column name="alfabank">NULL</column>
            <column name="bankmoskvy">NULL</column>
            <column name="raiffeisen">0</column>
            <column name="uralsib">NULL</column>
            <column name="rshb">NULL</column>
        </table>
        <table name="bank">
            <column name="id">1591</column>
            <column name="twitid">494485250169660000</column>
            <column name="date">1406729445</column>
            <column name="name">ineinchuhc</column>
            <column name="text">Перечень документов в сбербанк для кредита http://t.co/0kX6s8I69z</column>
            <column name="sberbank">0</column>
            <column name="vtb">NULL</column>
            <column name="gazprom">NULL</column>
            <column name="alfabank">NULL</column>
            <column name="bankmoskvy">NULL</column>
            <column name="raiffeisen">NULL</column>
            <column name="uralsib">NULL</column>
            <column name="rshb">NULL</column>
        </table>
        <table name="bank">
            <column name="id">1592</column>
            <column name="twitid">494485380780280000</column>
            <column name="date">1406729476</column>
            <column name="name">wibinlfast</column>
            <column name="text">http://t.co/PQaA2xo0Eo Взять кредит сбербанк нижний тагил</column>
            <column name="sberbank">0</column>
            <column name="vtb">NULL</column>
            <column name="gazprom">NULL</column>
            <column name="alfabank">NULL</column>
            <column name="bankmoskvy">NULL</column>
            <column name="raiffeisen">NULL</column>
            <column name="uralsib">NULL</column>
            <column name="rshb">NULL</column>
        </table>
        <table name="bank">
            <column name="id">1593</column>
            <column name="twitid">494486136069550000</column>
            <column name="date">1406729656</column>
            <column name="name">ALitvinova12</column>
            <column name="text">«Райффайзен Банк Аваль» заберет у украинского импортера люксовых автомобилей три Lamborghini Gallardo</column>
            <column name="sberbank">NULL</column>
            <column name="vtb">NULL</column>
            <column name="gazprom">NULL</column>
            <column name="alfabank">NULL</column>
            <column name="bankmoskvy">NULL</column>
            <column name="raiffeisen">0</column>
            <column name="uralsib">NULL</column>
            <column name="rshb">NULL</column>
        </table>
        <table name="bank">
            <column name="id">1594</column>
            <column name="twitid">494487475923200000</column>
            <column name="date">1406729976</column>
            <column name="name">pratlicuquar198</column>
            <column name="text">Речь о ВТБ, Банке Москвы и Россельхозбанке.</column>
            <column name="sberbank">NULL</column>
            <column name="vtb">0</column>
            <column name="gazprom">NULL</column>
            <column name="alfabank">NULL</column>
            <column name="bankmoskvy">0</column>
            <column name="raiffeisen">NULL</column>
            <column name="uralsib">NULL</column>
            <column name="rshb">0</column>
        </table>
        <table name="bank">
            <column name="id">1595</column>
            <column name="twitid">494487705732940000</column>
            <column name="date">1406730030</column>
            <column name="name">nerssuzeroutig</column>
            <column name="text">http://t.co/Gu1uLcF1Eu газпромбанк в омске кредиты</column>
            <column name="sberbank">NULL</column>
            <column name="vtb">NULL</column>
            <column name="gazprom">0</column>
            <column name="alfabank">NULL</column>
            <column name="bankmoskvy">NULL</column>
            <column name="raiffeisen">NULL</column>
            <column name="uralsib">NULL</column>
            <column name="rshb">NULL</column>
        </table>
        <table name="bank">
            <column name="id">1596</column>
            <column name="twitid">494488498527680000</column>
            <column name="date">1406730219</column>
            <column name="name">ulgegidownto</column>
            <column name="text">http://t.co/iU1Lxyrw0N автокредит в втб 24 калькулятор</column>
            <column name="sberbank">NULL</column>
            <column name="vtb">0</column>
            <column name="gazprom">NULL</column>
            <column name="alfabank">NULL</column>
            <column name="bankmoskvy">NULL</column>
            <column name="raiffeisen">NULL</column>
            <column name="uralsib">NULL</column>
            <column name="rshb">NULL</column>
        </table>
        <table name="bank">
            <column name="id">1597</column>
            <column name="twitid">494490522048680000</column>
            <column name="date">1406730702</column>
            <column name="name">Kidomarusego</column>
            <column name="text">Россельхозбанк может обратиться за помощью из-за санкций</column>
            <column name="sberbank">NULL</column>
            <column name="vtb">NULL</column>
            <column name="gazprom">NULL</column>
            <column name="alfabank">NULL</column>
            <column name="bankmoskvy">NULL</column>
            <column name="raiffeisen">NULL</column>
            <column name="uralsib">NULL</column>
            <column name="rshb">0</column>
        </table>
        <table name="bank">
            <column name="id">1598</column>
            <column name="twitid">494490788966180000</column>
            <column name="date">1406730765</column>
            <column name="name">KMorozov53</column>
            <column name="text">США закрыли доступ на свой рынок капитала для трёх российских госбанков - ВТБ, Банка Москвы и Россельхозбанка. О введении против них сектор</column>
            <column name="sberbank">NULL</column>
            <column name="vtb">-1</column>
            <column name="gazprom">NULL</column>
            <column name="alfabank">NULL</column>
            <column name="bankmoskvy">-1</column>
            <column name="raiffeisen">NULL</column>
            <column name="uralsib">NULL</column>
            <column name="rshb">-1</column>
        </table>
        <table name="bank">
            <column name="id">1599</column>
            <column name="twitid">494491427439900000</column>
            <column name="date">1406730918</column>
            <column name="name">selliKui</column>
            <column name="text">http://t.co/GAMv4pSHme сбербанк процентные ставки на потребительский кредит</column>
            <column name="sberbank">0</column>
            <column name="vtb">NULL</column>
            <column name="gazprom">NULL</column>
            <column name="alfabank">NULL</column>
            <column name="bankmoskvy">NULL</column>
            <column name="raiffeisen">NULL</column>
            <column name="uralsib">NULL</column>
            <column name="rshb">NULL</column>
        </table>
        <table name="bank">
            <column name="id">1600</column>
            <column name="twitid">494491660358000000</column>
            <column name="date">1406730973</column>
            <column name="name">ABragina44</column>
            <column name="text">Россельхозбанк поддержит Госпрограммы развития АПК на 2,5 трлн рублей. Это объём кредитов, выданных Россельхозбанком на 1 июля в рамках реа</column>
            <column name="sberbank">NULL</column>
            <column name="vtb">NULL</column>
            <column name="gazprom">NULL</column>
            <column name="alfabank">NULL</column>
            <column name="bankmoskvy">NULL</column>
            <column name="raiffeisen">NULL</column>
            <column name="uralsib">NULL</column>
            <column name="rshb">1</column>
        </table>
    </database>
</pma_xml_export>