<?xml version="1.0" encoding="utf-8"?>
<!--
- phpMyAdmin XML Dump
- version 4.0.4.1
- http://www.phpmyadmin.net
-
- Хост: localhost
- Время создания: Окт 28 2014 г., 09:03
- Версия сервера: 5.6.12
- Версия PHP: 5.5.3
-->
<pma_xml_export version="1.0" xmlns:pma="http://www.phpmyadmin.net/some_doc_url/">
  <!--
    - Structure schemas
    -->
  <pma:structure_schemas>
    <pma:database name="Romip" collation="utf8_general_ci" charset="utf8">
      <pma:table name="bank">
                CREATE TABLE `bank` (
                  `id` int(11) NOT NULL AUTO_INCREMENT,
                  `twitid` bigint(32) NOT NULL DEFAULT '0',
                  `date` varchar(128) DEFAULT NULL,
                  `name` varchar(128) DEFAULT NULL,
                  `text` varchar(256) DEFAULT NULL,
                  `sberbank` int(11) DEFAULT NULL,
                  `vtb` int(11) DEFAULT NULL,
                  `gazprom` int(11) DEFAULT NULL,
                  `alfabank` int(11) DEFAULT NULL,
                  `bankmoskvy` int(11) DEFAULT NULL,
                  `raiffeisen` int(11) DEFAULT NULL,
                  `uralsib` int(11) DEFAULT NULL,
                  `rshb` int(11) DEFAULT NULL,
                  PRIMARY KEY (`id`),
                  UNIQUE KEY `id` (`twitid`)
                ) ENGINE=InnoDB AUTO_INCREMENT=7924 DEFAULT CHARSET=utf8;
            </pma:table>
    </pma:database>
  </pma:structure_schemas>
  <!--
    - База данных: 'Romip'
    -->
  <database name="Romip">
    <!-- Таблица bank -->
    <table name="bank">
      <column name="id">301</column>
      <column name="twitid">493236343750010000</column>
      <column name="date">1406431682</column>
      <column name="name">Agafonovdiscesl</column>
      <column name="text">RT @sawhxf: Вывожу и обмениваю з Webmoney , qiwi , Яндекс деньги , PM , на на Приватбанк, Альфа-Банк, ВТБ24, СберБанк и другие...- Очень вы…</column>
      <column name="sberbank">0</column>
      <column name="vtb">0</column>
      <column name="gazprom">NULL</column>
      <column name="alfabank">0</column>
      <column name="bankmoskvy">NULL</column>
      <column name="raiffeisen">NULL</column>
      <column name="uralsib">NULL</column>
      <column name="rshb">NULL</column>
    </table>
    <table name="bank">
      <column name="id">302</column>
      <column name="twitid">493237382893020000</column>
      <column name="date">1406431930</column>
      <column name="name">builymumac</column>
      <column name="text">Банк ВТБ 24 повысил ставки по трем вкладам в рублях http://t.co/1cJshTzRDa</column>
      <column name="sberbank">NULL</column>
      <column name="vtb">1</column>
      <column name="gazprom">NULL</column>
      <column name="alfabank">NULL</column>
      <column name="bankmoskvy">NULL</column>
      <column name="raiffeisen">NULL</column>
      <column name="uralsib">NULL</column>
      <column name="rshb">NULL</column>
    </table>
    <table name="bank">
      <column name="id">303</column>
      <column name="twitid">493240275889050000</column>
      <column name="date">1406432620</column>
      <column name="name">mila_zhadobina</column>
      <column name="text">1 ноября 2013 года Сбербанк России запустил программу, в рамках которой клиенты – физические лица, допустившую просрочку по своей задолженн</column>
      <column name="sberbank">0</column>
      <column name="vtb">NULL</column>
      <column name="gazprom">NULL</column>
      <column name="alfabank">NULL</column>
      <column name="bankmoskvy">NULL</column>
      <column name="raiffeisen">NULL</column>
      <column name="uralsib">NULL</column>
      <column name="rshb">NULL</column>
    </table>
    <table name="bank">
      <column name="id">304</column>
      <column name="twitid">493247002889980000</column>
      <column name="date">1406434224</column>
      <column name="name">STarasov14</column>
      <column name="text">Клиенты Сбербанка России временно не смогут пользоваться карточками. Сбербанк приостановил работу карт по всей России, включая Кубань.</column>
      <column name="sberbank">-1</column>
      <column name="vtb">NULL</column>
      <column name="gazprom">NULL</column>
      <column name="alfabank">NULL</column>
      <column name="bankmoskvy">NULL</column>
      <column name="raiffeisen">NULL</column>
      <column name="uralsib">NULL</column>
      <column name="rshb">NULL</column>
    </table>
    <table name="bank">
      <column name="id">305</column>
      <column name="twitid">493254451956690000</column>
      <column name="date">1406436000</column>
      <column name="name">TaylorYulia</column>
      <column name="text">Сбербанк москвы программа молодая семья - http://t.co/Q40QC5o8v8.</column>
      <column name="sberbank">0</column>
      <column name="vtb">NULL</column>
      <column name="gazprom">NULL</column>
      <column name="alfabank">NULL</column>
      <column name="bankmoskvy">0</column>
      <column name="raiffeisen">NULL</column>
      <column name="uralsib">NULL</column>
      <column name="rshb">NULL</column>
    </table>
    <table name="bank">
      <column name="id">306</column>
      <column name="twitid">493255353866680000</column>
      <column name="date">1406436215</column>
      <column name="name">mysaala49</column>
      <column name="text">Сбербанк предоставил своим клиентам возможность самостоятельной регистрации в Сбербанк Онлайн</column>
      <column name="sberbank">1</column>
      <column name="vtb">NULL</column>
      <column name="gazprom">NULL</column>
      <column name="alfabank">NULL</column>
      <column name="bankmoskvy">NULL</column>
      <column name="raiffeisen">NULL</column>
      <column name="uralsib">NULL</column>
      <column name="rshb">NULL</column>
    </table>
    <table name="bank">
      <column name="id">307</column>
      <column name="twitid">493257789163450000</column>
      <column name="date">1406436795</column>
      <column name="name">Pkawka91</column>
      <column name="text">@russia_sberbank Начнёт администрация думать голой.
http://t.co/tNK0V39zvy</column>
      <column name="sberbank">-1</column>
      <column name="vtb">NULL</column>
      <column name="gazprom">NULL</column>
      <column name="alfabank">NULL</column>
      <column name="bankmoskvy">NULL</column>
      <column name="raiffeisen">NULL</column>
      <column name="uralsib">NULL</column>
      <column name="rshb">NULL</column>
    </table>
    <table name="bank">
      <column name="id">308</column>
      <column name="twitid">493260304093300000</column>
      <column name="date">1406437395</column>
      <column name="name">perscepetan1972</column>
      <column name="text">А мы как раз сегодня получили от юристов информацию, что ЕС и США вводят еще санкции против рос компаний, в том числе Газпромбанк, втб и др.</column>
      <column name="sberbank">NULL</column>
      <column name="vtb">-1</column>
      <column name="gazprom">-1</column>
      <column name="alfabank">NULL</column>
      <column name="bankmoskvy">NULL</column>
      <column name="raiffeisen">NULL</column>
      <column name="uralsib">NULL</column>
      <column name="rshb">NULL</column>
    </table>
    <table name="bank">
      <column name="id">309</column>
      <column name="twitid">493263609980810000</column>
      <column name="date">1406438183</column>
      <column name="name">tnibkiljvu</column>
      <column name="text">http://t.co/vK8O4vydg3 Как получить кредитную карту россельхозбанка</column>
      <column name="sberbank">NULL</column>
      <column name="vtb">NULL</column>
      <column name="gazprom">NULL</column>
      <column name="alfabank">NULL</column>
      <column name="bankmoskvy">NULL</column>
      <column name="raiffeisen">NULL</column>
      <column name="uralsib">NULL</column>
      <column name="rshb">0</column>
    </table>
    <table name="bank">
      <column name="id">310</column>
      <column name="twitid">493264082305180000</column>
      <column name="date">1406438296</column>
      <column name="name">kitsun_nik</column>
      <column name="text">Реструктуризация кредита в ВТБ 24 http://t.co/XoKCXqYmM3</column>
      <column name="sberbank">NULL</column>
      <column name="vtb">0</column>
      <column name="gazprom">NULL</column>
      <column name="alfabank">NULL</column>
      <column name="bankmoskvy">NULL</column>
      <column name="raiffeisen">NULL</column>
      <column name="uralsib">NULL</column>
      <column name="rshb">NULL</column>
    </table>
    <table name="bank">
      <column name="id">311</column>
      <column name="twitid">493264773904350000</column>
      <column name="date">1406438461</column>
      <column name="name">liaSideris</column>
      <column name="text">http://t.co/rS77DbxENv Взять кредит в банке газпромбанк</column>
      <column name="sberbank">NULL</column>
      <column name="vtb">NULL</column>
      <column name="gazprom">0</column>
      <column name="alfabank">NULL</column>
      <column name="bankmoskvy">NULL</column>
      <column name="raiffeisen">NULL</column>
      <column name="uralsib">NULL</column>
      <column name="rshb">NULL</column>
    </table>
    <table name="bank">
      <column name="id">312</column>
      <column name="twitid">493268116202220000</column>
      <column name="date">1406439258</column>
      <column name="name">jujyqadyhic</column>
      <column name="text">http://t.co/RONISGwDh1 Сбербанк поможет своему должнику построить Керченский мост</column>
      <column name="sberbank">1</column>
      <column name="vtb">NULL</column>
      <column name="gazprom">NULL</column>
      <column name="alfabank">NULL</column>
      <column name="bankmoskvy">NULL</column>
      <column name="raiffeisen">NULL</column>
      <column name="uralsib">NULL</column>
      <column name="rshb">NULL</column>
    </table>
    <table name="bank">
      <column name="id">313</column>
      <column name="twitid">493269039117270000</column>
      <column name="date">1406439478</column>
      <column name="name">dshurpin</column>
      <column name="text">RT @androshhenko79: #Бланки Для Оформления Кредита В Россельхозбанке Читинской Области http://t.co/FFoL6YnJd8</column>
      <column name="sberbank">NULL</column>
      <column name="vtb">NULL</column>
      <column name="gazprom">NULL</column>
      <column name="alfabank">NULL</column>
      <column name="bankmoskvy">NULL</column>
      <column name="raiffeisen">NULL</column>
      <column name="uralsib">NULL</column>
      <column name="rshb">0</column>
    </table>
    <table name="bank">
      <column name="id">314</column>
      <column name="twitid">493272206667830000</column>
      <column name="date">1406440233</column>
      <column name="name">mpleGuerr</column>
      <column name="text">образец заявления в сбербанк о возврате денег излишне удержанной http://t.co/8dnukzy5c6 #удержанной #денег</column>
      <column name="sberbank">0</column>
      <column name="vtb">NULL</column>
      <column name="gazprom">NULL</column>
      <column name="alfabank">NULL</column>
      <column name="bankmoskvy">NULL</column>
      <column name="raiffeisen">NULL</column>
      <column name="uralsib">NULL</column>
      <column name="rshb">NULL</column>
    </table>
    <table name="bank">
      <column name="id">315</column>
      <column name="twitid">493272783032680000</column>
      <column name="date">1406440370</column>
      <column name="name">erdreStor</column>
      <column name="text">http://t.co/un5eFstpeW Газпромбанк усинск получить кредит процентные ставки</column>
      <column name="sberbank">NULL</column>
      <column name="vtb">NULL</column>
      <column name="gazprom">0</column>
      <column name="alfabank">NULL</column>
      <column name="bankmoskvy">NULL</column>
      <column name="raiffeisen">NULL</column>
      <column name="uralsib">NULL</column>
      <column name="rshb">NULL</column>
    </table>
    <table name="bank">
      <column name="id">316</column>
      <column name="twitid">493274049146260000</column>
      <column name="date">1406440672</column>
      <column name="name">topaqlasui</column>
      <column name="text">http://t.co/voFPIajKg3 Взять кредит сбербанк сургут</column>
      <column name="sberbank">0</column>
      <column name="vtb">NULL</column>
      <column name="gazprom">NULL</column>
      <column name="alfabank">NULL</column>
      <column name="bankmoskvy">NULL</column>
      <column name="raiffeisen">NULL</column>
      <column name="uralsib">NULL</column>
      <column name="rshb">NULL</column>
    </table>
    <table name="bank">
      <column name="id">317</column>
      <column name="twitid">493276289554330000</column>
      <column name="date">1406441206</column>
      <column name="name">fenylyy48</column>
      <column name="text">образец заполнения заявки на потребительский кредит сбербанк http://t.co/n80vBLDL3U #заполнения #кредит</column>
      <column name="sberbank">0</column>
      <column name="vtb">NULL</column>
      <column name="gazprom">NULL</column>
      <column name="alfabank">NULL</column>
      <column name="bankmoskvy">NULL</column>
      <column name="raiffeisen">NULL</column>
      <column name="uralsib">NULL</column>
      <column name="rshb">NULL</column>
    </table>
    <table name="bank">
      <column name="id">318</column>
      <column name="twitid">493278428465210000</column>
      <column name="date">1406441716</column>
      <column name="name">rioculecpa1974</column>
      <column name="text">25 июля 2014 года в Марийском филиале Россельхозбанка стартует акция «Ипотечный десант», в рамках которой специалисты Банка в удобном для В</column>
      <column name="sberbank">NULL</column>
      <column name="vtb">NULL</column>
      <column name="gazprom">NULL</column>
      <column name="alfabank">NULL</column>
      <column name="bankmoskvy">NULL</column>
      <column name="raiffeisen">NULL</column>
      <column name="uralsib">NULL</column>
      <column name="rshb">0</column>
    </table>
    <table name="bank">
      <column name="id">319</column>
      <column name="twitid">493279339182830000</column>
      <column name="date">1406441933</column>
      <column name="name">topaqlasui</column>
      <column name="text">http://t.co/d1muKumJB1 Взять кредит в россельхозбанке город можга</column>
      <column name="sberbank">NULL</column>
      <column name="vtb">NULL</column>
      <column name="gazprom">NULL</column>
      <column name="alfabank">NULL</column>
      <column name="bankmoskvy">NULL</column>
      <column name="raiffeisen">NULL</column>
      <column name="uralsib">NULL</column>
      <column name="rshb">0</column>
    </table>
    <table name="bank">
      <column name="id">320</column>
      <column name="twitid">493279386389730000</column>
      <column name="date">1406441945</column>
      <column name="name">agipaoyuvg</column>
      <column name="text">http://t.co/IkRe42n8e8 Как взять кредит в газпромбанке в дзержинске</column>
      <column name="sberbank">NULL</column>
      <column name="vtb">NULL</column>
      <column name="gazprom">0</column>
      <column name="alfabank">NULL</column>
      <column name="bankmoskvy">NULL</column>
      <column name="raiffeisen">NULL</column>
      <column name="uralsib">NULL</column>
      <column name="rshb">NULL</column>
    </table>
    <table name="bank">
      <column name="id">321</column>
      <column name="twitid">493279514307600000</column>
      <column name="date">1406441975</column>
      <column name="name">KLipatov49</column>
      <column name="text">Поволжский Сбербанк проведет семинар по брокерскому обслуживанию.Сотрудники Банка расскажут, как грамотно инвестировать в рынок ценных бума</column>
      <column name="sberbank">0</column>
      <column name="vtb">NULL</column>
      <column name="gazprom">NULL</column>
      <column name="alfabank">NULL</column>
      <column name="bankmoskvy">NULL</column>
      <column name="raiffeisen">NULL</column>
      <column name="uralsib">NULL</column>
      <column name="rshb">NULL</column>
    </table>
    <table name="bank">
      <column name="id">322</column>
      <column name="twitid">493279769476490000</column>
      <column name="date">1406442036</column>
      <column name="name">ALyubimova57</column>
      <column name="text">Санкции против Роснефти новатека вэба и газпромбанка не означают запрет на деятельность или заморозку активов</column>
      <column name="sberbank">NULL</column>
      <column name="vtb">NULL</column>
      <column name="gazprom">1</column>
      <column name="alfabank">NULL</column>
      <column name="bankmoskvy">NULL</column>
      <column name="raiffeisen">NULL</column>
      <column name="uralsib">NULL</column>
      <column name="rshb">NULL</column>
    </table>
    <table name="bank">
      <column name="id">323</column>
      <column name="twitid">493282063169370000</column>
      <column name="date">1406442583</column>
      <column name="name">llinsPowel</column>
      <column name="text">http://t.co/oWJWCCDQiK Взять кредит сбербанк условия</column>
      <column name="sberbank">0</column>
      <column name="vtb">NULL</column>
      <column name="gazprom">NULL</column>
      <column name="alfabank">NULL</column>
      <column name="bankmoskvy">NULL</column>
      <column name="raiffeisen">NULL</column>
      <column name="uralsib">NULL</column>
      <column name="rshb">NULL</column>
    </table>
    <table name="bank">
      <column name="id">324</column>
      <column name="twitid">493283582358850000</column>
      <column name="date">1406442945</column>
      <column name="name">megaanastasiuka</column>
      <column name="text">Поэтому открыл он сбор..закрыл он сбор..какая разница..Я знаю,где стоит банкомат Альфабанка..Антон! Маша! Пусть вам ПОВЕЗЕТ!!</column>
      <column name="sberbank">NULL</column>
      <column name="vtb">NULL</column>
      <column name="gazprom">NULL</column>
      <column name="alfabank">0</column>
      <column name="bankmoskvy">NULL</column>
      <column name="raiffeisen">NULL</column>
      <column name="uralsib">NULL</column>
      <column name="rshb">NULL</column>
    </table>
    <table name="bank">
      <column name="id">325</column>
      <column name="twitid">493284755363080000</column>
      <column name="date">1406443225</column>
      <column name="name">ysorpmey</column>
      <column name="text">http://t.co/8KkVxMcwLJ Взять кредит альфа банк игарка</column>
      <column name="sberbank">NULL</column>
      <column name="vtb">NULL</column>
      <column name="gazprom">NULL</column>
      <column name="alfabank">0</column>
      <column name="bankmoskvy">NULL</column>
      <column name="raiffeisen">NULL</column>
      <column name="uralsib">NULL</column>
      <column name="rshb">NULL</column>
    </table>
    <table name="bank">
      <column name="id">326</column>
      <column name="twitid">493288589833560000</column>
      <column name="date">1406444139</column>
      <column name="name">RPopov26</column>
      <column name="text">Россельхозбанк в рамках совместного благотворительного проекта с Автономной некоммерческой организацией «Центр по изучению и сохранению поп</column>
      <column name="sberbank">NULL</column>
      <column name="vtb">NULL</column>
      <column name="gazprom">NULL</column>
      <column name="alfabank">NULL</column>
      <column name="bankmoskvy">NULL</column>
      <column name="raiffeisen">NULL</column>
      <column name="uralsib">NULL</column>
      <column name="rshb">0</column>
    </table>
    <table name="bank">
      <column name="id">327</column>
      <column name="twitid">493288624948260000</column>
      <column name="date">1406444147</column>
      <column name="name">sasharyabik</column>
      <column name="text">Гребанный банк Москвы,пожалуйста хватит мне звонить на рабочий!
Суки,ну в воскресенье то за что?!</column>
      <column name="sberbank">NULL</column>
      <column name="vtb">NULL</column>
      <column name="gazprom">NULL</column>
      <column name="alfabank">NULL</column>
      <column name="bankmoskvy">-1</column>
      <column name="raiffeisen">NULL</column>
      <column name="uralsib">NULL</column>
      <column name="rshb">NULL</column>
    </table>
    <table name="bank">
      <column name="id">328</column>
      <column name="twitid">493289993100480000</column>
      <column name="date">1406444473</column>
      <column name="name">insuranceru</column>
      <column name="text">«Россельхозбанк» предлагает своим клиентам индивидуальные сейфовые ячейки - Новая Сибирь</column>
      <column name="sberbank">NULL</column>
      <column name="vtb">NULL</column>
      <column name="gazprom">NULL</column>
      <column name="alfabank">NULL</column>
      <column name="bankmoskvy">NULL</column>
      <column name="raiffeisen">NULL</column>
      <column name="uralsib">NULL</column>
      <column name="rshb">0</column>
    </table>
    <table name="bank">
      <column name="id">329</column>
      <column name="twitid">493296827689890000</column>
      <column name="date">1406446103</column>
      <column name="name">isserBell</column>
      <column name="text">http://t.co/pwenCIGnkE Втб 24 оформить кредитную карту онлайн кослан</column>
      <column name="sberbank">NULL</column>
      <column name="vtb">0</column>
      <column name="gazprom">NULL</column>
      <column name="alfabank">NULL</column>
      <column name="bankmoskvy">NULL</column>
      <column name="raiffeisen">NULL</column>
      <column name="uralsib">NULL</column>
      <column name="rshb">NULL</column>
    </table>
    <table name="bank">
      <column name="id">330</column>
      <column name="twitid">493297698100220000</column>
      <column name="date">1406446310</column>
      <column name="name">ogroshikova</column>
      <column name="text">RT @Forum_seliger: #Сбербанк России не только установили банкомат на форуме, но и провели футбольный турнир! #Селигер2014 http://t.co/viFDi…</column>
      <column name="sberbank">1</column>
      <column name="vtb">NULL</column>
      <column name="gazprom">NULL</column>
      <column name="alfabank">NULL</column>
      <column name="bankmoskvy">NULL</column>
      <column name="raiffeisen">NULL</column>
      <column name="uralsib">NULL</column>
      <column name="rshb">NULL</column>
    </table>
    <table name="bank">
      <column name="id">331</column>
      <column name="twitid">493298127596960000</column>
      <column name="date">1406446413</column>
      <column name="name">tnibkiljvu</column>
      <column name="text">http://t.co/JMvJWxgAj6 Райффайзен взять кредит банк</column>
      <column name="sberbank">NULL</column>
      <column name="vtb">NULL</column>
      <column name="gazprom">NULL</column>
      <column name="alfabank">NULL</column>
      <column name="bankmoskvy">NULL</column>
      <column name="raiffeisen">0</column>
      <column name="uralsib">NULL</column>
      <column name="rshb">NULL</column>
    </table>
    <table name="bank">
      <column name="id">332</column>
      <column name="twitid">493300020465390000</column>
      <column name="date">1406446864</column>
      <column name="name">kavalerovmaks</column>
      <column name="text">с Альфа-кликом у меня как-то сразу не сложилось)) тогда мне проще через банк.</column>
      <column name="sberbank">NULL</column>
      <column name="vtb">NULL</column>
      <column name="gazprom">NULL</column>
      <column name="alfabank">-1</column>
      <column name="bankmoskvy">NULL</column>
      <column name="raiffeisen">NULL</column>
      <column name="uralsib">NULL</column>
      <column name="rshb">NULL</column>
    </table>
    <table name="bank">
      <column name="id">333</column>
      <column name="twitid">493309678341060000</column>
      <column name="date">1406449167</column>
      <column name="name">KLazareva54</column>
      <column name="text">Сбербанк и ВТБ24 повышают проценты по вкладам.Госбанки догоняют рынок: Сбербанк 23 июня повысил ставки по отдельным видам вкладов - онлайн-</column>
      <column name="sberbank">1</column>
      <column name="vtb">1</column>
      <column name="gazprom">NULL</column>
      <column name="alfabank">NULL</column>
      <column name="bankmoskvy">NULL</column>
      <column name="raiffeisen">NULL</column>
      <column name="uralsib">NULL</column>
      <column name="rshb">NULL</column>
    </table>
    <table name="bank">
      <column name="id">334</column>
      <column name="twitid">493315706646430000</column>
      <column name="date">1406450604</column>
      <column name="name">llinsPowel</column>
      <column name="text">http://t.co/SMuDIMBqMF Взять кредит в в россельхозбанке</column>
      <column name="sberbank">NULL</column>
      <column name="vtb">NULL</column>
      <column name="gazprom">NULL</column>
      <column name="alfabank">NULL</column>
      <column name="bankmoskvy">NULL</column>
      <column name="raiffeisen">NULL</column>
      <column name="uralsib">NULL</column>
      <column name="rshb">0</column>
    </table>
    <table name="bank">
      <column name="id">335</column>
      <column name="twitid">493318484307500000</column>
      <column name="date">1406451266</column>
      <column name="name">Tsytseron</column>
      <column name="text">Хрустальная гарнитура  Сбербанк России http://t.co/ikUPFnpRUf</column>
      <column name="sberbank">0</column>
      <column name="vtb">NULL</column>
      <column name="gazprom">NULL</column>
      <column name="alfabank">NULL</column>
      <column name="bankmoskvy">NULL</column>
      <column name="raiffeisen">NULL</column>
      <column name="uralsib">NULL</column>
      <column name="rshb">NULL</column>
    </table>
    <table name="bank">
      <column name="id">336</column>
      <column name="twitid">493325114013150000</column>
      <column name="date">1406452847</column>
      <column name="name">IKuznetzova27</column>
      <column name="text">Вот! не перестаю повторять: на почте как в сбербанк есть адекватные люди, мне там всегда помогают, если простить нормально</column>
      <column name="sberbank">1</column>
      <column name="vtb">NULL</column>
      <column name="gazprom">NULL</column>
      <column name="alfabank">NULL</column>
      <column name="bankmoskvy">NULL</column>
      <column name="raiffeisen">NULL</column>
      <column name="uralsib">NULL</column>
      <column name="rshb">NULL</column>
    </table>
    <table name="bank">
      <column name="id">337</column>
      <column name="twitid">493326992092460000</column>
      <column name="date">1406453295</column>
      <column name="name">JFedoseeva16</column>
      <column name="text">В преддверии Дня Военно-морского флота, который отмечается 27 июля, Дальневосточный Сбербанк предлагает приобрести памятные монеты с изобра</column>
      <column name="sberbank">0</column>
      <column name="vtb">NULL</column>
      <column name="gazprom">NULL</column>
      <column name="alfabank">NULL</column>
      <column name="bankmoskvy">NULL</column>
      <column name="raiffeisen">NULL</column>
      <column name="uralsib">NULL</column>
      <column name="rshb">NULL</column>
    </table>
    <table name="bank">
      <column name="id">338</column>
      <column name="twitid">493327115862160000</column>
      <column name="date">1406453324</column>
      <column name="name">YuLyubimova27</column>
      <column name="text">Наталья, привет.(можно на ты?) благодаря тебе научилась пользоваться альфа-кликом! попробовала перевести деньги.</column>
      <column name="sberbank">NULL</column>
      <column name="vtb">NULL</column>
      <column name="gazprom">NULL</column>
      <column name="alfabank">0</column>
      <column name="bankmoskvy">NULL</column>
      <column name="raiffeisen">NULL</column>
      <column name="uralsib">NULL</column>
      <column name="rshb">NULL</column>
    </table>
    <table name="bank">
      <column name="id">339</column>
      <column name="twitid">493336350759090000</column>
      <column name="date">1406455526</column>
      <column name="name">Florovmax</column>
      <column name="text">RT @morketolog: Цифра дня: средняя зарплата в Газпромбанке превышает 375 тысяч рублей http://t.co/ybZlJxuwP2 http://t.co/wxDDIgd3Z9</column>
      <column name="sberbank">NULL</column>
      <column name="vtb">NULL</column>
      <column name="gazprom">0</column>
      <column name="alfabank">NULL</column>
      <column name="bankmoskvy">NULL</column>
      <column name="raiffeisen">NULL</column>
      <column name="uralsib">NULL</column>
      <column name="rshb">NULL</column>
    </table>
    <table name="bank">
      <column name="id">340</column>
      <column name="twitid">493337556927680000</column>
      <column name="date">1406455814</column>
      <column name="name">llinsPowel</column>
      <column name="text">http://t.co/dKAEgeoxfH Как взять кредит на покупку трактора россельхозбанк</column>
      <column name="sberbank">NULL</column>
      <column name="vtb">NULL</column>
      <column name="gazprom">NULL</column>
      <column name="alfabank">NULL</column>
      <column name="bankmoskvy">NULL</column>
      <column name="raiffeisen">NULL</column>
      <column name="uralsib">NULL</column>
      <column name="rshb">0</column>
    </table>
    <table name="bank">
      <column name="id">341</column>
      <column name="twitid">493340998370870000</column>
      <column name="date">1406456634</column>
      <column name="name">vijaafexr</column>
      <column name="text">http://t.co/iu1vVUtMj0 Втб 24 как взять кредит кредит</column>
      <column name="sberbank">NULL</column>
      <column name="vtb">0</column>
      <column name="gazprom">NULL</column>
      <column name="alfabank">NULL</column>
      <column name="bankmoskvy">NULL</column>
      <column name="raiffeisen">NULL</column>
      <column name="uralsib">NULL</column>
      <column name="rshb">NULL</column>
    </table>
    <table name="bank">
      <column name="id">342</column>
      <column name="twitid">493341968748260000</column>
      <column name="date">1406456865</column>
      <column name="name">agipaoyuvg</column>
      <column name="text">http://t.co/Rk6wbws0Ub Получить кредит в альфа банке кемерово</column>
      <column name="sberbank">NULL</column>
      <column name="vtb">NULL</column>
      <column name="gazprom">NULL</column>
      <column name="alfabank">0</column>
      <column name="bankmoskvy">NULL</column>
      <column name="raiffeisen">NULL</column>
      <column name="uralsib">NULL</column>
      <column name="rshb">NULL</column>
    </table>
    <table name="bank">
      <column name="id">343</column>
      <column name="twitid">493342443035970000</column>
      <column name="date">1406456978</column>
      <column name="name">KTokarev30</column>
      <column name="text">А по факту - почти в 2 раза больше. При этом наш родной Сбербанк в Европе выдает ипотечные кредиты под 3-4% годовых.</column>
      <column name="sberbank">-1</column>
      <column name="vtb">NULL</column>
      <column name="gazprom">NULL</column>
      <column name="alfabank">NULL</column>
      <column name="bankmoskvy">NULL</column>
      <column name="raiffeisen">NULL</column>
      <column name="uralsib">NULL</column>
      <column name="rshb">NULL</column>
    </table>
    <table name="bank">
      <column name="id">344</column>
      <column name="twitid">493352543045820000</column>
      <column name="date">1406459386</column>
      <column name="name">Nalgeera</column>
      <column name="text">RT @prost62: &quot;@morketolog: Цифра дня: средняя зарплата в Газпромбанке превышает 375 тысяч рублей http://t.co/MVm3XklGbE http://t.co/Cqv3AvB…</column>
      <column name="sberbank">NULL</column>
      <column name="vtb">NULL</column>
      <column name="gazprom">0</column>
      <column name="alfabank">NULL</column>
      <column name="bankmoskvy">NULL</column>
      <column name="raiffeisen">NULL</column>
      <column name="uralsib">NULL</column>
      <column name="rshb">NULL</column>
    </table>
    <table name="bank">
      <column name="id">345</column>
      <column name="twitid">493357163595980000</column>
      <column name="date">1406460488</column>
      <column name="name">agipaoyuvg</column>
      <column name="text">http://t.co/qyqeEiyBep Как взять кредит в альфа банке в николаеве</column>
      <column name="sberbank">NULL</column>
      <column name="vtb">NULL</column>
      <column name="gazprom">NULL</column>
      <column name="alfabank">0</column>
      <column name="bankmoskvy">NULL</column>
      <column name="raiffeisen">NULL</column>
      <column name="uralsib">NULL</column>
      <column name="rshb">NULL</column>
    </table>
    <table name="bank">
      <column name="id">346</column>
      <column name="twitid">493359544680980000</column>
      <column name="date">1406461056</column>
      <column name="name">upasuuro</column>
      <column name="text">заявление-анкета россельхозбанка образец http://t.co/QWw5mX5Xcr #заявление-анкета #образец</column>
      <column name="sberbank">NULL</column>
      <column name="vtb">NULL</column>
      <column name="gazprom">NULL</column>
      <column name="alfabank">NULL</column>
      <column name="bankmoskvy">NULL</column>
      <column name="raiffeisen">NULL</column>
      <column name="uralsib">NULL</column>
      <column name="rshb">0</column>
    </table>
    <table name="bank">
      <column name="id">347</column>
      <column name="twitid">493365741811290000</column>
      <column name="date">1406462533</column>
      <column name="name">denchikdenchik</column>
      <column name="text">Global Finance признал Сбербанк Онлайн лучшим розничным интернет банком в России</column>
      <column name="sberbank">1</column>
      <column name="vtb">NULL</column>
      <column name="gazprom">NULL</column>
      <column name="alfabank">NULL</column>
      <column name="bankmoskvy">NULL</column>
      <column name="raiffeisen">NULL</column>
      <column name="uralsib">NULL</column>
      <column name="rshb">NULL</column>
    </table>
    <table name="bank">
      <column name="id">348</column>
      <column name="twitid">493372911127120000</column>
      <column name="date">1406464243</column>
      <column name="name">sireahTi</column>
      <column name="text">http://t.co/ckl23ISe7Q Втб 24 владимир взять кредит без справки 2 ндфл</column>
      <column name="sberbank">NULL</column>
      <column name="vtb">0</column>
      <column name="gazprom">NULL</column>
      <column name="alfabank">NULL</column>
      <column name="bankmoskvy">NULL</column>
      <column name="raiffeisen">NULL</column>
      <column name="uralsib">NULL</column>
      <column name="rshb">NULL</column>
    </table>
    <table name="bank">
      <column name="id">349</column>
      <column name="twitid">493378213083900000</column>
      <column name="date">1406465507</column>
      <column name="name">vikakhalaleeva</column>
      <column name="text">&quot;Национальное достояние&quot;Цифра дня: средняя зарплата в Газпромбанке превышает 375 тысяч рублей http://t.co/He9lvC5rmX http://t.co/rXYmTH6EYd&quot;</column>
      <column name="sberbank">NULL</column>
      <column name="vtb">NULL</column>
      <column name="gazprom">0</column>
      <column name="alfabank">NULL</column>
      <column name="bankmoskvy">NULL</column>
      <column name="raiffeisen">NULL</column>
      <column name="uralsib">NULL</column>
      <column name="rshb">NULL</column>
    </table>
    <table name="bank">
      <column name="id">350</column>
      <column name="twitid">493381330466770000</column>
      <column name="date">1406466250</column>
      <column name="name">llinsPowel</column>
      <column name="text">http://t.co/hrf2R7szNL Как оформить кредит в альфа банке быстрои выгодно</column>
      <column name="sberbank">NULL</column>
      <column name="vtb">NULL</column>
      <column name="gazprom">NULL</column>
      <column name="alfabank">0</column>
      <column name="bankmoskvy">NULL</column>
      <column name="raiffeisen">NULL</column>
      <column name="uralsib">NULL</column>
      <column name="rshb">NULL</column>
    </table>
    <table name="bank">
      <column name="id">351</column>
      <column name="twitid">493381933507030000</column>
      <column name="date">1406466394</column>
      <column name="name">ISergeyCher</column>
      <column name="text">RT @morketolog: Смеюсь сейчас, представляя сотни выпускников-финансистов, которые пачками шлют резюме в Газпромбанк, в графе “желаемая зарп…</column>
      <column name="sberbank">NULL</column>
      <column name="vtb">NULL</column>
      <column name="gazprom">0</column>
      <column name="alfabank">NULL</column>
      <column name="bankmoskvy">NULL</column>
      <column name="raiffeisen">NULL</column>
      <column name="uralsib">NULL</column>
      <column name="rshb">NULL</column>
    </table>
    <table name="bank">
      <column name="id">352</column>
      <column name="twitid">493382860381110000</column>
      <column name="date">1406466615</column>
      <column name="name">omryorcf</column>
      <column name="text">банковская кредитная карта сбербанк http://t.co/ZhgczwmVxz</column>
      <column name="sberbank">0</column>
      <column name="vtb">NULL</column>
      <column name="gazprom">NULL</column>
      <column name="alfabank">NULL</column>
      <column name="bankmoskvy">NULL</column>
      <column name="raiffeisen">NULL</column>
      <column name="uralsib">NULL</column>
      <column name="rshb">NULL</column>
    </table>
    <table name="bank">
      <column name="id">353</column>
      <column name="twitid">493382946213340000</column>
      <column name="date">1406466635</column>
      <column name="name">sivokixos</column>
      <column name="text">Анкета для подачи заявления на кредит сбербанк http://t.co/UF4MEWIciy</column>
      <column name="sberbank">0</column>
      <column name="vtb">NULL</column>
      <column name="gazprom">NULL</column>
      <column name="alfabank">NULL</column>
      <column name="bankmoskvy">NULL</column>
      <column name="raiffeisen">NULL</column>
      <column name="uralsib">NULL</column>
      <column name="rshb">NULL</column>
    </table>
    <table name="bank">
      <column name="id">354</column>
      <column name="twitid">493386733695030000</column>
      <column name="date">1406467538</column>
      <column name="name">ysorpmey</column>
      <column name="text">http://t.co/yVY7DSfRGa Сбербанк россии г жуковский взять кредит часному лицу</column>
      <column name="sberbank">0</column>
      <column name="vtb">NULL</column>
      <column name="gazprom">NULL</column>
      <column name="alfabank">NULL</column>
      <column name="bankmoskvy">NULL</column>
      <column name="raiffeisen">NULL</column>
      <column name="uralsib">NULL</column>
      <column name="rshb">NULL</column>
    </table>
    <table name="bank">
      <column name="id">355</column>
      <column name="twitid">493388300586320000</column>
      <column name="date">1406467912</column>
      <column name="name">dykijyvixy</column>
      <column name="text">Расчет ипотечного кредита омск банк уралсиба http://t.co/HhRcxlAhot</column>
      <column name="sberbank">NULL</column>
      <column name="vtb">NULL</column>
      <column name="gazprom">NULL</column>
      <column name="alfabank">NULL</column>
      <column name="bankmoskvy">NULL</column>
      <column name="raiffeisen">NULL</column>
      <column name="uralsib">0</column>
      <column name="rshb">NULL</column>
    </table>
    <table name="bank">
      <column name="id">356</column>
      <column name="twitid">493390521868760000</column>
      <column name="date">1406468441</column>
      <column name="name">yffis21jco</column>
      <column name="text">погасить кредит через банкомат альфа банк http://t.co/Vg8EA4UFqB</column>
      <column name="sberbank">NULL</column>
      <column name="vtb">NULL</column>
      <column name="gazprom">NULL</column>
      <column name="alfabank">0</column>
      <column name="bankmoskvy">NULL</column>
      <column name="raiffeisen">NULL</column>
      <column name="uralsib">NULL</column>
      <column name="rshb">NULL</column>
    </table>
    <table name="bank">
      <column name="id">357</column>
      <column name="twitid">493392054810970000</column>
      <column name="date">1406468807</column>
      <column name="name">API_X</column>
      <column name="text">Кремль ищет замену омскому губернатору Назарову http://t.co/70K1jScyDp #Меренков #Назаров #Омск #Сбербанк #Гамбург #Греф #ВПК</column>
      <column name="sberbank">--</column>
      <column name="vtb">NULL</column>
      <column name="gazprom">NULL</column>
      <column name="alfabank">NULL</column>
      <column name="bankmoskvy">NULL</column>
      <column name="raiffeisen">NULL</column>
      <column name="uralsib">NULL</column>
      <column name="rshb">NULL</column>
    </table>
    <table name="bank">
      <column name="id">358</column>
      <column name="twitid">493395237121710000</column>
      <column name="date">1406469566</column>
      <column name="name">dagstudent</column>
      <column name="text">Корпоративный портфель Дагестанского филиала Россельхозбанка составил порядка 13,3 млрд рублей http://t.co/apHye98Y1d</column>
      <column name="sberbank">NULL</column>
      <column name="vtb">NULL</column>
      <column name="gazprom">NULL</column>
      <column name="alfabank">NULL</column>
      <column name="bankmoskvy">NULL</column>
      <column name="raiffeisen">NULL</column>
      <column name="uralsib">NULL</column>
      <column name="rshb">0</column>
    </table>
    <table name="bank">
      <column name="id">359</column>
      <column name="twitid">493396054042500000</column>
      <column name="date">1406469760</column>
      <column name="name">Rept1le78</column>
      <column name="text">Заявление на кредит сбербанк без поручителей http://t.co/BtJqvweekN</column>
      <column name="sberbank">0</column>
      <column name="vtb">NULL</column>
      <column name="gazprom">NULL</column>
      <column name="alfabank">NULL</column>
      <column name="bankmoskvy">NULL</column>
      <column name="raiffeisen">NULL</column>
      <column name="uralsib">NULL</column>
      <column name="rshb">NULL</column>
    </table>
    <table name="bank">
      <column name="id">360</column>
      <column name="twitid">493399502103930000</column>
      <column name="date">1406470582</column>
      <column name="name">JeeeLeen</column>
      <column name="text">Годовой отчет ИТ-монстра #КРОК: в прошлом #Сбербанк и ВТБ, впереди роботы и &quot;умные города&quot;:) http://t.co/oP1AZjOFpS</column>
      <column name="sberbank">-1</column>
      <column name="vtb">-1</column>
      <column name="gazprom">NULL</column>
      <column name="alfabank">NULL</column>
      <column name="bankmoskvy">NULL</column>
      <column name="raiffeisen">NULL</column>
      <column name="uralsib">NULL</column>
      <column name="rshb">NULL</column>
    </table>
    <table name="bank">
      <column name="id">361</column>
      <column name="twitid">493401478229660000</column>
      <column name="date">1406471054</column>
      <column name="name">tempfabicu1979</column>
      <column name="text">&quot;Сбербанк Онлайн&quot; признан лучшим интернет-банком России.&quot;Сбербанк Онлайн&quot; признан лучшим интернет-банком в России. Более того, Сбербанк выи</column>
      <column name="sberbank">1</column>
      <column name="vtb">NULL</column>
      <column name="gazprom">NULL</column>
      <column name="alfabank">NULL</column>
      <column name="bankmoskvy">NULL</column>
      <column name="raiffeisen">NULL</column>
      <column name="uralsib">NULL</column>
      <column name="rshb">NULL</column>
    </table>
    <table name="bank">
      <column name="id">362</column>
      <column name="twitid">493401519396370000</column>
      <column name="date">1406471063</column>
      <column name="name">pevepysabat</column>
      <column name="text">http://t.co/pwqnnWoWza Сбербанк поможет своему должнику построить Керченский мост</column>
      <column name="sberbank">1</column>
      <column name="vtb">NULL</column>
      <column name="gazprom">NULL</column>
      <column name="alfabank">NULL</column>
      <column name="bankmoskvy">NULL</column>
      <column name="raiffeisen">NULL</column>
      <column name="uralsib">NULL</column>
      <column name="rshb">NULL</column>
    </table>
    <table name="bank">
      <column name="id">363</column>
      <column name="twitid">493402352901040000</column>
      <column name="date">1406471262</column>
      <column name="name">vurys30451</column>
      <column name="text">Тви все время пишет что я похож на Сбербанк России Лол ,чем интересно?</column>
      <column name="sberbank">0</column>
      <column name="vtb">NULL</column>
      <column name="gazprom">NULL</column>
      <column name="alfabank">NULL</column>
      <column name="bankmoskvy">NULL</column>
      <column name="raiffeisen">NULL</column>
      <column name="uralsib">NULL</column>
      <column name="rshb">NULL</column>
    </table>
    <table name="bank">
      <column name="id">364</column>
      <column name="twitid">493404485956670000</column>
      <column name="date">1406471771</column>
      <column name="name">vuxazicihix</column>
      <column name="text">россельхозбанк москва кредиты для кфх http://t.co/mS19g94uil</column>
      <column name="sberbank">NULL</column>
      <column name="vtb">NULL</column>
      <column name="gazprom">NULL</column>
      <column name="alfabank">NULL</column>
      <column name="bankmoskvy">NULL</column>
      <column name="raiffeisen">NULL</column>
      <column name="uralsib">NULL</column>
      <column name="rshb">0</column>
    </table>
    <table name="bank">
      <column name="id">365</column>
      <column name="twitid">493407931761950000</column>
      <column name="date">1406472592</column>
      <column name="name">isserBell</column>
      <column name="text">http://t.co/eQc0XsOdkD Как получить кредит в банке райффайзен</column>
      <column name="sberbank">NULL</column>
      <column name="vtb">NULL</column>
      <column name="gazprom">NULL</column>
      <column name="alfabank">NULL</column>
      <column name="bankmoskvy">NULL</column>
      <column name="raiffeisen">0</column>
      <column name="uralsib">NULL</column>
      <column name="rshb">NULL</column>
    </table>
    <table name="bank">
      <column name="id">366</column>
      <column name="twitid">493411073446280000</column>
      <column name="date">1406473341</column>
      <column name="name">inyashev090397</column>
      <column name="text">Кредит малому бизнесу альфа банк http://t.co/jVbeNY9P2N</column>
      <column name="sberbank">NULL</column>
      <column name="vtb">NULL</column>
      <column name="gazprom">NULL</column>
      <column name="alfabank">0</column>
      <column name="bankmoskvy">NULL</column>
      <column name="raiffeisen">NULL</column>
      <column name="uralsib">NULL</column>
      <column name="rshb">NULL</column>
    </table>
    <table name="bank">
      <column name="id">367</column>
      <column name="twitid">493415986926990000</column>
      <column name="date">1406474513</column>
      <column name="name">eme1chenko10027</column>
      <column name="text">Тула сбербанк проценты на кредит http://t.co/1v7wzFT3BL</column>
      <column name="sberbank">0</column>
      <column name="vtb">NULL</column>
      <column name="gazprom">NULL</column>
      <column name="alfabank">NULL</column>
      <column name="bankmoskvy">NULL</column>
      <column name="raiffeisen">NULL</column>
      <column name="uralsib">NULL</column>
      <column name="rshb">NULL</column>
    </table>
    <table name="bank">
      <column name="id">368</column>
      <column name="twitid">493420155192740000</column>
      <column name="date">1406475506</column>
      <column name="name">alkokaine</column>
      <column name="text">сначала сбербанк показывает остаток на 8к меньше, потом вконтач отрубает стену</column>
      <column name="sberbank">-1</column>
      <column name="vtb">NULL</column>
      <column name="gazprom">NULL</column>
      <column name="alfabank">NULL</column>
      <column name="bankmoskvy">NULL</column>
      <column name="raiffeisen">NULL</column>
      <column name="uralsib">NULL</column>
      <column name="rshb">NULL</column>
    </table>
    <table name="bank">
      <column name="id">369</column>
      <column name="twitid">493423824734790000</column>
      <column name="date">1406476381</column>
      <column name="name">hmarochos</column>
      <column name="text">@hmarochos: сбербанк решительно не хочет помочь профинансировать творчество @ZaxarBorisych, Но я не сдаюсь!</column>
      <column name="sberbank">-1</column>
      <column name="vtb">NULL</column>
      <column name="gazprom">NULL</column>
      <column name="alfabank">NULL</column>
      <column name="bankmoskvy">NULL</column>
      <column name="raiffeisen">NULL</column>
      <column name="uralsib">NULL</column>
      <column name="rshb">NULL</column>
    </table>
    <table name="bank">
      <column name="id">370</column>
      <column name="twitid">493433131232270000</column>
      <column name="date">1406478600</column>
      <column name="name">shauntaudcswart</column>
      <column name="text">какие кредиты может предоставить банк втб http://t.co/INCpBpuAxo</column>
      <column name="sberbank">NULL</column>
      <column name="vtb">0</column>
      <column name="gazprom">NULL</column>
      <column name="alfabank">NULL</column>
      <column name="bankmoskvy">NULL</column>
      <column name="raiffeisen">NULL</column>
      <column name="uralsib">NULL</column>
      <column name="rshb">NULL</column>
    </table>
    <table name="bank">
      <column name="id">371</column>
      <column name="twitid">493433605658770000</column>
      <column name="date">1406478713</column>
      <column name="name">riyaDesha</column>
      <column name="text">http://t.co/gw5tW08lPn Банк втб как получить кредитную карту в хмао</column>
      <column name="sberbank">NULL</column>
      <column name="vtb">0</column>
      <column name="gazprom">NULL</column>
      <column name="alfabank">NULL</column>
      <column name="bankmoskvy">NULL</column>
      <column name="raiffeisen">NULL</column>
      <column name="uralsib">NULL</column>
      <column name="rshb">NULL</column>
    </table>
    <table name="bank">
      <column name="id">372</column>
      <column name="twitid">493438449886590000</column>
      <column name="date">1406479868</column>
      <column name="name">ChrisBostick1</column>
      <column name="text">#юмор Совмещенный мусульманин в феврале ждет, потом спящий сбербанк верит неожиданному быку. http://t.co/rxGFiPB9RD</column>
      <column name="sberbank">--</column>
      <column name="vtb">NULL</column>
      <column name="gazprom">NULL</column>
      <column name="alfabank">NULL</column>
      <column name="bankmoskvy">NULL</column>
      <column name="raiffeisen">NULL</column>
      <column name="uralsib">NULL</column>
      <column name="rshb">NULL</column>
    </table>
    <table name="bank">
      <column name="id">373</column>
      <column name="twitid">493443179560310000</column>
      <column name="date">1406480996</column>
      <column name="name">260772_valentin</column>
      <column name="text">Отпуск в кредит сбербанк http://t.co/R5SjOnvQl7</column>
      <column name="sberbank">0</column>
      <column name="vtb">NULL</column>
      <column name="gazprom">NULL</column>
      <column name="alfabank">NULL</column>
      <column name="bankmoskvy">NULL</column>
      <column name="raiffeisen">NULL</column>
      <column name="uralsib">NULL</column>
      <column name="rshb">NULL</column>
    </table>
    <table name="bank">
      <column name="id">374</column>
      <column name="twitid">493443878880830000</column>
      <column name="date">1406481163</column>
      <column name="name">zvybormbor</column>
      <column name="text">http://t.co/cPKVPCgWi5 Сбербанк кредит наличными оформить заявку</column>
      <column name="sberbank">0</column>
      <column name="vtb">NULL</column>
      <column name="gazprom">NULL</column>
      <column name="alfabank">NULL</column>
      <column name="bankmoskvy">NULL</column>
      <column name="raiffeisen">NULL</column>
      <column name="uralsib">NULL</column>
      <column name="rshb">NULL</column>
    </table>
    <table name="bank">
      <column name="id">375</column>
      <column name="twitid">493445011099230000</column>
      <column name="date">1406481433</column>
      <column name="name">Corzzoo</column>
      <column name="text">Я на ВТБ 24 на Островской у Друзей</column>
      <column name="sberbank">NULL</column>
      <column name="vtb">0</column>
      <column name="gazprom">NULL</column>
      <column name="alfabank">NULL</column>
      <column name="bankmoskvy">NULL</column>
      <column name="raiffeisen">NULL</column>
      <column name="uralsib">NULL</column>
      <column name="rshb">NULL</column>
    </table>
    <table name="bank">
      <column name="id">376</column>
      <column name="twitid">493459517976240000</column>
      <column name="date">1406484891</column>
      <column name="name">qeqeletiraza</column>
      <column name="text">http://t.co/qc8ND0pYQQ Сбербанк поможет своему должнику построить Керченский мост</column>
      <column name="sberbank">1</column>
      <column name="vtb">NULL</column>
      <column name="gazprom">NULL</column>
      <column name="alfabank">NULL</column>
      <column name="bankmoskvy">NULL</column>
      <column name="raiffeisen">NULL</column>
      <column name="uralsib">NULL</column>
      <column name="rshb">NULL</column>
    </table>
    <table name="bank">
      <column name="id">377</column>
      <column name="twitid">493460293683790000</column>
      <column name="date">1406485076</column>
      <column name="name">zentbeyotc</column>
      <column name="text">увеличить кредитный лимит сбербанк http://t.co/txs3HeVvAG</column>
      <column name="sberbank">0</column>
      <column name="vtb">NULL</column>
      <column name="gazprom">NULL</column>
      <column name="alfabank">NULL</column>
      <column name="bankmoskvy">NULL</column>
      <column name="raiffeisen">NULL</column>
      <column name="uralsib">NULL</column>
      <column name="rshb">NULL</column>
    </table>
    <table name="bank">
      <column name="id">378</column>
      <column name="twitid">493468490393980000</column>
      <column name="date">1406487030</column>
      <column name="name">zozoxasuqi</column>
      <column name="text">Заявление на погашение кредита в газпромбанк через интернет http://t.co/meMpurSXCQ</column>
      <column name="sberbank">NULL</column>
      <column name="vtb">NULL</column>
      <column name="gazprom">0</column>
      <column name="alfabank">NULL</column>
      <column name="bankmoskvy">NULL</column>
      <column name="raiffeisen">NULL</column>
      <column name="uralsib">NULL</column>
      <column name="rshb">NULL</column>
    </table>
    <table name="bank">
      <column name="id">379</column>
      <column name="twitid">493470008094520000</column>
      <column name="date">1406487393</column>
      <column name="name">virus267</column>
      <column name="text">RT @Vasilih66: ...средняя зарплата в Газпромбанке превышает 375 тысяч рублей http://t.co/JEecFXH1aN    http://t.co/yLRm55TQM9  wxDDIgd3Z9
О…</column>
      <column name="sberbank">NULL</column>
      <column name="vtb">NULL</column>
      <column name="gazprom">0</column>
      <column name="alfabank">NULL</column>
      <column name="bankmoskvy">NULL</column>
      <column name="raiffeisen">NULL</column>
      <column name="uralsib">NULL</column>
      <column name="rshb">NULL</column>
    </table>
    <table name="bank">
      <column name="id">380</column>
      <column name="twitid">493471378600130000</column>
      <column name="date">1406487719</column>
      <column name="name">ximehedet</column>
      <column name="text">Формула расчта потребительского кредита втб 24 http://t.co/PqV7z7jd3x</column>
      <column name="sberbank">NULL</column>
      <column name="vtb">0</column>
      <column name="gazprom">NULL</column>
      <column name="alfabank">NULL</column>
      <column name="bankmoskvy">NULL</column>
      <column name="raiffeisen">NULL</column>
      <column name="uralsib">NULL</column>
      <column name="rshb">NULL</column>
    </table>
    <table name="bank">
      <column name="id">381</column>
      <column name="twitid">493473446966600000</column>
      <column name="date">1406488212</column>
      <column name="name">agipaoyuvg</column>
      <column name="text">http://t.co/kSTO4QPR1p Сбербанк россии кредит 50000 рублей взять в рс я</column>
      <column name="sberbank">0</column>
      <column name="vtb">NULL</column>
      <column name="gazprom">NULL</column>
      <column name="alfabank">NULL</column>
      <column name="bankmoskvy">NULL</column>
      <column name="raiffeisen">NULL</column>
      <column name="uralsib">NULL</column>
      <column name="rshb">NULL</column>
    </table>
    <table name="bank">
      <column name="id">382</column>
      <column name="twitid">493473492197990000</column>
      <column name="date">1406488223</column>
      <column name="name">jagetaquz</column>
      <column name="text">максимальная сумма ипотечнго кредита сбербанк http://t.co/KmuxlBBqCN</column>
      <column name="sberbank">0</column>
      <column name="vtb">NULL</column>
      <column name="gazprom">NULL</column>
      <column name="alfabank">NULL</column>
      <column name="bankmoskvy">NULL</column>
      <column name="raiffeisen">NULL</column>
      <column name="uralsib">NULL</column>
      <column name="rshb">NULL</column>
    </table>
    <table name="bank">
      <column name="id">383</column>
      <column name="twitid">493477008517920000</column>
      <column name="date">1406489061</column>
      <column name="name">woryfybafil</column>
      <column name="text">Автокредит от сбербанк просрочил платеж на день тонкости http://t.co/Z2xFAE3R5O</column>
      <column name="sberbank">0</column>
      <column name="vtb">NULL</column>
      <column name="gazprom">NULL</column>
      <column name="alfabank">NULL</column>
      <column name="bankmoskvy">NULL</column>
      <column name="raiffeisen">NULL</column>
      <column name="uralsib">NULL</column>
      <column name="rshb">NULL</column>
    </table>
    <table name="bank">
      <column name="id">384</column>
      <column name="twitid">493481925353680000</column>
      <column name="date">1406490234</column>
      <column name="name">enytroclep</column>
      <column name="text">кредит райффайзенбанк новосибирск http://t.co/szzPKoqIyI</column>
      <column name="sberbank">NULL</column>
      <column name="vtb">NULL</column>
      <column name="gazprom">NULL</column>
      <column name="alfabank">NULL</column>
      <column name="bankmoskvy">NULL</column>
      <column name="raiffeisen">0</column>
      <column name="uralsib">NULL</column>
      <column name="rshb">NULL</column>
    </table>
    <table name="bank">
      <column name="id">385</column>
      <column name="twitid">493483618346750000</column>
      <column name="date">1406490637</column>
      <column name="name">qacifumuzu</column>
      <column name="text">Какможно брать кредит в альфа банке http://t.co/GbH4ii4TXj</column>
      <column name="sberbank">NULL</column>
      <column name="vtb">NULL</column>
      <column name="gazprom">NULL</column>
      <column name="alfabank">0</column>
      <column name="bankmoskvy">NULL</column>
      <column name="raiffeisen">NULL</column>
      <column name="uralsib">NULL</column>
      <column name="rshb">NULL</column>
    </table>
    <table name="bank">
      <column name="id">386</column>
      <column name="twitid">493485040983360000</column>
      <column name="date">1406490976</column>
      <column name="name">pirawamapy</column>
      <column name="text">Потребительский кредит в газпромбанке г оренбург http://t.co/d47GZ418QI</column>
      <column name="sberbank">NULL</column>
      <column name="vtb">NULL</column>
      <column name="gazprom">0</column>
      <column name="alfabank">NULL</column>
      <column name="bankmoskvy">NULL</column>
      <column name="raiffeisen">NULL</column>
      <column name="uralsib">NULL</column>
      <column name="rshb">NULL</column>
    </table>
    <table name="bank">
      <column name="id">387</column>
      <column name="twitid">493485132213680000</column>
      <column name="date">1406490998</column>
      <column name="name">inevofita45</column>
      <column name="text">Изменения в условиях предоставления кредита втб 24 http://t.co/kqkkq4ac5m</column>
      <column name="sberbank">NULL</column>
      <column name="vtb">0</column>
      <column name="gazprom">NULL</column>
      <column name="alfabank">NULL</column>
      <column name="bankmoskvy">NULL</column>
      <column name="raiffeisen">NULL</column>
      <column name="uralsib">NULL</column>
      <column name="rshb">NULL</column>
    </table>
    <table name="bank">
      <column name="id">388</column>
      <column name="twitid">493486801752160000</column>
      <column name="date">1406491396</column>
      <column name="name">topaqlasui</column>
      <column name="text">http://t.co/VsooWocZxc Получить кредитную карту сбербанк россии по почте</column>
      <column name="sberbank">0</column>
      <column name="vtb">NULL</column>
      <column name="gazprom">NULL</column>
      <column name="alfabank">NULL</column>
      <column name="bankmoskvy">NULL</column>
      <column name="raiffeisen">NULL</column>
      <column name="uralsib">NULL</column>
      <column name="rshb">NULL</column>
    </table>
    <table name="bank">
      <column name="id">389</column>
      <column name="twitid">493492154678120000</column>
      <column name="date">1406492672</column>
      <column name="name">alethaelspwiela</column>
      <column name="text">кредита альфа банк http://t.co/GvbO4WTFiG</column>
      <column name="sberbank">NULL</column>
      <column name="vtb">NULL</column>
      <column name="gazprom">NULL</column>
      <column name="alfabank">0</column>
      <column name="bankmoskvy">NULL</column>
      <column name="raiffeisen">NULL</column>
      <column name="uralsib">NULL</column>
      <column name="rshb">NULL</column>
    </table>
    <table name="bank">
      <column name="id">390</column>
      <column name="twitid">493493600303730000</column>
      <column name="date">1406493017</column>
      <column name="name">RebeccaVance17</column>
      <column name="text">автокредит сбербанк киа рио</column>
      <column name="sberbank">0</column>
      <column name="vtb">NULL</column>
      <column name="gazprom">NULL</column>
      <column name="alfabank">NULL</column>
      <column name="bankmoskvy">NULL</column>
      <column name="raiffeisen">NULL</column>
      <column name="uralsib">NULL</column>
      <column name="rshb">NULL</column>
    </table>
    <table name="bank">
      <column name="id">391</column>
      <column name="twitid">493493690396980000</column>
      <column name="date">1406493039</column>
      <column name="name">genymameli</column>
      <column name="text">Греф: Сбербанк приостановил кредитование на Украине</column>
      <column name="sberbank">0</column>
      <column name="vtb">NULL</column>
      <column name="gazprom">NULL</column>
      <column name="alfabank">NULL</column>
      <column name="bankmoskvy">NULL</column>
      <column name="raiffeisen">NULL</column>
      <column name="uralsib">NULL</column>
      <column name="rshb">NULL</column>
    </table>
    <table name="bank">
      <column name="id">392</column>
      <column name="twitid">493495037800780000</column>
      <column name="date">1406493360</column>
      <column name="name">wusyhumezo</column>
      <column name="text">Выгодные автокредиты втб 24 http://t.co/iTa8sArcF1</column>
      <column name="sberbank">NULL</column>
      <column name="vtb">0</column>
      <column name="gazprom">NULL</column>
      <column name="alfabank">NULL</column>
      <column name="bankmoskvy">NULL</column>
      <column name="raiffeisen">NULL</column>
      <column name="uralsib">NULL</column>
      <column name="rshb">NULL</column>
    </table>
    <table name="bank">
      <column name="id">393</column>
      <column name="twitid">493495960006190000</column>
      <column name="date">1406493580</column>
      <column name="name">KarenTo56692088</column>
      <column name="text">#С Днем Рождения Восьмые информеры выбирают сбербанк ювелирными фазами, вслед за этим подходящие концепции в сентябре существуют со юмора.</column>
      <column name="sberbank">--</column>
      <column name="vtb">NULL</column>
      <column name="gazprom">NULL</column>
      <column name="alfabank">NULL</column>
      <column name="bankmoskvy">NULL</column>
      <column name="raiffeisen">NULL</column>
      <column name="uralsib">NULL</column>
      <column name="rshb">NULL</column>
    </table>
    <table name="bank">
      <column name="id">394</column>
      <column name="twitid">493500549032340000</column>
      <column name="date">1406494674</column>
      <column name="name">tomasaasmchilto</column>
      <column name="text">структура кредитного портфеля альфабанка http://t.co/vWZxniH3vC</column>
      <column name="sberbank">NULL</column>
      <column name="vtb">NULL</column>
      <column name="gazprom">NULL</column>
      <column name="alfabank">0</column>
      <column name="bankmoskvy">NULL</column>
      <column name="raiffeisen">NULL</column>
      <column name="uralsib">NULL</column>
      <column name="rshb">NULL</column>
    </table>
    <table name="bank">
      <column name="id">395</column>
      <column name="twitid">493502124798800000</column>
      <column name="date">1406495050</column>
      <column name="name">bawibiha</column>
      <column name="text">Кредит под малый бизнес райфайзен банк http://t.co/218AeKfpnN</column>
      <column name="sberbank">NULL</column>
      <column name="vtb">NULL</column>
      <column name="gazprom">NULL</column>
      <column name="alfabank">NULL</column>
      <column name="bankmoskvy">NULL</column>
      <column name="raiffeisen">0</column>
      <column name="uralsib">NULL</column>
      <column name="rshb">NULL</column>
    </table>
    <table name="bank">
      <column name="id">396</column>
      <column name="twitid">493505090066850000</column>
      <column name="date">1406495757</column>
      <column name="name">madalenenhansen</column>
      <column name="text">кредит развитие малого бизнеса сбербанк россии http://t.co/9yBjiylNk9</column>
      <column name="sberbank">0</column>
      <column name="vtb">NULL</column>
      <column name="gazprom">NULL</column>
      <column name="alfabank">NULL</column>
      <column name="bankmoskvy">NULL</column>
      <column name="raiffeisen">NULL</column>
      <column name="uralsib">NULL</column>
      <column name="rshb">NULL</column>
    </table>
    <table name="bank">
      <column name="id">397</column>
      <column name="twitid">493505230982900000</column>
      <column name="date">1406495790</column>
      <column name="name">cytyjajizo</column>
      <column name="text">Кредит в райффайзен в тюмени http://t.co/0Gcq3mcbTx</column>
      <column name="sberbank">NULL</column>
      <column name="vtb">NULL</column>
      <column name="gazprom">NULL</column>
      <column name="alfabank">NULL</column>
      <column name="bankmoskvy">NULL</column>
      <column name="raiffeisen">0</column>
      <column name="uralsib">NULL</column>
      <column name="rshb">NULL</column>
    </table>
    <table name="bank">
      <column name="id">398</column>
      <column name="twitid">493505450164650000</column>
      <column name="date">1406495842</column>
      <column name="name">fhtoturtons</column>
      <column name="text">RT @myhlikmariya: Сбербанк Онлайн — лучший интернет-банк России</column>
      <column name="sberbank">1</column>
      <column name="vtb">NULL</column>
      <column name="gazprom">NULL</column>
      <column name="alfabank">NULL</column>
      <column name="bankmoskvy">NULL</column>
      <column name="raiffeisen">NULL</column>
      <column name="uralsib">NULL</column>
      <column name="rshb">NULL</column>
    </table>
    <table name="bank">
      <column name="id">399</column>
      <column name="twitid">493507271453060000</column>
      <column name="date">1406496277</column>
      <column name="name">difoxuve</column>
      <column name="text">кредит альфа банк документы http://t.co/EtG90Um58C</column>
      <column name="sberbank">NULL</column>
      <column name="vtb">NULL</column>
      <column name="gazprom">NULL</column>
      <column name="alfabank">0</column>
      <column name="bankmoskvy">NULL</column>
      <column name="raiffeisen">NULL</column>
      <column name="uralsib">NULL</column>
      <column name="rshb">NULL</column>
    </table>
    <table name="bank">
      <column name="id">400</column>
      <column name="twitid">493508614926390000</column>
      <column name="date">1406496597</column>
      <column name="name">jiwatoritop</column>
      <column name="text">Россельхозбанк уфа автокредит калькулятор http://t.co/sEhiZ5BDTs</column>
      <column name="sberbank">NULL</column>
      <column name="vtb">NULL</column>
      <column name="gazprom">NULL</column>
      <column name="alfabank">NULL</column>
      <column name="bankmoskvy">NULL</column>
      <column name="raiffeisen">NULL</column>
      <column name="uralsib">NULL</column>
      <column name="rshb">0</column>
    </table>
  </database>
</pma_xml_export>
