<?xml version="1.0" encoding="utf-8"?>
<!--
- phpMyAdmin XML Dump
- version 4.0.4.1
- http://www.phpmyadmin.net
-
- Хост: localhost
- Время создания: Окт 28 2014 г., 09:03
- Версия сервера: 5.6.12
- Версия PHP: 5.5.3
-->

<pma_xml_export version="1.0" xmlns:pma="http://www.phpmyadmin.net/some_doc_url/">
    <!--
    - Structure schemas
    -->
    <pma:structure_schemas>
        <pma:database name="Romip" collation="utf8_general_ci" charset="utf8">
            <pma:table name="bank">
                CREATE TABLE `bank` (
                  `id` int(11) NOT NULL AUTO_INCREMENT,
                  `twitid` bigint(32) NOT NULL DEFAULT '0',
                  `date` varchar(128) DEFAULT NULL,
                  `name` varchar(128) DEFAULT NULL,
                  `text` varchar(256) DEFAULT NULL,
                  `sberbank` int(11) DEFAULT NULL,
                  `vtb` int(11) DEFAULT NULL,
                  `gazprom` int(11) DEFAULT NULL,
                  `alfabank` int(11) DEFAULT NULL,
                  `bankmoskvy` int(11) DEFAULT NULL,
                  `raiffeisen` int(11) DEFAULT NULL,
                  `uralsib` int(11) DEFAULT NULL,
                  `rshb` int(11) DEFAULT NULL,
                  PRIMARY KEY (`id`),
                  UNIQUE KEY `id` (`twitid`)
                ) ENGINE=InnoDB AUTO_INCREMENT=7924 DEFAULT CHARSET=utf8;
            </pma:table>
        </pma:database>
    </pma:structure_schemas>

    <!--
    - База данных: 'Romip'
    -->
    <database name="Romip">
        <!-- Таблица bank -->
        <table name="bank">
            <column name="id">1001</column>
            <column name="twitid">494160099855050000</column>
            <column name="date">1406651923</column>
            <column name="name">seapvlid26</column>
            <column name="text">http://t.co/jg2iA8JEQr Банк втб киров взять кредитную карту через онлайн</column>
            <column name="sberbank">NULL</column>
            <column name="vtb">0</column>
            <column name="gazprom">NULL</column>
            <column name="alfabank">NULL</column>
            <column name="bankmoskvy">NULL</column>
            <column name="raiffeisen">NULL</column>
            <column name="uralsib">NULL</column>
            <column name="rshb">NULL</column>
        </table>
        <table name="bank">
            <column name="id">1002</column>
            <column name="twitid">494168909617310000</column>
            <column name="date">1406654023</column>
            <column name="name">irerywhfar</column>
            <column name="text">http://t.co/bv9NrLyrsb Как получить кредитную карту райфайзенбанк</column>
            <column name="sberbank">NULL</column>
            <column name="vtb">NULL</column>
            <column name="gazprom">NULL</column>
            <column name="alfabank">NULL</column>
            <column name="bankmoskvy">NULL</column>
            <column name="raiffeisen">0</column>
            <column name="uralsib">NULL</column>
            <column name="rshb">NULL</column>
        </table>
        <table name="bank">
            <column name="id">1003</column>
            <column name="twitid">494171687500670000</column>
            <column name="date">1406654686</column>
            <column name="name">evTwifor</column>
            <column name="text">http://t.co/CLVV0mWzmB Получить кредит россельхозбанк</column>
            <column name="sberbank">NULL</column>
            <column name="vtb">NULL</column>
            <column name="gazprom">NULL</column>
            <column name="alfabank">NULL</column>
            <column name="bankmoskvy">NULL</column>
            <column name="raiffeisen">NULL</column>
            <column name="uralsib">NULL</column>
            <column name="rshb">0</column>
        </table>
        <table name="bank">
            <column name="id">1004</column>
            <column name="twitid">494181436488820000</column>
            <column name="date">1406657010</column>
            <column name="name">1Valgor1</column>
            <column name="text">На прошедшей неделе США расширили санкции в отношении России. К списку добавились Газпромбанк, Внешэкономбанк, &quot;Роснефть&quot; и НОВАТЭК.</column>
            <column name="sberbank">NULL</column>
            <column name="vtb">NULL</column>
            <column name="gazprom">-1</column>
            <column name="alfabank">NULL</column>
            <column name="bankmoskvy">NULL</column>
            <column name="raiffeisen">NULL</column>
            <column name="uralsib">NULL</column>
            <column name="rshb">NULL</column>
        </table>
        <table name="bank">
            <column name="id">1005</column>
            <column name="twitid">494182429075440000</column>
            <column name="date">1406657247</column>
            <column name="name">IBondareva29</column>
            <column name="text">По данным западных агентств, в числе юридических лиц окажется один банк. Ранее сообщалось, что в «черный список» будут занесены Сбербанк и</column>
            <column name="sberbank">-1</column>
            <column name="vtb">NULL</column>
            <column name="gazprom">NULL</column>
            <column name="alfabank">NULL</column>
            <column name="bankmoskvy">NULL</column>
            <column name="raiffeisen">NULL</column>
            <column name="uralsib">NULL</column>
            <column name="rshb">NULL</column>
        </table>
        <table name="bank">
            <column name="id">1006</column>
            <column name="twitid">494187798266930000</column>
            <column name="date">1406658527</column>
            <column name="name">Rover_ld</column>
            <column name="text">RT @LesanaFm: Если слухи не врут, в список попадают Сбербанк и ВТБ.... вот он, кажется, и пришел... пиз@ец</column>
            <column name="sberbank">-1</column>
            <column name="vtb">-1</column>
            <column name="gazprom">NULL</column>
            <column name="alfabank">NULL</column>
            <column name="bankmoskvy">NULL</column>
            <column name="raiffeisen">NULL</column>
            <column name="uralsib">NULL</column>
            <column name="rshb">NULL</column>
        </table>
        <table name="bank">
            <column name="id">1007</column>
            <column name="twitid">494193238362710000</column>
            <column name="date">1406659824</column>
            <column name="name">kaitlinscyi</column>
            <column name="text">RT @seqsibaug: Потребительский кредит в ВТБ 24 в Ижевске http://t.co/TeOPcrRzkW</column>
            <column name="sberbank">NULL</column>
            <column name="vtb">0</column>
            <column name="gazprom">NULL</column>
            <column name="alfabank">NULL</column>
            <column name="bankmoskvy">NULL</column>
            <column name="raiffeisen">NULL</column>
            <column name="uralsib">NULL</column>
            <column name="rshb">NULL</column>
        </table>
        <table name="bank">
            <column name="id">1008</column>
            <column name="twitid">494195396676450000</column>
            <column name="date">1406660338</column>
            <column name="name">HallaHupS</column>
            <column name="text">RT @FastSlon: BRKNG США ввели санкции против Банка Москвы, ВТБ и Россельхозбанка, а также ОСК</column>
            <column name="sberbank">NULL</column>
            <column name="vtb">-1</column>
            <column name="gazprom">NULL</column>
            <column name="alfabank">NULL</column>
            <column name="bankmoskvy">-1</column>
            <column name="raiffeisen">NULL</column>
            <column name="uralsib">NULL</column>
            <column name="rshb">-1</column>
        </table>
        <table name="bank">
            <column name="id">1009</column>
            <column name="twitid">494195616080470000</column>
            <column name="date">1406660391</column>
            <column name="name">shurub4ik</column>
            <column name="text">RT @euromaidan: ВНЕЗАПНО: США ввели санкции против Банка Москвы, ВТБ и Россельхозбанка</column>
            <column name="sberbank">NULL</column>
            <column name="vtb">-1</column>
            <column name="gazprom">NULL</column>
            <column name="alfabank">NULL</column>
            <column name="bankmoskvy">-1</column>
            <column name="raiffeisen">NULL</column>
            <column name="uralsib">NULL</column>
            <column name="rshb">-1</column>
        </table>
        <table name="bank">
            <column name="id">1010</column>
            <column name="twitid">494195751015440000</column>
            <column name="date">1406660423</column>
            <column name="name">turistmen</column>
            <column name="text">RT @kommersant: США ввели санкции против Банка Москвы, ВТБ и Россельхозбанка http://t.co/c0WzStMa99</column>
            <column name="sberbank">NULL</column>
            <column name="vtb">-1</column>
            <column name="gazprom">NULL</column>
            <column name="alfabank">NULL</column>
            <column name="bankmoskvy">-1</column>
            <column name="raiffeisen">NULL</column>
            <column name="uralsib">NULL</column>
            <column name="rshb">-1</column>
        </table>
        <table name="bank">
            <column name="id">1011</column>
            <column name="twitid">494195793520120000</column>
            <column name="date">1406660433</column>
            <column name="name">lampfrrob</column>
            <column name="text">руководство газпромбанк санкт-петербург http://t.co/YQIvEyydtJ #газпромбанк #санкт-петербург</column>
            <column name="sberbank">NULL</column>
            <column name="vtb">NULL</column>
            <column name="gazprom">0</column>
            <column name="alfabank">NULL</column>
            <column name="bankmoskvy">NULL</column>
            <column name="raiffeisen">NULL</column>
            <column name="uralsib">NULL</column>
            <column name="rshb">NULL</column>
        </table>
        <table name="bank">
            <column name="id">1012</column>
            <column name="twitid">494195793910580000</column>
            <column name="date">1406660433</column>
            <column name="name">mad_rem</column>
            <column name="text">RT @Alekzzzzz: США ввели санкции против ВТБ, Банка Москвы и Россельхозбанка #новости http://t.co/RwToy8j4QA Банк Москвы и так никуда не тор…</column>
            <column name="sberbank">NULL</column>
            <column name="vtb">-1</column>
            <column name="gazprom">NULL</column>
            <column name="alfabank">NULL</column>
            <column name="bankmoskvy">-1</column>
            <column name="raiffeisen">NULL</column>
            <column name="uralsib">NULL</column>
            <column name="rshb">-1</column>
        </table>
        <table name="bank">
            <column name="id">1013</column>
            <column name="twitid">494195795022070000</column>
            <column name="date">1406660433</column>
            <column name="name">chebruha</column>
            <column name="text">@euromaidan и че? Гражданам России то что с того? Банк Москвы,ВТБ и РСБ в основном базируются в России</column>
            <column name="sberbank">NULL</column>
            <column name="vtb">0</column>
            <column name="gazprom">NULL</column>
            <column name="alfabank">NULL</column>
            <column name="bankmoskvy">0</column>
            <column name="raiffeisen">NULL</column>
            <column name="uralsib">NULL</column>
            <column name="rshb">NULL</column>
        </table>
        <table name="bank">
            <column name="id">1014</column>
            <column name="twitid">494195842111120000</column>
            <column name="date">1406660445</column>
            <column name="name">rusplt</column>
            <column name="text">Reuters: в расширенный «черный список» США вошли ВТБ, Банк Москвы и Россельхозбанк http://t.co/U5l4eGHLTj</column>
            <column name="sberbank">NULL</column>
            <column name="vtb">-1</column>
            <column name="gazprom">NULL</column>
            <column name="alfabank">NULL</column>
            <column name="bankmoskvy">-1</column>
            <column name="raiffeisen">NULL</column>
            <column name="uralsib">NULL</column>
            <column name="rshb">-1</column>
        </table>
        <table name="bank">
            <column name="id">1015</column>
            <column name="twitid">494196466190400000</column>
            <column name="date">1406660594</column>
            <column name="name">rasseadaet</column>
            <column name="text">RT @rusplt: Reuters: в расширенный «черный список» США вошли ВТБ, Банк Москвы и Россельхозбанк http://t.co/U5l4eGHLTj</column>
            <column name="sberbank">NULL</column>
            <column name="vtb">-1</column>
            <column name="gazprom">NULL</column>
            <column name="alfabank">NULL</column>
            <column name="bankmoskvy">-1</column>
            <column name="raiffeisen">NULL</column>
            <column name="uralsib">NULL</column>
            <column name="rshb">-1</column>
        </table>
        <table name="bank">
            <column name="id">1016</column>
            <column name="twitid">494196556279460000</column>
            <column name="date">1406660615</column>
            <column name="name">Agudar_</column>
            <column name="text">США ввели санкции против ВТБ, Банка Москвы и Россельхозбанка - Газета.Ru  #Russian</column>
            <column name="sberbank">NULL</column>
            <column name="vtb">-1</column>
            <column name="gazprom">NULL</column>
            <column name="alfabank">NULL</column>
            <column name="bankmoskvy">-1</column>
            <column name="raiffeisen">NULL</column>
            <column name="uralsib">NULL</column>
            <column name="rshb">-1</column>
        </table>
        <table name="bank">
            <column name="id">1017</column>
            <column name="twitid">494196598659100000</column>
            <column name="date">1406660625</column>
            <column name="name">chick_not_bird</column>
            <column name="text">Пизда рулю! &quot;@FastSlon: BRKNG США ввели санкции против Банка Москвы, ВТБ и Россельхозбанка, а также ОСК&quot;</column>
            <column name="sberbank">NULL</column>
            <column name="vtb">-1</column>
            <column name="gazprom">NULL</column>
            <column name="alfabank">NULL</column>
            <column name="bankmoskvy">-1</column>
            <column name="raiffeisen">NULL</column>
            <column name="uralsib">NULL</column>
            <column name="rshb">-1</column>
        </table>
        <table name="bank">
            <column name="id">1018</column>
            <column name="twitid">494196685573480000</column>
            <column name="date">1406660646</column>
            <column name="name">andreyfmsk</column>
            <column name="text">RT @reuters_russia: США распространили санкции на Россельхозбанк, ВТБ и его &quot;дочку&quot; - Банк Москвы</column>
            <column name="sberbank">NULL</column>
            <column name="vtb">-1</column>
            <column name="gazprom">NULL</column>
            <column name="alfabank">NULL</column>
            <column name="bankmoskvy">-1</column>
            <column name="raiffeisen">NULL</column>
            <column name="uralsib">NULL</column>
            <column name="rshb">-1</column>
        </table>
        <table name="bank">
            <column name="id">1019</column>
            <column name="twitid">494197371182780000</column>
            <column name="date">1406660809</column>
            <column name="name">itolkotak</column>
            <column name="text">@markethell сбербанк не в списке?</column>
            <column name="sberbank">0</column>
            <column name="vtb">NULL</column>
            <column name="gazprom">NULL</column>
            <column name="alfabank">NULL</column>
            <column name="bankmoskvy">NULL</column>
            <column name="raiffeisen">NULL</column>
            <column name="uralsib">NULL</column>
            <column name="rshb">NULL</column>
        </table>
        <table name="bank">
            <column name="id">1020</column>
            <column name="twitid">494197471459800000</column>
            <column name="date">1406660833</column>
            <column name="name">MOSDEIMOS</column>
            <column name="text">RT @EuroMaydan: США ввели санкции против Банка Москвы, ВТБ, Россельхозбанка и ОСК

Гражданам и компаниям США запрещено... http://t.co/GBmka…</column>
            <column name="sberbank">NULL</column>
            <column name="vtb">-1</column>
            <column name="gazprom">NULL</column>
            <column name="alfabank">NULL</column>
            <column name="bankmoskvy">-1</column>
            <column name="raiffeisen">NULL</column>
            <column name="uralsib">NULL</column>
            <column name="rshb">-1</column>
        </table>
        <table name="bank">
            <column name="id">1021</column>
            <column name="twitid">494198243572840000</column>
            <column name="date">1406661017</column>
            <column name="name">GTX_UA</column>
            <column name="text">RT @GOSDEP1USA: США ввели санкции против Банка Москвы, ВТБ и Россельхозбанка</column>
            <column name="sberbank">NULL</column>
            <column name="vtb">-1</column>
            <column name="gazprom">NULL</column>
            <column name="alfabank">NULL</column>
            <column name="bankmoskvy">-1</column>
            <column name="raiffeisen">NULL</column>
            <column name="uralsib">NULL</column>
            <column name="rshb">-1</column>
        </table>
        <table name="bank">
            <column name="id">1022</column>
            <column name="twitid">494198781353550000</column>
            <column name="date">1406661145</column>
            <column name="name">tj_4ever</column>
            <column name="text">В новый список санкций ЕС войдут Сбербанк и ВТБ https://t.co/sfhdIOWh3t</column>
            <column name="sberbank">-1</column>
            <column name="vtb">-1</column>
            <column name="gazprom">NULL</column>
            <column name="alfabank">NULL</column>
            <column name="bankmoskvy">NULL</column>
            <column name="raiffeisen">NULL</column>
            <column name="uralsib">NULL</column>
            <column name="rshb">NULL</column>
        </table>
        <table name="bank">
            <column name="id">1023</column>
            <column name="twitid">494199089098010000</column>
            <column name="date">1406661219</column>
            <column name="name">marina_saniram</column>
            <column name="text">!!!! США ввели санкции против Банка Москвы, ВТБ и Россельхозбанка http://t.co/xpCc8PGEgQ с помощью @RT_russian</column>
            <column name="sberbank">NULL</column>
            <column name="vtb">-1</column>
            <column name="gazprom">NULL</column>
            <column name="alfabank">NULL</column>
            <column name="bankmoskvy">-1</column>
            <column name="raiffeisen">NULL</column>
            <column name="uralsib">NULL</column>
            <column name="rshb">-1</column>
        </table>
        <table name="bank">
            <column name="id">1024</column>
            <column name="twitid">494199139899830000</column>
            <column name="date">1406661231</column>
            <column name="name">akil115</column>
            <column name="text">RT @SvobodaRadio: В санкционный список #США внесены Банк Москвы,ВТБ,Россельхозбанк и Объединенная судостроительная корпорация.Речь не идет …</column>
            <column name="sberbank">NULL</column>
            <column name="vtb">-1</column>
            <column name="gazprom">NULL</column>
            <column name="alfabank">NULL</column>
            <column name="bankmoskvy">-1</column>
            <column name="raiffeisen">NULL</column>
            <column name="uralsib">NULL</column>
            <column name="rshb">-1</column>
        </table>
        <table name="bank">
            <column name="id">1025</column>
            <column name="twitid">494199316173840000</column>
            <column name="date">1406661273</column>
            <column name="name">BelAnatoli</column>
            <column name="text">RT @Fontanka_spb: Новые санкции США: ВТБ и Банк Москвы не смогут брать кредиты, в список попала и ОСК, куда входят Балзавод, Северная верфь…</column>
            <column name="sberbank">NULL</column>
            <column name="vtb">-1</column>
            <column name="gazprom">NULL</column>
            <column name="alfabank">NULL</column>
            <column name="bankmoskvy">-1</column>
            <column name="raiffeisen">NULL</column>
            <column name="uralsib">NULL</column>
            <column name="rshb">NULL</column>
        </table>
        <table name="bank">
            <column name="id">1026</column>
            <column name="twitid">494199554661950000</column>
            <column name="date">1406661330</column>
            <column name="name">Camryman</column>
            <column name="text">@adenisenko догадливый :) райффайзен, юникредит</column>
            <column name="sberbank">NULL</column>
            <column name="vtb">NULL</column>
            <column name="gazprom">NULL</column>
            <column name="alfabank">NULL</column>
            <column name="bankmoskvy">NULL</column>
            <column name="raiffeisen">0</column>
            <column name="uralsib">NULL</column>
            <column name="rshb">NULL</column>
        </table>
        <table name="bank">
            <column name="id">1027</column>
            <column name="twitid">494199691144230000</column>
            <column name="date">1406661362</column>
            <column name="name">k7and</column>
            <column name="text">США ввели санкции против Банка Москвы, ВТБ и Россельхозбанка</column>
            <column name="sberbank">NULL</column>
            <column name="vtb">-1</column>
            <column name="gazprom">NULL</column>
            <column name="alfabank">NULL</column>
            <column name="bankmoskvy">-1</column>
            <column name="raiffeisen">NULL</column>
            <column name="uralsib">NULL</column>
            <column name="rshb">-1</column>
        </table>
        <table name="bank">
            <column name="id">1028</column>
            <column name="twitid">494200045819140000</column>
            <column name="date">1406661447</column>
            <column name="name">marisha7898</column>
            <column name="text">RT @kreatyvna100: А американцы вошли во вкус - Банк Москва, ВТБ, Россельхозбанк - все. Санкции</column>
            <column name="sberbank">NULL</column>
            <column name="vtb">-1</column>
            <column name="gazprom">NULL</column>
            <column name="alfabank">NULL</column>
            <column name="bankmoskvy">NULL</column>
            <column name="raiffeisen">NULL</column>
            <column name="uralsib">NULL</column>
            <column name="rshb">-1</column>
        </table>
        <table name="bank">
            <column name="id">1029</column>
            <column name="twitid">494200461965420000</column>
            <column name="date">1406661546</column>
            <column name="name">Natali373</column>
            <column name="text">RT @navalny: @AlyaFlo Сбер большой. Вся наша банковская система - это Сбер</column>
            <column name="sberbank">0</column>
            <column name="vtb">NULL</column>
            <column name="gazprom">NULL</column>
            <column name="alfabank">NULL</column>
            <column name="bankmoskvy">NULL</column>
            <column name="raiffeisen">NULL</column>
            <column name="uralsib">NULL</column>
            <column name="rshb">NULL</column>
        </table>
        <table name="bank">
            <column name="id">1030</column>
            <column name="twitid">494200997787760000</column>
            <column name="date">1406661674</column>
            <column name="name">cultureartifact</column>
            <column name="text">В новый санкционный список США попали ОСК, ВТБ и банк Москвы http://t.co/KlMUYGPB1y</column>
            <column name="sberbank">NULL</column>
            <column name="vtb">-1</column>
            <column name="gazprom">NULL</column>
            <column name="alfabank">NULL</column>
            <column name="bankmoskvy">-1</column>
            <column name="raiffeisen">NULL</column>
            <column name="uralsib">NULL</column>
            <column name="rshb">NULL</column>
        </table>
        <table name="bank">
            <column name="id">1031</column>
            <column name="twitid">494201086178530000</column>
            <column name="date">1406661695</column>
            <column name="name">zaim76</column>
            <column name="text">Вести76: В новый санкционный список США попали ОСК, ВТБ и банк Москвы http://t.co/6zzdzQTxtL</column>
            <column name="sberbank">NULL</column>
            <column name="vtb">-1</column>
            <column name="gazprom">NULL</column>
            <column name="alfabank">NULL</column>
            <column name="bankmoskvy">-1</column>
            <column name="raiffeisen">NULL</column>
            <column name="uralsib">NULL</column>
            <column name="rshb">NULL</column>
        </table>
        <table name="bank">
            <column name="id">1032</column>
            <column name="twitid">494201087847830000</column>
            <column name="date">1406661695</column>
            <column name="name">7621268</column>
            <column name="text">США ввели санкции против Банка Москвы, ВТБ и Россельхозбанка http://t.co/ZsvTvrI6UZ</column>
            <column name="sberbank">NULL</column>
            <column name="vtb">-1</column>
            <column name="gazprom">NULL</column>
            <column name="alfabank">NULL</column>
            <column name="bankmoskvy">-1</column>
            <column name="raiffeisen">NULL</column>
            <column name="uralsib">NULL</column>
            <column name="rshb">-1</column>
        </table>
        <table name="bank">
            <column name="id">1033</column>
            <column name="twitid">494201175441700000</column>
            <column name="date">1406661716</column>
            <column name="name">cloudedmind_</column>
            <column name="text">RT @vesti_news: США ввели санкции против Банка Москвы, ВТБ и Россельхозбанка http://t.co/5GVrgrLBQp</column>
            <column name="sberbank">NULL</column>
            <column name="vtb">-1</column>
            <column name="gazprom">NULL</column>
            <column name="alfabank">NULL</column>
            <column name="bankmoskvy">-1</column>
            <column name="raiffeisen">NULL</column>
            <column name="uralsib">NULL</column>
            <column name="rshb">-1</column>
        </table>
        <table name="bank">
            <column name="id">1034</column>
            <column name="twitid">494201770584080000</column>
            <column name="date">1406661858</column>
            <column name="name">emilisexygirl</column>
            <column name="text">http://t.co/dG0OeFaQpx:В новый санкционный список США попали ОСК, ВТБ и банк Москвы http://t.co/C31SoarPXj</column>
            <column name="sberbank">NULL</column>
            <column name="vtb">-1</column>
            <column name="gazprom">NULL</column>
            <column name="alfabank">NULL</column>
            <column name="bankmoskvy">-1</column>
            <column name="raiffeisen">NULL</column>
            <column name="uralsib">NULL</column>
            <column name="rshb">NULL</column>
        </table>
        <table name="bank">
            <column name="id">1035</column>
            <column name="twitid">494201814313470000</column>
            <column name="date">1406661869</column>
            <column name="name">dkv224</column>
            <column name="text">#Ukraine США ввели санкции против Банка Москвы, ВТБ и Россельхозбанка: КИЕВ. 29 июля. УНН. США ввели санкции против Банка Москвы, ВТБ...</column>
            <column name="sberbank">NULL</column>
            <column name="vtb">-1</column>
            <column name="gazprom">NULL</column>
            <column name="alfabank">NULL</column>
            <column name="bankmoskvy">-1</column>
            <column name="raiffeisen">NULL</column>
            <column name="uralsib">NULL</column>
            <column name="rshb">-1</column>
        </table>
        <table name="bank">
            <column name="id">1036</column>
            <column name="twitid">494202209450880000</column>
            <column name="date">1406661963</column>
            <column name="name">EPetrova53</column>
            <column name="text">США добавили три российских банка в черный список. Под санкции попали ВТБ, Банк Москвы и Россельхозбанк. Гражданам и компаниям США запрещен</column>
            <column name="sberbank">NULL</column>
            <column name="vtb">-1</column>
            <column name="gazprom">NULL</column>
            <column name="alfabank">NULL</column>
            <column name="bankmoskvy">-1</column>
            <column name="raiffeisen">NULL</column>
            <column name="uralsib">NULL</column>
            <column name="rshb">-1</column>
        </table>
        <table name="bank">
            <column name="id">1037</column>
            <column name="twitid">494202336857050000</column>
            <column name="date">1406661993</column>
            <column name="name">Skir_Lametan</column>
            <column name="text">RT @navalny: Ну, ВТБ - это не страшно. Сбербанк - другое дело.</column>
            <column name="sberbank">0</column>
            <column name="vtb">0</column>
            <column name="gazprom">NULL</column>
            <column name="alfabank">NULL</column>
            <column name="bankmoskvy">NULL</column>
            <column name="raiffeisen">NULL</column>
            <column name="uralsib">NULL</column>
            <column name="rshb">NULL</column>
        </table>
        <table name="bank">
            <column name="id">1038</column>
            <column name="twitid">494203005898870000</column>
            <column name="date">1406662153</column>
            <column name="name">ya_shot</column>
            <column name="text">RT @GazetaRu_All: США ввели санкции против ВТБ, Банка Москвы и Россельхозбанка http://t.co/IuqJ41ICNi</column>
            <column name="sberbank">NULL</column>
            <column name="vtb">-1</column>
            <column name="gazprom">NULL</column>
            <column name="alfabank">NULL</column>
            <column name="bankmoskvy">-1</column>
            <column name="raiffeisen">NULL</column>
            <column name="uralsib">NULL</column>
            <column name="rshb">-1</column>
        </table>
        <table name="bank">
            <column name="id">1039</column>
            <column name="twitid">494203454844580000</column>
            <column name="date">1406662260</column>
            <column name="name">GeorgSicorski</column>
            <column name="text">RT @JuMistress: США ввели санкции против Банка Москвы, ВТБ и Россельхозбанка.</column>
            <column name="sberbank">NULL</column>
            <column name="vtb">-1</column>
            <column name="gazprom">NULL</column>
            <column name="alfabank">NULL</column>
            <column name="bankmoskvy">-1</column>
            <column name="raiffeisen">NULL</column>
            <column name="uralsib">NULL</column>
            <column name="rshb">-1</column>
        </table>
        <table name="bank">
            <column name="id">1040</column>
            <column name="twitid">494203934278710000</column>
            <column name="date">1406662374</column>
            <column name="name">KatyushaKuraeva</column>
            <column name="text">RT @GazetaRu: США ввели санкции против ВТБ, Банка Москвы и Россельхозбанка #новости http://t.co/C196SKj2vA</column>
            <column name="sberbank">NULL</column>
            <column name="vtb">-1</column>
            <column name="gazprom">NULL</column>
            <column name="alfabank">NULL</column>
            <column name="bankmoskvy">-1</column>
            <column name="raiffeisen">NULL</column>
            <column name="uralsib">NULL</column>
            <column name="rshb">-1</column>
        </table>
        <table name="bank">
            <column name="id">1041</column>
            <column name="twitid">494204336105590000</column>
            <column name="date">1406662470</column>
            <column name="name">RosticRost</column>
            <column name="text">RT @marina_saniram: !!!! США ввели санкции против Банка Москвы, ВТБ и Россельхозбанка http://t.co/xpCc8PGEgQ с помощью @RT_russian</column>
            <column name="sberbank">NULL</column>
            <column name="vtb">-1</column>
            <column name="gazprom">NULL</column>
            <column name="alfabank">NULL</column>
            <column name="bankmoskvy">-1</column>
            <column name="raiffeisen">NULL</column>
            <column name="uralsib">NULL</column>
            <column name="rshb">-1</column>
        </table>
        <table name="bank">
            <column name="id">1042</column>
            <column name="twitid">494204529542300000</column>
            <column name="date">1406662516</column>
            <column name="name">photo2post</column>
            <column name="text">США ввели санкции против Банка Москвы, ВТБ, Россельхозбанка: Гражданам и компаниям США запрещено приобретать д... http://t.co/DqSIwzYr7o</column>
            <column name="sberbank">NULL</column>
            <column name="vtb">-1</column>
            <column name="gazprom">NULL</column>
            <column name="alfabank">NULL</column>
            <column name="bankmoskvy">-1</column>
            <column name="raiffeisen">NULL</column>
            <column name="uralsib">NULL</column>
            <column name="rshb">-1</column>
        </table>
        <table name="bank">
            <column name="id">1043</column>
            <column name="twitid">494204613810450000</column>
            <column name="date">1406662536</column>
            <column name="name">RobertBik</column>
            <column name="text">В &quot;антифашстской&quot; Новороссии громили Приватбанк, а так выглядит Сбербанк в &quot;фашистских&quot; Сумах http://t.co/2sjfM1YuOM</column>
            <column name="sberbank">0</column>
            <column name="vtb">NULL</column>
            <column name="gazprom">NULL</column>
            <column name="alfabank">NULL</column>
            <column name="bankmoskvy">NULL</column>
            <column name="raiffeisen">NULL</column>
            <column name="uralsib">NULL</column>
            <column name="rshb">NULL</column>
        </table>
        <table name="bank">
            <column name="id">1044</column>
            <column name="twitid">494205692157260000</column>
            <column name="date">1406662793</column>
            <column name="name">xRoRyK</column>
            <column name="text">RT @stabilizec: Свежие шишки от США:

Банк Москвы 
Россельхозбанк
ВТБ http://t.co/fnj8Sk0RSf</column>
            <column name="sberbank">NULL</column>
            <column name="vtb">-1</column>
            <column name="gazprom">NULL</column>
            <column name="alfabank">NULL</column>
            <column name="bankmoskvy">-1</column>
            <column name="raiffeisen">NULL</column>
            <column name="uralsib">NULL</column>
            <column name="rshb">-1</column>
        </table>
        <table name="bank">
            <column name="id">1045</column>
            <column name="twitid">494205740845120000</column>
            <column name="date">1406662805</column>
            <column name="name">Rossiyaninreg33</column>
            <column name="text">RT @the_newtimes: США ввели санкции против Банка Москвы, ВТБ, ВЭБ, Газпромбанка и Россельхозбанка, а ЕС согласовал секторальные санкции htt…</column>
            <column name="sberbank">NULL</column>
            <column name="vtb">-1</column>
            <column name="gazprom">-1</column>
            <column name="alfabank">NULL</column>
            <column name="bankmoskvy">-1</column>
            <column name="raiffeisen">NULL</column>
            <column name="uralsib">NULL</column>
            <column name="rshb">-1</column>
        </table>
        <table name="bank">
            <column name="id">1046</column>
            <column name="twitid">494205741763690000</column>
            <column name="date">1406662805</column>
            <column name="name">Pik2nik</column>
            <column name="text">США ввели санкции против ВТБ, Банка Москвы и Россельхозбанка</column>
            <column name="sberbank">NULL</column>
            <column name="vtb">-1</column>
            <column name="gazprom">NULL</column>
            <column name="alfabank">NULL</column>
            <column name="bankmoskvy">-1</column>
            <column name="raiffeisen">NULL</column>
            <column name="uralsib">NULL</column>
            <column name="rshb">-1</column>
        </table>
        <table name="bank">
            <column name="id">1047</column>
            <column name="twitid">494205924001610000</column>
            <column name="date">1406662848</column>
            <column name="name">Alisa550055</column>
            <column name="text">США ввели санкции против ВТБ, Банка Москвы и Россельхозбанка: Власти США ввели санкции против ВТБ, Банка Москвы и Россельхозбанка. Об...</column>
            <column name="sberbank">NULL</column>
            <column name="vtb">-1</column>
            <column name="gazprom">NULL</column>
            <column name="alfabank">NULL</column>
            <column name="bankmoskvy">-1</column>
            <column name="raiffeisen">NULL</column>
            <column name="uralsib">NULL</column>
            <column name="rshb">-1</column>
        </table>
        <table name="bank">
            <column name="id">1048</column>
            <column name="twitid">494205924060300000</column>
            <column name="date">1406662848</column>
            <column name="name">_BelMeri</column>
            <column name="text">#RT США ввели санкции против ВТБ, Банка Москвы и Россельхозбанка  #ЗаFollowМеня</column>
            <column name="sberbank">NULL</column>
            <column name="vtb">-1</column>
            <column name="gazprom">NULL</column>
            <column name="alfabank">NULL</column>
            <column name="bankmoskvy">-1</column>
            <column name="raiffeisen">NULL</column>
            <column name="uralsib">NULL</column>
            <column name="rshb">-1</column>
        </table>
        <table name="bank">
            <column name="id">1049</column>
            <column name="twitid">494205924198730000</column>
            <column name="date">1406662848</column>
            <column name="name">boroda2591</column>
            <column name="text">США ввели санкции против ВТБ, Банка Москвы и Россельхозбанка  #новости</column>
            <column name="sberbank">NULL</column>
            <column name="vtb">-1</column>
            <column name="gazprom">NULL</column>
            <column name="alfabank">NULL</column>
            <column name="bankmoskvy">-1</column>
            <column name="raiffeisen">NULL</column>
            <column name="uralsib">NULL</column>
            <column name="rshb">-1</column>
        </table>
        <table name="bank">
            <column name="id">1050</column>
            <column name="twitid">494205926241350000</column>
            <column name="date">1406662849</column>
            <column name="name">lishamillward</column>
            <column name="text">#sledui США ввели санкции против ВТБ, Банка Москвы и Россельхозбанка</column>
            <column name="sberbank">NULL</column>
            <column name="vtb">-1</column>
            <column name="gazprom">NULL</column>
            <column name="alfabank">NULL</column>
            <column name="bankmoskvy">-1</column>
            <column name="raiffeisen">NULL</column>
            <column name="uralsib">NULL</column>
            <column name="rshb">-1</column>
        </table>
        <table name="bank">
            <column name="id">1051</column>
            <column name="twitid">494206070341260000</column>
            <column name="date">1406662883</column>
            <column name="name">fil200833</column>
            <column name="text">RT @rianru: США ввели санкции против Банка Москвы, ВТБ, Россельхозбанка и ОСК http://t.co/spaauz3ump</column>
            <column name="sberbank">NULL</column>
            <column name="vtb">-1</column>
            <column name="gazprom">NULL</column>
            <column name="alfabank">NULL</column>
            <column name="bankmoskvy">-1</column>
            <column name="raiffeisen">NULL</column>
            <column name="uralsib">NULL</column>
            <column name="rshb">-1</column>
        </table>
        <table name="bank">
            <column name="id">1052</column>
            <column name="twitid">494206166822450000</column>
            <column name="date">1406662906</column>
            <column name="name">novynar_lavrov</column>
            <column name="text">США ввели санкции против &quot;Банка Москвы&quot;, ВТБ и Россельхозбанка: США ввели санкции против «Банка Москвы», ВТБ и... http://t.co/WZMaGbEhWc</column>
            <column name="sberbank">NULL</column>
            <column name="vtb">-1</column>
            <column name="gazprom">NULL</column>
            <column name="alfabank">NULL</column>
            <column name="bankmoskvy">-1</column>
            <column name="raiffeisen">NULL</column>
            <column name="uralsib">NULL</column>
            <column name="rshb">-1</column>
        </table>
        <table name="bank">
            <column name="id">1053</column>
            <column name="twitid">494206168269470000</column>
            <column name="date">1406662907</column>
            <column name="name">novynar_kiselev</column>
            <column name="text">США ввели санкции против &quot;Банка Москвы&quot;, ВТБ и Россельхозбанка: США ввели санкции против «Банка Москвы», ВТБ и... http://t.co/eax1xjMojB</column>
            <column name="sberbank">NULL</column>
            <column name="vtb">-1</column>
            <column name="gazprom">NULL</column>
            <column name="alfabank">NULL</column>
            <column name="bankmoskvy">-1</column>
            <column name="raiffeisen">NULL</column>
            <column name="uralsib">NULL</column>
            <column name="rshb">-1</column>
        </table>
        <table name="bank">
            <column name="id">1054</column>
            <column name="twitid">494206255045430000</column>
            <column name="date">1406662927</column>
            <column name="name">NewsDailyTM</column>
            <column name="text">США ввели санкции против &quot;Банка Москвы&quot;, ВТБ и Россельхозбанка: США ввели санкции против «Банка Москвы», ВТБ и... http://t.co/Xoh3TPEJWM</column>
            <column name="sberbank">NULL</column>
            <column name="vtb">-1</column>
            <column name="gazprom">NULL</column>
            <column name="alfabank">NULL</column>
            <column name="bankmoskvy">-1</column>
            <column name="raiffeisen">NULL</column>
            <column name="uralsib">NULL</column>
            <column name="rshb">-1</column>
        </table>
        <table name="bank">
            <column name="id">1055</column>
            <column name="twitid">494207481925890000</column>
            <column name="date">1406663220</column>
            <column name="name">wemetfoffi</column>
            <column name="text">http://t.co/8nDqeNcay7 Альфа банк взять кредит деньгами</column>
            <column name="sberbank">NULL</column>
            <column name="vtb">NULL</column>
            <column name="gazprom">NULL</column>
            <column name="alfabank">0</column>
            <column name="bankmoskvy">NULL</column>
            <column name="raiffeisen">NULL</column>
            <column name="uralsib">NULL</column>
            <column name="rshb">NULL</column>
        </table>
        <table name="bank">
            <column name="id">1056</column>
            <column name="twitid">494208159897360000</column>
            <column name="date">1406663381</column>
            <column name="name">RuMediaTop</column>
            <column name="text">, ВТБ, Россельхозбанка и ОСК http://t.co/TiBcYjw27y</column>
            <column name="sberbank">NULL</column>
            <column name="vtb">0</column>
            <column name="gazprom">NULL</column>
            <column name="alfabank">NULL</column>
            <column name="bankmoskvy">NULL</column>
            <column name="raiffeisen">NULL</column>
            <column name="uralsib">NULL</column>
            <column name="rshb">0</column>
        </table>
        <table name="bank">
            <column name="id">1057</column>
            <column name="twitid">494208206479320000</column>
            <column name="date">1406663393</column>
            <column name="name">RuMediaTop</column>
            <column name="text">, ВТБ и Россельхозбанка http://t.co/Hcpu52JFcJ</column>
            <column name="sberbank">NULL</column>
            <column name="vtb">0</column>
            <column name="gazprom">NULL</column>
            <column name="alfabank">NULL</column>
            <column name="bankmoskvy">NULL</column>
            <column name="raiffeisen">NULL</column>
            <column name="uralsib">NULL</column>
            <column name="rshb">0</column>
        </table>
        <table name="bank">
            <column name="id">1058</column>
            <column name="twitid">494208464210500000</column>
            <column name="date">1406663454</column>
            <column name="name">NewsOfUkraine</column>
            <column name="text">#Украина США ввели санкции против Банка Москвы, ВТБ и Россельхозбанка http://t.co/7SM5eYfVKR #євромайдан #майдан</column>
            <column name="sberbank">NULL</column>
            <column name="vtb">-1</column>
            <column name="gazprom">NULL</column>
            <column name="alfabank">NULL</column>
            <column name="bankmoskvy">-1</column>
            <column name="raiffeisen">NULL</column>
            <column name="uralsib">NULL</column>
            <column name="rshb">-1</column>
        </table>
        <table name="bank">
            <column name="id">1059</column>
            <column name="twitid">494208466446060000</column>
            <column name="date">1406663455</column>
            <column name="name">tanatos4</column>
            <column name="text">#Украина США ввели санкции против Банка Москвы, ВТБ и Россельхозбанка http://t.co/KKJiS6qPud #євромайдан #майдан</column>
            <column name="sberbank">NULL</column>
            <column name="vtb">-1</column>
            <column name="gazprom">NULL</column>
            <column name="alfabank">NULL</column>
            <column name="bankmoskvy">-1</column>
            <column name="raiffeisen">NULL</column>
            <column name="uralsib">NULL</column>
            <column name="rshb">-1</column>
        </table>
        <table name="bank">
            <column name="id">1060</column>
            <column name="twitid">494208514412520000</column>
            <column name="date">1406663466</column>
            <column name="name">ukr_lito</column>
            <column name="text">RT @Ale4kko: Итак текущие санкции США: банки ВТБ(№2 в рашке),Банк Москвы(№5) и Россельхозбанк (№6).УЧИТЫВАЯ ГАЗПРОМБАНК(№3) И Россия(№16) с…</column>
            <column name="sberbank">NULL</column>
            <column name="vtb">-1</column>
            <column name="gazprom">-1</column>
            <column name="alfabank">NULL</column>
            <column name="bankmoskvy">-1</column>
            <column name="raiffeisen">NULL</column>
            <column name="uralsib">NULL</column>
            <column name="rshb">-1</column>
        </table>
        <table name="bank">
            <column name="id">1061</column>
            <column name="twitid">494208600076610000</column>
            <column name="date">1406663486</column>
            <column name="name">sergius1971</column>
            <column name="text">RT @IgorZ_ua: Под новые санкции США попали: Банк Москвы&quot;, ВТБ, Россельхозбанк и ОАО &quot;Объединенная судостроительная корпорация&quot; #Россия #сан…</column>
            <column name="sberbank">NULL</column>
            <column name="vtb">-1</column>
            <column name="gazprom">NULL</column>
            <column name="alfabank">NULL</column>
            <column name="bankmoskvy">-1</column>
            <column name="raiffeisen">NULL</column>
            <column name="uralsib">NULL</column>
            <column name="rshb">-1</column>
        </table>
        <table name="bank">
            <column name="id">1062</column>
            <column name="twitid">494208826921740000</column>
            <column name="date">1406663540</column>
            <column name="name">AShvetzova43</column>
            <column name="text">Министерство финансов США сообщило, что против трех российских банков — Банка Москвы, ВТБ и Россельхозбанка – введены санкции. Граждане и к</column>
            <column name="sberbank">NULL</column>
            <column name="vtb">-1</column>
            <column name="gazprom">NULL</column>
            <column name="alfabank">NULL</column>
            <column name="bankmoskvy">-1</column>
            <column name="raiffeisen">NULL</column>
            <column name="uralsib">NULL</column>
            <column name="rshb">-1</column>
        </table>
        <table name="bank">
            <column name="id">1063</column>
            <column name="twitid">494208958127960000</column>
            <column name="date">1406663572</column>
            <column name="name">DRogov31</column>
            <column name="text">Власти США ввели санкции против Банка Москвы, ВТБ и Россельхозбанка, сообщает «РИА Новости» со ссылкой на министерство финансов США.</column>
            <column name="sberbank">NULL</column>
            <column name="vtb">-1</column>
            <column name="gazprom">NULL</column>
            <column name="alfabank">NULL</column>
            <column name="bankmoskvy">-1</column>
            <column name="raiffeisen">NULL</column>
            <column name="uralsib">NULL</column>
            <column name="rshb">-1</column>
        </table>
        <table name="bank">
            <column name="id">1064</column>
            <column name="twitid">494209134464490000</column>
            <column name="date">1406663614</column>
            <column name="name">Dmitry_Dragan</column>
            <column name="text">@Vinokurov12 очень плохо, что сбер не под санкциями. Только всеобъемлющие санкции могут остановить их</column>
            <column name="sberbank">-1</column>
            <column name="vtb">NULL</column>
            <column name="gazprom">NULL</column>
            <column name="alfabank">NULL</column>
            <column name="bankmoskvy">NULL</column>
            <column name="raiffeisen">NULL</column>
            <column name="uralsib">NULL</column>
            <column name="rshb">NULL</column>
        </table>
        <table name="bank">
            <column name="id">1065</column>
            <column name="twitid">494209270498750000</column>
            <column name="date">1406663646</column>
            <column name="name">worldnewsday</column>
            <column name="text">Я.Новости | Экономика: США ввели санкции против Банка Москвы, ВТБ и Россельхозбанка http://t.co/lQLPWMuWD8</column>
            <column name="sberbank">NULL</column>
            <column name="vtb">-1</column>
            <column name="gazprom">NULL</column>
            <column name="alfabank">NULL</column>
            <column name="bankmoskvy">-1</column>
            <column name="raiffeisen">NULL</column>
            <column name="uralsib">NULL</column>
            <column name="rshb">-1</column>
        </table>
        <table name="bank">
            <column name="id">1066</column>
            <column name="twitid">494209493375280000</column>
            <column name="date">1406663699</column>
            <column name="name">daniilbibi1</column>
            <column name="text">dabibi1 США ввели санкции против Банка Москвы, ВТБ и Россельхозбанка: Министерство финансов США сообщило, что против трех российских ...</column>
            <column name="sberbank">NULL</column>
            <column name="vtb">-1</column>
            <column name="gazprom">NULL</column>
            <column name="alfabank">NULL</column>
            <column name="bankmoskvy">-1</column>
            <column name="raiffeisen">NULL</column>
            <column name="uralsib">NULL</column>
            <column name="rshb">-1</column>
        </table>
        <table name="bank">
            <column name="id">1067</column>
            <column name="twitid">494209782903870000</column>
            <column name="date">1406663768</column>
            <column name="name">Scarllet_Johans</column>
            <column name="text">США ввели санкции против &quot;Банка Москвы&quot;, ВТБ и Россельхозбанка</column>
            <column name="sberbank">NULL</column>
            <column name="vtb">-1</column>
            <column name="gazprom">NULL</column>
            <column name="alfabank">NULL</column>
            <column name="bankmoskvy">-1</column>
            <column name="raiffeisen">NULL</column>
            <column name="uralsib">NULL</column>
            <column name="rshb">-1</column>
        </table>
        <table name="bank">
            <column name="id">1068</column>
            <column name="twitid">494209783411380000</column>
            <column name="date">1406663769</column>
            <column name="name">Setanun</column>
            <column name="text">США ввели санкции против Банка Москвы, ВТБ, Россельхозбанка и ОСК</column>
            <column name="sberbank">NULL</column>
            <column name="vtb">-1</column>
            <column name="gazprom">NULL</column>
            <column name="alfabank">NULL</column>
            <column name="bankmoskvy">-1</column>
            <column name="raiffeisen">NULL</column>
            <column name="uralsib">NULL</column>
            <column name="rshb">-1</column>
        </table>
        <table name="bank">
            <column name="id">1069</column>
            <column name="twitid">494210005365570000</column>
            <column name="date">1406663821</column>
            <column name="name">eronymusHi</column>
            <column name="text">http://t.co/D0F7MLwMx2 Взять кредит в россельхозбанке в самарской области</column>
            <column name="sberbank">NULL</column>
            <column name="vtb">NULL</column>
            <column name="gazprom">NULL</column>
            <column name="alfabank">NULL</column>
            <column name="bankmoskvy">NULL</column>
            <column name="raiffeisen">NULL</column>
            <column name="uralsib">NULL</column>
            <column name="rshb">0</column>
        </table>
        <table name="bank">
            <column name="id">1070</column>
            <column name="twitid">494210093278170000</column>
            <column name="date">1406663842</column>
            <column name="name">aviator2332</column>
            <column name="text">@Vinokurov12 @navalny http://t.co/b8CL3Lq7LS сбер попал под ЕС</column>
            <column name="sberbank">-1</column>
            <column name="vtb">NULL</column>
            <column name="gazprom">NULL</column>
            <column name="alfabank">NULL</column>
            <column name="bankmoskvy">NULL</column>
            <column name="raiffeisen">NULL</column>
            <column name="uralsib">NULL</column>
            <column name="rshb">NULL</column>
        </table>
        <table name="bank">
            <column name="id">1071</column>
            <column name="twitid">494210136676650000</column>
            <column name="date">1406663853</column>
            <column name="name">nata_kurt</column>
            <column name="text">RT @HannaGun: Под новые #санкции от #ЕС попадают два российских банка: #Сбербанк и #ВТБ
#Порошенко! Почему у нас эти вражеские банки до сих…</column>
            <column name="sberbank">-1</column>
            <column name="vtb">-1</column>
            <column name="gazprom">NULL</column>
            <column name="alfabank">NULL</column>
            <column name="bankmoskvy">NULL</column>
            <column name="raiffeisen">NULL</column>
            <column name="uralsib">NULL</column>
            <column name="rshb">NULL</column>
        </table>
        <table name="bank">
            <column name="id">1072</column>
            <column name="twitid">494210538009020000</column>
            <column name="date">1406663948</column>
            <column name="name">va_step</column>
            <column name="text">@FastSlon Банк Москвы пишется без кавычек</column>
            <column name="sberbank">NULL</column>
            <column name="vtb">NULL</column>
            <column name="gazprom">NULL</column>
            <column name="alfabank">NULL</column>
            <column name="bankmoskvy">0</column>
            <column name="raiffeisen">NULL</column>
            <column name="uralsib">NULL</column>
            <column name="rshb">NULL</column>
        </table>
        <table name="bank">
            <column name="id">1073</column>
            <column name="twitid">494210538348350000</column>
            <column name="date">1406663948</column>
            <column name="name">worldnewsday</column>
            <column name="text">Я.Новости | Блоги: США ввели санкции против Банка Москвы, ВТБ и Россельхозбанка http://t.co/ydNHnKxgzS</column>
            <column name="sberbank">NULL</column>
            <column name="vtb">-1</column>
            <column name="gazprom">NULL</column>
            <column name="alfabank">NULL</column>
            <column name="bankmoskvy">-1</column>
            <column name="raiffeisen">NULL</column>
            <column name="uralsib">NULL</column>
            <column name="rshb">-1</column>
        </table>
        <table name="bank">
            <column name="id">1074</column>
            <column name="twitid">494210669324300000</column>
            <column name="date">1406663980</column>
            <column name="name">Lidevna</column>
            <column name="text">RT @GazetaRu_Biz: США ввели санкции против ВТБ, Банка Москвы и Россельхозбанка #бизнес http://t.co/bJuhHTybST</column>
            <column name="sberbank">NULL</column>
            <column name="vtb">-1</column>
            <column name="gazprom">NULL</column>
            <column name="alfabank">NULL</column>
            <column name="bankmoskvy">-1</column>
            <column name="raiffeisen">NULL</column>
            <column name="uralsib">NULL</column>
            <column name="rshb">-1</column>
        </table>
        <table name="bank">
            <column name="id">1075</column>
            <column name="twitid">494210954406540000</column>
            <column name="date">1406664048</column>
            <column name="name">debill</column>
            <column name="text">RT @rrubanov: Текст секторальных санкций для ВТБ, Банк Москвы, Россельхозбанк и Объединенной судостроительной корпорации http://t.co/CDS4zv…</column>
            <column name="sberbank">NULL</column>
            <column name="vtb">-1</column>
            <column name="gazprom">NULL</column>
            <column name="alfabank">NULL</column>
            <column name="bankmoskvy">-1</column>
            <column name="raiffeisen">NULL</column>
            <column name="uralsib">NULL</column>
            <column name="rshb">-1</column>
        </table>
        <table name="bank">
            <column name="id">1076</column>
            <column name="twitid">494211413057870000</column>
            <column name="date">1406664157</column>
            <column name="name">vivat477</column>
            <column name="text">RT @rbcua: США распространили санкции на &quot;Россельхозбанк&quot;, ВТБ и &quot;Банк Москвы&quot;, - Reuters: США расширили санкции... http://t.co/49zdYwk0E6 …</column>
            <column name="sberbank">NULL</column>
            <column name="vtb">-1</column>
            <column name="gazprom">NULL</column>
            <column name="alfabank">NULL</column>
            <column name="bankmoskvy">-1</column>
            <column name="raiffeisen">NULL</column>
            <column name="uralsib">NULL</column>
            <column name="rshb">-1</column>
        </table>
        <table name="bank">
            <column name="id">1077</column>
            <column name="twitid">494211682731040000</column>
            <column name="date">1406664221</column>
            <column name="name">LZvyagina23</column>
            <column name="text">США расширили санкции на три российских банка: &quot;Россельхозбанк&quot;, ВТБ и его дочернее предприятие &quot;Банк Москвы&quot;. Об этом агенство Reuters пиш</column>
            <column name="sberbank">NULL</column>
            <column name="vtb">-1</column>
            <column name="gazprom">NULL</column>
            <column name="alfabank">NULL</column>
            <column name="bankmoskvy">-1</column>
            <column name="raiffeisen">NULL</column>
            <column name="uralsib">NULL</column>
            <column name="rshb">-1</column>
        </table>
        <table name="bank">
            <column name="id">1078</column>
            <column name="twitid">494212455640210000</column>
            <column name="date">1406664406</column>
            <column name="name">edinoros_online</column>
            <column name="text">США ввели санкции против Банка Москвы, ВТБ, Россельхозбанка и ОСК - РИА Новости http://t.co/CPcYpKdxDf</column>
            <column name="sberbank">NULL</column>
            <column name="vtb">-1</column>
            <column name="gazprom">NULL</column>
            <column name="alfabank">NULL</column>
            <column name="bankmoskvy">-1</column>
            <column name="raiffeisen">NULL</column>
            <column name="uralsib">NULL</column>
            <column name="rshb">-1</column>
        </table>
        <table name="bank">
            <column name="id">1079</column>
            <column name="twitid">494212552910310000</column>
            <column name="date">1406664429</column>
            <column name="name">emaineFulo</column>
            <column name="text">http://t.co/em2fE6t1qt Сбербанк кредит оформить заявку</column>
            <column name="sberbank">0</column>
            <column name="vtb">NULL</column>
            <column name="gazprom">NULL</column>
            <column name="alfabank">NULL</column>
            <column name="bankmoskvy">NULL</column>
            <column name="raiffeisen">NULL</column>
            <column name="uralsib">NULL</column>
            <column name="rshb">NULL</column>
        </table>
        <table name="bank">
            <column name="id">1080</column>
            <column name="twitid">494212553170370000</column>
            <column name="date">1406664429</column>
            <column name="name">GBorrys2014</column>
            <column name="text">США ввели санкции против ВТБ, Банка Москвы, Россельхозбанка и ОСК http://t.co/Lz7KSczK80</column>
            <column name="sberbank">NULL</column>
            <column name="vtb">-1</column>
            <column name="gazprom">NULL</column>
            <column name="alfabank">NULL</column>
            <column name="bankmoskvy">-1</column>
            <column name="raiffeisen">NULL</column>
            <column name="uralsib">NULL</column>
            <column name="rshb">-1</column>
        </table>
        <table name="bank">
            <column name="id">1081</column>
            <column name="twitid">494213059142250000</column>
            <column name="date">1406664549</column>
            <column name="name">CharleneCransto</column>
            <column name="text">США ввели санкции против ОСК, Банка Москвы, ВТБ, Россельхозбанка</column>
            <column name="sberbank">NULL</column>
            <column name="vtb">-1</column>
            <column name="gazprom">NULL</column>
            <column name="alfabank">NULL</column>
            <column name="bankmoskvy">-1</column>
            <column name="raiffeisen">NULL</column>
            <column name="uralsib">NULL</column>
            <column name="rshb">-1</column>
        </table>
        <table name="bank">
            <column name="id">1082</column>
            <column name="twitid">494213370241760000</column>
            <column name="date">1406664624</column>
            <column name="name">volna449</column>
            <column name="text">США ввели санкции против ОСК, Банка Москвы, ВТБ, Россельхозбанка: США ввели санкции против Объединенной судост... http://t.co/KvYSIRjyd6</column>
            <column name="sberbank">NULL</column>
            <column name="vtb">-1</column>
            <column name="gazprom">NULL</column>
            <column name="alfabank">NULL</column>
            <column name="bankmoskvy">-1</column>
            <column name="raiffeisen">NULL</column>
            <column name="uralsib">NULL</column>
            <column name="rshb">-1</column>
        </table>
        <table name="bank">
            <column name="id">1083</column>
            <column name="twitid">494213371902710000</column>
            <column name="date">1406664624</column>
            <column name="name">laevskiyorr</column>
            <column name="text">США ввели санкции против ОСК, Банка Москвы, ВТБ, Россельхозбанка: США ввели санкции против Объединенной судост... http://t.co/y4wW9OKdfb</column>
            <column name="sberbank">NULL</column>
            <column name="vtb">-1</column>
            <column name="gazprom">NULL</column>
            <column name="alfabank">NULL</column>
            <column name="bankmoskvy">-1</column>
            <column name="raiffeisen">NULL</column>
            <column name="uralsib">NULL</column>
            <column name="rshb">-1</column>
        </table>
        <table name="bank">
            <column name="id">1084</column>
            <column name="twitid">494213788476790000</column>
            <column name="date">1406664723</column>
            <column name="name">cityhuntry</column>
            <column name="text">RT @rpuzyrevsky: @poroshenko Под новые санкции от ЕС попадают Сбербанк и #ВТБ Порошенко! Почему у нас эти вражеские банки до сих пор работа…</column>
            <column name="sberbank">-1</column>
            <column name="vtb">-1</column>
            <column name="gazprom">NULL</column>
            <column name="alfabank">NULL</column>
            <column name="bankmoskvy">NULL</column>
            <column name="raiffeisen">NULL</column>
            <column name="uralsib">NULL</column>
            <column name="rshb">NULL</column>
        </table>
        <table name="bank">
            <column name="id">1085</column>
            <column name="twitid">494213833808810000</column>
            <column name="date">1406664734</column>
            <column name="name">NNmartiniNN</column>
            <column name="text">Минфин США запретил предоставлять кредиты ВТБ, Россельхозбанку и Банку Москвы на срок более 90 дней http://t.co/Wy277nQmIP #news</column>
            <column name="sberbank">NULL</column>
            <column name="vtb">-1</column>
            <column name="gazprom">NULL</column>
            <column name="alfabank">NULL</column>
            <column name="bankmoskvy">-1</column>
            <column name="raiffeisen">NULL</column>
            <column name="uralsib">NULL</column>
            <column name="rshb">-1</column>
        </table>
        <table name="bank">
            <column name="id">1086</column>
            <column name="twitid">494214243856950000</column>
            <column name="date">1406664832</column>
            <column name="name">sokolova_natali</column>
            <column name="text">RT @ntvru: В черный список США попали Объединенная судостроительная корпорация, ВТБ-банк, РоссельскохозБанк и Банк Москвы http://t.co/uh0c0…</column>
            <column name="sberbank">NULL</column>
            <column name="vtb">-1</column>
            <column name="gazprom">NULL</column>
            <column name="alfabank">NULL</column>
            <column name="bankmoskvy">-1</column>
            <column name="raiffeisen">NULL</column>
            <column name="uralsib">NULL</column>
            <column name="rshb">NULL</column>
        </table>
        <table name="bank">
            <column name="id">1087</column>
            <column name="twitid">494215315522210000</column>
            <column name="date">1406665087</column>
            <column name="name">Olga_Kushpit</column>
            <column name="text">RT @349870: &quot;Банк Москвы&quot;, ВТБ и &quot;Россельхозбанк&quot;... разве это санкции? Залочьте уже наконец айфон Медведеву!!!</column>
            <column name="sberbank">NULL</column>
            <column name="vtb">0</column>
            <column name="gazprom">NULL</column>
            <column name="alfabank">NULL</column>
            <column name="bankmoskvy">0</column>
            <column name="raiffeisen">NULL</column>
            <column name="uralsib">NULL</column>
            <column name="rshb">0</column>
        </table>
        <table name="bank">
            <column name="id">1088</column>
            <column name="twitid">494215687905500000</column>
            <column name="date">1406665176</column>
            <column name="name">RuMediaTop</column>
            <column name="text">, ВТБ и Банк Москвы http://t.co/kemM6dHhXm</column>
            <column name="sberbank">NULL</column>
            <column name="vtb">0</column>
            <column name="gazprom">NULL</column>
            <column name="alfabank">NULL</column>
            <column name="bankmoskvy">0</column>
            <column name="raiffeisen">NULL</column>
            <column name="uralsib">NULL</column>
            <column name="rshb">NULL</column>
        </table>
        <table name="bank">
            <column name="id">1089</column>
            <column name="twitid">494216068077220000</column>
            <column name="date">1406665267</column>
            <column name="name">YellowBlueBusUA</column>
            <column name="text">RT @shan_yan: #БанкМосква, #ВТБ и #Россельхозбанк оказались под санкциями #США против #Россия http://t.co/TZ6ml7iIxs</column>
            <column name="sberbank">NULL</column>
            <column name="vtb">-1</column>
            <column name="gazprom">NULL</column>
            <column name="alfabank">NULL</column>
            <column name="bankmoskvy">NULL</column>
            <column name="raiffeisen">NULL</column>
            <column name="uralsib">NULL</column>
            <column name="rshb">-1</column>
        </table>
        <table name="bank">
            <column name="id">1090</column>
            <column name="twitid">494216422843640000</column>
            <column name="date">1406665351</column>
            <column name="name">ProfessorSavon</column>
            <column name="text">Вести.Ru: США ввели санкции против Банка Москвы, ВТБ и Россельхозбанка. Это структурообразующие банки. Плачевно. Дорого Украина обходится.</column>
            <column name="sberbank">NULL</column>
            <column name="vtb">-1</column>
            <column name="gazprom">NULL</column>
            <column name="alfabank">NULL</column>
            <column name="bankmoskvy">-1</column>
            <column name="raiffeisen">NULL</column>
            <column name="uralsib">NULL</column>
            <column name="rshb">-1</column>
        </table>
        <table name="bank">
            <column name="id">1091</column>
            <column name="twitid">494217011543560000</column>
            <column name="date">1406665492</column>
            <column name="name">GSKVR</column>
            <column name="text">США ввели санкции против Банка Москвы, ВТБ и Россельхозбанка: США ввели секторальные санкции против Банка Моск... http://t.co/fn8f6m5cnm</column>
            <column name="sberbank">NULL</column>
            <column name="vtb">-1</column>
            <column name="gazprom">NULL</column>
            <column name="alfabank">NULL</column>
            <column name="bankmoskvy">-1</column>
            <column name="raiffeisen">NULL</column>
            <column name="uralsib">NULL</column>
            <column name="rshb">-1</column>
        </table>
        <table name="bank">
            <column name="id">1092</column>
            <column name="twitid">494217505498360000</column>
            <column name="date">1406665610</column>
            <column name="name">orlovaevd</column>
            <column name="text">США ввели санкции против ВТБ, Россельхозбанка и Банка Москвы http://t.co/Yt3EhLWgOA #новости</column>
            <column name="sberbank">NULL</column>
            <column name="vtb">-1</column>
            <column name="gazprom">NULL</column>
            <column name="alfabank">NULL</column>
            <column name="bankmoskvy">-1</column>
            <column name="raiffeisen">NULL</column>
            <column name="uralsib">NULL</column>
            <column name="rshb">-1</column>
        </table>
        <table name="bank">
            <column name="id">1093</column>
            <column name="twitid">494217507041850000</column>
            <column name="date">1406665610</column>
            <column name="name">valery7272</column>
            <column name="text">США ввели санкции против ВТБ, Россельхозбанка и Банка Москвы: Кроме того, в список попала российская Объединён... http://t.co/605g0bphgV</column>
            <column name="sberbank">NULL</column>
            <column name="vtb">-1</column>
            <column name="gazprom">NULL</column>
            <column name="alfabank">NULL</column>
            <column name="bankmoskvy">-1</column>
            <column name="raiffeisen">NULL</column>
            <column name="uralsib">NULL</column>
            <column name="rshb">-1</column>
        </table>
        <table name="bank">
            <column name="id">1094</column>
            <column name="twitid">494217549714710000</column>
            <column name="date">1406665620</column>
            <column name="name">SergVoronov</column>
            <column name="text">profedu73.ru США ввели санкции против Банка Москвы, ВТБ, Россельхозбанка и ОСК:  http://t.co/OyZS8Ke7EP</column>
            <column name="sberbank">NULL</column>
            <column name="vtb">-1</column>
            <column name="gazprom">NULL</column>
            <column name="alfabank">NULL</column>
            <column name="bankmoskvy">-1</column>
            <column name="raiffeisen">NULL</column>
            <column name="uralsib">NULL</column>
            <column name="rshb">-1</column>
        </table>
        <table name="bank">
            <column name="id">1095</column>
            <column name="twitid">494218025974120000</column>
            <column name="date">1406665734</column>
            <column name="name">evTwifor</column>
            <column name="text">http://t.co/VvPwjE0uIn Как взять кредит в банке сбербанк приозерск</column>
            <column name="sberbank">0</column>
            <column name="vtb">NULL</column>
            <column name="gazprom">NULL</column>
            <column name="alfabank">NULL</column>
            <column name="bankmoskvy">NULL</column>
            <column name="raiffeisen">NULL</column>
            <column name="uralsib">NULL</column>
            <column name="rshb">NULL</column>
        </table>
        <table name="bank">
            <column name="id">1096</column>
            <column name="twitid">494218259336820000</column>
            <column name="date">1406665789</column>
            <column name="name">VesyolkinV</column>
            <column name="text">RT @KVRemchukov: ВТБ,Банк Москвы и Россельхозбанк попали под секторальные санкции на рынке капитала.Имена 8 ближайших к Путину людей будут …</column>
            <column name="sberbank">NULL</column>
            <column name="vtb">-1</column>
            <column name="gazprom">NULL</column>
            <column name="alfabank">NULL</column>
            <column name="bankmoskvy">-1</column>
            <column name="raiffeisen">NULL</column>
            <column name="uralsib">NULL</column>
            <column name="rshb">-1</column>
        </table>
        <table name="bank">
            <column name="id">1097</column>
            <column name="twitid">494218704205670000</column>
            <column name="date">1406665895</column>
            <column name="name">aliamayak</column>
            <column name="text">Образец справки в свободной форме втб 24 http://t.co/taRni6nwvQ</column>
            <column name="sberbank">NULL</column>
            <column name="vtb">0</column>
            <column name="gazprom">NULL</column>
            <column name="alfabank">NULL</column>
            <column name="bankmoskvy">NULL</column>
            <column name="raiffeisen">NULL</column>
            <column name="uralsib">NULL</column>
            <column name="rshb">NULL</column>
        </table>
        <table name="bank">
            <column name="id">1098</column>
            <column name="twitid">494219009471310000</column>
            <column name="date">1406665968</column>
            <column name="name">TIskandarov39</column>
            <column name="text">Министерство финансов США добавило 4 российских компании в санкционный список - Банк Москвы, ВТБ-Банк, Россельхозбанк и Объединенная судост</column>
            <column name="sberbank">NULL</column>
            <column name="vtb">-1</column>
            <column name="gazprom">NULL</column>
            <column name="alfabank">NULL</column>
            <column name="bankmoskvy">-1</column>
            <column name="raiffeisen">NULL</column>
            <column name="uralsib">NULL</column>
            <column name="rshb">-1</column>
        </table>
        <table name="bank">
            <column name="id">1099</column>
            <column name="twitid">494219273724640000</column>
            <column name="date">1406666031</column>
            <column name="name">ElvisMikle</column>
            <column name="text">США ввели санкции против «Банка Москвы», ВТБ и Россельхозбанка - Быстрый Slon http://t.co/JFMsUwBd1A</column>
            <column name="sberbank">NULL</column>
            <column name="vtb">-1</column>
            <column name="gazprom">NULL</column>
            <column name="alfabank">NULL</column>
            <column name="bankmoskvy">-1</column>
            <column name="raiffeisen">NULL</column>
            <column name="uralsib">NULL</column>
            <column name="rshb">-1</column>
        </table>
        <table name="bank">
            <column name="id">1100</column>
            <column name="twitid">494219320520900000</column>
            <column name="date">1406666042</column>
            <column name="name">irbisovic</column>
            <column name="text">&quot;@349870: &quot;Банк Москвы&quot;, ВТБ и &quot;Россельхозбанк&quot;... разве это санкции? Залочьте уже наконец айфон Медведеву!!!&quot;</column>
            <column name="sberbank">NULL</column>
            <column name="vtb">0</column>
            <column name="gazprom">NULL</column>
            <column name="alfabank">NULL</column>
            <column name="bankmoskvy">0</column>
            <column name="raiffeisen">NULL</column>
            <column name="uralsib">NULL</column>
            <column name="rshb">0</column>
        </table>
    </database>
</pma_xml_export>