<?xml version="1.0" encoding="utf-8"?>
<!--
- phpMyAdmin XML Dump
- version 4.0.4.1
- http://www.phpmyadmin.net
-
- Хост: localhost
- Время создания: Окт 28 2014 г., 09:04
- Версия сервера: 5.6.12
- Версия PHP: 5.5.3
-->

<pma_xml_export version="1.0" xmlns:pma="http://www.phpmyadmin.net/some_doc_url/">
    <!--
    - Structure schemas
    -->
    <pma:structure_schemas>
        <pma:database name="Romip" collation="utf8_general_ci" charset="utf8">
            <pma:table name="bank">
                CREATE TABLE `bank` (
                  `id` int(11) NOT NULL AUTO_INCREMENT,
                  `twitid` bigint(32) NOT NULL DEFAULT '0',
                  `date` varchar(128) DEFAULT NULL,
                  `name` varchar(128) DEFAULT NULL,
                  `text` varchar(256) DEFAULT NULL,
                  `sberbank` int(11) DEFAULT NULL,
                  `vtb` int(11) DEFAULT NULL,
                  `gazprom` int(11) DEFAULT NULL,
                  `alfabank` int(11) DEFAULT NULL,
                  `bankmoskvy` int(11) DEFAULT NULL,
                  `raiffeisen` int(11) DEFAULT NULL,
                  `uralsib` int(11) DEFAULT NULL,
                  `rshb` int(11) DEFAULT NULL,
                  PRIMARY KEY (`id`),
                  UNIQUE KEY `id` (`twitid`)
                ) ENGINE=InnoDB AUTO_INCREMENT=7924 DEFAULT CHARSET=utf8;
            </pma:table>
        </pma:database>
    </pma:structure_schemas>

    <!--
    - База данных: 'Romip'
    -->
    <database name="Romip">
        <!-- Таблица bank -->
        <table name="bank">
            <column name="id">4401</column>
            <column name="twitid">498623938193550000</column>
            <column name="date">1407716185</column>
            <column name="name">mejiaspualexand</column>
            <column name="text">Потребительские кредиты в тюмени банк москвы http://t.co/E5gVl0ICN7</column>
            <column name="sberbank">NULL</column>
            <column name="vtb">NULL</column>
            <column name="gazprom">NULL</column>
            <column name="alfabank">NULL</column>
            <column name="bankmoskvy">0</column>
            <column name="raiffeisen">NULL</column>
            <column name="uralsib">NULL</column>
            <column name="rshb">NULL</column>
        </table>
        <table name="bank">
            <column name="id">4402</column>
            <column name="twitid">498623938625540000</column>
            <column name="date">1407716185</column>
            <column name="name">musacegot</column>
            <column name="text">Потребительский кредит в втб 24 в спб http://t.co/dn9ZJZNevg</column>
            <column name="sberbank">NULL</column>
            <column name="vtb">0</column>
            <column name="gazprom">NULL</column>
            <column name="alfabank">NULL</column>
            <column name="bankmoskvy">NULL</column>
            <column name="raiffeisen">NULL</column>
            <column name="uralsib">NULL</column>
            <column name="rshb">NULL</column>
        </table>
        <table name="bank">
            <column name="id">4403</column>
            <column name="twitid">498623979675220000</column>
            <column name="date">1407716195</column>
            <column name="name">laxorynaqeb</column>
            <column name="text">Кредит на автомабиль альфа банк http://t.co/4pVJpUE3p4</column>
            <column name="sberbank">NULL</column>
            <column name="vtb">NULL</column>
            <column name="gazprom">NULL</column>
            <column name="alfabank">0</column>
            <column name="bankmoskvy">NULL</column>
            <column name="raiffeisen">NULL</column>
            <column name="uralsib">NULL</column>
            <column name="rshb">NULL</column>
        </table>
        <table name="bank">
            <column name="id">4404</column>
            <column name="twitid">498623986222500000</column>
            <column name="date">1407716196</column>
            <column name="name">oolobxanca</column>
            <column name="text">Изменит ли сбербанк ставки по автокредиту http://t.co/q5fpie0Fr2</column>
            <column name="sberbank">0</column>
            <column name="vtb">NULL</column>
            <column name="gazprom">NULL</column>
            <column name="alfabank">NULL</column>
            <column name="bankmoskvy">NULL</column>
            <column name="raiffeisen">NULL</column>
            <column name="uralsib">NULL</column>
            <column name="rshb">NULL</column>
        </table>
        <table name="bank">
            <column name="id">4405</column>
            <column name="twitid">498624027641270000</column>
            <column name="date">1407716206</column>
            <column name="name">yldisgood</column>
            <column name="text">Кредит банк москвы в ижевске http://t.co/LmI7U1HrH7</column>
            <column name="sberbank">NULL</column>
            <column name="vtb">NULL</column>
            <column name="gazprom">NULL</column>
            <column name="alfabank">NULL</column>
            <column name="bankmoskvy">0</column>
            <column name="raiffeisen">NULL</column>
            <column name="uralsib">NULL</column>
            <column name="rshb">NULL</column>
        </table>
        <table name="bank">
            <column name="id">4406</column>
            <column name="twitid">498624068732850000</column>
            <column name="date">1407716216</column>
            <column name="name">arwighrk</column>
            <column name="text">RT @EdnyKrall: Ъ: задолженность Газпромбанка ВЭБу будет конвертирована в акции</column>
            <column name="sberbank">NULL</column>
            <column name="vtb">NULL</column>
            <column name="gazprom">0</column>
            <column name="alfabank">NULL</column>
            <column name="bankmoskvy">NULL</column>
            <column name="raiffeisen">NULL</column>
            <column name="uralsib">NULL</column>
            <column name="rshb">NULL</column>
        </table>
        <table name="bank">
            <column name="id">4407</column>
            <column name="twitid">498624196466180000</column>
            <column name="date">1407716247</column>
            <column name="name">AHamidullin32</column>
            <column name="text">#ЧитаюВзаимно В понедельник после референдума в Крыму, рубль вырос на 30 копеек, а сбербанк вырос на 7%.</column>
            <column name="sberbank">1</column>
            <column name="vtb">NULL</column>
            <column name="gazprom">NULL</column>
            <column name="alfabank">NULL</column>
            <column name="bankmoskvy">NULL</column>
            <column name="raiffeisen">NULL</column>
            <column name="uralsib">NULL</column>
            <column name="rshb">NULL</column>
        </table>
        <table name="bank">
            <column name="id">4408</column>
            <column name="twitid">498625114326710000</column>
            <column name="date">1407716465</column>
            <column name="name">RobinsonCrimin</column>
            <column name="text">RT @tyxequsufizu: автокредит райффайзенбанк http://t.co/9XqfQVz6nU</column>
            <column name="sberbank">NULL</column>
            <column name="vtb">NULL</column>
            <column name="gazprom">NULL</column>
            <column name="alfabank">NULL</column>
            <column name="bankmoskvy">NULL</column>
            <column name="raiffeisen">0</column>
            <column name="uralsib">NULL</column>
            <column name="rshb">NULL</column>
        </table>
        <table name="bank">
            <column name="id">4409</column>
            <column name="twitid">498625419068050000</column>
            <column name="date">1407716538</column>
            <column name="name">criseldaayekerw</column>
            <column name="text">Кредит для держателей зарплатной карты сбербанк http://t.co/L56J41IMfJ</column>
            <column name="sberbank">0</column>
            <column name="vtb">NULL</column>
            <column name="gazprom">NULL</column>
            <column name="alfabank">NULL</column>
            <column name="bankmoskvy">NULL</column>
            <column name="raiffeisen">NULL</column>
            <column name="uralsib">NULL</column>
            <column name="rshb">NULL</column>
        </table>
        <table name="bank">
            <column name="id">4410</column>
            <column name="twitid">498625461015310000</column>
            <column name="date">1407716548</column>
            <column name="name">harriettwxnshav</column>
            <column name="text">Льготный кредит на авто 350000 сбербанк http://t.co/TEaLJGOefD</column>
            <column name="sberbank">0</column>
            <column name="vtb">NULL</column>
            <column name="gazprom">NULL</column>
            <column name="alfabank">NULL</column>
            <column name="bankmoskvy">NULL</column>
            <column name="raiffeisen">NULL</column>
            <column name="uralsib">NULL</column>
            <column name="rshb">NULL</column>
        </table>
        <table name="bank">
            <column name="id">4411</column>
            <column name="twitid">498625462625900000</column>
            <column name="date">1407716548</column>
            <column name="name">linegracia11059</column>
            <column name="text">Кредитование сбербанк г новокузнецк http://t.co/pBgtwqjlEk</column>
            <column name="sberbank">0</column>
            <column name="vtb">NULL</column>
            <column name="gazprom">NULL</column>
            <column name="alfabank">NULL</column>
            <column name="bankmoskvy">NULL</column>
            <column name="raiffeisen">NULL</column>
            <column name="uralsib">NULL</column>
            <column name="rshb">NULL</column>
        </table>
        <table name="bank">
            <column name="id">4412</column>
            <column name="twitid">498625549309600000</column>
            <column name="date">1407716569</column>
            <column name="name">reaganrqsnider</column>
            <column name="text">Маз в кредит сбербанк http://t.co/AI5CCodRJN</column>
            <column name="sberbank">0</column>
            <column name="vtb">NULL</column>
            <column name="gazprom">NULL</column>
            <column name="alfabank">NULL</column>
            <column name="bankmoskvy">NULL</column>
            <column name="raiffeisen">NULL</column>
            <column name="uralsib">NULL</column>
            <column name="rshb">NULL</column>
        </table>
        <table name="bank">
            <column name="id">4413</column>
            <column name="twitid">498625590224630000</column>
            <column name="date">1407716579</column>
            <column name="name">xyjisarisux</column>
            <column name="text">RT @kaxulimaxur: сбер банк кредит на авто http://t.co/ZbMkjCctht</column>
            <column name="sberbank">0</column>
            <column name="vtb">NULL</column>
            <column name="gazprom">NULL</column>
            <column name="alfabank">NULL</column>
            <column name="bankmoskvy">NULL</column>
            <column name="raiffeisen">NULL</column>
            <column name="uralsib">NULL</column>
            <column name="rshb">NULL</column>
        </table>
        <table name="bank">
            <column name="id">4414</column>
            <column name="twitid">498625599041470000</column>
            <column name="date">1407716581</column>
            <column name="name">fylezywe</column>
            <column name="text">Как аннулировать кредитную карту альфа банка http://t.co/SkGNLvfdn1</column>
            <column name="sberbank">NULL</column>
            <column name="vtb">NULL</column>
            <column name="gazprom">NULL</column>
            <column name="alfabank">0</column>
            <column name="bankmoskvy">NULL</column>
            <column name="raiffeisen">NULL</column>
            <column name="uralsib">NULL</column>
            <column name="rshb">NULL</column>
        </table>
        <table name="bank">
            <column name="id">4415</column>
            <column name="twitid">498626949317940000</column>
            <column name="date">1407716903</column>
            <column name="name">reannadykdnolet</column>
            <column name="text">Кредит в банк втб 24 ухта http://t.co/0bVtOt7Mrn</column>
            <column name="sberbank">NULL</column>
            <column name="vtb">0</column>
            <column name="gazprom">NULL</column>
            <column name="alfabank">NULL</column>
            <column name="bankmoskvy">NULL</column>
            <column name="raiffeisen">NULL</column>
            <column name="uralsib">NULL</column>
            <column name="rshb">NULL</column>
        </table>
        <table name="bank">
            <column name="id">4416</column>
            <column name="twitid">498627070776570000</column>
            <column name="date">1407716932</column>
            <column name="name">gofehotytu</column>
            <column name="text">Банк москвы кемерово потребительский кредит http://t.co/O6yDyKW7mZ</column>
            <column name="sberbank">NULL</column>
            <column name="vtb">NULL</column>
            <column name="gazprom">NULL</column>
            <column name="alfabank">NULL</column>
            <column name="bankmoskvy">0</column>
            <column name="raiffeisen">NULL</column>
            <column name="uralsib">NULL</column>
            <column name="rshb">NULL</column>
        </table>
        <table name="bank">
            <column name="id">4417</column>
            <column name="twitid">498628930228990000</column>
            <column name="date">1407717375</column>
            <column name="name">pubority</column>
            <column name="text">Кредиты для физических лиц банк втб http://t.co/U7i8nYQk3g</column>
            <column name="sberbank">NULL</column>
            <column name="vtb">0</column>
            <column name="gazprom">NULL</column>
            <column name="alfabank">NULL</column>
            <column name="bankmoskvy">NULL</column>
            <column name="raiffeisen">NULL</column>
            <column name="uralsib">NULL</column>
            <column name="rshb">NULL</column>
        </table>
        <table name="bank">
            <column name="id">4418</column>
            <column name="twitid">498628976588650000</column>
            <column name="date">1407717386</column>
            <column name="name">cudamoqubi</column>
            <column name="text">Кредитование физических лиц сбербанк г воронеж http://t.co/kAjHW6ChrR</column>
            <column name="sberbank">0</column>
            <column name="vtb">NULL</column>
            <column name="gazprom">NULL</column>
            <column name="alfabank">NULL</column>
            <column name="bankmoskvy">NULL</column>
            <column name="raiffeisen">NULL</column>
            <column name="uralsib">NULL</column>
            <column name="rshb">NULL</column>
        </table>
        <table name="bank">
            <column name="id">4419</column>
            <column name="twitid">498629061615580000</column>
            <column name="date">1407717407</column>
            <column name="name">castillocmranee</column>
            <column name="text">Банк москвы кредит физическое лицо http://t.co/Umxgs824lo</column>
            <column name="sberbank">NULL</column>
            <column name="vtb">NULL</column>
            <column name="gazprom">NULL</column>
            <column name="alfabank">NULL</column>
            <column name="bankmoskvy">0</column>
            <column name="raiffeisen">NULL</column>
            <column name="uralsib">NULL</column>
            <column name="rshb">NULL</column>
        </table>
        <table name="bank">
            <column name="id">4420</column>
            <column name="twitid">498631111657140000</column>
            <column name="date">1407717895</column>
            <column name="name">vubucowaxy</column>
            <column name="text">Райфайзен банк народный кредит http://t.co/NyudsMkTLl</column>
            <column name="sberbank">NULL</column>
            <column name="vtb">NULL</column>
            <column name="gazprom">NULL</column>
            <column name="alfabank">NULL</column>
            <column name="bankmoskvy">NULL</column>
            <column name="raiffeisen">0</column>
            <column name="uralsib">NULL</column>
            <column name="rshb">NULL</column>
        </table>
        <table name="bank">
            <column name="id">4421</column>
            <column name="twitid">498632514328870000</column>
            <column name="date">1407718230</column>
            <column name="name">skelawtopa</column>
            <column name="text">Кредитная карта виза сбербанк россии http://t.co/vV8IF2gL9F</column>
            <column name="sberbank">0</column>
            <column name="vtb">NULL</column>
            <column name="gazprom">NULL</column>
            <column name="alfabank">NULL</column>
            <column name="bankmoskvy">NULL</column>
            <column name="raiffeisen">NULL</column>
            <column name="uralsib">NULL</column>
            <column name="rshb">NULL</column>
        </table>
        <table name="bank">
            <column name="id">4422</column>
            <column name="twitid">498632519366240000</column>
            <column name="date">1407718231</column>
            <column name="name">shebapvbaylor</column>
            <column name="text">Выдает ли сбербанк ипотечные кредиты тула http://t.co/hEiiM2q7K2</column>
            <column name="sberbank">0</column>
            <column name="vtb">NULL</column>
            <column name="gazprom">NULL</column>
            <column name="alfabank">NULL</column>
            <column name="bankmoskvy">NULL</column>
            <column name="raiffeisen">NULL</column>
            <column name="uralsib">NULL</column>
            <column name="rshb">NULL</column>
        </table>
        <table name="bank">
            <column name="id">4423</column>
            <column name="twitid">498632550953540000</column>
            <column name="date">1407718238</column>
            <column name="name">tububakyt</column>
            <column name="text">Потребительский кредит втб 24 зао http://t.co/yN5BhOVxdJ</column>
            <column name="sberbank">NULL</column>
            <column name="vtb">0</column>
            <column name="gazprom">NULL</column>
            <column name="alfabank">NULL</column>
            <column name="bankmoskvy">NULL</column>
            <column name="raiffeisen">NULL</column>
            <column name="uralsib">NULL</column>
            <column name="rshb">NULL</column>
        </table>
        <table name="bank">
            <column name="id">4424</column>
            <column name="twitid">498632555948950000</column>
            <column name="date">1407718240</column>
            <column name="name">jeneeythay</column>
            <column name="text">Кредитные карты банка альфа банк http://t.co/vNPdYdOQXV</column>
            <column name="sberbank">NULL</column>
            <column name="vtb">NULL</column>
            <column name="gazprom">NULL</column>
            <column name="alfabank">0</column>
            <column name="bankmoskvy">NULL</column>
            <column name="raiffeisen">NULL</column>
            <column name="uralsib">NULL</column>
            <column name="rshb">NULL</column>
        </table>
        <table name="bank">
            <column name="id">4425</column>
            <column name="twitid">498632594930810000</column>
            <column name="date">1407718249</column>
            <column name="name">bitoqyxopiq</column>
            <column name="text">Кредит в банке сбербанк россия http://t.co/EIHwHXOkNn</column>
            <column name="sberbank">0</column>
            <column name="vtb">NULL</column>
            <column name="gazprom">NULL</column>
            <column name="alfabank">NULL</column>
            <column name="bankmoskvy">NULL</column>
            <column name="raiffeisen">NULL</column>
            <column name="uralsib">NULL</column>
            <column name="rshb">NULL</column>
        </table>
        <table name="bank">
            <column name="id">4426</column>
            <column name="twitid">498633428435500000</column>
            <column name="date">1407718448</column>
            <column name="name">AGavrilova49</column>
            <column name="text">Выходец из Дагестана причинил Россельхозбанку ущерб на 65 миллионов рублей. Должник не хотел возвращать кредит и сжёг залоговое имущество. </column>
            <column name="sberbank">NULL</column>
            <column name="vtb">NULL</column>
            <column name="gazprom">NULL</column>
            <column name="alfabank">NULL</column>
            <column name="bankmoskvy">NULL</column>
            <column name="raiffeisen">NULL</column>
            <column name="uralsib">NULL</column>
            <column name="rshb">-1</column>
        </table>
        <table name="bank">
            <column name="id">4427</column>
            <column name="twitid">498634683983620000</column>
            <column name="date">1407718747</column>
            <column name="name">antoniajvbirvin</column>
            <column name="text">На какие машины сбербанк даёт кредит http://t.co/kHZEPKikP6</column>
            <column name="sberbank">0</column>
            <column name="vtb">NULL</column>
            <column name="gazprom">NULL</column>
            <column name="alfabank">NULL</column>
            <column name="bankmoskvy">NULL</column>
            <column name="raiffeisen">NULL</column>
            <column name="uralsib">NULL</column>
            <column name="rshb">NULL</column>
        </table>
        <table name="bank">
            <column name="id">4428</column>
            <column name="twitid">498636047702850000</column>
            <column name="date">1407719072</column>
            <column name="name">criseldaayekerw</column>
            <column name="text">Потребительские кредиты сбербанк в перми http://t.co/NiQ7B7ZzFK</column>
            <column name="sberbank">0</column>
            <column name="vtb">NULL</column>
            <column name="gazprom">NULL</column>
            <column name="alfabank">NULL</column>
            <column name="bankmoskvy">NULL</column>
            <column name="raiffeisen">NULL</column>
            <column name="uralsib">NULL</column>
            <column name="rshb">NULL</column>
        </table>
        <table name="bank">
            <column name="id">4429</column>
            <column name="twitid">498636088395960000</column>
            <column name="date">1407719082</column>
            <column name="name">brunafprosser</column>
            <column name="text">Ато в кредит сбербанк кваvмос http://t.co/JPnkrJxSDl</column>
            <column name="sberbank">0</column>
            <column name="vtb">NULL</column>
            <column name="gazprom">NULL</column>
            <column name="alfabank">NULL</column>
            <column name="bankmoskvy">NULL</column>
            <column name="raiffeisen">NULL</column>
            <column name="uralsib">NULL</column>
            <column name="rshb">NULL</column>
        </table>
        <table name="bank">
            <column name="id">4430</column>
            <column name="twitid">498636178720320000</column>
            <column name="date">1407719103</column>
            <column name="name">anthonyfmkarmou</column>
            <column name="text">Кредит в банке альфа банк http://t.co/UwS5opR52e</column>
            <column name="sberbank">NULL</column>
            <column name="vtb">NULL</column>
            <column name="gazprom">NULL</column>
            <column name="alfabank">0</column>
            <column name="bankmoskvy">NULL</column>
            <column name="raiffeisen">NULL</column>
            <column name="uralsib">NULL</column>
            <column name="rshb">NULL</column>
        </table>
        <table name="bank">
            <column name="id">4431</column>
            <column name="twitid">498637541478650000</column>
            <column name="date">1407719428</column>
            <column name="name">ocxhdockp</column>
            <column name="text">Оформление кредита втб 24 http://t.co/qOqus0V5Fw</column>
            <column name="sberbank">NULL</column>
            <column name="vtb">0</column>
            <column name="gazprom">NULL</column>
            <column name="alfabank">NULL</column>
            <column name="bankmoskvy">NULL</column>
            <column name="raiffeisen">NULL</column>
            <column name="uralsib">NULL</column>
            <column name="rshb">NULL</column>
        </table>
        <table name="bank">
            <column name="id">4432</column>
            <column name="twitid">498637581689820000</column>
            <column name="date">1407719438</column>
            <column name="name">umabtech</column>
            <column name="text">Заявка на предоставление кредита оао россельхозбанк http://t.co/mlRtwP1B48</column>
            <column name="sberbank">NULL</column>
            <column name="vtb">NULL</column>
            <column name="gazprom">NULL</column>
            <column name="alfabank">NULL</column>
            <column name="bankmoskvy">NULL</column>
            <column name="raiffeisen">NULL</column>
            <column name="uralsib">NULL</column>
            <column name="rshb">0</column>
        </table>
        <table name="bank">
            <column name="id">4433</column>
            <column name="twitid">498637614564780000</column>
            <column name="date">1407719446</column>
            <column name="name">ipigrut871</column>
            <column name="text">Потребительский кредит сбербанк ростов на дону http://t.co/GPUo1ImYwe</column>
            <column name="sberbank">0</column>
            <column name="vtb">NULL</column>
            <column name="gazprom">NULL</column>
            <column name="alfabank">NULL</column>
            <column name="bankmoskvy">NULL</column>
            <column name="raiffeisen">NULL</column>
            <column name="uralsib">NULL</column>
            <column name="rshb">NULL</column>
        </table>
        <table name="bank">
            <column name="id">4434</column>
            <column name="twitid">498639001906350000</column>
            <column name="date">1407719776</column>
            <column name="name">NNazarova14</column>
            <column name="text">В Вологодской области Сбербанк выдал 1400 кредитов «Доверие» для малого бизнеса. C ноября 2011 года Северный банк Сбербанка России реализуе</column>
            <column name="sberbank">0</column>
            <column name="vtb">NULL</column>
            <column name="gazprom">NULL</column>
            <column name="alfabank">NULL</column>
            <column name="bankmoskvy">NULL</column>
            <column name="raiffeisen">NULL</column>
            <column name="uralsib">NULL</column>
            <column name="rshb">NULL</column>
        </table>
        <table name="bank">
            <column name="id">4435</column>
            <column name="twitid">498639005362430000</column>
            <column name="date">1407719777</column>
            <column name="name">cyfiluzekiru</column>
            <column name="text">RT @fowubediqis: газпромбанк барнаул потребительский кредит калькулятор http://t.co/qBzEHJZLbw</column>
            <column name="sberbank">NULL</column>
            <column name="vtb">NULL</column>
            <column name="gazprom">0</column>
            <column name="alfabank">NULL</column>
            <column name="bankmoskvy">NULL</column>
            <column name="raiffeisen">NULL</column>
            <column name="uralsib">NULL</column>
            <column name="rshb">NULL</column>
        </table>
        <table name="bank">
            <column name="id">4436</column>
            <column name="twitid">498639528245340000</column>
            <column name="date">1407719902</column>
            <column name="name">vywynarep</column>
            <column name="text">Россельхозбанк получение кредита физическим лицом http://t.co/2E6eI9cRU0</column>
            <column name="sberbank">NULL</column>
            <column name="vtb">NULL</column>
            <column name="gazprom">NULL</column>
            <column name="alfabank">NULL</column>
            <column name="bankmoskvy">NULL</column>
            <column name="raiffeisen">NULL</column>
            <column name="uralsib">NULL</column>
            <column name="rshb">0</column>
        </table>
        <table name="bank">
            <column name="id">4437</column>
            <column name="twitid">498639610311110000</column>
            <column name="date">1407719922</column>
            <column name="name">sharylwelliott</column>
            <column name="text">Оао альфа банк кредитование http://t.co/KN7lv7tmSN</column>
            <column name="sberbank">NULL</column>
            <column name="vtb">NULL</column>
            <column name="gazprom">NULL</column>
            <column name="alfabank">0</column>
            <column name="bankmoskvy">NULL</column>
            <column name="raiffeisen">NULL</column>
            <column name="uralsib">NULL</column>
            <column name="rshb">NULL</column>
        </table>
        <table name="bank">
            <column name="id">4438</column>
            <column name="twitid">498641534666170000</column>
            <column name="date">1407720380</column>
            <column name="name">rolandeomcclana</column>
            <column name="text">Центр ипотечного кредитования сбербанк омск http://t.co/r80i95XtBO</column>
            <column name="sberbank">0</column>
            <column name="vtb">NULL</column>
            <column name="gazprom">NULL</column>
            <column name="alfabank">NULL</column>
            <column name="bankmoskvy">NULL</column>
            <column name="raiffeisen">NULL</column>
            <column name="uralsib">NULL</column>
            <column name="rshb">NULL</column>
        </table>
        <table name="bank">
            <column name="id">4439</column>
            <column name="twitid">498641536369060000</column>
            <column name="date">1407720381</column>
            <column name="name">gykitafexuw</column>
            <column name="text">Оао альфа банк кредитование юридических лиц http://t.co/iV6uNwE3tS</column>
            <column name="sberbank">NULL</column>
            <column name="vtb">NULL</column>
            <column name="gazprom">NULL</column>
            <column name="alfabank">0</column>
            <column name="bankmoskvy">NULL</column>
            <column name="raiffeisen">NULL</column>
            <column name="uralsib">NULL</column>
            <column name="rshb">NULL</column>
        </table>
        <table name="bank">
            <column name="id">4440</column>
            <column name="twitid">498641626106200000</column>
            <column name="date">1407720402</column>
            <column name="name">sotyqugomop</column>
            <column name="text">Взять кредит банк москвы http://t.co/yMawt07eqJ</column>
            <column name="sberbank">NULL</column>
            <column name="vtb">NULL</column>
            <column name="gazprom">NULL</column>
            <column name="alfabank">NULL</column>
            <column name="bankmoskvy">0</column>
            <column name="raiffeisen">NULL</column>
            <column name="uralsib">NULL</column>
            <column name="rshb">NULL</column>
        </table>
        <table name="bank">
            <column name="id">4441</column>
            <column name="twitid">498642116202210000</column>
            <column name="date">1407720519</column>
            <column name="name">lidiagzlorenzen</column>
            <column name="text">Кредиты малого бизнеса втб 24 г иркутск http://t.co/rkAyugoYtS</column>
            <column name="sberbank">NULL</column>
            <column name="vtb">0</column>
            <column name="gazprom">NULL</column>
            <column name="alfabank">NULL</column>
            <column name="bankmoskvy">NULL</column>
            <column name="raiffeisen">NULL</column>
            <column name="uralsib">NULL</column>
            <column name="rshb">NULL</column>
        </table>
        <table name="bank">
            <column name="id">4442</column>
            <column name="twitid">498642474785840000</column>
            <column name="date">1407720604</column>
            <column name="name">Haria25</column>
            <column name="text">Попавшие под санкции &amp;amp;quot;Россельхозбанк&amp;amp;quot;  и ....  &quot;Россельхозбанк&quot; (РСХБ) и &quot;Газпромбанк&quot; просят государственной поддержки в связи с</column>
            <column name="sberbank">NULL</column>
            <column name="vtb">NULL</column>
            <column name="gazprom">-1</column>
            <column name="alfabank">NULL</column>
            <column name="bankmoskvy">NULL</column>
            <column name="raiffeisen">NULL</column>
            <column name="uralsib">NULL</column>
            <column name="rshb">-1</column>
        </table>
        <table name="bank">
            <column name="id">4443</column>
            <column name="twitid">498643128438770000</column>
            <column name="date">1407720760</column>
            <column name="name">titydecim</column>
            <column name="text">Срок выдачи кредитной карты сбербанк http://t.co/T4FKLNBCTw</column>
            <column name="sberbank">0</column>
            <column name="vtb">NULL</column>
            <column name="gazprom">NULL</column>
            <column name="alfabank">NULL</column>
            <column name="bankmoskvy">NULL</column>
            <column name="raiffeisen">NULL</column>
            <column name="uralsib">NULL</column>
            <column name="rshb">NULL</column>
        </table>
        <table name="bank">
            <column name="id">4444</column>
            <column name="twitid">498643652835820000</column>
            <column name="date">1407720885</column>
            <column name="name">pydekoroj</column>
            <column name="text">Кредиты втб 24 процентные ставки http://t.co/UBdAS2x2MW</column>
            <column name="sberbank">NULL</column>
            <column name="vtb">0</column>
            <column name="gazprom">NULL</column>
            <column name="alfabank">NULL</column>
            <column name="bankmoskvy">NULL</column>
            <column name="raiffeisen">NULL</column>
            <column name="uralsib">NULL</column>
            <column name="rshb">NULL</column>
        </table>
        <table name="bank">
            <column name="id">4445</column>
            <column name="twitid">498644564316800000</column>
            <column name="date">1407721103</column>
            <column name="name">luannsrhkwester</column>
            <column name="text">Кредитная карта альфа банк ростов http://t.co/4WAyFaEoX1</column>
            <column name="sberbank">NULL</column>
            <column name="vtb">NULL</column>
            <column name="gazprom">NULL</column>
            <column name="alfabank">0</column>
            <column name="bankmoskvy">NULL</column>
            <column name="raiffeisen">NULL</column>
            <column name="uralsib">NULL</column>
            <column name="rshb">NULL</column>
        </table>
        <table name="bank">
            <column name="id">4446</column>
            <column name="twitid">498644570838940000</column>
            <column name="date">1407721104</column>
            <column name="name">apajoe005t</column>
            <column name="text">Банк москвы кредит под залог недвижимости http://t.co/npltLdLbmb</column>
            <column name="sberbank">NULL</column>
            <column name="vtb">NULL</column>
            <column name="gazprom">NULL</column>
            <column name="alfabank">NULL</column>
            <column name="bankmoskvy">0</column>
            <column name="raiffeisen">NULL</column>
            <column name="uralsib">NULL</column>
            <column name="rshb">NULL</column>
        </table>
        <table name="bank">
            <column name="id">4447</column>
            <column name="twitid">498644571237380000</column>
            <column name="date">1407721104</column>
            <column name="name">tomasaasmchilto</column>
            <column name="text">Потребительский кредит сбербанк белгород http://t.co/F48kJa9911</column>
            <column name="sberbank">0</column>
            <column name="vtb">NULL</column>
            <column name="gazprom">NULL</column>
            <column name="alfabank">NULL</column>
            <column name="bankmoskvy">NULL</column>
            <column name="raiffeisen">NULL</column>
            <column name="uralsib">NULL</column>
            <column name="rshb">NULL</column>
        </table>
        <table name="bank">
            <column name="id">4448</column>
            <column name="twitid">498644622298850000</column>
            <column name="date">1407721116</column>
            <column name="name">goxxxlaa08</column>
            <column name="text">Преимущества кредитной карты альфа банк http://t.co/pIm0mlnGih</column>
            <column name="sberbank">NULL</column>
            <column name="vtb">NULL</column>
            <column name="gazprom">NULL</column>
            <column name="alfabank">0</column>
            <column name="bankmoskvy">NULL</column>
            <column name="raiffeisen">NULL</column>
            <column name="uralsib">NULL</column>
            <column name="rshb">NULL</column>
        </table>
        <table name="bank">
            <column name="id">4449</column>
            <column name="twitid">498644883096080000</column>
            <column name="date">1407721179</column>
            <column name="name">urettaTunn</column>
            <column name="text">бланк заявления анкета банк уралсиб http://t.co/GUd0CruMvx #анкета #банк</column>
            <column name="sberbank">NULL</column>
            <column name="vtb">NULL</column>
            <column name="gazprom">NULL</column>
            <column name="alfabank">NULL</column>
            <column name="bankmoskvy">NULL</column>
            <column name="raiffeisen">NULL</column>
            <column name="uralsib">0</column>
            <column name="rshb">NULL</column>
        </table>
        <table name="bank">
            <column name="id">4450</column>
            <column name="twitid">498645058305150000</column>
            <column name="date">1407721220</column>
            <column name="name">guvuninome</column>
            <column name="text">Кредит для физических лиц в россельхозбанке http://t.co/rzNXw0duOi</column>
            <column name="sberbank">NULL</column>
            <column name="vtb">NULL</column>
            <column name="gazprom">NULL</column>
            <column name="alfabank">NULL</column>
            <column name="bankmoskvy">NULL</column>
            <column name="raiffeisen">NULL</column>
            <column name="uralsib">NULL</column>
            <column name="rshb">0</column>
        </table>
        <table name="bank">
            <column name="id">4451</column>
            <column name="twitid">498645147073410000</column>
            <column name="date">1407721242</column>
            <column name="name">idaviq</column>
            <column name="text">Кредит на развитие лпх в россельхозбанке http://t.co/OFGq6Me1Kf</column>
            <column name="sberbank">NULL</column>
            <column name="vtb">NULL</column>
            <column name="gazprom">NULL</column>
            <column name="alfabank">NULL</column>
            <column name="bankmoskvy">NULL</column>
            <column name="raiffeisen">NULL</column>
            <column name="uralsib">NULL</column>
            <column name="rshb">0</column>
        </table>
        <table name="bank">
            <column name="id">4452</column>
            <column name="twitid">498645183127620000</column>
            <column name="date">1407721250</column>
            <column name="name">laxorynaqeb</column>
            <column name="text">Кредит в россельхозбанке конаково http://t.co/OzGuhjr3LG</column>
            <column name="sberbank">NULL</column>
            <column name="vtb">NULL</column>
            <column name="gazprom">NULL</column>
            <column name="alfabank">NULL</column>
            <column name="bankmoskvy">NULL</column>
            <column name="raiffeisen">NULL</column>
            <column name="uralsib">NULL</column>
            <column name="rshb">0</column>
        </table>
        <table name="bank">
            <column name="id">4453</column>
            <column name="twitid">498646270446410000</column>
            <column name="date">1407721509</column>
            <column name="name">qamexoqacira</column>
            <column name="text">RT @hyfolamixoqy: альфа банк карта виза классик http://t.co/LMDBxhebju</column>
            <column name="sberbank">NULL</column>
            <column name="vtb">NULL</column>
            <column name="gazprom">NULL</column>
            <column name="alfabank">0</column>
            <column name="bankmoskvy">NULL</column>
            <column name="raiffeisen">NULL</column>
            <column name="uralsib">NULL</column>
            <column name="rshb">NULL</column>
        </table>
        <table name="bank">
            <column name="id">4454</column>
            <column name="twitid">498646723678700000</column>
            <column name="date">1407721617</column>
            <column name="name">fugozezivi</column>
            <column name="text">Райфайзен банк в москве наличный кредит http://t.co/jcCF5qdKz3</column>
            <column name="sberbank">NULL</column>
            <column name="vtb">NULL</column>
            <column name="gazprom">NULL</column>
            <column name="alfabank">NULL</column>
            <column name="bankmoskvy">NULL</column>
            <column name="raiffeisen">0</column>
            <column name="uralsib">NULL</column>
            <column name="rshb">NULL</column>
        </table>
        <table name="bank">
            <column name="id">4455</column>
            <column name="twitid">498646765978280000</column>
            <column name="date">1407721628</column>
            <column name="name">synthiaotvdsilv</column>
            <column name="text">Повысил сбербанк ставки по автокредитам http://t.co/ZeStEUVwRt</column>
            <column name="sberbank">0</column>
            <column name="vtb">NULL</column>
            <column name="gazprom">NULL</column>
            <column name="alfabank">NULL</column>
            <column name="bankmoskvy">NULL</column>
            <column name="raiffeisen">NULL</column>
            <column name="uralsib">NULL</column>
            <column name="rshb">NULL</column>
        </table>
        <table name="bank">
            <column name="id">4456</column>
            <column name="twitid">498648073862930000</column>
            <column name="date">1407721939</column>
            <column name="name">zugunurohe</column>
            <column name="text">Кредитный калькулятор втб 24 чебоксары http://t.co/gyFpgRX7tG</column>
            <column name="sberbank">NULL</column>
            <column name="vtb">0</column>
            <column name="gazprom">NULL</column>
            <column name="alfabank">NULL</column>
            <column name="bankmoskvy">NULL</column>
            <column name="raiffeisen">NULL</column>
            <column name="uralsib">NULL</column>
            <column name="rshb">NULL</column>
        </table>
        <table name="bank">
            <column name="id">4457</column>
            <column name="twitid">498648209154380000</column>
            <column name="date">1407721972</column>
            <column name="name">goqikypop</column>
            <column name="text">Райффайзен банк кредитное бюро http://t.co/gtb9sWejOg</column>
            <column name="sberbank">NULL</column>
            <column name="vtb">NULL</column>
            <column name="gazprom">NULL</column>
            <column name="alfabank">NULL</column>
            <column name="bankmoskvy">NULL</column>
            <column name="raiffeisen">0</column>
            <column name="uralsib">NULL</column>
            <column name="rshb">NULL</column>
        </table>
        <table name="bank">
            <column name="id">4458</column>
            <column name="twitid">498649700430790000</column>
            <column name="date">1407722327</column>
            <column name="name">icocej6</column>
            <column name="text">Потребительский кредит сбербанк россии сургут http://t.co/4bILLtVAnC</column>
            <column name="sberbank">0</column>
            <column name="vtb">NULL</column>
            <column name="gazprom">NULL</column>
            <column name="alfabank">NULL</column>
            <column name="bankmoskvy">NULL</column>
            <column name="raiffeisen">NULL</column>
            <column name="uralsib">NULL</column>
            <column name="rshb">NULL</column>
        </table>
        <table name="bank">
            <column name="id">4459</column>
            <column name="twitid">498649702649570000</column>
            <column name="date">1407722328</column>
            <column name="name">lyndiasnecasper</column>
            <column name="text">Кредит наличными банк втб красноярск http://t.co/MVxRpbfAlP</column>
            <column name="sberbank">NULL</column>
            <column name="vtb">0</column>
            <column name="gazprom">NULL</column>
            <column name="alfabank">NULL</column>
            <column name="bankmoskvy">NULL</column>
            <column name="raiffeisen">NULL</column>
            <column name="uralsib">NULL</column>
            <column name="rshb">NULL</column>
        </table>
        <table name="bank">
            <column name="id">4460</column>
            <column name="twitid">498649706172780000</column>
            <column name="date">1407722329</column>
            <column name="name">ubolv698pa</column>
            <column name="text">Проценты потребительского кредита втб 24 http://t.co/rsO4dCgMDi</column>
            <column name="sberbank">NULL</column>
            <column name="vtb">0</column>
            <column name="gazprom">NULL</column>
            <column name="alfabank">NULL</column>
            <column name="bankmoskvy">NULL</column>
            <column name="raiffeisen">NULL</column>
            <column name="uralsib">NULL</column>
            <column name="rshb">NULL</column>
        </table>
        <table name="bank">
            <column name="id">4461</column>
            <column name="twitid">498649706688690000</column>
            <column name="date">1407722329</column>
            <column name="name">trogxyrhow</column>
            <column name="text">Автокредит сбербанк рф без первоначального взноса http://t.co/pC6HckusQd</column>
            <column name="sberbank">0</column>
            <column name="vtb">NULL</column>
            <column name="gazprom">NULL</column>
            <column name="alfabank">NULL</column>
            <column name="bankmoskvy">NULL</column>
            <column name="raiffeisen">NULL</column>
            <column name="uralsib">NULL</column>
            <column name="rshb">NULL</column>
        </table>
        <table name="bank">
            <column name="id">4462</column>
            <column name="twitid">498650364389120000</column>
            <column name="date">1407722486</column>
            <column name="name">petmimaneraf</column>
            <column name="text">RT @posakafbara: кредит 5 миллионов сбербанк http://t.co/Wr8BapNH2q</column>
            <column name="sberbank">0</column>
            <column name="vtb">NULL</column>
            <column name="gazprom">NULL</column>
            <column name="alfabank">NULL</column>
            <column name="bankmoskvy">NULL</column>
            <column name="raiffeisen">NULL</column>
            <column name="uralsib">NULL</column>
            <column name="rshb">NULL</column>
        </table>
        <table name="bank">
            <column name="id">4463</column>
            <column name="twitid">498651150569470000</column>
            <column name="date">1407722673</column>
            <column name="name">megavsevolod92</column>
            <column name="text">Завалить? Каким образом - если нужный для технологии водоем оформляется полтора года? А Россельхозбанк говорит что я рылом не вышел? Думаю</column>
            <column name="sberbank">NULL</column>
            <column name="vtb">NULL</column>
            <column name="gazprom">NULL</column>
            <column name="alfabank">NULL</column>
            <column name="bankmoskvy">NULL</column>
            <column name="raiffeisen">NULL</column>
            <column name="uralsib">NULL</column>
            <column name="rshb">0</column>
        </table>
        <table name="bank">
            <column name="id">4464</column>
            <column name="twitid">498651184060960000</column>
            <column name="date">1407722681</column>
            <column name="name">emelykunboothe</column>
            <column name="text">Потребительский кредит сбербанк процентные ставки http://t.co/35iMwjaReM</column>
            <column name="sberbank">0</column>
            <column name="vtb">NULL</column>
            <column name="gazprom">NULL</column>
            <column name="alfabank">NULL</column>
            <column name="bankmoskvy">NULL</column>
            <column name="raiffeisen">NULL</column>
            <column name="uralsib">NULL</column>
            <column name="rshb">NULL</column>
        </table>
        <table name="bank">
            <column name="id">4465</column>
            <column name="twitid">498651194198220000</column>
            <column name="date">1407722683</column>
            <column name="name">FeliseBig</column>
            <column name="text">сбербанк бланк заявки на ипотеку http://t.co/nYsoyT3NoC #сбербанк #заявки</column>
            <column name="sberbank">0</column>
            <column name="vtb">NULL</column>
            <column name="gazprom">NULL</column>
            <column name="alfabank">NULL</column>
            <column name="bankmoskvy">NULL</column>
            <column name="raiffeisen">NULL</column>
            <column name="uralsib">NULL</column>
            <column name="rshb">NULL</column>
        </table>
        <table name="bank">
            <column name="id">4466</column>
            <column name="twitid">498651276700560000</column>
            <column name="date">1407722703</column>
            <column name="name">birgmontri</column>
            <column name="text">Автокредит втб 24 самара http://t.co/ZQi2Ej5Fzz</column>
            <column name="sberbank">NULL</column>
            <column name="vtb">0</column>
            <column name="gazprom">NULL</column>
            <column name="alfabank">NULL</column>
            <column name="bankmoskvy">NULL</column>
            <column name="raiffeisen">NULL</column>
            <column name="uralsib">NULL</column>
            <column name="rshb">NULL</column>
        </table>
        <table name="bank">
            <column name="id">4467</column>
            <column name="twitid">498651281700180000</column>
            <column name="date">1407722704</column>
            <column name="name">shinmucvad</column>
            <column name="text">Условия кредита банка втб 24 http://t.co/lzMLK6SDcc</column>
            <column name="sberbank">NULL</column>
            <column name="vtb">0</column>
            <column name="gazprom">NULL</column>
            <column name="alfabank">NULL</column>
            <column name="bankmoskvy">NULL</column>
            <column name="raiffeisen">NULL</column>
            <column name="uralsib">NULL</column>
            <column name="rshb">NULL</column>
        </table>
        <table name="bank">
            <column name="id">4468</column>
            <column name="twitid">498653093194900000</column>
            <column name="date">1407723136</column>
            <column name="name">gosafomyfe</column>
            <column name="text">Кредитование сбербанк г нижний новгород http://t.co/ucPt1fOz41</column>
            <column name="sberbank">0</column>
            <column name="vtb">NULL</column>
            <column name="gazprom">NULL</column>
            <column name="alfabank">NULL</column>
            <column name="bankmoskvy">NULL</column>
            <column name="raiffeisen">NULL</column>
            <column name="uralsib">NULL</column>
            <column name="rshb">NULL</column>
        </table>
        <table name="bank">
            <column name="id">4469</column>
            <column name="twitid">498653094163780000</column>
            <column name="date">1407723136</column>
            <column name="name">vanyrimezym</column>
            <column name="text">Кредиты физ лицам без поручителей сбербанк http://t.co/0uj2IdLSXp</column>
            <column name="sberbank">0</column>
            <column name="vtb">NULL</column>
            <column name="gazprom">NULL</column>
            <column name="alfabank">NULL</column>
            <column name="bankmoskvy">NULL</column>
            <column name="raiffeisen">NULL</column>
            <column name="uralsib">NULL</column>
            <column name="rshb">NULL</column>
        </table>
        <table name="bank">
            <column name="id">4470</column>
            <column name="twitid">498653225990760000</column>
            <column name="date">1407723168</column>
            <column name="name">osis789zee</column>
            <column name="text">Кредит втб 24 ярославль http://t.co/pWJHcYjRcp</column>
            <column name="sberbank">NULL</column>
            <column name="vtb">0</column>
            <column name="gazprom">NULL</column>
            <column name="alfabank">NULL</column>
            <column name="bankmoskvy">NULL</column>
            <column name="raiffeisen">NULL</column>
            <column name="uralsib">NULL</column>
            <column name="rshb">NULL</column>
        </table>
        <table name="bank">
            <column name="id">4471</column>
            <column name="twitid">498654799714610000</column>
            <column name="date">1407723543</column>
            <column name="name">harriettwxnshav</column>
            <column name="text">Отсрочка ипотечного кредита сбербанк http://t.co/tHyiOZ1XIy</column>
            <column name="sberbank">0</column>
            <column name="vtb">NULL</column>
            <column name="gazprom">NULL</column>
            <column name="alfabank">NULL</column>
            <column name="bankmoskvy">NULL</column>
            <column name="raiffeisen">NULL</column>
            <column name="uralsib">NULL</column>
            <column name="rshb">NULL</column>
        </table>
        <table name="bank">
            <column name="id">4472</column>
            <column name="twitid">498656611922370000</column>
            <column name="date">1407723975</column>
            <column name="name">rirylihocor</column>
            <column name="text">Нижний тагил сбербанк потребительский кредит http://t.co/jsAgYmGtHI</column>
            <column name="sberbank">0</column>
            <column name="vtb">NULL</column>
            <column name="gazprom">NULL</column>
            <column name="alfabank">NULL</column>
            <column name="bankmoskvy">NULL</column>
            <column name="raiffeisen">NULL</column>
            <column name="uralsib">NULL</column>
            <column name="rshb">NULL</column>
        </table>
        <table name="bank">
            <column name="id">4473</column>
            <column name="twitid">498656741127890000</column>
            <column name="date">1407724006</column>
            <column name="name">gyjowysew</column>
            <column name="text">Реструктуризация кредитов альфа банк http://t.co/DwBeNwMd53</column>
            <column name="sberbank">NULL</column>
            <column name="vtb">NULL</column>
            <column name="gazprom">NULL</column>
            <column name="alfabank">0</column>
            <column name="bankmoskvy">NULL</column>
            <column name="raiffeisen">NULL</column>
            <column name="uralsib">NULL</column>
            <column name="rshb">NULL</column>
        </table>
        <table name="bank">
            <column name="id">4474</column>
            <column name="twitid">498656778754990000</column>
            <column name="date">1407724015</column>
            <column name="name">zuqojode</column>
            <column name="text">Банк москвы пенсионный кредит http://t.co/HdFBRTClSv</column>
            <column name="sberbank">NULL</column>
            <column name="vtb">NULL</column>
            <column name="gazprom">NULL</column>
            <column name="alfabank">NULL</column>
            <column name="bankmoskvy">0</column>
            <column name="raiffeisen">NULL</column>
            <column name="uralsib">NULL</column>
            <column name="rshb">NULL</column>
        </table>
        <table name="bank">
            <column name="id">4475</column>
            <column name="twitid">498658125579560000</column>
            <column name="date">1407724336</column>
            <column name="name">pawynysosox</column>
            <column name="text">Денежный кредит в газпромбанке http://t.co/qfYdT4yrhZ</column>
            <column name="sberbank">NULL</column>
            <column name="vtb">NULL</column>
            <column name="gazprom">0</column>
            <column name="alfabank">NULL</column>
            <column name="bankmoskvy">NULL</column>
            <column name="raiffeisen">NULL</column>
            <column name="uralsib">NULL</column>
            <column name="rshb">NULL</column>
        </table>
        <table name="bank">
            <column name="id">4476</column>
            <column name="twitid">498658210694580000</column>
            <column name="date">1407724356</column>
            <column name="name">nbannox920</column>
            <column name="text">Кредитные брокеры втб 24 http://t.co/aafBRmakTg</column>
            <column name="sberbank">NULL</column>
            <column name="vtb">0</column>
            <column name="gazprom">NULL</column>
            <column name="alfabank">NULL</column>
            <column name="bankmoskvy">NULL</column>
            <column name="raiffeisen">NULL</column>
            <column name="uralsib">NULL</column>
            <column name="rshb">NULL</column>
        </table>
        <table name="bank">
            <column name="id">4477</column>
            <column name="twitid">498658221503300000</column>
            <column name="date">1407724359</column>
            <column name="name">vicapyvasi</column>
            <column name="text">Фермер взял кредит в россельхозбанке http://t.co/3Te6PXb2DX</column>
            <column name="sberbank">NULL</column>
            <column name="vtb">NULL</column>
            <column name="gazprom">NULL</column>
            <column name="alfabank">NULL</column>
            <column name="bankmoskvy">NULL</column>
            <column name="raiffeisen">NULL</column>
            <column name="uralsib">NULL</column>
            <column name="rshb">0</column>
        </table>
        <table name="bank">
            <column name="id">4478</column>
            <column name="twitid">498658893422420000</column>
            <column name="date">1407724519</column>
            <column name="name">zusa_esgate</column>
            <column name="text">RT @sapagirymiw: Сбербанк допустил повышение ставок по кредитам</column>
            <column name="sberbank">-1</column>
            <column name="vtb">NULL</column>
            <column name="gazprom">NULL</column>
            <column name="alfabank">NULL</column>
            <column name="bankmoskvy">NULL</column>
            <column name="raiffeisen">NULL</column>
            <column name="uralsib">NULL</column>
            <column name="rshb">NULL</column>
        </table>
        <table name="bank">
            <column name="id">4479</column>
            <column name="twitid">498659159752340000</column>
            <column name="date">1407724583</column>
            <column name="name">bixehadyqeru</column>
            <column name="text">RT @syhacatizafu: автокредит в новосибирске сбербанк ярославль http://t.co/I1rHmPXgVY</column>
            <column name="sberbank">0</column>
            <column name="vtb">NULL</column>
            <column name="gazprom">NULL</column>
            <column name="alfabank">NULL</column>
            <column name="bankmoskvy">NULL</column>
            <column name="raiffeisen">NULL</column>
            <column name="uralsib">NULL</column>
            <column name="rshb">NULL</column>
        </table>
        <table name="bank">
            <column name="id">4480</column>
            <column name="twitid">498659577760870000</column>
            <column name="date">1407724682</column>
            <column name="name">hectorg2</column>
            <column name="text">Россельхозбанк проводит совместную акцию с клубом «Астрон».   04 августа в Марийском филиале Россельхозбанка стартовала акция, впервые пров</column>
            <column name="sberbank">NULL</column>
            <column name="vtb">NULL</column>
            <column name="gazprom">NULL</column>
            <column name="alfabank">NULL</column>
            <column name="bankmoskvy">NULL</column>
            <column name="raiffeisen">NULL</column>
            <column name="uralsib">NULL</column>
            <column name="rshb">0</column>
        </table>
        <table name="bank">
            <column name="id">4481</column>
            <column name="twitid">498660161670910000</column>
            <column name="date">1407724821</column>
            <column name="name">xisyxixiho</column>
            <column name="text">Услуги банка по кредитам втб 24 http://t.co/yhTWIrxWzy</column>
            <column name="sberbank">NULL</column>
            <column name="vtb">0</column>
            <column name="gazprom">NULL</column>
            <column name="alfabank">NULL</column>
            <column name="bankmoskvy">NULL</column>
            <column name="raiffeisen">NULL</column>
            <column name="uralsib">NULL</column>
            <column name="rshb">NULL</column>
        </table>
        <table name="bank">
            <column name="id">4482</column>
            <column name="twitid">498661435170640000</column>
            <column name="date">1407725125</column>
            <column name="name">poqypugukogy</column>
            <column name="text">RT @popuxymohuro: взять кредит в банке сбербанк г пермь http://t.co/yV5QZpx8oa</column>
            <column name="sberbank">0</column>
            <column name="vtb">NULL</column>
            <column name="gazprom">NULL</column>
            <column name="alfabank">NULL</column>
            <column name="bankmoskvy">NULL</column>
            <column name="raiffeisen">NULL</column>
            <column name="uralsib">NULL</column>
            <column name="rshb">NULL</column>
        </table>
        <table name="bank">
            <column name="id">4483</column>
            <column name="twitid">498661478191620000</column>
            <column name="date">1407725135</column>
            <column name="name">somibopylehi</column>
            <column name="text">RT @AugustaKovaks: взять кредит в втб 24 ярославль http://t.co/RPNkiyIrxg</column>
            <column name="sberbank">NULL</column>
            <column name="vtb">0</column>
            <column name="gazprom">NULL</column>
            <column name="alfabank">NULL</column>
            <column name="bankmoskvy">NULL</column>
            <column name="raiffeisen">NULL</column>
            <column name="uralsib">NULL</column>
            <column name="rshb">NULL</column>
        </table>
        <table name="bank">
            <column name="id">4484</column>
            <column name="twitid">498661665995760000</column>
            <column name="date">1407725180</column>
            <column name="name">seemahfwmkeeley</column>
            <column name="text">Потребительский кредит сбербанк санкт петербург http://t.co/4yqhCHAcrY</column>
            <column name="sberbank">0</column>
            <column name="vtb">NULL</column>
            <column name="gazprom">NULL</column>
            <column name="alfabank">NULL</column>
            <column name="bankmoskvy">NULL</column>
            <column name="raiffeisen">NULL</column>
            <column name="uralsib">NULL</column>
            <column name="rshb">NULL</column>
        </table>
        <table name="bank">
            <column name="id">4485</column>
            <column name="twitid">498661675340690000</column>
            <column name="date">1407725182</column>
            <column name="name">wuwupaxe</column>
            <column name="text">Потребительский кредит сбербанк г тюмень http://t.co/FAKUAvcakW</column>
            <column name="sberbank">0</column>
            <column name="vtb">NULL</column>
            <column name="gazprom">NULL</column>
            <column name="alfabank">NULL</column>
            <column name="bankmoskvy">NULL</column>
            <column name="raiffeisen">NULL</column>
            <column name="uralsib">NULL</column>
            <column name="rshb">NULL</column>
        </table>
        <table name="bank">
            <column name="id">4486</column>
            <column name="twitid">498661721696110000</column>
            <column name="date">1407725193</column>
            <column name="name">givyporuxec</column>
            <column name="text">Как заплатить за кредит альфа банк http://t.co/a5YRs0FAI5</column>
            <column name="sberbank">NULL</column>
            <column name="vtb">NULL</column>
            <column name="gazprom">NULL</column>
            <column name="alfabank">0</column>
            <column name="bankmoskvy">NULL</column>
            <column name="raiffeisen">NULL</column>
            <column name="uralsib">NULL</column>
            <column name="rshb">NULL</column>
        </table>
        <table name="bank">
            <column name="id">4487</column>
            <column name="twitid">498663180449890000</column>
            <column name="date">1407725541</column>
            <column name="name">bodejodyk</column>
            <column name="text">За невыплату кредита банк втб http://t.co/wPcnCyWBjp</column>
            <column name="sberbank">NULL</column>
            <column name="vtb">0</column>
            <column name="gazprom">NULL</column>
            <column name="alfabank">NULL</column>
            <column name="bankmoskvy">NULL</column>
            <column name="raiffeisen">NULL</column>
            <column name="uralsib">NULL</column>
            <column name="rshb">NULL</column>
        </table>
        <table name="bank">
            <column name="id">4488</column>
            <column name="twitid">498663271806030000</column>
            <column name="date">1407725563</column>
            <column name="name">sswzryqcci</column>
            <column name="text">Банк уралсиб спб кредит http://t.co/GG5QqD68gi</column>
            <column name="sberbank">NULL</column>
            <column name="vtb">NULL</column>
            <column name="gazprom">NULL</column>
            <column name="alfabank">NULL</column>
            <column name="bankmoskvy">NULL</column>
            <column name="raiffeisen">NULL</column>
            <column name="uralsib">0</column>
            <column name="rshb">NULL</column>
        </table>
        <table name="bank">
            <column name="id">4489</column>
            <column name="twitid">498663311874210000</column>
            <column name="date">1407725572</column>
            <column name="name">130371Knnvm1sha</column>
            <column name="text">Кредит лизинг втб 24 http://t.co/560OzIsBcX</column>
            <column name="sberbank">NULL</column>
            <column name="vtb">0</column>
            <column name="gazprom">NULL</column>
            <column name="alfabank">NULL</column>
            <column name="bankmoskvy">NULL</column>
            <column name="raiffeisen">NULL</column>
            <column name="uralsib">NULL</column>
            <column name="rshb">NULL</column>
        </table>
        <table name="bank">
            <column name="id">4490</column>
            <column name="twitid">498663920190520000</column>
            <column name="date">1407725717</column>
            <column name="name">aladewhtaca778</column>
            <column name="text">http://t.co/QIZrZ1kUUk Сбербанк предлагает доверить строительство Керченского моста Мостовику</column>
            <column name="sberbank">0</column>
            <column name="vtb">NULL</column>
            <column name="gazprom">NULL</column>
            <column name="alfabank">NULL</column>
            <column name="bankmoskvy">NULL</column>
            <column name="raiffeisen">NULL</column>
            <column name="uralsib">NULL</column>
            <column name="rshb">NULL</column>
        </table>
        <table name="bank">
            <column name="id">4491</column>
            <column name="twitid">498665285181000000</column>
            <column name="date">1407726043</column>
            <column name="name">jedugisikoj</column>
            <column name="text">Кредитный отдел щелково сбербанк http://t.co/lodS8WoR5u</column>
            <column name="sberbank">0</column>
            <column name="vtb">NULL</column>
            <column name="gazprom">NULL</column>
            <column name="alfabank">NULL</column>
            <column name="bankmoskvy">NULL</column>
            <column name="raiffeisen">NULL</column>
            <column name="uralsib">NULL</column>
            <column name="rshb">NULL</column>
        </table>
        <table name="bank">
            <column name="id">4492</column>
            <column name="twitid">498665458925830000</column>
            <column name="date">1407726084</column>
            <column name="name">MissNadejda1001</column>
            <column name="text">Кредит в райффайзен банк аваль http://t.co/ys4LlTB1CK</column>
            <column name="sberbank">NULL</column>
            <column name="vtb">NULL</column>
            <column name="gazprom">NULL</column>
            <column name="alfabank">NULL</column>
            <column name="bankmoskvy">NULL</column>
            <column name="raiffeisen">0</column>
            <column name="uralsib">NULL</column>
            <column name="rshb">NULL</column>
        </table>
        <table name="bank">
            <column name="id">4493</column>
            <column name="twitid">498665852414470000</column>
            <column name="date">1407726178</column>
            <column name="name">hiulasev</column>
            <column name="text">Ипотечный кредит в банке втб 24 http://t.co/7ko8njlJQX</column>
            <column name="sberbank">NULL</column>
            <column name="vtb">0</column>
            <column name="gazprom">NULL</column>
            <column name="alfabank">NULL</column>
            <column name="bankmoskvy">NULL</column>
            <column name="raiffeisen">NULL</column>
            <column name="uralsib">NULL</column>
            <column name="rshb">NULL</column>
        </table>
        <table name="bank">
            <column name="id">4494</column>
            <column name="twitid">498667185884370000</column>
            <column name="date">1407726496</column>
            <column name="name">apajoe005t</column>
            <column name="text">Россельхозбанк кредит на развитие сельского хозяйства http://t.co/qhoAGHbgPY</column>
            <column name="sberbank">NULL</column>
            <column name="vtb">NULL</column>
            <column name="gazprom">NULL</column>
            <column name="alfabank">NULL</column>
            <column name="bankmoskvy">NULL</column>
            <column name="raiffeisen">NULL</column>
            <column name="uralsib">NULL</column>
            <column name="rshb">0</column>
        </table>
        <table name="bank">
            <column name="id">4495</column>
            <column name="twitid">498667261054710000</column>
            <column name="date">1407726514</column>
            <column name="name">BryanKodba4</column>
            <column name="text">К 2020 году Россельхозбанк хочет увеличиться в 5 раз</column>
            <column name="sberbank">NULL</column>
            <column name="vtb">NULL</column>
            <column name="gazprom">NULL</column>
            <column name="alfabank">NULL</column>
            <column name="bankmoskvy">NULL</column>
            <column name="raiffeisen">NULL</column>
            <column name="uralsib">NULL</column>
            <column name="rshb">1</column>
        </table>
        <table name="bank">
            <column name="id">4496</column>
            <column name="twitid">498667262845660000</column>
            <column name="date">1407726514</column>
            <column name="name">jiqulimyz</column>
            <column name="text">Кредит в альфа банке отзывы http://t.co/ddQ2mSo1iy</column>
            <column name="sberbank">NULL</column>
            <column name="vtb">NULL</column>
            <column name="gazprom">NULL</column>
            <column name="alfabank">0</column>
            <column name="bankmoskvy">NULL</column>
            <column name="raiffeisen">NULL</column>
            <column name="uralsib">NULL</column>
            <column name="rshb">NULL</column>
        </table>
        <table name="bank">
            <column name="id">4497</column>
            <column name="twitid">498667353513940000</column>
            <column name="date">1407726536</column>
            <column name="name">ximehedet</column>
            <column name="text">Кредитные карточки в самаре сбербанк http://t.co/0ZMZ2F4oI5</column>
            <column name="sberbank">0</column>
            <column name="vtb">NULL</column>
            <column name="gazprom">NULL</column>
            <column name="alfabank">NULL</column>
            <column name="bankmoskvy">NULL</column>
            <column name="raiffeisen">NULL</column>
            <column name="uralsib">NULL</column>
            <column name="rshb">NULL</column>
        </table>
        <table name="bank">
            <column name="id">4498</column>
            <column name="twitid">498667966138180000</column>
            <column name="date">1407726682</column>
            <column name="name">jyhahukicebavy</column>
            <column name="text">RT @poqoxyheqez: банк газпромбанк кредиты http://t.co/gfnEg5Avgv</column>
            <column name="sberbank">NULL</column>
            <column name="vtb">NULL</column>
            <column name="gazprom">0</column>
            <column name="alfabank">NULL</column>
            <column name="bankmoskvy">NULL</column>
            <column name="raiffeisen">NULL</column>
            <column name="uralsib">NULL</column>
            <column name="rshb">NULL</column>
        </table>
        <table name="bank">
            <column name="id">4499</column>
            <column name="twitid">498669187011990000</column>
            <column name="date">1407726973</column>
            <column name="name">docujetabec</column>
            <column name="text">RT @kadabocedik: банк москвы заявка на потребительский кредит 14 5 http://t.co/DYrBjj67SI</column>
            <column name="sberbank">NULL</column>
            <column name="vtb">NULL</column>
            <column name="gazprom">NULL</column>
            <column name="alfabank">NULL</column>
            <column name="bankmoskvy">0</column>
            <column name="raiffeisen">NULL</column>
            <column name="uralsib">NULL</column>
            <column name="rshb">NULL</column>
        </table>
        <table name="bank">
            <column name="id">4500</column>
            <column name="twitid">498669283598430000</column>
            <column name="date">1407726996</column>
            <column name="name">chiangvmsocorro</column>
            <column name="text">Калькулятор расчета потребительского кредита сбербанк http://t.co/Tj58TYYVXU</column>
            <column name="sberbank">0</column>
            <column name="vtb">NULL</column>
            <column name="gazprom">NULL</column>
            <column name="alfabank">NULL</column>
            <column name="bankmoskvy">NULL</column>
            <column name="raiffeisen">NULL</column>
            <column name="uralsib">NULL</column>
            <column name="rshb">NULL</column>
        </table>
    </database>
</pma_xml_export>