<?xml version="1.0" encoding="utf-8"?>
<!--
- phpMyAdmin XML Dump
- version 4.0.4.1
- http://www.phpmyadmin.net
-
- Хост: localhost
- Время создания: Окт 28 2014 г., 09:04
- Версия сервера: 5.6.12
- Версия PHP: 5.5.3
-->

<pma_xml_export version="1.0" xmlns:pma="http://www.phpmyadmin.net/some_doc_url/">
    <!--
    - Structure schemas
    -->
    <pma:structure_schemas>
        <pma:database name="Romip" collation="utf8_general_ci" charset="utf8">
            <pma:table name="bank">
                CREATE TABLE `bank` (
                  `id` int(11) NOT NULL AUTO_INCREMENT,
                  `twitid` bigint(32) NOT NULL DEFAULT '0',
                  `date` varchar(128) DEFAULT NULL,
                  `name` varchar(128) DEFAULT NULL,
                  `text` varchar(256) DEFAULT NULL,
                  `sberbank` int(11) DEFAULT NULL,
                  `vtb` int(11) DEFAULT NULL,
                  `gazprom` int(11) DEFAULT NULL,
                  `alfabank` int(11) DEFAULT NULL,
                  `bankmoskvy` int(11) DEFAULT NULL,
                  `raiffeisen` int(11) DEFAULT NULL,
                  `uralsib` int(11) DEFAULT NULL,
                  `rshb` int(11) DEFAULT NULL,
                  PRIMARY KEY (`id`),
                  UNIQUE KEY `id` (`twitid`)
                ) ENGINE=InnoDB AUTO_INCREMENT=7924 DEFAULT CHARSET=utf8;
            </pma:table>
        </pma:database>
    </pma:structure_schemas>

    <!--
    - База данных: 'Romip'
    -->
    <database name="Romip">
        <!-- Таблица bank -->
        <table name="bank">
            <column name="id">3301</column>
            <column name="twitid">497248371690980000</column>
            <column name="date">1407388224</column>
            <column name="name">ziiseama</column>
            <column name="text">#news Ъ: задолженность Газпромбанка ВЭБу будет конвертирована в акции</column>
            <column name="sberbank">NULL</column>
            <column name="vtb">NULL</column>
            <column name="gazprom">-1</column>
            <column name="alfabank">NULL</column>
            <column name="bankmoskvy">NULL</column>
            <column name="raiffeisen">NULL</column>
            <column name="uralsib">NULL</column>
            <column name="rshb">NULL</column>
        </table>
        <table name="bank">
            <column name="id">3302</column>
            <column name="twitid">497249889105870000</column>
            <column name="date">1407388586</column>
            <column name="name">Cvetkova80</column>
            <column name="text">@Cvetkova80 Россельхозбанк и Газпромбанк попросили о господдержке из-за са... http://t.co/0S03A0v7Po #Взаимныйфолловинг</column>
            <column name="sberbank">NULL</column>
            <column name="vtb">NULL</column>
            <column name="gazprom">-1</column>
            <column name="alfabank">NULL</column>
            <column name="bankmoskvy">NULL</column>
            <column name="raiffeisen">NULL</column>
            <column name="uralsib">NULL</column>
            <column name="rshb">-1</column>
        </table>
        <table name="bank">
            <column name="id">3303</column>
            <column name="twitid">497249889387280000</column>
            <column name="date">1407388586</column>
            <column name="name">larusikk</column>
            <column name="text">Россельхозбанк и Газпромбанк попросили о господдержке из-за санкций http://t.co/oGszBGsLyY</column>
            <column name="sberbank">NULL</column>
            <column name="vtb">NULL</column>
            <column name="gazprom">-1</column>
            <column name="alfabank">NULL</column>
            <column name="bankmoskvy">NULL</column>
            <column name="raiffeisen">NULL</column>
            <column name="uralsib">NULL</column>
            <column name="rshb">-1</column>
        </table>
        <table name="bank">
            <column name="id">3304</column>
            <column name="twitid">497249890527750000</column>
            <column name="date">1407388587</column>
            <column name="name">dianalanskaya</column>
            <column name="text">Pavlova_1981 Россельхозбанк и Газпромбанк попросили о господдержке из-за с... http://t.co/InIL4tm3Ui #Взаимныйфолловинг</column>
            <column name="sberbank">NULL</column>
            <column name="vtb">NULL</column>
            <column name="gazprom">-1</column>
            <column name="alfabank">NULL</column>
            <column name="bankmoskvy">NULL</column>
            <column name="raiffeisen">NULL</column>
            <column name="uralsib">NULL</column>
            <column name="rshb">-1</column>
        </table>
        <table name="bank">
            <column name="id">3305</column>
            <column name="twitid">497249892482290000</column>
            <column name="date">1407388587</column>
            <column name="name">lisa_alisa_mir</column>
            <column name="text">Cemitsvetic Россельхозбанк и Газпромбанк попросили о господдержке из-за са... http://t.co/Wul8KWqRFX #Взаимныйфолловинг</column>
            <column name="sberbank">NULL</column>
            <column name="vtb">NULL</column>
            <column name="gazprom">-1</column>
            <column name="alfabank">NULL</column>
            <column name="bankmoskvy">NULL</column>
            <column name="raiffeisen">NULL</column>
            <column name="uralsib">NULL</column>
            <column name="rshb">-1</column>
        </table>
        <table name="bank">
            <column name="id">3306</column>
            <column name="twitid">497249893753160000</column>
            <column name="date">1407388587</column>
            <column name="name">bezobrazya</column>
            <column name="text">@v_barbariska Россельхозбанк и Газпромбанк попросили о господдержке из-за ... http://t.co/whkHnKyXE0 #Взаимныйфолловинг</column>
            <column name="sberbank">NULL</column>
            <column name="vtb">NULL</column>
            <column name="gazprom">-1</column>
            <column name="alfabank">NULL</column>
            <column name="bankmoskvy">NULL</column>
            <column name="raiffeisen">NULL</column>
            <column name="uralsib">NULL</column>
            <column name="rshb">-1</column>
        </table>
        <table name="bank">
            <column name="id">3307</column>
            <column name="twitid">497249895179240000</column>
            <column name="date">1407388588</column>
            <column name="name">_nitochka</column>
            <column name="text">@bezobrazya Россельхозбанк и Газпромбанк попросили о господдержке из-за са... http://t.co/EiE6duNFUn #Взаимныйфолловинг</column>
            <column name="sberbank">NULL</column>
            <column name="vtb">NULL</column>
            <column name="gazprom">-1</column>
            <column name="alfabank">NULL</column>
            <column name="bankmoskvy">NULL</column>
            <column name="raiffeisen">NULL</column>
            <column name="uralsib">NULL</column>
            <column name="rshb">-1</column>
        </table>
        <table name="bank">
            <column name="id">3308</column>
            <column name="twitid">497250584190520000</column>
            <column name="date">1407388752</column>
            <column name="name">AioeAiaaai</column>
            <column name="text">RT @molodost__bz: #news Россельхозбанк и Газпромбанк попросили о господдержке из-за санкций</column>
            <column name="sberbank">NULL</column>
            <column name="vtb">NULL</column>
            <column name="gazprom">-1</column>
            <column name="alfabank">NULL</column>
            <column name="bankmoskvy">NULL</column>
            <column name="raiffeisen">NULL</column>
            <column name="uralsib">NULL</column>
            <column name="rshb">-1</column>
        </table>
        <table name="bank">
            <column name="id">3309</column>
            <column name="twitid">497250584924530000</column>
            <column name="date">1407388752</column>
            <column name="name">ViDovgoruk</column>
            <column name="text">RT @Victor_Trunov: Россельхозбанк и Газпромбанк попросили о господдержке из-за санкций .Первый просит 100 млрд руб,второй-чуть поменьше..ht…</column>
            <column name="sberbank">NULL</column>
            <column name="vtb">NULL</column>
            <column name="gazprom">-1</column>
            <column name="alfabank">NULL</column>
            <column name="bankmoskvy">NULL</column>
            <column name="raiffeisen">NULL</column>
            <column name="uralsib">NULL</column>
            <column name="rshb">-1</column>
        </table>
        <table name="bank">
            <column name="id">3310</column>
            <column name="twitid">497250634391770000</column>
            <column name="date">1407388764</column>
            <column name="name">myLegnica</column>
            <column name="text">#Новости #ВМире Россельхозбанк и Газпромбанк попросили о господдержке из-за санкций http://t.co/jvSlW0FgkU</column>
            <column name="sberbank">NULL</column>
            <column name="vtb">NULL</column>
            <column name="gazprom">-1</column>
            <column name="alfabank">NULL</column>
            <column name="bankmoskvy">NULL</column>
            <column name="raiffeisen">NULL</column>
            <column name="uralsib">NULL</column>
            <column name="rshb">-1</column>
        </table>
        <table name="bank">
            <column name="id">3311</column>
            <column name="twitid">497250864826820000</column>
            <column name="date">1407388819</column>
            <column name="name">ydrmjh96a</column>
            <column name="text">Россельхозбанк и Газпромбанк попросили о господдержке из-за санкций: Россельхозбанк (РСХБ) и Газпромбанк попросили о государственной ...</column>
            <column name="sberbank">NULL</column>
            <column name="vtb">NULL</column>
            <column name="gazprom">-1</column>
            <column name="alfabank">NULL</column>
            <column name="bankmoskvy">NULL</column>
            <column name="raiffeisen">NULL</column>
            <column name="uralsib">NULL</column>
            <column name="rshb">-1</column>
        </table>
        <table name="bank">
            <column name="id">3312</column>
            <column name="twitid">497251408220280000</column>
            <column name="date">1407388948</column>
            <column name="name">SMalikova38</column>
            <column name="text">Газпромбанк и Россельхозбанк намерены получить господдержку.Банки хотят получить помощь в связи с введенными США и Евросоюзом санкциями.</column>
            <column name="sberbank">NULL</column>
            <column name="vtb">NULL</column>
            <column name="gazprom">-1</column>
            <column name="alfabank">NULL</column>
            <column name="bankmoskvy">NULL</column>
            <column name="raiffeisen">NULL</column>
            <column name="uralsib">NULL</column>
            <column name="rshb">-1</column>
        </table>
        <table name="bank">
            <column name="id">3313</column>
            <column name="twitid">497252463708500000</column>
            <column name="date">1407389200</column>
            <column name="name">ubolv698pa</column>
            <column name="text">Ипотечные кредиты сбербанк в екатеринбурге http://t.co/FXHG40atWu</column>
            <column name="sberbank">0</column>
            <column name="vtb">NULL</column>
            <column name="gazprom">NULL</column>
            <column name="alfabank">NULL</column>
            <column name="bankmoskvy">NULL</column>
            <column name="raiffeisen">NULL</column>
            <column name="uralsib">NULL</column>
            <column name="rshb">NULL</column>
        </table>
        <table name="bank">
            <column name="id">3314</column>
            <column name="twitid">497252738485750000</column>
            <column name="date">1407389266</column>
            <column name="name">panovaleks2011</column>
            <column name="text">RT @Athebest1k: Звонил в сбербанк и предложил им взять у меня кредит на их же условиях. Послали на хуй!</column>
            <column name="sberbank">-1</column>
            <column name="vtb">NULL</column>
            <column name="gazprom">NULL</column>
            <column name="alfabank">NULL</column>
            <column name="bankmoskvy">NULL</column>
            <column name="raiffeisen">NULL</column>
            <column name="uralsib">NULL</column>
            <column name="rshb">NULL</column>
        </table>
        <table name="bank">
            <column name="id">3315</column>
            <column name="twitid">497253775057620000</column>
            <column name="date">1407389513</column>
            <column name="name">PMironov45</column>
            <column name="text">Россельхозбанк и Газпромбанк просят у государства поддержки</column>
            <column name="sberbank">NULL</column>
            <column name="vtb">NULL</column>
            <column name="gazprom">-1</column>
            <column name="alfabank">NULL</column>
            <column name="bankmoskvy">NULL</column>
            <column name="raiffeisen">NULL</column>
            <column name="uralsib">NULL</column>
            <column name="rshb">-1</column>
        </table>
        <table name="bank">
            <column name="id">3316</column>
            <column name="twitid">497254897209720000</column>
            <column name="date">1407389780</column>
            <column name="name">stratifikaciya</column>
            <column name="text">Россельхозбанк и Газпромбанк попросили о господдержке из-за санкций http://t.co/qd5F9JIXPO</column>
            <column name="sberbank">NULL</column>
            <column name="vtb">NULL</column>
            <column name="gazprom">-1</column>
            <column name="alfabank">NULL</column>
            <column name="bankmoskvy">NULL</column>
            <column name="raiffeisen">NULL</column>
            <column name="uralsib">NULL</column>
            <column name="rshb">-1</column>
        </table>
        <table name="bank">
            <column name="id">3317</column>
            <column name="twitid">497255119293930000</column>
            <column name="date">1407389833</column>
            <column name="name">collectnews</column>
            <column name="text">Попавшие под санкции &quot;Россельхозбанк&quot; и &quot;Газпромбанк&quot; просят господдержки http://t.co/Iau3H23wuO</column>
            <column name="sberbank">NULL</column>
            <column name="vtb">NULL</column>
            <column name="gazprom">-1</column>
            <column name="alfabank">NULL</column>
            <column name="bankmoskvy">NULL</column>
            <column name="raiffeisen">NULL</column>
            <column name="uralsib">NULL</column>
            <column name="rshb">-1</column>
        </table>
        <table name="bank">
            <column name="id">3318</column>
            <column name="twitid">497255887170710000</column>
            <column name="date">1407390016</column>
            <column name="name">24newsru</column>
            <column name="text">Газпромбанк и Россельхозбанк, попавшие под санкции со стороны США и Евросоюза, обратились за поддержкой к... http://t.co/kZ0SiHkNrx</column>
            <column name="sberbank">NULL</column>
            <column name="vtb">NULL</column>
            <column name="gazprom">-1</column>
            <column name="alfabank">NULL</column>
            <column name="bankmoskvy">NULL</column>
            <column name="raiffeisen">NULL</column>
            <column name="uralsib">NULL</column>
            <column name="rshb">-1</column>
        </table>
        <table name="bank">
            <column name="id">3319</column>
            <column name="twitid">497259219083860000</column>
            <column name="date">1407390811</column>
            <column name="name">updrawer</column>
            <column name="text">RT @findozor: СМИ: Россельхозбанк и Газпромбанк просят помощи у государства #банк #финансы http://t.co/Edw0eGcYih</column>
            <column name="sberbank">NULL</column>
            <column name="vtb">NULL</column>
            <column name="gazprom">-1</column>
            <column name="alfabank">NULL</column>
            <column name="bankmoskvy">NULL</column>
            <column name="raiffeisen">NULL</column>
            <column name="uralsib">NULL</column>
            <column name="rshb">-1</column>
        </table>
        <table name="bank">
            <column name="id">3320</column>
            <column name="twitid">497260122729490000</column>
            <column name="date">1407391026</column>
            <column name="name">inp_business</column>
            <column name="text">Сбербанк заработал на карточках: Как и другие банки, Сбербанк увеличивает выдачу кредитов в ипотеке и по банко... http://t.co/I0Y3ZayWwA</column>
            <column name="sberbank">1</column>
            <column name="vtb">NULL</column>
            <column name="gazprom">NULL</column>
            <column name="alfabank">NULL</column>
            <column name="bankmoskvy">NULL</column>
            <column name="raiffeisen">NULL</column>
            <column name="uralsib">NULL</column>
            <column name="rshb">NULL</column>
        </table>
        <table name="bank">
            <column name="id">3321</column>
            <column name="twitid">497261691701580000</column>
            <column name="date">1407391400</column>
            <column name="name">SarahTh56024482</column>
            <column name="text">Ъ: задолженность Газпромбанка ВЭБу будет конвертирована в акции</column>
            <column name="sberbank">NULL</column>
            <column name="vtb">NULL</column>
            <column name="gazprom">-1</column>
            <column name="alfabank">NULL</column>
            <column name="bankmoskvy">NULL</column>
            <column name="raiffeisen">NULL</column>
            <column name="uralsib">NULL</column>
            <column name="rshb">NULL</column>
        </table>
        <table name="bank">
            <column name="id">3322</column>
            <column name="twitid">497261887982420000</column>
            <column name="date">1407391447</column>
            <column name="name">mysko08</column>
            <column name="text">RT @pani_walewska: Сбербанк был абсолютно уверен, что на него санкции не распространятся. Не прошло и трех недель....Два дня рук-во не могл…</column>
            <column name="sberbank">-1</column>
            <column name="vtb">NULL</column>
            <column name="gazprom">NULL</column>
            <column name="alfabank">NULL</column>
            <column name="bankmoskvy">NULL</column>
            <column name="raiffeisen">NULL</column>
            <column name="uralsib">NULL</column>
            <column name="rshb">NULL</column>
        </table>
        <table name="bank">
            <column name="id">3323</column>
            <column name="twitid">497264026590520000</column>
            <column name="date">1407391957</column>
            <column name="name">christeenhphaga</column>
            <column name="text">Кредитные карты альфа банка в москве http://t.co/yMv7i2I9Pk</column>
            <column name="sberbank">NULL</column>
            <column name="vtb">NULL</column>
            <column name="gazprom">NULL</column>
            <column name="alfabank">0</column>
            <column name="bankmoskvy">NULL</column>
            <column name="raiffeisen">NULL</column>
            <column name="uralsib">NULL</column>
            <column name="rshb">NULL</column>
        </table>
        <table name="bank">
            <column name="id">3324</column>
            <column name="twitid">497264613919290000</column>
            <column name="date">1407392097</column>
            <column name="name">a_akmav</column>
            <column name="text">Попавшие под санкции банки попросили денег у государства /  / Газпромбанк и Россельхозбанк, попавшие под санкции .. http://t.co/a30RSOEebc</column>
            <column name="sberbank">NULL</column>
            <column name="vtb">NULL</column>
            <column name="gazprom">-1</column>
            <column name="alfabank">NULL</column>
            <column name="bankmoskvy">NULL</column>
            <column name="raiffeisen">NULL</column>
            <column name="uralsib">NULL</column>
            <column name="rshb">-1</column>
        </table>
        <table name="bank">
            <column name="id">3325</column>
            <column name="twitid">497264770865590000</column>
            <column name="date">1407392134</column>
            <column name="name">jikehokepaqy</column>
            <column name="text">http://t.co/1MYmY2LxFU Попавшие под санкции &quot;Россельхозбанк&quot; и &quot;Газпромбанк&quot; просят господдержки</column>
            <column name="sberbank">NULL</column>
            <column name="vtb">NULL</column>
            <column name="gazprom">-1</column>
            <column name="alfabank">NULL</column>
            <column name="bankmoskvy">NULL</column>
            <column name="raiffeisen">NULL</column>
            <column name="uralsib">NULL</column>
            <column name="rshb">-1</column>
        </table>
        <table name="bank">
            <column name="id">3326</column>
            <column name="twitid">497264975095010000</column>
            <column name="date">1407392183</column>
            <column name="name">_li_yang_pu</column>
            <column name="text">RT @ElvisMikle: ХВАТИТ КОРМИТЬ ПУТЛЕРОВСКУЮ ХУНТУ! Россельхозбанк и Газпромбанк попросили о господдержке из-за  санкций
 http://t.co/0tFGQv…</column>
            <column name="sberbank">NULL</column>
            <column name="vtb">NULL</column>
            <column name="gazprom">-1</column>
            <column name="alfabank">NULL</column>
            <column name="bankmoskvy">NULL</column>
            <column name="raiffeisen">NULL</column>
            <column name="uralsib">NULL</column>
            <column name="rshb">-1</column>
        </table>
        <table name="bank">
            <column name="id">3327</column>
            <column name="twitid">497266933516210000</column>
            <column name="date">1407392650</column>
            <column name="name">OAgeeva14</column>
            <column name="text">Чувашское отделение Сбербанк провело совещание с представителями сервисной организации по вопросам работоспособности сети устройств самообс</column>
            <column name="sberbank">0</column>
            <column name="vtb">NULL</column>
            <column name="gazprom">NULL</column>
            <column name="alfabank">NULL</column>
            <column name="bankmoskvy">NULL</column>
            <column name="raiffeisen">NULL</column>
            <column name="uralsib">NULL</column>
            <column name="rshb">NULL</column>
        </table>
        <table name="bank">
            <column name="id">3328</column>
            <column name="twitid">497267599018050000</column>
            <column name="date">1407392809</column>
            <column name="name">garrettnkhaudry</column>
            <column name="text">Взять кредит в газпромбанк http://t.co/j2RbhgZ4j4</column>
            <column name="sberbank">NULL</column>
            <column name="vtb">NULL</column>
            <column name="gazprom">0</column>
            <column name="alfabank">NULL</column>
            <column name="bankmoskvy">NULL</column>
            <column name="raiffeisen">NULL</column>
            <column name="uralsib">NULL</column>
            <column name="rshb">NULL</column>
        </table>
        <table name="bank">
            <column name="id">3329</column>
            <column name="twitid">497268982291130000</column>
            <column name="date">1407393138</column>
            <column name="name">tucaruecon1978</column>
            <column name="text">7 августа. FINMARKET.RU - Газпромбанк просит включить его в список банков, которые получат право конвертировать субординированные кредиты В</column>
            <column name="sberbank">NULL</column>
            <column name="vtb">NULL</column>
            <column name="gazprom">0</column>
            <column name="alfabank">NULL</column>
            <column name="bankmoskvy">NULL</column>
            <column name="raiffeisen">NULL</column>
            <column name="uralsib">NULL</column>
            <column name="rshb">NULL</column>
        </table>
        <table name="bank">
            <column name="id">3330</column>
            <column name="twitid">497269481203570000</column>
            <column name="date">1407393257</column>
            <column name="name">teraphylton</column>
            <column name="text">Документы для получения кредита в сбер банке http://t.co/zuytFRBIHp</column>
            <column name="sberbank">0</column>
            <column name="vtb">NULL</column>
            <column name="gazprom">NULL</column>
            <column name="alfabank">NULL</column>
            <column name="bankmoskvy">NULL</column>
            <column name="raiffeisen">NULL</column>
            <column name="uralsib">NULL</column>
            <column name="rshb">NULL</column>
        </table>
        <table name="bank">
            <column name="id">3331</column>
            <column name="twitid">497269846611350000</column>
            <column name="date">1407393344</column>
            <column name="name">biosigdeawet</column>
            <column name="text">RT @Creditam: @vtb Банк ВТБ парсит сайт &quot;Моя реклама&quot; и звонят по контактам предлагают кредиты, охренели #vtb #vtb24 #banks</column>
            <column name="sberbank">NULL</column>
            <column name="vtb">-1</column>
            <column name="gazprom">NULL</column>
            <column name="alfabank">NULL</column>
            <column name="bankmoskvy">NULL</column>
            <column name="raiffeisen">NULL</column>
            <column name="uralsib">NULL</column>
            <column name="rshb">NULL</column>
        </table>
        <table name="bank">
            <column name="id">3332</column>
            <column name="twitid">497272276665260000</column>
            <column name="date">1407393924</column>
            <column name="name">cajaxohuloq</column>
            <column name="text">Оплатить визу в США через ВТБ 24 теперь нельзя</column>
            <column name="sberbank">NULL</column>
            <column name="vtb">-1</column>
            <column name="gazprom">NULL</column>
            <column name="alfabank">NULL</column>
            <column name="bankmoskvy">NULL</column>
            <column name="raiffeisen">NULL</column>
            <column name="uralsib">NULL</column>
            <column name="rshb">NULL</column>
        </table>
        <table name="bank">
            <column name="id">3333</column>
            <column name="twitid">497272318041680000</column>
            <column name="date">1407393934</column>
            <column name="name">Sergei0773</column>
            <column name="text">RT @FastSlon: Газпромбанк и Россельхозбанк попросили государство помочь им бороться с санкциями http://t.co/M2tezCFyjy</column>
            <column name="sberbank">NULL</column>
            <column name="vtb">NULL</column>
            <column name="gazprom">-1</column>
            <column name="alfabank">NULL</column>
            <column name="bankmoskvy">NULL</column>
            <column name="raiffeisen">NULL</column>
            <column name="uralsib">NULL</column>
            <column name="rshb">-1</column>
        </table>
        <table name="bank">
            <column name="id">3334</column>
            <column name="twitid">497272653561230000</column>
            <column name="date">1407394014</column>
            <column name="name">qisiriwogy</column>
            <column name="text">Кредит райффайзенбанк санкт петербург http://t.co/NmeRhYM1x2</column>
            <column name="sberbank">NULL</column>
            <column name="vtb">NULL</column>
            <column name="gazprom">NULL</column>
            <column name="alfabank">NULL</column>
            <column name="bankmoskvy">NULL</column>
            <column name="raiffeisen">0</column>
            <column name="uralsib">NULL</column>
            <column name="rshb">NULL</column>
        </table>
        <table name="bank">
            <column name="id">3335</column>
            <column name="twitid">497273263849230000</column>
            <column name="date">1407394159</column>
            <column name="name">agipaoyuvg</column>
            <column name="text">http://t.co/nb4QJATCrR Получить кредит в банке сбербанк россии москва и обл</column>
            <column name="sberbank">0</column>
            <column name="vtb">NULL</column>
            <column name="gazprom">NULL</column>
            <column name="alfabank">NULL</column>
            <column name="bankmoskvy">NULL</column>
            <column name="raiffeisen">NULL</column>
            <column name="uralsib">NULL</column>
            <column name="rshb">NULL</column>
        </table>
        <table name="bank">
            <column name="id">3336</column>
            <column name="twitid">497273365325830000</column>
            <column name="date">1407394183</column>
            <column name="name">sobesednik9</column>
            <column name="text">Газпромбанк и Россельхозбанк попросили помощи у государства - Быстрый Slon http://t.co/WsHbbu8uq5 развлечения путена из нашего кармана...</column>
            <column name="sberbank">NULL</column>
            <column name="vtb">NULL</column>
            <column name="gazprom">-1</column>
            <column name="alfabank">NULL</column>
            <column name="bankmoskvy">NULL</column>
            <column name="raiffeisen">NULL</column>
            <column name="uralsib">NULL</column>
            <column name="rshb">-1</column>
        </table>
        <table name="bank">
            <column name="id">3337</column>
            <column name="twitid">497274156694930000</column>
            <column name="date">1407394372</column>
            <column name="name">PSimakov35</column>
            <column name="text">Более 2000 потребительских кредитов выдал Сбербанк в Марий Эл в июле</column>
            <column name="sberbank">0</column>
            <column name="vtb">NULL</column>
            <column name="gazprom">NULL</column>
            <column name="alfabank">NULL</column>
            <column name="bankmoskvy">NULL</column>
            <column name="raiffeisen">NULL</column>
            <column name="uralsib">NULL</column>
            <column name="rshb">NULL</column>
        </table>
        <table name="bank">
            <column name="id">3338</column>
            <column name="twitid">497274655506720000</column>
            <column name="date">1407394491</column>
            <column name="name">jiqulimyz</column>
            <column name="text">Рассчитать сумму кредита сбербанк http://t.co/XXPKAcFDpa</column>
            <column name="sberbank">0</column>
            <column name="vtb">NULL</column>
            <column name="gazprom">NULL</column>
            <column name="alfabank">NULL</column>
            <column name="bankmoskvy">NULL</column>
            <column name="raiffeisen">NULL</column>
            <column name="uralsib">NULL</column>
            <column name="rshb">NULL</column>
        </table>
        <table name="bank">
            <column name="id">3339</column>
            <column name="twitid">497275779492110000</column>
            <column name="date">1407394759</column>
            <column name="name">fyxyreile</column>
            <column name="text">Попавшие под санкции российские банки попросили о господдержке - СМИ: Россельхозбанк и Газпромбанк, попавшие п... http://t.co/zEJzvsrgTR</column>
            <column name="sberbank">NULL</column>
            <column name="vtb">NULL</column>
            <column name="gazprom">-1</column>
            <column name="alfabank">NULL</column>
            <column name="bankmoskvy">NULL</column>
            <column name="raiffeisen">NULL</column>
            <column name="uralsib">NULL</column>
            <column name="rshb">-1</column>
        </table>
        <table name="bank">
            <column name="id">3340</column>
            <column name="twitid">497276110301040000</column>
            <column name="date">1407394838</column>
            <column name="name">xyhabakokob</column>
            <column name="text">Максимальные кредит без поручительства сбербанк http://t.co/VfcobN0T33</column>
            <column name="sberbank">0</column>
            <column name="vtb">NULL</column>
            <column name="gazprom">NULL</column>
            <column name="alfabank">NULL</column>
            <column name="bankmoskvy">NULL</column>
            <column name="raiffeisen">NULL</column>
            <column name="uralsib">NULL</column>
            <column name="rshb">NULL</column>
        </table>
        <table name="bank">
            <column name="id">3341</column>
            <column name="twitid">497277519960480000</column>
            <column name="date">1407395174</column>
            <column name="name">Viktor_Foxx</column>
            <column name="text">@miss_dashanel была бы карта - не стояла бы час) + Сбербанк онлайн реально хорош</column>
            <column name="sberbank">1</column>
            <column name="vtb">NULL</column>
            <column name="gazprom">NULL</column>
            <column name="alfabank">NULL</column>
            <column name="bankmoskvy">NULL</column>
            <column name="raiffeisen">NULL</column>
            <column name="uralsib">NULL</column>
            <column name="rshb">NULL</column>
        </table>
        <table name="bank">
            <column name="id">3342</column>
            <column name="twitid">497279086868170000</column>
            <column name="date">1407395547</column>
            <column name="name">bordachew</column>
            <column name="text">Сбербанк в январе-июле увеличил чистую прибыль по РСБУ до 222 млрд руб: Сбербанк в январе-июле 2014 года нарастил чистую прибыль по р...</column>
            <column name="sberbank">1</column>
            <column name="vtb">NULL</column>
            <column name="gazprom">NULL</column>
            <column name="alfabank">NULL</column>
            <column name="bankmoskvy">NULL</column>
            <column name="raiffeisen">NULL</column>
            <column name="uralsib">NULL</column>
            <column name="rshb">NULL</column>
        </table>
        <table name="bank">
            <column name="id">3343</column>
            <column name="twitid">497280024161320000</column>
            <column name="date">1407395771</column>
            <column name="name">salasmcwanetta</column>
            <column name="text">Кредит в втб 24 http://t.co/1lOH0Dv3My</column>
            <column name="sberbank">NULL</column>
            <column name="vtb">0</column>
            <column name="gazprom">NULL</column>
            <column name="alfabank">NULL</column>
            <column name="bankmoskvy">NULL</column>
            <column name="raiffeisen">NULL</column>
            <column name="uralsib">NULL</column>
            <column name="rshb">NULL</column>
        </table>
        <table name="bank">
            <column name="id">3344</column>
            <column name="twitid">497280343737900000</column>
            <column name="date">1407395847</column>
            <column name="name">maxtambov86</column>
            <column name="text">RT @itass: СМИ: Россельхозбанк и Газпромбанк попросили о господдержке из-за санкций http://t.co/9efnnUoPv7</column>
            <column name="sberbank">NULL</column>
            <column name="vtb">NULL</column>
            <column name="gazprom">-1</column>
            <column name="alfabank">NULL</column>
            <column name="bankmoskvy">NULL</column>
            <column name="raiffeisen">NULL</column>
            <column name="uralsib">NULL</column>
            <column name="rshb">-1</column>
        </table>
        <table name="bank">
            <column name="id">3345</column>
            <column name="twitid">497282142343550000</column>
            <column name="date">1407396276</column>
            <column name="name">eperjr</column>
            <column name="text">Банк москвы кредиты транс кредит http://t.co/EzlJTbb3V3</column>
            <column name="sberbank">NULL</column>
            <column name="vtb">NULL</column>
            <column name="gazprom">NULL</column>
            <column name="alfabank">NULL</column>
            <column name="bankmoskvy">0</column>
            <column name="raiffeisen">NULL</column>
            <column name="uralsib">NULL</column>
            <column name="rshb">NULL</column>
        </table>
        <table name="bank">
            <column name="id">3346</column>
            <column name="twitid">497282182134900000</column>
            <column name="date">1407396285</column>
            <column name="name">wdenPoppel</column>
            <column name="text">http://t.co/pl4qnyjOMm Оформить кредит через интернет в альфабанке мурманск</column>
            <column name="sberbank">NULL</column>
            <column name="vtb">NULL</column>
            <column name="gazprom">NULL</column>
            <column name="alfabank">0</column>
            <column name="bankmoskvy">NULL</column>
            <column name="raiffeisen">NULL</column>
            <column name="uralsib">NULL</column>
            <column name="rshb">NULL</column>
        </table>
        <table name="bank">
            <column name="id">3347</column>
            <column name="twitid">497286526657500000</column>
            <column name="date">1407397321</column>
            <column name="name">south_news</column>
            <column name="text">Газпромбанк и Россельхозбанк просят поддержки государства http://t.co/KLTKazgDne #economics</column>
            <column name="sberbank">NULL</column>
            <column name="vtb">NULL</column>
            <column name="gazprom">-1</column>
            <column name="alfabank">NULL</column>
            <column name="bankmoskvy">NULL</column>
            <column name="raiffeisen">NULL</column>
            <column name="uralsib">NULL</column>
            <column name="rshb">-1</column>
        </table>
        <table name="bank">
            <column name="id">3348</column>
            <column name="twitid">497286632761210000</column>
            <column name="date">1407397347</column>
            <column name="name">beDarbonne</column>
            <column name="text">http://t.co/MKPqx56eUM Взять кредит в уралсиб банке</column>
            <column name="sberbank">NULL</column>
            <column name="vtb">NULL</column>
            <column name="gazprom">NULL</column>
            <column name="alfabank">NULL</column>
            <column name="bankmoskvy">NULL</column>
            <column name="raiffeisen">NULL</column>
            <column name="uralsib">0</column>
            <column name="rshb">NULL</column>
        </table>
        <table name="bank">
            <column name="id">3349</column>
            <column name="twitid">497290362101440000</column>
            <column name="date">1407398236</column>
            <column name="name">revirmives1982</column>
            <column name="text">Газпромбанк и Россельхозбанк (РСХБ) просят государственной поддержки в связи с санкциями. Минфин относится к запросам банков скептически.</column>
            <column name="sberbank">NULL</column>
            <column name="vtb">NULL</column>
            <column name="gazprom">-1</column>
            <column name="alfabank">NULL</column>
            <column name="bankmoskvy">NULL</column>
            <column name="raiffeisen">NULL</column>
            <column name="uralsib">NULL</column>
            <column name="rshb">-1</column>
        </table>
        <table name="bank">
            <column name="id">3350</column>
            <column name="twitid">497292449958460000</column>
            <column name="date">1407398733</column>
            <column name="name">pandorawer</column>
            <column name="text">RT @jkDina: Внутридневной взгляд - Сбербанк http://t.co/nFdqWoZZTL</column>
            <column name="sberbank">0</column>
            <column name="vtb">NULL</column>
            <column name="gazprom">NULL</column>
            <column name="alfabank">NULL</column>
            <column name="bankmoskvy">NULL</column>
            <column name="raiffeisen">NULL</column>
            <column name="uralsib">NULL</column>
            <column name="rshb">NULL</column>
        </table>
        <table name="bank">
            <column name="id">3351</column>
            <column name="twitid">497293968858940000</column>
            <column name="date">1407399096</column>
            <column name="name">Rundschau</column>
            <column name="text">Чистая прибыль @sberbank за 7 месяцев 2014 года выросла к 2013 году на 5,5% в том числе на переоценке курса рубля, однако акции компании</column>
            <column name="sberbank">1</column>
            <column name="vtb">NULL</column>
            <column name="gazprom">NULL</column>
            <column name="alfabank">NULL</column>
            <column name="bankmoskvy">NULL</column>
            <column name="raiffeisen">NULL</column>
            <column name="uralsib">NULL</column>
            <column name="rshb">NULL</column>
        </table>
        <table name="bank">
            <column name="id">3352</column>
            <column name="twitid">497294174358890000</column>
            <column name="date">1407399145</column>
            <column name="name">izlasuhman</column>
            <column name="text">Кредит для малого бизнеса сбербанк россии http://t.co/YOc6Tid9Ll</column>
            <column name="sberbank">0</column>
            <column name="vtb">NULL</column>
            <column name="gazprom">NULL</column>
            <column name="alfabank">NULL</column>
            <column name="bankmoskvy">NULL</column>
            <column name="raiffeisen">NULL</column>
            <column name="uralsib">NULL</column>
            <column name="rshb">NULL</column>
        </table>
        <table name="bank">
            <column name="id">3353</column>
            <column name="twitid">497294286992740000</column>
            <column name="date">1407399171</column>
            <column name="name">barberawynewlan</column>
            <column name="text">Кредит под строительство дома сбербанк http://t.co/R9XtN4slvT</column>
            <column name="sberbank">0</column>
            <column name="vtb">NULL</column>
            <column name="gazprom">NULL</column>
            <column name="alfabank">NULL</column>
            <column name="bankmoskvy">NULL</column>
            <column name="raiffeisen">NULL</column>
            <column name="uralsib">NULL</column>
            <column name="rshb">NULL</column>
        </table>
        <table name="bank">
            <column name="id">3354</column>
            <column name="twitid">497295791158230000</column>
            <column name="date">1407399530</column>
            <column name="name">57Rusanova</column>
            <column name="text">RT @GazetaRu: Сбербанк увеличивает выдачу ипотечных кредитов и по банковским картам на 61%. 
http://t.co/xgL9Gh8rgi http://t.co/VPFVx4u70P</column>
            <column name="sberbank">1</column>
            <column name="vtb">NULL</column>
            <column name="gazprom">NULL</column>
            <column name="alfabank">NULL</column>
            <column name="bankmoskvy">NULL</column>
            <column name="raiffeisen">NULL</column>
            <column name="uralsib">NULL</column>
            <column name="rshb">NULL</column>
        </table>
        <table name="bank">
            <column name="id">3355</column>
            <column name="twitid">497296277835880000</column>
            <column name="date">1407399646</column>
            <column name="name">zanimaem_ru</column>
            <column name="text">RT @sberbank: Соглашайтесь на большее под меньший процент! Специальное предложение Сбербанка по ипотеке действует до конца сентября http://…</column>
            <column name="sberbank">1</column>
            <column name="vtb">NULL</column>
            <column name="gazprom">NULL</column>
            <column name="alfabank">NULL</column>
            <column name="bankmoskvy">NULL</column>
            <column name="raiffeisen">NULL</column>
            <column name="uralsib">NULL</column>
            <column name="rshb">NULL</column>
        </table>
        <table name="bank">
            <column name="id">3356</column>
            <column name="twitid">497297866751090000</column>
            <column name="date">1407400025</column>
            <column name="name">KeriSeverini</column>
            <column name="text">«Газпромбанк» и «Россельхозбанк» попросили финансовой помощи у государства (46)</column>
            <column name="sberbank">NULL</column>
            <column name="vtb">NULL</column>
            <column name="gazprom">-1</column>
            <column name="alfabank">NULL</column>
            <column name="bankmoskvy">NULL</column>
            <column name="raiffeisen">NULL</column>
            <column name="uralsib">NULL</column>
            <column name="rshb">-1</column>
        </table>
        <table name="bank">
            <column name="id">3357</column>
            <column name="twitid">497299722936530000</column>
            <column name="date">1407400467</column>
            <column name="name">osis789zee</column>
            <column name="text">Заявка на потреб кредит втб 24 http://t.co/Ogr8P7LZpX</column>
            <column name="sberbank">NULL</column>
            <column name="vtb">0</column>
            <column name="gazprom">NULL</column>
            <column name="alfabank">NULL</column>
            <column name="bankmoskvy">NULL</column>
            <column name="raiffeisen">NULL</column>
            <column name="uralsib">NULL</column>
            <column name="rshb">NULL</column>
        </table>
        <table name="bank">
            <column name="id">3358</column>
            <column name="twitid">497299881174630000</column>
            <column name="date">1407400505</column>
            <column name="name">kase_news</column>
            <column name="text">Биржевые облигации серии БО-22 RU000A0JTN01 (RU_VTBRb1) ОАО Банк ВТБ (Россия) включены в официаль... http://t.co/xSZTPPo3K1</column>
            <column name="sberbank">NULL</column>
            <column name="vtb">0</column>
            <column name="gazprom">NULL</column>
            <column name="alfabank">NULL</column>
            <column name="bankmoskvy">NULL</column>
            <column name="raiffeisen">NULL</column>
            <column name="uralsib">NULL</column>
            <column name="rshb">NULL</column>
        </table>
        <table name="bank">
            <column name="id">3359</column>
            <column name="twitid">497300075258060000</column>
            <column name="date">1407400551</column>
            <column name="name">Egor_zolotukhin</column>
            <column name="text">@sberbank @maxnaumov Действительно))</column>
            <column name="sberbank">--</column>
            <column name="vtb">NULL</column>
            <column name="gazprom">NULL</column>
            <column name="alfabank">NULL</column>
            <column name="bankmoskvy">NULL</column>
            <column name="raiffeisen">NULL</column>
            <column name="uralsib">NULL</column>
            <column name="rshb">NULL</column>
        </table>
        <table name="bank">
            <column name="id">3360</column>
            <column name="twitid">497301161360500000</column>
            <column name="date">1407400810</column>
            <column name="name">shaneutwchavis</column>
            <column name="text">Банк москвы улучшил условия кредитования http://t.co/AZF5nNfSz4</column>
            <column name="sberbank">NULL</column>
            <column name="vtb">NULL</column>
            <column name="gazprom">NULL</column>
            <column name="alfabank">NULL</column>
            <column name="bankmoskvy">1</column>
            <column name="raiffeisen">NULL</column>
            <column name="uralsib">NULL</column>
            <column name="rshb">NULL</column>
        </table>
        <table name="bank">
            <column name="id">3361</column>
            <column name="twitid">497302922632650000</column>
            <column name="date">1407401230</column>
            <column name="name">autoserf1</column>
            <column name="text">Россельхозбанк и Газпромбанк попросили о господдержке http://t.co/tejZ2P7WPS #klerk</column>
            <column name="sberbank">NULL</column>
            <column name="vtb">NULL</column>
            <column name="gazprom">-1</column>
            <column name="alfabank">NULL</column>
            <column name="bankmoskvy">NULL</column>
            <column name="raiffeisen">NULL</column>
            <column name="uralsib">NULL</column>
            <column name="rshb">-1</column>
        </table>
        <table name="bank">
            <column name="id">3362</column>
            <column name="twitid">497305457992950000</column>
            <column name="date">1407401835</column>
            <column name="name">minoritariy</column>
            <column name="text">Газпромбанк и Россельхозбанк попросили помощи у государства http://t.co/8dJSOUvTUa http://t.co/0WzIWEzR91</column>
            <column name="sberbank">NULL</column>
            <column name="vtb">NULL</column>
            <column name="gazprom">-1</column>
            <column name="alfabank">NULL</column>
            <column name="bankmoskvy">NULL</column>
            <column name="raiffeisen">NULL</column>
            <column name="uralsib">NULL</column>
            <column name="rshb">-1</column>
        </table>
        <table name="bank">
            <column name="id">3363</column>
            <column name="twitid">497306260107460000</column>
            <column name="date">1407402026</column>
            <column name="name">kepovero</column>
            <column name="text">Авто кредитование физических лиц сбербанк http://t.co/T7VqKd96Jb</column>
            <column name="sberbank">0</column>
            <column name="vtb">NULL</column>
            <column name="gazprom">NULL</column>
            <column name="alfabank">NULL</column>
            <column name="bankmoskvy">NULL</column>
            <column name="raiffeisen">NULL</column>
            <column name="uralsib">NULL</column>
            <column name="rshb">NULL</column>
        </table>
        <table name="bank">
            <column name="id">3364</column>
            <column name="twitid">497311341313790000</column>
            <column name="date">1407403238</column>
            <column name="name">TrikinSasha</column>
            <column name="text">RT @Today_Novosti: ВТБ 24 прекратил прием консульских сборов за оформление виз США http://t.co/tU6lPJBrBo</column>
            <column name="sberbank">NULL</column>
            <column name="vtb">-1</column>
            <column name="gazprom">NULL</column>
            <column name="alfabank">NULL</column>
            <column name="bankmoskvy">NULL</column>
            <column name="raiffeisen">NULL</column>
            <column name="uralsib">NULL</column>
            <column name="rshb">NULL</column>
        </table>
        <table name="bank">
            <column name="id">3365</column>
            <column name="twitid">497312055041720000</column>
            <column name="date">1407403408</column>
            <column name="name">kulmashevka</column>
            <column name="text">RT @rsrtiodssopu: Сбербанк России - 170 лет на рынке очередей!</column>
            <column name="sberbank">-1</column>
            <column name="vtb">NULL</column>
            <column name="gazprom">NULL</column>
            <column name="alfabank">NULL</column>
            <column name="bankmoskvy">NULL</column>
            <column name="raiffeisen">NULL</column>
            <column name="uralsib">NULL</column>
            <column name="rshb">NULL</column>
        </table>
        <table name="bank">
            <column name="id">3366</column>
            <column name="twitid">497313369972830000</column>
            <column name="date">1407403721</column>
            <column name="name">ciryzunetim</column>
            <column name="text">Телефоны кредитного отдела альфа банка http://t.co/3ujZIelQCK</column>
            <column name="sberbank">NULL</column>
            <column name="vtb">NULL</column>
            <column name="gazprom">NULL</column>
            <column name="alfabank">0</column>
            <column name="bankmoskvy">NULL</column>
            <column name="raiffeisen">NULL</column>
            <column name="uralsib">NULL</column>
            <column name="rshb">NULL</column>
        </table>
        <table name="bank">
            <column name="id">3367</column>
            <column name="twitid">497313370853230000</column>
            <column name="date">1407403721</column>
            <column name="name">News__Belarus</column>
            <column name="text">Россельхозбанк расширяет свое присутствие в Москве http://t.co/Rpnd1GaQN4 #новости</column>
            <column name="sberbank">NULL</column>
            <column name="vtb">NULL</column>
            <column name="gazprom">NULL</column>
            <column name="alfabank">NULL</column>
            <column name="bankmoskvy">NULL</column>
            <column name="raiffeisen">NULL</column>
            <column name="uralsib">NULL</column>
            <column name="rshb">1</column>
        </table>
        <table name="bank">
            <column name="id">3368</column>
            <column name="twitid">497313508993020000</column>
            <column name="date">1407403754</column>
            <column name="name">MaratGarif</column>
            <column name="text">RT @finam_blog: Намерение исключить акции #Сбербанк и #ВТБ из индексов MSCI и FTSE может оказывать давление на бумаги банков http://t.co/KZ…</column>
            <column name="sberbank">-1</column>
            <column name="vtb">-1</column>
            <column name="gazprom">NULL</column>
            <column name="alfabank">NULL</column>
            <column name="bankmoskvy">NULL</column>
            <column name="raiffeisen">NULL</column>
            <column name="uralsib">NULL</column>
            <column name="rshb">NULL</column>
        </table>
        <table name="bank">
            <column name="id">3369</column>
            <column name="twitid">497313619294830000</column>
            <column name="date">1407403781</column>
            <column name="name">chestnoansar</column>
            <column name="text">RT @RSHBmedia: Россельхозбанк в пять раз увеличит присутствие в Москве и Подмосковье к концу 2020 года
http://t.co/tQrNs7WC1s</column>
            <column name="sberbank">NULL</column>
            <column name="vtb">NULL</column>
            <column name="gazprom">NULL</column>
            <column name="alfabank">NULL</column>
            <column name="bankmoskvy">NULL</column>
            <column name="raiffeisen">NULL</column>
            <column name="uralsib">NULL</column>
            <column name="rshb">1</column>
        </table>
        <table name="bank">
            <column name="id">3370</column>
            <column name="twitid">497317126861230000</column>
            <column name="date">1407404617</column>
            <column name="name">centduanida1983</column>
            <column name="text">Россельхозбанк и Газпромбанк, попавшие под западные санкции, попросили у государства финансовой поддержки. Об этом сообщают «Ведомости» со</column>
            <column name="sberbank">NULL</column>
            <column name="vtb">NULL</column>
            <column name="gazprom">-1</column>
            <column name="alfabank">NULL</column>
            <column name="bankmoskvy">NULL</column>
            <column name="raiffeisen">NULL</column>
            <column name="uralsib">NULL</column>
            <column name="rshb">-1</column>
        </table>
        <table name="bank">
            <column name="id">3371</column>
            <column name="twitid">497317418109120000</column>
            <column name="date">1407404686</column>
            <column name="name">JaimeSpang</column>
            <column name="text">Райффайзенбанк: Обмен санкциями не дает повода для оптимизма</column>
            <column name="sberbank">NULL</column>
            <column name="vtb">NULL</column>
            <column name="gazprom">NULL</column>
            <column name="alfabank">NULL</column>
            <column name="bankmoskvy">NULL</column>
            <column name="raiffeisen">-1</column>
            <column name="uralsib">NULL</column>
            <column name="rshb">NULL</column>
        </table>
        <table name="bank">
            <column name="id">3372</column>
            <column name="twitid">497320527891940000</column>
            <column name="date">1407405428</column>
            <column name="name">MULLUON</column>
            <column name="text">Банк Москвы выпустил для банков-партнеров миллион платежных карт - Ведомости http://t.co/fTQ5IyfUvZ</column>
            <column name="sberbank">NULL</column>
            <column name="vtb">NULL</column>
            <column name="gazprom">NULL</column>
            <column name="alfabank">NULL</column>
            <column name="bankmoskvy">1</column>
            <column name="raiffeisen">NULL</column>
            <column name="uralsib">NULL</column>
            <column name="rshb">NULL</column>
        </table>
        <table name="bank">
            <column name="id">3373</column>
            <column name="twitid">497320807350010000</column>
            <column name="date">1407405494</column>
            <column name="name">livukygyqewi</column>
            <column name="text">Взять кредит в альфа банке саратов</column>
            <column name="sberbank">NULL</column>
            <column name="vtb">NULL</column>
            <column name="gazprom">NULL</column>
            <column name="alfabank">0</column>
            <column name="bankmoskvy">NULL</column>
            <column name="raiffeisen">NULL</column>
            <column name="uralsib">NULL</column>
            <column name="rshb">NULL</column>
        </table>
        <table name="bank">
            <column name="id">3374</column>
            <column name="twitid">497329624029100000</column>
            <column name="date">1407407596</column>
            <column name="name">G_Soboleva33</column>
            <column name="text">&amp;amp;laquo;Россельхозбанк&amp;amp;raquo; и &amp;amp;laquo;Газпромбанк&amp;amp;raquo; после ужесточения против них санкций со стороны ЕС, обратились за помощью к федера</column>
            <column name="sberbank">NULL</column>
            <column name="vtb">NULL</column>
            <column name="gazprom">-1</column>
            <column name="alfabank">NULL</column>
            <column name="bankmoskvy">NULL</column>
            <column name="raiffeisen">NULL</column>
            <column name="uralsib">NULL</column>
            <column name="rshb">-1</column>
        </table>
        <table name="bank">
            <column name="id">3375</column>
            <column name="twitid">497330823910030000</column>
            <column name="date">1407407883</column>
            <column name="name">capitalistream</column>
            <column name="text">Reuters: Сбербанк не планирует привлечения нового акционерного капитала http://t.co/IML3MIJhB1 #banki</column>
            <column name="sberbank">0</column>
            <column name="vtb">NULL</column>
            <column name="gazprom">NULL</column>
            <column name="alfabank">NULL</column>
            <column name="bankmoskvy">NULL</column>
            <column name="raiffeisen">NULL</column>
            <column name="uralsib">NULL</column>
            <column name="rshb">NULL</column>
        </table>
        <table name="bank">
            <column name="id">3376</column>
            <column name="twitid">497332059778860000</column>
            <column name="date">1407408177</column>
            <column name="name">marcus_poll</column>
            <column name="text">@sberbank хотел купить$ на табло курс такой (фото)захожу говорят на 5 коп больше это как называется? отд  199530 http://t.co/k3DSW3ksxY</column>
            <column name="sberbank">-1</column>
            <column name="vtb">NULL</column>
            <column name="gazprom">NULL</column>
            <column name="alfabank">NULL</column>
            <column name="bankmoskvy">NULL</column>
            <column name="raiffeisen">NULL</column>
            <column name="uralsib">NULL</column>
            <column name="rshb">NULL</column>
        </table>
        <table name="bank">
            <column name="id">3377</column>
            <column name="twitid">497335969109270000</column>
            <column name="date">1407409109</column>
            <column name="name">rirylihocor</column>
            <column name="text">Ипотечный кредит втб 24 калькулятор http://t.co/dGorqaWZSB</column>
            <column name="sberbank">NULL</column>
            <column name="vtb">0</column>
            <column name="gazprom">NULL</column>
            <column name="alfabank">NULL</column>
            <column name="bankmoskvy">NULL</column>
            <column name="raiffeisen">NULL</column>
            <column name="uralsib">NULL</column>
            <column name="rshb">NULL</column>
        </table>
        <table name="bank">
            <column name="id">3378</column>
            <column name="twitid">497336609877300000</column>
            <column name="date">1407409262</column>
            <column name="name">gewixofe</column>
            <column name="text">Банк сбербанк в спб кредит http://t.co/6JACbc3i6I</column>
            <column name="sberbank">0</column>
            <column name="vtb">NULL</column>
            <column name="gazprom">NULL</column>
            <column name="alfabank">NULL</column>
            <column name="bankmoskvy">NULL</column>
            <column name="raiffeisen">NULL</column>
            <column name="uralsib">NULL</column>
            <column name="rshb">NULL</column>
        </table>
        <table name="bank">
            <column name="id">3379</column>
            <column name="twitid">497339429242290000</column>
            <column name="date">1407409934</column>
            <column name="name">nuirii41</column>
            <column name="text">RT @stikskure: ВТБ 24 прекратил прием консульских сборов за оформление виз США</column>
            <column name="sberbank">NULL</column>
            <column name="vtb">-1</column>
            <column name="gazprom">NULL</column>
            <column name="alfabank">NULL</column>
            <column name="bankmoskvy">NULL</column>
            <column name="raiffeisen">NULL</column>
            <column name="uralsib">NULL</column>
            <column name="rshb">NULL</column>
        </table>
        <table name="bank">
            <column name="id">3380</column>
            <column name="twitid">497340127086410000</column>
            <column name="date">1407410101</column>
            <column name="name">zentbeyotc</column>
            <column name="text">Расчитать кредит в казани сбербанк http://t.co/yo2AJPmIBA</column>
            <column name="sberbank">0</column>
            <column name="vtb">NULL</column>
            <column name="gazprom">NULL</column>
            <column name="alfabank">NULL</column>
            <column name="bankmoskvy">NULL</column>
            <column name="raiffeisen">NULL</column>
            <column name="uralsib">NULL</column>
            <column name="rshb">NULL</column>
        </table>
        <table name="bank">
            <column name="id">3381</column>
            <column name="twitid">497340279029240000</column>
            <column name="date">1407410137</column>
            <column name="name">DubinkinYuri</column>
            <column name="text">RT @aifonline: Сбербанк России приступил к выпуску альтернативной Visa и MasterCard карты http://t.co/BqTRdGKiup http://t.co/ITPNTDvgvT</column>
            <column name="sberbank">0</column>
            <column name="vtb">NULL</column>
            <column name="gazprom">NULL</column>
            <column name="alfabank">NULL</column>
            <column name="bankmoskvy">NULL</column>
            <column name="raiffeisen">NULL</column>
            <column name="uralsib">NULL</column>
            <column name="rshb">NULL</column>
        </table>
        <table name="bank">
            <column name="id">3382</column>
            <column name="twitid">497340595288170000</column>
            <column name="date">1407410212</column>
            <column name="name">Avdeevcaespecur</column>
            <column name="text">RT @substartita1985: Посольство США прекратило прием визового сбора через банк ВТБ 24.Посольство США подтвердило, что больше не принимает к…</column>
            <column name="sberbank">NULL</column>
            <column name="vtb">-1</column>
            <column name="gazprom">NULL</column>
            <column name="alfabank">NULL</column>
            <column name="bankmoskvy">NULL</column>
            <column name="raiffeisen">NULL</column>
            <column name="uralsib">NULL</column>
            <column name="rshb">NULL</column>
        </table>
        <table name="bank">
            <column name="id">3383</column>
            <column name="twitid">497341280343430000</column>
            <column name="date">1407410376</column>
            <column name="name">BogdanVasiliev</column>
            <column name="text">Санкции в действии: Сбербанк и ВТБ отказываются от выпуска акций</column>
            <column name="sberbank">-1</column>
            <column name="vtb">-1</column>
            <column name="gazprom">NULL</column>
            <column name="alfabank">NULL</column>
            <column name="bankmoskvy">NULL</column>
            <column name="raiffeisen">NULL</column>
            <column name="uralsib">NULL</column>
            <column name="rshb">NULL</column>
        </table>
        <table name="bank">
            <column name="id">3384</column>
            <column name="twitid">497345324198150000</column>
            <column name="date">1407411340</column>
            <column name="name">makiavelli260</column>
            <column name="text">Газпромбанк и Россельхозбанк просят у государства поддержки из-за санкций</column>
            <column name="sberbank">NULL</column>
            <column name="vtb">NULL</column>
            <column name="gazprom">-1</column>
            <column name="alfabank">NULL</column>
            <column name="bankmoskvy">NULL</column>
            <column name="raiffeisen">NULL</column>
            <column name="uralsib">NULL</column>
            <column name="rshb">-1</column>
        </table>
        <table name="bank">
            <column name="id">3385</column>
            <column name="twitid">497349176506990000</column>
            <column name="date">1407412258</column>
            <column name="name">bygyxocuwo</column>
            <column name="text">Процентная ставка по кредиту в сбер банке http://t.co/UCaa9IVD0O</column>
            <column name="sberbank">0</column>
            <column name="vtb">NULL</column>
            <column name="gazprom">NULL</column>
            <column name="alfabank">NULL</column>
            <column name="bankmoskvy">NULL</column>
            <column name="raiffeisen">NULL</column>
            <column name="uralsib">NULL</column>
            <column name="rshb">NULL</column>
        </table>
        <table name="bank">
            <column name="id">3386</column>
            <column name="twitid">497349291288300000</column>
            <column name="date">1407412286</column>
            <column name="name">SKozlova45</column>
            <column name="text">#ru_ff Ты только узнал, что Сбер отстой?</column>
            <column name="sberbank">-1</column>
            <column name="vtb">NULL</column>
            <column name="gazprom">NULL</column>
            <column name="alfabank">NULL</column>
            <column name="bankmoskvy">NULL</column>
            <column name="raiffeisen">NULL</column>
            <column name="uralsib">NULL</column>
            <column name="rshb">NULL</column>
        </table>
        <table name="bank">
            <column name="id">3387</column>
            <column name="twitid">497351495797710000</column>
            <column name="date">1407412811</column>
            <column name="name">bekoist34</column>
            <column name="text">Россельхозбанк наращивает сеть филиалов в столичном регионе</column>
            <column name="sberbank">NULL</column>
            <column name="vtb">NULL</column>
            <column name="gazprom">NULL</column>
            <column name="alfabank">NULL</column>
            <column name="bankmoskvy">NULL</column>
            <column name="raiffeisen">NULL</column>
            <column name="uralsib">NULL</column>
            <column name="rshb">1</column>
        </table>
        <table name="bank">
            <column name="id">3388</column>
            <column name="twitid">497354882399990000</column>
            <column name="date">1407413619</column>
            <column name="name">News_vMariEl</column>
            <column name="text">Объем вкладов в Марийском филиале Россельхозбанка  составил 3,5 млрд рублей.: По состоянию на 1 августа 2014 г... http://t.co/FMIFsyvKfC</column>
            <column name="sberbank">NULL</column>
            <column name="vtb">NULL</column>
            <column name="gazprom">NULL</column>
            <column name="alfabank">NULL</column>
            <column name="bankmoskvy">NULL</column>
            <column name="raiffeisen">NULL</column>
            <column name="uralsib">NULL</column>
            <column name="rshb">0</column>
        </table>
        <table name="bank">
            <column name="id">3389</column>
            <column name="twitid">497357407690190000</column>
            <column name="date">1407414221</column>
            <column name="name">vladmil2012</column>
            <column name="text">RT @Hy_Donetsk: Львовянки принесли гуманитарочку  жертвам Путинского режима.

#Львов #Сбербанк http://t.co/THRJX5qMT4</column>
            <column name="sberbank">--</column>
            <column name="vtb">NULL</column>
            <column name="gazprom">NULL</column>
            <column name="alfabank">NULL</column>
            <column name="bankmoskvy">NULL</column>
            <column name="raiffeisen">NULL</column>
            <column name="uralsib">NULL</column>
            <column name="rshb">NULL</column>
        </table>
        <table name="bank">
            <column name="id">3390</column>
            <column name="twitid">497357612405760000</column>
            <column name="date">1407414269</column>
            <column name="name">icocej6</column>
            <column name="text">Кредит на месяц альфа банк http://t.co/9DrWWOQXIz</column>
            <column name="sberbank">NULL</column>
            <column name="vtb">NULL</column>
            <column name="gazprom">NULL</column>
            <column name="alfabank">0</column>
            <column name="bankmoskvy">NULL</column>
            <column name="raiffeisen">NULL</column>
            <column name="uralsib">NULL</column>
            <column name="rshb">NULL</column>
        </table>
        <table name="bank">
            <column name="id">3391</column>
            <column name="twitid">497357613701810000</column>
            <column name="date">1407414270</column>
            <column name="name">qovacesiqok</column>
            <column name="text">Кредит без поручителей втб 24 http://t.co/B14Wy5tIb0</column>
            <column name="sberbank">NULL</column>
            <column name="vtb">0</column>
            <column name="gazprom">NULL</column>
            <column name="alfabank">NULL</column>
            <column name="bankmoskvy">NULL</column>
            <column name="raiffeisen">NULL</column>
            <column name="uralsib">NULL</column>
            <column name="rshb">NULL</column>
        </table>
        <table name="bank">
            <column name="id">3392</column>
            <column name="twitid">497361107091460000</column>
            <column name="date">1407415103</column>
            <column name="name">wcbodimyn8</column>
            <column name="text">Процентная ставка на кредиты сбербанк http://t.co/ZGF0cWF6dB</column>
            <column name="sberbank">0</column>
            <column name="vtb">NULL</column>
            <column name="gazprom">NULL</column>
            <column name="alfabank">NULL</column>
            <column name="bankmoskvy">NULL</column>
            <column name="raiffeisen">NULL</column>
            <column name="uralsib">NULL</column>
            <column name="rshb">NULL</column>
        </table>
        <table name="bank">
            <column name="id">3393</column>
            <column name="twitid">497366197432640000</column>
            <column name="date">1407416316</column>
            <column name="name">BankDirectpro</column>
            <column name="text">Новости банков: #Россельхозбанк в пять раз увеличит присутствие в Москве и Подмосковье к концу 2020 года 

#еда
http://t.co/qp6xeORbno</column>
            <column name="sberbank">NULL</column>
            <column name="vtb">NULL</column>
            <column name="gazprom">NULL</column>
            <column name="alfabank">NULL</column>
            <column name="bankmoskvy">NULL</column>
            <column name="raiffeisen">NULL</column>
            <column name="uralsib">NULL</column>
            <column name="rshb">1</column>
        </table>
        <table name="bank">
            <column name="id">3394</column>
            <column name="twitid">497366241557100000</column>
            <column name="date">1407416327</column>
            <column name="name">cixexetucaw</column>
            <column name="text">RT @vawavadeduku: http://t.co/CDWjAvbcXK Сбербанк начал выпуск карт на базе российской платежной системы&amp;amp;#8230;</column>
            <column name="sberbank">1</column>
            <column name="vtb">NULL</column>
            <column name="gazprom">NULL</column>
            <column name="alfabank">NULL</column>
            <column name="bankmoskvy">NULL</column>
            <column name="raiffeisen">NULL</column>
            <column name="uralsib">NULL</column>
            <column name="rshb">NULL</column>
        </table>
        <table name="bank">
            <column name="id">3395</column>
            <column name="twitid">497366242068810000</column>
            <column name="date">1407416327</column>
            <column name="name">lizaxncbheins</column>
            <column name="text">Пенсионный кредит сбер банка россии http://t.co/6PsenNgMRA</column>
            <column name="sberbank">0</column>
            <column name="vtb">NULL</column>
            <column name="gazprom">NULL</column>
            <column name="alfabank">NULL</column>
            <column name="bankmoskvy">NULL</column>
            <column name="raiffeisen">NULL</column>
            <column name="uralsib">NULL</column>
            <column name="rshb">NULL</column>
        </table>
        <table name="bank">
            <column name="id">3396</column>
            <column name="twitid">497369486895640000</column>
            <column name="date">1407417101</column>
            <column name="name">LKruglov34</column>
            <column name="text">Россельхозбанк снизил ставки по кредитам для владельцев личных подсобных хозяйств (ЛПХ). Наибольшие изменения коснулись займов на сроки от</column>
            <column name="sberbank">NULL</column>
            <column name="vtb">NULL</column>
            <column name="gazprom">NULL</column>
            <column name="alfabank">NULL</column>
            <column name="bankmoskvy">NULL</column>
            <column name="raiffeisen">NULL</column>
            <column name="uralsib">NULL</column>
            <column name="rshb">1</column>
        </table>
        <table name="bank">
            <column name="id">3397</column>
            <column name="twitid">497374144825020000</column>
            <column name="date">1407418211</column>
            <column name="name">byvywekebig</column>
            <column name="text">кредитная карта альфа банка</column>
            <column name="sberbank">NULL</column>
            <column name="vtb">NULL</column>
            <column name="gazprom">NULL</column>
            <column name="alfabank">0</column>
            <column name="bankmoskvy">NULL</column>
            <column name="raiffeisen">NULL</column>
            <column name="uralsib">NULL</column>
            <column name="rshb">NULL</column>
        </table>
        <table name="bank">
            <column name="id">3398</column>
            <column name="twitid">497377819958460000</column>
            <column name="date">1407419087</column>
            <column name="name">dydejosiso</column>
            <column name="text">Узнать статус заявки кредита втб 24 http://t.co/UritwUUxWU</column>
            <column name="sberbank">NULL</column>
            <column name="vtb">0</column>
            <column name="gazprom">NULL</column>
            <column name="alfabank">NULL</column>
            <column name="bankmoskvy">NULL</column>
            <column name="raiffeisen">NULL</column>
            <column name="uralsib">NULL</column>
            <column name="rshb">NULL</column>
        </table>
        <table name="bank">
            <column name="id">3399</column>
            <column name="twitid">497379971535750000</column>
            <column name="date">1407419600</column>
            <column name="name">diuwyelu</column>
            <column name="text">Россельхозбанк снизил ставки по кредитам личным подсобным хозяйствам #K</column>
            <column name="sberbank">NULL</column>
            <column name="vtb">NULL</column>
            <column name="gazprom">NULL</column>
            <column name="alfabank">NULL</column>
            <column name="bankmoskvy">NULL</column>
            <column name="raiffeisen">NULL</column>
            <column name="uralsib">NULL</column>
            <column name="rshb">0</column>
        </table>
        <table name="bank">
            <column name="id">3400</column>
            <column name="twitid">497382878507190000</column>
            <column name="date">1407420293</column>
            <column name="name">pecyvurun</column>
            <column name="text">Льготный кредит автомобиль сбербанк http://t.co/eraCQpFhUR</column>
            <column name="sberbank">0</column>
            <column name="vtb">NULL</column>
            <column name="gazprom">NULL</column>
            <column name="alfabank">NULL</column>
            <column name="bankmoskvy">NULL</column>
            <column name="raiffeisen">NULL</column>
            <column name="uralsib">NULL</column>
            <column name="rshb">NULL</column>
        </table>
    </database>
</pma_xml_export>