<?xml version="1.0" encoding="utf-8"?>
<!--
- phpMyAdmin XML Dump
- version 4.0.4.1
- http://www.phpmyadmin.net
-
- Хост: localhost
- Время создания: Окт 28 2014 г., 09:04
- Версия сервера: 5.6.12
- Версия PHP: 5.5.3
-->

<pma_xml_export version="1.0" xmlns:pma="http://www.phpmyadmin.net/some_doc_url/">
    <!--
    - Structure schemas
    -->
    <pma:structure_schemas>
        <pma:database name="Romip" collation="utf8_general_ci" charset="utf8">
            <pma:table name="bank">
                CREATE TABLE `bank` (
                  `id` int(11) NOT NULL AUTO_INCREMENT,
                  `twitid` bigint(32) NOT NULL DEFAULT '0',
                  `date` varchar(128) DEFAULT NULL,
                  `name` varchar(128) DEFAULT NULL,
                  `text` varchar(256) DEFAULT NULL,
                  `sberbank` int(11) DEFAULT NULL,
                  `vtb` int(11) DEFAULT NULL,
                  `gazprom` int(11) DEFAULT NULL,
                  `alfabank` int(11) DEFAULT NULL,
                  `bankmoskvy` int(11) DEFAULT NULL,
                  `raiffeisen` int(11) DEFAULT NULL,
                  `uralsib` int(11) DEFAULT NULL,
                  `rshb` int(11) DEFAULT NULL,
                  PRIMARY KEY (`id`),
                  UNIQUE KEY `id` (`twitid`)
                ) ENGINE=InnoDB AUTO_INCREMENT=7924 DEFAULT CHARSET=utf8;
            </pma:table>
        </pma:database>
    </pma:structure_schemas>

    <!--
    - База данных: 'Romip'
    -->
    <database name="Romip">
        <!-- Таблица bank -->
        <table name="bank">
            <column name="id">1601</column>
            <column name="twitid">494492652101200000</column>
            <column name="date">1406731210</column>
            <column name="name">daitilrafau1989</column>
            <column name="text">Банк Москвы продолжит работу, как было до санкций: учреждение готово было к ударам в «спину»</column>
            <column name="sberbank">NULL</column>
            <column name="vtb">NULL</column>
            <column name="gazprom">NULL</column>
            <column name="alfabank">NULL</column>
            <column name="bankmoskvy">0</column>
            <column name="raiffeisen">NULL</column>
            <column name="uralsib">NULL</column>
            <column name="rshb">NULL</column>
        </table>
        <table name="bank">
            <column name="id">1602</column>
            <column name="twitid">494494770400870000</column>
            <column name="date">1406731715</column>
            <column name="name">breakkinliamole</column>
            <column name="text">http://t.co/Ept2OB2r8Y втб 24 справка для получения кредита</column>
            <column name="sberbank">NULL</column>
            <column name="vtb">0</column>
            <column name="gazprom">NULL</column>
            <column name="alfabank">NULL</column>
            <column name="bankmoskvy">NULL</column>
            <column name="raiffeisen">NULL</column>
            <column name="uralsib">NULL</column>
            <column name="rshb">NULL</column>
        </table>
        <table name="bank">
            <column name="id">1603</column>
            <column name="twitid">494495636176520000</column>
            <column name="date">1406731921</column>
            <column name="name">bymylajeqic</column>
            <column name="text">Кредит наличными в ярославле сбербанк http://t.co/EZr58mKsZB</column>
            <column name="sberbank">0</column>
            <column name="vtb">NULL</column>
            <column name="gazprom">NULL</column>
            <column name="alfabank">NULL</column>
            <column name="bankmoskvy">NULL</column>
            <column name="raiffeisen">NULL</column>
            <column name="uralsib">NULL</column>
            <column name="rshb">NULL</column>
        </table>
        <table name="bank">
            <column name="id">1604</column>
            <column name="twitid">494495723384500000</column>
            <column name="date">1406731942</column>
            <column name="name">criseldayumship</column>
            <column name="text">Кредит для бизнеса в втб 24 http://t.co/P8pY0qsIx3</column>
            <column name="sberbank">NULL</column>
            <column name="vtb">0</column>
            <column name="gazprom">NULL</column>
            <column name="alfabank">NULL</column>
            <column name="bankmoskvy">NULL</column>
            <column name="raiffeisen">NULL</column>
            <column name="uralsib">NULL</column>
            <column name="rshb">NULL</column>
        </table>
        <table name="bank">
            <column name="id">1605</column>
            <column name="twitid">494495772172620000</column>
            <column name="date">1406731954</column>
            <column name="name">larisagrey001</column>
            <column name="text">Связанная программа сбербанк кредитование http://t.co/kIHH6rGc5y</column>
            <column name="sberbank">0</column>
            <column name="vtb">NULL</column>
            <column name="gazprom">NULL</column>
            <column name="alfabank">NULL</column>
            <column name="bankmoskvy">NULL</column>
            <column name="raiffeisen">NULL</column>
            <column name="uralsib">NULL</column>
            <column name="rshb">NULL</column>
        </table>
        <table name="bank">
            <column name="id">1606</column>
            <column name="twitid">494495812899310000</column>
            <column name="date">1406731963</column>
            <column name="name">eldemoni1</column>
            <column name="text">Потребительский кредит сбербанк для военнослужащих http://t.co/frGuWAUFS1</column>
            <column name="sberbank">0</column>
            <column name="vtb">NULL</column>
            <column name="gazprom">NULL</column>
            <column name="alfabank">NULL</column>
            <column name="bankmoskvy">NULL</column>
            <column name="raiffeisen">NULL</column>
            <column name="uralsib">NULL</column>
            <column name="rshb">NULL</column>
        </table>
        <table name="bank">
            <column name="id">1607</column>
            <column name="twitid">494495853462430000</column>
            <column name="date">1406731973</column>
            <column name="name">NVinogradova28</column>
            <column name="text">Международные платежные системы Visa и MasterCard не будут блокировать карты ВТБ, Банка Москвы и Россельхозбанка после введения против них</column>
            <column name="sberbank">NULL</column>
            <column name="vtb">0</column>
            <column name="gazprom">NULL</column>
            <column name="alfabank">NULL</column>
            <column name="bankmoskvy">0</column>
            <column name="raiffeisen">NULL</column>
            <column name="uralsib">NULL</column>
            <column name="rshb">0</column>
        </table>
        <table name="bank">
            <column name="id">1608</column>
            <column name="twitid">494496226855760000</column>
            <column name="date">1406732062</column>
            <column name="name">rumliconsterpga</column>
            <column name="text">http://t.co/0EOluxFQDa сбербанк прислал смс с паролем на кредит</column>
            <column name="sberbank">0</column>
            <column name="vtb">NULL</column>
            <column name="gazprom">NULL</column>
            <column name="alfabank">NULL</column>
            <column name="bankmoskvy">NULL</column>
            <column name="raiffeisen">NULL</column>
            <column name="uralsib">NULL</column>
            <column name="rshb">NULL</column>
        </table>
        <table name="bank">
            <column name="id">1609</column>
            <column name="twitid">494497332709560000</column>
            <column name="date">1406732326</column>
            <column name="name">myalexray</column>
            <column name="text">Ипотека Райффайзенбанка - Ипотека Райффайзенбанка... http://t.co/YuJgsHTtcH</column>
            <column name="sberbank">NULL</column>
            <column name="vtb">NULL</column>
            <column name="gazprom">NULL</column>
            <column name="alfabank">NULL</column>
            <column name="bankmoskvy">NULL</column>
            <column name="raiffeisen">0</column>
            <column name="uralsib">NULL</column>
            <column name="rshb">NULL</column>
        </table>
        <table name="bank">
            <column name="id">1610</column>
            <column name="twitid">494497467501920000</column>
            <column name="date">1406732358</column>
            <column name="name">teiaSteinl</column>
            <column name="text">http://t.co/QOwJcyuY6I Райффайзенбанк оформить кредит наличными</column>
            <column name="sberbank">NULL</column>
            <column name="vtb">NULL</column>
            <column name="gazprom">NULL</column>
            <column name="alfabank">NULL</column>
            <column name="bankmoskvy">NULL</column>
            <column name="raiffeisen">0</column>
            <column name="uralsib">NULL</column>
            <column name="rshb">NULL</column>
        </table>
        <table name="bank">
            <column name="id">1611</column>
            <column name="twitid">494499253260390000</column>
            <column name="date">1406732783</column>
            <column name="name">bunitabl</column>
            <column name="text">http://t.co/pUQocwtOlr Взять кредит в банке втб 24 г магнитогорск</column>
            <column name="sberbank">NULL</column>
            <column name="vtb">0</column>
            <column name="gazprom">NULL</column>
            <column name="alfabank">NULL</column>
            <column name="bankmoskvy">NULL</column>
            <column name="raiffeisen">NULL</column>
            <column name="uralsib">NULL</column>
            <column name="rshb">NULL</column>
        </table>
        <table name="bank">
            <column name="id">1612</column>
            <column name="twitid">494499326648140000</column>
            <column name="date">1406732801</column>
            <column name="name">fixugiwiqys</column>
            <column name="text">Кредиты на неотложные нужды сбербанк http://t.co/DGwTGm6lJ5</column>
            <column name="sberbank">0</column>
            <column name="vtb">NULL</column>
            <column name="gazprom">NULL</column>
            <column name="alfabank">NULL</column>
            <column name="bankmoskvy">NULL</column>
            <column name="raiffeisen">NULL</column>
            <column name="uralsib">NULL</column>
            <column name="rshb">NULL</column>
        </table>
        <table name="bank">
            <column name="id">1613</column>
            <column name="twitid">494500199981530000</column>
            <column name="date">1406733009</column>
            <column name="name">SR1131</column>
            <column name="text">#новости Новости Украины 30 июля 2014 года: США ввели санкции против ВТБ, «Банка Москвы» и Россельхозбанка: Но... http://t.co/JVODSklIWe</column>
            <column name="sberbank">NULL</column>
            <column name="vtb">-1</column>
            <column name="gazprom">NULL</column>
            <column name="alfabank">NULL</column>
            <column name="bankmoskvy">-1</column>
            <column name="raiffeisen">NULL</column>
            <column name="uralsib">NULL</column>
            <column name="rshb">-1</column>
        </table>
        <table name="bank">
            <column name="id">1614</column>
            <column name="twitid">494500327488380000</column>
            <column name="date">1406733040</column>
            <column name="name">iVyacheslav</column>
            <column name="text">#seo Новости Украины 30 июля 2014 года: США ввели санкции против ВТБ, «Банка Москвы» и Россельхозбанка http://t.co/MMDGFZhWue</column>
            <column name="sberbank">NULL</column>
            <column name="vtb">-1</column>
            <column name="gazprom">NULL</column>
            <column name="alfabank">NULL</column>
            <column name="bankmoskvy">-1</column>
            <column name="raiffeisen">NULL</column>
            <column name="uralsib">NULL</column>
            <column name="rshb">-1</column>
        </table>
        <table name="bank">
            <column name="id">1615</column>
            <column name="twitid">494500330625700000</column>
            <column name="date">1406733040</column>
            <column name="name">ZolotarevMihai1</column>
            <column name="text">#Запорожье Новости Украины 30 июля 2014 года: США ввели санкции против ВТБ, «Банка Москвы» и Россельхозбанка: ... http://t.co/syafJEZ6Gc</column>
            <column name="sberbank">NULL</column>
            <column name="vtb">-1</column>
            <column name="gazprom">NULL</column>
            <column name="alfabank">NULL</column>
            <column name="bankmoskvy">-1</column>
            <column name="raiffeisen">NULL</column>
            <column name="uralsib">NULL</column>
            <column name="rshb">-1</column>
        </table>
        <table name="bank">
            <column name="id">1616</column>
            <column name="twitid">494501057943580000</column>
            <column name="date">1406733214</column>
            <column name="name">terfmortrearate</column>
            <column name="text">http://t.co/7br1JnlbGj центр автокредитования втб 24 лиговский 114</column>
            <column name="sberbank">NULL</column>
            <column name="vtb">0</column>
            <column name="gazprom">NULL</column>
            <column name="alfabank">NULL</column>
            <column name="bankmoskvy">NULL</column>
            <column name="raiffeisen">NULL</column>
            <column name="uralsib">NULL</column>
            <column name="rshb">NULL</column>
        </table>
        <table name="bank">
            <column name="id">1617</column>
            <column name="twitid">494501742210740000</column>
            <column name="date">1406733377</column>
            <column name="name">duremarik</column>
            <column name="text">Похоже США выбрали почти обанкотившийся банк ВТБ и решили его добить. Более здоровые банки могли бы и выдержать санкции.</column>
            <column name="sberbank">NULL</column>
            <column name="vtb">-1</column>
            <column name="gazprom">NULL</column>
            <column name="alfabank">NULL</column>
            <column name="bankmoskvy">NULL</column>
            <column name="raiffeisen">NULL</column>
            <column name="uralsib">NULL</column>
            <column name="rshb">NULL</column>
        </table>
        <table name="bank">
            <column name="id">1618</column>
            <column name="twitid">494502318604170000</column>
            <column name="date">1406733514</column>
            <column name="name">GoodWinRu</column>
            <column name="text">Банк Москвы и ВТБ консолидируют 100% &quot;Галс-Девелопмент&quot; http://t.co/IbZB2VJ52e] #RT #follow #followback #ru_ff #новости</column>
            <column name="sberbank">NULL</column>
            <column name="vtb">0</column>
            <column name="gazprom">NULL</column>
            <column name="alfabank">NULL</column>
            <column name="bankmoskvy">0</column>
            <column name="raiffeisen">NULL</column>
            <column name="uralsib">NULL</column>
            <column name="rshb">NULL</column>
        </table>
        <table name="bank">
            <column name="id">1619</column>
            <column name="twitid">494503046479900000</column>
            <column name="date">1406733688</column>
            <column name="name">VGagarina54</column>
            <column name="text">Банк Москвы не видит угрозы в санкциях со стороны США</column>
            <column name="sberbank">NULL</column>
            <column name="vtb">NULL</column>
            <column name="gazprom">NULL</column>
            <column name="alfabank">NULL</column>
            <column name="bankmoskvy">0</column>
            <column name="raiffeisen">NULL</column>
            <column name="uralsib">NULL</column>
            <column name="rshb">NULL</column>
        </table>
        <table name="bank">
            <column name="id">1620</column>
            <column name="twitid">494503139693710000</column>
            <column name="date">1406733710</column>
            <column name="name">trantegambbahgk</column>
            <column name="text">http://t.co/Pp2TwlV8Oq условия кредитования в россельхозбанке</column>
            <column name="sberbank">NULL</column>
            <column name="vtb">NULL</column>
            <column name="gazprom">NULL</column>
            <column name="alfabank">NULL</column>
            <column name="bankmoskvy">NULL</column>
            <column name="raiffeisen">NULL</column>
            <column name="uralsib">NULL</column>
            <column name="rshb">0</column>
        </table>
        <table name="bank">
            <column name="id">1621</column>
            <column name="twitid">494504731096940000</column>
            <column name="date">1406734090</column>
            <column name="name">Alekseevnagrata</column>
            <column name="text">RT @VRebyata: Похоже завтра Сбербанк и ВТБ присоединяется к национальной неоплатной системе</column>
            <column name="sberbank">-1</column>
            <column name="vtb">-1</column>
            <column name="gazprom">NULL</column>
            <column name="alfabank">NULL</column>
            <column name="bankmoskvy">NULL</column>
            <column name="raiffeisen">NULL</column>
            <column name="uralsib">NULL</column>
            <column name="rshb">NULL</column>
        </table>
        <table name="bank">
            <column name="id">1622</column>
            <column name="twitid">494506702952090000</column>
            <column name="date">1406734560</column>
            <column name="name">ocxhdockp</column>
            <column name="text">Заявка на кредитку онлайн альфа банк http://t.co/6pJywmO4sp</column>
            <column name="sberbank">NULL</column>
            <column name="vtb">NULL</column>
            <column name="gazprom">NULL</column>
            <column name="alfabank">0</column>
            <column name="bankmoskvy">NULL</column>
            <column name="raiffeisen">NULL</column>
            <column name="uralsib">NULL</column>
            <column name="rshb">NULL</column>
        </table>
        <table name="bank">
            <column name="id">1623</column>
            <column name="twitid">494506748624250000</column>
            <column name="date">1406734571</column>
            <column name="name">NozzyNostrill</column>
            <column name="text">А Сбер за поддержку ВСУ следовало бы мал-мал прищучить http://t.co/wrdKkI8hkf</column>
            <column name="sberbank">-1</column>
            <column name="vtb">NULL</column>
            <column name="gazprom">NULL</column>
            <column name="alfabank">NULL</column>
            <column name="bankmoskvy">NULL</column>
            <column name="raiffeisen">NULL</column>
            <column name="uralsib">NULL</column>
            <column name="rshb">NULL</column>
        </table>
        <table name="bank">
            <column name="id">1624</column>
            <column name="twitid">494506882120570000</column>
            <column name="date">1406734602</column>
            <column name="name">jagetaquz</column>
            <column name="text">Автокредит в зао газпромбанк г липецк http://t.co/13xquCpHrg</column>
            <column name="sberbank">NULL</column>
            <column name="vtb">NULL</column>
            <column name="gazprom">0</column>
            <column name="alfabank">NULL</column>
            <column name="bankmoskvy">NULL</column>
            <column name="raiffeisen">NULL</column>
            <column name="uralsib">NULL</column>
            <column name="rshb">NULL</column>
        </table>
        <table name="bank">
            <column name="id">1625</column>
            <column name="twitid">494506884251280000</column>
            <column name="date">1406734603</column>
            <column name="name">anti_maydan</column>
            <column name="text">ЦБ РФ поддержит попавшие под санкции ВТБ, РСХБ и Банк Москвы
https://t.co/ogwZqBVoON</column>
            <column name="sberbank">NULL</column>
            <column name="vtb">0</column>
            <column name="gazprom">NULL</column>
            <column name="alfabank">NULL</column>
            <column name="bankmoskvy">0</column>
            <column name="raiffeisen">NULL</column>
            <column name="uralsib">NULL</column>
            <column name="rshb">0</column>
        </table>
        <table name="bank">
            <column name="id">1626</column>
            <column name="twitid">494507306085000000</column>
            <column name="date">1406734703</column>
            <column name="name">wogixelkas</column>
            <column name="text">http://t.co/Jx1aSC1H2R Взять кредит в россельхозбанке г ртищево</column>
            <column name="sberbank">NULL</column>
            <column name="vtb">NULL</column>
            <column name="gazprom">NULL</column>
            <column name="alfabank">NULL</column>
            <column name="bankmoskvy">NULL</column>
            <column name="raiffeisen">NULL</column>
            <column name="uralsib">NULL</column>
            <column name="rshb">0</column>
        </table>
        <table name="bank">
            <column name="id">1627</column>
            <column name="twitid">494509139004260000</column>
            <column name="date">1406735140</column>
            <column name="name">xyjmashy</column>
            <column name="text">http://t.co/mN3OdbcHzt Россельхозбанк взять кредит наличными</column>
            <column name="sberbank">NULL</column>
            <column name="vtb">NULL</column>
            <column name="gazprom">NULL</column>
            <column name="alfabank">NULL</column>
            <column name="bankmoskvy">NULL</column>
            <column name="raiffeisen">NULL</column>
            <column name="uralsib">NULL</column>
            <column name="rshb">0</column>
        </table>
        <table name="bank">
            <column name="id">1628</column>
            <column name="twitid">494510930429240000</column>
            <column name="date">1406735568</column>
            <column name="name">alexk5555</column>
            <column name="text">@i_yanus @sberbank а что за банкХ? интересуют райффайзен, альфа, втб24, юникредит. Они конечно все Хэ, но вот конкретики хочется.</column>
            <column name="sberbank">0</column>
            <column name="vtb">-1</column>
            <column name="gazprom">NULL</column>
            <column name="alfabank">-1</column>
            <column name="bankmoskvy">NULL</column>
            <column name="raiffeisen">-1</column>
            <column name="uralsib">NULL</column>
            <column name="rshb">NULL</column>
        </table>
        <table name="bank">
            <column name="id">1629</column>
            <column name="twitid">494510976897520000</column>
            <column name="date">1406735579</column>
            <column name="name">prtimeru</column>
            <column name="text">Россельхозбанк направил на реализацию Госпрограмм развития АПК 2,5 трлн рублей / http://t.co/jt4Xz7rmS3</column>
            <column name="sberbank">NULL</column>
            <column name="vtb">NULL</column>
            <column name="gazprom">NULL</column>
            <column name="alfabank">NULL</column>
            <column name="bankmoskvy">NULL</column>
            <column name="raiffeisen">NULL</column>
            <column name="uralsib">NULL</column>
            <column name="rshb">1</column>
        </table>
        <table name="bank">
            <column name="id">1630</column>
            <column name="twitid">494512175596460000</column>
            <column name="date">1406735864</column>
            <column name="name">NEWS_in_RUS</column>
            <column name="text">США ввели санкции против Банка Москвы, ВТБ и Россельхозбанка #новости</column>
            <column name="sberbank">NULL</column>
            <column name="vtb">-1</column>
            <column name="gazprom">NULL</column>
            <column name="alfabank">NULL</column>
            <column name="bankmoskvy">-1</column>
            <column name="raiffeisen">NULL</column>
            <column name="uralsib">NULL</column>
            <column name="rshb">-1</column>
        </table>
        <table name="bank">
            <column name="id">1631</column>
            <column name="twitid">494513297572790000</column>
            <column name="date">1406736132</column>
            <column name="name">ormapuslen1981</column>
            <column name="text">Объем кредитов, выданных Россельхозбанком в рамках реализации Государственных программ развития сельского хозяйства и регулирования рынков</column>
            <column name="sberbank">NULL</column>
            <column name="vtb">NULL</column>
            <column name="gazprom">NULL</column>
            <column name="alfabank">NULL</column>
            <column name="bankmoskvy">NULL</column>
            <column name="raiffeisen">NULL</column>
            <column name="uralsib">NULL</column>
            <column name="rshb">0</column>
        </table>
        <table name="bank">
            <column name="id">1632</column>
            <column name="twitid">494513388593360000</column>
            <column name="date">1406736154</column>
            <column name="name">Sotnikovmarutio</column>
            <column name="text">RT @AKarpova34: Сбербанк и ВТБ могут попасть в санкционный список ЕС</column>
            <column name="sberbank">-1</column>
            <column name="vtb">-1</column>
            <column name="gazprom">NULL</column>
            <column name="alfabank">NULL</column>
            <column name="bankmoskvy">NULL</column>
            <column name="raiffeisen">NULL</column>
            <column name="uralsib">NULL</column>
            <column name="rshb">NULL</column>
        </table>
        <table name="bank">
            <column name="id">1633</column>
            <column name="twitid">494517125113860000</column>
            <column name="date">1406737044</column>
            <column name="name">ulgegidownto</column>
            <column name="text">http://t.co/5ttxdfHv7z втб 24 потребительский кредит условия</column>
            <column name="sberbank">NULL</column>
            <column name="vtb">0</column>
            <column name="gazprom">NULL</column>
            <column name="alfabank">NULL</column>
            <column name="bankmoskvy">NULL</column>
            <column name="raiffeisen">NULL</column>
            <column name="uralsib">NULL</column>
            <column name="rshb">NULL</column>
        </table>
        <table name="bank">
            <column name="id">1634</column>
            <column name="twitid">494517316357740000</column>
            <column name="date">1406737090</column>
            <column name="name">EPronina58</column>
            <column name="text">США ужесточили санкции против России. В «черный список» попали ВТБ, Банк Москвы и Россельхозбанк. Как это скажется на российской экономике</column>
            <column name="sberbank">NULL</column>
            <column name="vtb">-1</column>
            <column name="gazprom">NULL</column>
            <column name="alfabank">NULL</column>
            <column name="bankmoskvy">-1</column>
            <column name="raiffeisen">NULL</column>
            <column name="uralsib">NULL</column>
            <column name="rshb">-1</column>
        </table>
        <table name="bank">
            <column name="id">1635</column>
            <column name="twitid">494517937739680000</column>
            <column name="date">1406737238</column>
            <column name="name">evTwifor</column>
            <column name="text">http://t.co/E6sYSUxtJp Оформить заявку на кредит в сбер банке</column>
            <column name="sberbank">0</column>
            <column name="vtb">NULL</column>
            <column name="gazprom">NULL</column>
            <column name="alfabank">NULL</column>
            <column name="bankmoskvy">NULL</column>
            <column name="raiffeisen">NULL</column>
            <column name="uralsib">NULL</column>
            <column name="rshb">NULL</column>
        </table>
        <table name="bank">
            <column name="id">1636</column>
            <column name="twitid">494518428062220000</column>
            <column name="date">1406737355</column>
            <column name="name">vturkazann</column>
            <column name="text">Сайт втб 24 кредиты омск http://t.co/b3IiuV3999</column>
            <column name="sberbank">NULL</column>
            <column name="vtb">0</column>
            <column name="gazprom">NULL</column>
            <column name="alfabank">NULL</column>
            <column name="bankmoskvy">NULL</column>
            <column name="raiffeisen">NULL</column>
            <column name="uralsib">NULL</column>
            <column name="rshb">NULL</column>
        </table>
        <table name="bank">
            <column name="id">1637</column>
            <column name="twitid">494519072617680000</column>
            <column name="date">1406737509</column>
            <column name="name">DUshakova23</column>
            <column name="text">ОАО «Банк Москвы», попавшее 29 июля в санкционный список Минфина США, заявило, что фондирование за счет внешних заимствований несущественно</column>
            <column name="sberbank">NULL</column>
            <column name="vtb">NULL</column>
            <column name="gazprom">NULL</column>
            <column name="alfabank">NULL</column>
            <column name="bankmoskvy">0</column>
            <column name="raiffeisen">NULL</column>
            <column name="uralsib">NULL</column>
            <column name="rshb">NULL</column>
        </table>
        <table name="bank">
            <column name="id">1638</column>
            <column name="twitid">494519073858800000</column>
            <column name="date">1406737509</column>
            <column name="name">cehtrowim</column>
            <column name="text">http://t.co/md9G5XgueE Как оформить кредит в россельхозбанк</column>
            <column name="sberbank">NULL</column>
            <column name="vtb">NULL</column>
            <column name="gazprom">NULL</column>
            <column name="alfabank">NULL</column>
            <column name="bankmoskvy">NULL</column>
            <column name="raiffeisen">NULL</column>
            <column name="uralsib">NULL</column>
            <column name="rshb">0</column>
        </table>
        <table name="bank">
            <column name="id">1639</column>
            <column name="twitid">494519867463450000</column>
            <column name="date">1406737698</column>
            <column name="name">wemetfoffi</column>
            <column name="text">http://t.co/kyzBIctZWz Можно ли взять кредит в уралсиб банке в ус</column>
            <column name="sberbank">NULL</column>
            <column name="vtb">NULL</column>
            <column name="gazprom">NULL</column>
            <column name="alfabank">NULL</column>
            <column name="bankmoskvy">NULL</column>
            <column name="raiffeisen">NULL</column>
            <column name="uralsib">0</column>
            <column name="rshb">NULL</column>
        </table>
        <table name="bank">
            <column name="id">1640</column>
            <column name="twitid">494524463355290000</column>
            <column name="date">1406738794</column>
            <column name="name">stodolya</column>
            <column name="text">RT @duremarik: Утечка что якобы Сбербанк был в списке санкций, но его потом не включили - гениальна. Хрен 2 ему дадут кредиты на Западе, да…</column>
            <column name="sberbank">-1</column>
            <column name="vtb">NULL</column>
            <column name="gazprom">NULL</column>
            <column name="alfabank">NULL</column>
            <column name="bankmoskvy">NULL</column>
            <column name="raiffeisen">NULL</column>
            <column name="uralsib">NULL</column>
            <column name="rshb">NULL</column>
        </table>
        <table name="bank">
            <column name="id">1641</column>
            <column name="twitid">494524977270760000</column>
            <column name="date">1406738917</column>
            <column name="name">pamyqawyvyp</column>
            <column name="text">Банк уралсиб кредит для своих 15 процентов http://t.co/odbeDRTrrf</column>
            <column name="sberbank">NULL</column>
            <column name="vtb">NULL</column>
            <column name="gazprom">NULL</column>
            <column name="alfabank">NULL</column>
            <column name="bankmoskvy">NULL</column>
            <column name="raiffeisen">NULL</column>
            <column name="uralsib">0</column>
            <column name="rshb">NULL</column>
        </table>
        <table name="bank">
            <column name="id">1642</column>
            <column name="twitid">494525022870840000</column>
            <column name="date">1406738927</column>
            <column name="name">cuydeywe</column>
            <column name="text">#Crimea Украинский банк собирает долги автомобилями Lamborghini: «Райффайзен Банк Аваль» заберет у украинского импортера люксовых авт...</column>
            <column name="sberbank">NULL</column>
            <column name="vtb">NULL</column>
            <column name="gazprom">NULL</column>
            <column name="alfabank">NULL</column>
            <column name="bankmoskvy">NULL</column>
            <column name="raiffeisen">0</column>
            <column name="uralsib">NULL</column>
            <column name="rshb">NULL</column>
        </table>
        <table name="bank">
            <column name="id">1643</column>
            <column name="twitid">494525932917380000</column>
            <column name="date">1406739144</column>
            <column name="name">MonicaHayes18</column>
            <column name="text">От санкций Америки Банк Москвы не пострадает</column>
            <column name="sberbank">NULL</column>
            <column name="vtb">NULL</column>
            <column name="gazprom">NULL</column>
            <column name="alfabank">NULL</column>
            <column name="bankmoskvy">0</column>
            <column name="raiffeisen">NULL</column>
            <column name="uralsib">NULL</column>
            <column name="rshb">NULL</column>
        </table>
        <table name="bank">
            <column name="id">1644</column>
            <column name="twitid">494526133803970000</column>
            <column name="date">1406739192</column>
            <column name="name">verrediclo1988</column>
            <column name="text">Директор филиала Россельхозбанка приговорен к условному сроку</column>
            <column name="sberbank">NULL</column>
            <column name="vtb">NULL</column>
            <column name="gazprom">NULL</column>
            <column name="alfabank">NULL</column>
            <column name="bankmoskvy">NULL</column>
            <column name="raiffeisen">NULL</column>
            <column name="uralsib">NULL</column>
            <column name="rshb">-1</column>
        </table>
        <table name="bank">
            <column name="id">1645</column>
            <column name="twitid">494526897142140000</column>
            <column name="date">1406739374</column>
            <column name="name">randifavvmarsto</column>
            <column name="text">Кредит в россельхозбанке молодым специалистам в сельской местности http://t.co/OPr5VVMUb3</column>
            <column name="sberbank">NULL</column>
            <column name="vtb">NULL</column>
            <column name="gazprom">NULL</column>
            <column name="alfabank">NULL</column>
            <column name="bankmoskvy">NULL</column>
            <column name="raiffeisen">NULL</column>
            <column name="uralsib">NULL</column>
            <column name="rshb">0</column>
        </table>
        <table name="bank">
            <column name="id">1646</column>
            <column name="twitid">494527755745110000</column>
            <column name="date">1406739579</column>
            <column name="name">esnicisukid</column>
            <column name="text">http://t.co/e8xGnWKsH2 банк втб кредиты украина</column>
            <column name="sberbank">NULL</column>
            <column name="vtb">0</column>
            <column name="gazprom">NULL</column>
            <column name="alfabank">NULL</column>
            <column name="bankmoskvy">NULL</column>
            <column name="raiffeisen">NULL</column>
            <column name="uralsib">NULL</column>
            <column name="rshb">NULL</column>
        </table>
        <table name="bank">
            <column name="id">1647</column>
            <column name="twitid">494527805489570000</column>
            <column name="date">1406739591</column>
            <column name="name">odgrassL</column>
            <column name="text">http://t.co/QSciYggprL банк втб кредиты украина</column>
            <column name="sberbank">NULL</column>
            <column name="vtb">0</column>
            <column name="gazprom">NULL</column>
            <column name="alfabank">NULL</column>
            <column name="bankmoskvy">NULL</column>
            <column name="raiffeisen">NULL</column>
            <column name="uralsib">NULL</column>
            <column name="rshb">NULL</column>
        </table>
        <table name="bank">
            <column name="id">1648</column>
            <column name="twitid">494527993122140000</column>
            <column name="date">1406739636</column>
            <column name="name">KitiHo</column>
            <column name="text">райфайзен банк оформить кредитную карту http://t.co/hVaNryVOdg</column>
            <column name="sberbank">NULL</column>
            <column name="vtb">NULL</column>
            <column name="gazprom">NULL</column>
            <column name="alfabank">NULL</column>
            <column name="bankmoskvy">NULL</column>
            <column name="raiffeisen">0</column>
            <column name="uralsib">NULL</column>
            <column name="rshb">NULL</column>
        </table>
        <table name="bank">
            <column name="id">1649</column>
            <column name="twitid">494528281773760000</column>
            <column name="date">1406739704</column>
            <column name="name">niscastketkeipo</column>
            <column name="text">http://t.co/WV2WDbiSvK кредиты сбербанк ижевск</column>
            <column name="sberbank">0</column>
            <column name="vtb">NULL</column>
            <column name="gazprom">NULL</column>
            <column name="alfabank">NULL</column>
            <column name="bankmoskvy">NULL</column>
            <column name="raiffeisen">NULL</column>
            <column name="uralsib">NULL</column>
            <column name="rshb">NULL</column>
        </table>
        <table name="bank">
            <column name="id">1650</column>
            <column name="twitid">494528746863730000</column>
            <column name="date">1406739815</column>
            <column name="name">tyvnoalys</column>
            <column name="text">http://t.co/BQk0Dwfi5Q Сбербанк кредит как получить</column>
            <column name="sberbank">0</column>
            <column name="vtb">NULL</column>
            <column name="gazprom">NULL</column>
            <column name="alfabank">NULL</column>
            <column name="bankmoskvy">NULL</column>
            <column name="raiffeisen">NULL</column>
            <column name="uralsib">NULL</column>
            <column name="rshb">NULL</column>
        </table>
        <table name="bank">
            <column name="id">1651</column>
            <column name="twitid">494528978724850000</column>
            <column name="date">1406739871</column>
            <column name="name">qacifumuzu</column>
            <column name="text">Система кредитования россельхозбанка 2014 год республика дагестан http://t.co/5pnnxNwpKo</column>
            <column name="sberbank">NULL</column>
            <column name="vtb">NULL</column>
            <column name="gazprom">NULL</column>
            <column name="alfabank">NULL</column>
            <column name="bankmoskvy">NULL</column>
            <column name="raiffeisen">NULL</column>
            <column name="uralsib">NULL</column>
            <column name="rshb">0</column>
        </table>
        <table name="bank">
            <column name="id">1652</column>
            <column name="twitid">494529700401020000</column>
            <column name="date">1406740043</column>
            <column name="name">rraAntonio</column>
            <column name="text">http://t.co/H1oa9kjKih Как взять кредит в райффайзен банке на не</column>
            <column name="sberbank">NULL</column>
            <column name="vtb">NULL</column>
            <column name="gazprom">NULL</column>
            <column name="alfabank">NULL</column>
            <column name="bankmoskvy">NULL</column>
            <column name="raiffeisen">0</column>
            <column name="uralsib">NULL</column>
            <column name="rshb">NULL</column>
        </table>
        <table name="bank">
            <column name="id">1653</column>
            <column name="twitid">494530749782330000</column>
            <column name="date">1406740293</column>
            <column name="name">tyvnoalys</column>
            <column name="text">http://t.co/W9UIyg2xZa Как взять кредит в россельхозбанке в ингушетии</column>
            <column name="sberbank">NULL</column>
            <column name="vtb">NULL</column>
            <column name="gazprom">NULL</column>
            <column name="alfabank">NULL</column>
            <column name="bankmoskvy">NULL</column>
            <column name="raiffeisen">NULL</column>
            <column name="uralsib">NULL</column>
            <column name="rshb">0</column>
        </table>
        <table name="bank">
            <column name="id">1654</column>
            <column name="twitid">494531301538410000</column>
            <column name="date">1406740424</column>
            <column name="name">senthalHu</column>
            <column name="text">http://t.co/CCE0vCAVA2 кредиты в банке россельхозбанке</column>
            <column name="sberbank">NULL</column>
            <column name="vtb">NULL</column>
            <column name="gazprom">NULL</column>
            <column name="alfabank">NULL</column>
            <column name="bankmoskvy">NULL</column>
            <column name="raiffeisen">NULL</column>
            <column name="uralsib">NULL</column>
            <column name="rshb">0</column>
        </table>
        <table name="bank">
            <column name="id">1655</column>
            <column name="twitid">494531393196920000</column>
            <column name="date">1406740446</column>
            <column name="name">ossomala76</column>
            <column name="text">Оставить заявку на кредит в райффайзенбанк http://t.co/lxfnho9Ios</column>
            <column name="sberbank">NULL</column>
            <column name="vtb">NULL</column>
            <column name="gazprom">NULL</column>
            <column name="alfabank">NULL</column>
            <column name="bankmoskvy">NULL</column>
            <column name="raiffeisen">0</column>
            <column name="uralsib">NULL</column>
            <column name="rshb">NULL</column>
        </table>
        <table name="bank">
            <column name="id">1656</column>
            <column name="twitid">494533194616950000</column>
            <column name="date">1406740876</column>
            <column name="name">ATishenko36</column>
            <column name="text">Международные платежные системы не будут блокировать карты ВТБ, Банка Москвы и Россельхозбанка.</column>
            <column name="sberbank">NULL</column>
            <column name="vtb">0</column>
            <column name="gazprom">NULL</column>
            <column name="alfabank">NULL</column>
            <column name="bankmoskvy">0</column>
            <column name="raiffeisen">NULL</column>
            <column name="uralsib">NULL</column>
            <column name="rshb">0</column>
        </table>
        <table name="bank">
            <column name="id">1657</column>
            <column name="twitid">494534519090060000</column>
            <column name="date">1406741192</column>
            <column name="name">bunitabl</column>
            <column name="text">http://t.co/JZm9vVYrYb Оформить онлайн заявку на кредитную карту райффайзен</column>
            <column name="sberbank">NULL</column>
            <column name="vtb">NULL</column>
            <column name="gazprom">NULL</column>
            <column name="alfabank">NULL</column>
            <column name="bankmoskvy">NULL</column>
            <column name="raiffeisen">0</column>
            <column name="uralsib">NULL</column>
            <column name="rshb">NULL</column>
        </table>
        <table name="bank">
            <column name="id">1658</column>
            <column name="twitid">494535298949190000</column>
            <column name="date">1406741377</column>
            <column name="name">senthalHu</column>
            <column name="text">http://t.co/9ZswZfvDeC кредит в райффайзенбанке</column>
            <column name="sberbank">NULL</column>
            <column name="vtb">NULL</column>
            <column name="gazprom">NULL</column>
            <column name="alfabank">NULL</column>
            <column name="bankmoskvy">NULL</column>
            <column name="raiffeisen">0</column>
            <column name="uralsib">NULL</column>
            <column name="rshb">NULL</column>
        </table>
        <table name="bank">
            <column name="id">1659</column>
            <column name="twitid">494535383984510000</column>
            <column name="date">1406741398</column>
            <column name="name">pnolevomp</column>
            <column name="text">http://t.co/K9ErHsIw26 кредит сбербанк оплата</column>
            <column name="sberbank">0</column>
            <column name="vtb">NULL</column>
            <column name="gazprom">NULL</column>
            <column name="alfabank">NULL</column>
            <column name="bankmoskvy">NULL</column>
            <column name="raiffeisen">NULL</column>
            <column name="uralsib">NULL</column>
            <column name="rshb">NULL</column>
        </table>
        <table name="bank">
            <column name="id">1660</column>
            <column name="twitid">494535478184800000</column>
            <column name="date">1406741420</column>
            <column name="name">yldisgood</column>
            <column name="text">Потребительский кредит альфабанк отзывы http://t.co/IiaNnSVDeD</column>
            <column name="sberbank">NULL</column>
            <column name="vtb">NULL</column>
            <column name="gazprom">NULL</column>
            <column name="alfabank">0</column>
            <column name="bankmoskvy">NULL</column>
            <column name="raiffeisen">NULL</column>
            <column name="uralsib">NULL</column>
            <column name="rshb">NULL</column>
        </table>
        <table name="bank">
            <column name="id">1661</column>
            <column name="twitid">494536234556190000</column>
            <column name="date">1406741601</column>
            <column name="name">LKrasnova45</column>
            <column name="text">Как говорится в пресс-релизе агентства, это связано с понижением суверенного рейтинга России. 

Понижен рейтинг, среди прочих, Райффайзен</column>
            <column name="sberbank">NULL</column>
            <column name="vtb">NULL</column>
            <column name="gazprom">NULL</column>
            <column name="alfabank">NULL</column>
            <column name="bankmoskvy">NULL</column>
            <column name="raiffeisen">-1</column>
            <column name="uralsib">NULL</column>
            <column name="rshb">NULL</column>
        </table>
        <table name="bank">
            <column name="id">1662</column>
            <column name="twitid">494537089510540000</column>
            <column name="date">1406741804</column>
            <column name="name">synthiaotvdsilv</column>
            <column name="text">Кредиты банк москвы инвестлеспром http://t.co/kPkSrII2Fx</column>
            <column name="sberbank">NULL</column>
            <column name="vtb">NULL</column>
            <column name="gazprom">NULL</column>
            <column name="alfabank">NULL</column>
            <column name="bankmoskvy">0</column>
            <column name="raiffeisen">NULL</column>
            <column name="uralsib">NULL</column>
            <column name="rshb">NULL</column>
        </table>
        <table name="bank">
            <column name="id">1663</column>
            <column name="twitid">494537433112120000</column>
            <column name="date">1406741886</column>
            <column name="name">yraqosho</column>
            <column name="text">http://t.co/PvIaEXlqRI Можно ли с зарплатой 5200 взять кредит в сбер банке</column>
            <column name="sberbank">0</column>
            <column name="vtb">NULL</column>
            <column name="gazprom">NULL</column>
            <column name="alfabank">NULL</column>
            <column name="bankmoskvy">NULL</column>
            <column name="raiffeisen">NULL</column>
            <column name="uralsib">NULL</column>
            <column name="rshb">NULL</column>
        </table>
        <table name="bank">
            <column name="id">1664</column>
            <column name="twitid">494537532328380000</column>
            <column name="date">1406741910</column>
            <column name="name">Pavlovaitexevin</column>
            <column name="text">Из Райффайзен Банка Аваль в Луганске похищено 9,5 млн грн</column>
            <column name="sberbank">NULL</column>
            <column name="vtb">NULL</column>
            <column name="gazprom">NULL</column>
            <column name="alfabank">NULL</column>
            <column name="bankmoskvy">NULL</column>
            <column name="raiffeisen">-1</column>
            <column name="uralsib">NULL</column>
            <column name="rshb">NULL</column>
        </table>
        <table name="bank">
            <column name="id">1665</column>
            <column name="twitid">494537587240210000</column>
            <column name="date">1406741923</column>
            <column name="name">VTyurin14</column>
            <column name="text">Санкции против Банка Москвы, ВТБ и Россельхозбанка не коснулись транзакций</column>
            <column name="sberbank">NULL</column>
            <column name="vtb">0</column>
            <column name="gazprom">NULL</column>
            <column name="alfabank">NULL</column>
            <column name="bankmoskvy">0</column>
            <column name="raiffeisen">NULL</column>
            <column name="uralsib">NULL</column>
            <column name="rshb">0</column>
        </table>
        <table name="bank">
            <column name="id">1666</column>
            <column name="twitid">494538815454060000</column>
            <column name="date">1406742216</column>
            <column name="name">PBagautdinov32</column>
            <column name="text">Евросоюз может внести в санкционный список Сбербанк и ВТБ</column>
            <column name="sberbank">-1</column>
            <column name="vtb">-1</column>
            <column name="gazprom">NULL</column>
            <column name="alfabank">NULL</column>
            <column name="bankmoskvy">NULL</column>
            <column name="raiffeisen">NULL</column>
            <column name="uralsib">NULL</column>
            <column name="rshb">NULL</column>
        </table>
        <table name="bank">
            <column name="id">1667</column>
            <column name="twitid">494540049355380000</column>
            <column name="date">1406742510</column>
            <column name="name">Popovacongscart</column>
            <column name="text">RT @lviaDwight: Сбербанк и ВТБ могут попасть под санкции ЕС</column>
            <column name="sberbank">-1</column>
            <column name="vtb">-1</column>
            <column name="gazprom">NULL</column>
            <column name="alfabank">NULL</column>
            <column name="bankmoskvy">NULL</column>
            <column name="raiffeisen">NULL</column>
            <column name="uralsib">NULL</column>
            <column name="rshb">NULL</column>
        </table>
        <table name="bank">
            <column name="id">1668</column>
            <column name="twitid">494541410004390000</column>
            <column name="date">1406742834</column>
            <column name="name">PresidentNagual</column>
            <column name="text">Банк Москвы и ВТБ консолидируют 100% &quot;Галс-Девелопмент&quot;.  http://t.co/3ImjggjKfy</column>
            <column name="sberbank">NULL</column>
            <column name="vtb">0</column>
            <column name="gazprom">NULL</column>
            <column name="alfabank">NULL</column>
            <column name="bankmoskvy">0</column>
            <column name="raiffeisen">NULL</column>
            <column name="uralsib">NULL</column>
            <column name="rshb">NULL</column>
        </table>
        <table name="bank">
            <column name="id">1669</column>
            <column name="twitid">494541587654120000</column>
            <column name="date">1406742877</column>
            <column name="name">zotfambo</column>
            <column name="text">http://t.co/J4XLxww7bu Где оформить онлаен кредит альфа банк</column>
            <column name="sberbank">NULL</column>
            <column name="vtb">NULL</column>
            <column name="gazprom">NULL</column>
            <column name="alfabank">0</column>
            <column name="bankmoskvy">NULL</column>
            <column name="raiffeisen">NULL</column>
            <column name="uralsib">NULL</column>
            <column name="rshb">NULL</column>
        </table>
        <table name="bank">
            <column name="id">1670</column>
            <column name="twitid">494541995138740000</column>
            <column name="date">1406742974</column>
            <column name="name">acdenisgeta</column>
            <column name="text">http://t.co/nGzcnhLQbS россельхозбанк кредиты на строительство дома</column>
            <column name="sberbank">NULL</column>
            <column name="vtb">NULL</column>
            <column name="gazprom">NULL</column>
            <column name="alfabank">NULL</column>
            <column name="bankmoskvy">NULL</column>
            <column name="raiffeisen">NULL</column>
            <column name="uralsib">NULL</column>
            <column name="rshb">0</column>
        </table>
        <table name="bank">
            <column name="id">1671</column>
            <column name="twitid">494542041238750000</column>
            <column name="date">1406742985</column>
            <column name="name">rincedsx</column>
            <column name="text">Как оформить кредитные каникулы в альфа банке http://t.co/OBeQJpn5vK</column>
            <column name="sberbank">NULL</column>
            <column name="vtb">NULL</column>
            <column name="gazprom">NULL</column>
            <column name="alfabank">0</column>
            <column name="bankmoskvy">NULL</column>
            <column name="raiffeisen">NULL</column>
            <column name="uralsib">NULL</column>
            <column name="rshb">NULL</column>
        </table>
        <table name="bank">
            <column name="id">1672</column>
            <column name="twitid">494543967686770000</column>
            <column name="date">1406743444</column>
            <column name="name">remonacjpjamers</column>
            <column name="text">Кредит сельскому хозяйству сбербанк http://t.co/3yVer1e6Sg</column>
            <column name="sberbank">0</column>
            <column name="vtb">NULL</column>
            <column name="gazprom">NULL</column>
            <column name="alfabank">NULL</column>
            <column name="bankmoskvy">NULL</column>
            <column name="raiffeisen">NULL</column>
            <column name="uralsib">NULL</column>
            <column name="rshb">NULL</column>
        </table>
        <table name="bank">
            <column name="id">1673</column>
            <column name="twitid">494543967850340000</column>
            <column name="date">1406743444</column>
            <column name="name">bunaa3</column>
            <column name="text">Кредит в втб 24 в петропавловске камчатском http://t.co/iKdX77nK1Z</column>
            <column name="sberbank">NULL</column>
            <column name="vtb">0</column>
            <column name="gazprom">NULL</column>
            <column name="alfabank">NULL</column>
            <column name="bankmoskvy">NULL</column>
            <column name="raiffeisen">NULL</column>
            <column name="uralsib">NULL</column>
            <column name="rshb">NULL</column>
        </table>
        <table name="bank">
            <column name="id">1674</column>
            <column name="twitid">494544380439830000</column>
            <column name="date">1406743543</column>
            <column name="name">mmineLuya</column>
            <column name="text">http://t.co/OElShFZkAT Взять кредит карту в альфа банке</column>
            <column name="sberbank">NULL</column>
            <column name="vtb">NULL</column>
            <column name="gazprom">NULL</column>
            <column name="alfabank">0</column>
            <column name="bankmoskvy">NULL</column>
            <column name="raiffeisen">NULL</column>
            <column name="uralsib">NULL</column>
            <column name="rshb">NULL</column>
        </table>
        <table name="bank">
            <column name="id">1675</column>
            <column name="twitid">494544829368770000</column>
            <column name="date">1406743650</column>
            <column name="name">doradoSu</column>
            <column name="text">http://t.co/GfsXGmf95f Оформить кредит онлайн райффайзенбанк</column>
            <column name="sberbank">NULL</column>
            <column name="vtb">NULL</column>
            <column name="gazprom">NULL</column>
            <column name="alfabank">NULL</column>
            <column name="bankmoskvy">NULL</column>
            <column name="raiffeisen">0</column>
            <column name="uralsib">NULL</column>
            <column name="rshb">NULL</column>
        </table>
        <table name="bank">
            <column name="id">1676</column>
            <column name="twitid">494546092613050000</column>
            <column name="date">1406743951</column>
            <column name="name">ymshch</column>
            <column name="text">Умница дочка: Банк ВТБ (Азербайджан): http://t.co/dutDRGHmGH с помощью @YouTube</column>
            <column name="sberbank">NULL</column>
            <column name="vtb">0</column>
            <column name="gazprom">NULL</column>
            <column name="alfabank">NULL</column>
            <column name="bankmoskvy">NULL</column>
            <column name="raiffeisen">NULL</column>
            <column name="uralsib">NULL</column>
            <column name="rshb">NULL</column>
        </table>
        <table name="bank">
            <column name="id">1677</column>
            <column name="twitid">494546493835990000</column>
            <column name="date">1406744047</column>
            <column name="name">AndiCoggin</column>
            <column name="text">http://t.co/ugAJYsxMzG втб 24 воронеж кредиты калькулятор</column>
            <column name="sberbank">NULL</column>
            <column name="vtb">0</column>
            <column name="gazprom">NULL</column>
            <column name="alfabank">NULL</column>
            <column name="bankmoskvy">NULL</column>
            <column name="raiffeisen">NULL</column>
            <column name="uralsib">NULL</column>
            <column name="rshb">NULL</column>
        </table>
        <table name="bank">
            <column name="id">1678</column>
            <column name="twitid">494549527022830000</column>
            <column name="date">1406744770</column>
            <column name="name">cehtrowim</column>
            <column name="text">http://t.co/tMXRHOpZXr С каких лет можно взять кредитную карту альфа банка</column>
            <column name="sberbank">NULL</column>
            <column name="vtb">NULL</column>
            <column name="gazprom">NULL</column>
            <column name="alfabank">0</column>
            <column name="bankmoskvy">NULL</column>
            <column name="raiffeisen">NULL</column>
            <column name="uralsib">NULL</column>
            <column name="rshb">NULL</column>
        </table>
        <table name="bank">
            <column name="id">1679</column>
            <column name="twitid">494549752990540000</column>
            <column name="date">1406744824</column>
            <column name="name">AnickaBabaiko</column>
            <column name="text">Блог им. yuristurm | Газпромбанк и бомжи http://t.co/4Aq9Bzo3No</column>
            <column name="sberbank">NULL</column>
            <column name="vtb">NULL</column>
            <column name="gazprom">0</column>
            <column name="alfabank">NULL</column>
            <column name="bankmoskvy">NULL</column>
            <column name="raiffeisen">NULL</column>
            <column name="uralsib">NULL</column>
            <column name="rshb">NULL</column>
        </table>
        <table name="bank">
            <column name="id">1680</column>
            <column name="twitid">494550477829600000</column>
            <column name="date">1406744996</column>
            <column name="name">antionettenccli</column>
            <column name="text">Как получить кредит в россельхозбанке в дагестане http://t.co/MVFsBVHUmN</column>
            <column name="sberbank">NULL</column>
            <column name="vtb">NULL</column>
            <column name="gazprom">NULL</column>
            <column name="alfabank">NULL</column>
            <column name="bankmoskvy">NULL</column>
            <column name="raiffeisen">NULL</column>
            <column name="uralsib">NULL</column>
            <column name="rshb">0</column>
        </table>
        <table name="bank">
            <column name="id">1681</column>
            <column name="twitid">494550527351720000</column>
            <column name="date">1406745008</column>
            <column name="name">Gavrilyukmuraco</column>
            <column name="text">RT @ELitvinova49: Утверждена Программа развития региональной сети банка до 2020 года.

Обеспечить эффективное присутствие Россельхозбанка в…</column>
            <column name="sberbank">NULL</column>
            <column name="vtb">NULL</column>
            <column name="gazprom">NULL</column>
            <column name="alfabank">NULL</column>
            <column name="bankmoskvy">NULL</column>
            <column name="raiffeisen">NULL</column>
            <column name="uralsib">NULL</column>
            <column name="rshb">1</column>
        </table>
        <table name="bank">
            <column name="id">1682</column>
            <column name="twitid">494550572037460000</column>
            <column name="date">1406745019</column>
            <column name="name">forciritanip</column>
            <column name="text">http://t.co/oe39BqO9yj банк втб 24 кредиты физическим лицам</column>
            <column name="sberbank">NULL</column>
            <column name="vtb">0</column>
            <column name="gazprom">NULL</column>
            <column name="alfabank">NULL</column>
            <column name="bankmoskvy">NULL</column>
            <column name="raiffeisen">NULL</column>
            <column name="uralsib">NULL</column>
            <column name="rshb">NULL</column>
        </table>
        <table name="bank">
            <column name="id">1683</column>
            <column name="twitid">494550848752840000</column>
            <column name="date">1406745085</column>
            <column name="name">cehtrowim</column>
            <column name="text">http://t.co/IRkimRGINo Взять кредит втб 24 наличными</column>
            <column name="sberbank">NULL</column>
            <column name="vtb">0</column>
            <column name="gazprom">NULL</column>
            <column name="alfabank">NULL</column>
            <column name="bankmoskvy">NULL</column>
            <column name="raiffeisen">NULL</column>
            <column name="uralsib">NULL</column>
            <column name="rshb">NULL</column>
        </table>
        <table name="bank">
            <column name="id">1684</column>
            <column name="twitid">494552061904960000</column>
            <column name="date">1406745374</column>
            <column name="name">vobodakudq</column>
            <column name="text">Кредитное предложение от альфа банка http://t.co/Dt16AAAtE3</column>
            <column name="sberbank">NULL</column>
            <column name="vtb">NULL</column>
            <column name="gazprom">NULL</column>
            <column name="alfabank">0</column>
            <column name="bankmoskvy">NULL</column>
            <column name="raiffeisen">NULL</column>
            <column name="uralsib">NULL</column>
            <column name="rshb">NULL</column>
        </table>
        <table name="bank">
            <column name="id">1685</column>
            <column name="twitid">494553650774430000</column>
            <column name="date">1406745753</column>
            <column name="name">ecaiptnqiw</column>
            <column name="text">Россельхозбанк в липецке потреб кредит http://t.co/lBAbTmYnxB</column>
            <column name="sberbank">NULL</column>
            <column name="vtb">NULL</column>
            <column name="gazprom">NULL</column>
            <column name="alfabank">NULL</column>
            <column name="bankmoskvy">NULL</column>
            <column name="raiffeisen">NULL</column>
            <column name="uralsib">NULL</column>
            <column name="rshb">0</column>
        </table>
        <table name="bank">
            <column name="id">1686</column>
            <column name="twitid">494558246854600000</column>
            <column name="date">1406746849</column>
            <column name="name">vimymynyqomo</column>
            <column name="text">RT @KLobanov35: Россельхозбанк заявил, что санкции ЕС и США не повлияют на его работу</column>
            <column name="sberbank">NULL</column>
            <column name="vtb">NULL</column>
            <column name="gazprom">NULL</column>
            <column name="alfabank">NULL</column>
            <column name="bankmoskvy">NULL</column>
            <column name="raiffeisen">NULL</column>
            <column name="uralsib">NULL</column>
            <column name="rshb">0</column>
        </table>
        <table name="bank">
            <column name="id">1687</column>
            <column name="twitid">494558250197840000</column>
            <column name="date">1406746849</column>
            <column name="name">vehizimicoc</column>
            <column name="text">Visa и Mastercard не намерены блокировать карты ВТБ, Банка Москвы и Россельхозбанка</column>
            <column name="sberbank">NULL</column>
            <column name="vtb">0</column>
            <column name="gazprom">NULL</column>
            <column name="alfabank">NULL</column>
            <column name="bankmoskvy">0</column>
            <column name="raiffeisen">NULL</column>
            <column name="uralsib">NULL</column>
            <column name="rshb">0</column>
        </table>
        <table name="bank">
            <column name="id">1688</column>
            <column name="twitid">494558296221560000</column>
            <column name="date">1406746860</column>
            <column name="name">rchetSch</column>
            <column name="text">http://t.co/koQEAWHtBU газпромбанк процент по кредиту</column>
            <column name="sberbank">NULL</column>
            <column name="vtb">NULL</column>
            <column name="gazprom">0</column>
            <column name="alfabank">NULL</column>
            <column name="bankmoskvy">NULL</column>
            <column name="raiffeisen">NULL</column>
            <column name="uralsib">NULL</column>
            <column name="rshb">NULL</column>
        </table>
        <table name="bank">
            <column name="id">1689</column>
            <column name="twitid">494558494662470000</column>
            <column name="date">1406746908</column>
            <column name="name">gibbokiltida</column>
            <column name="text">http://t.co/02yXuM4Bgd кредитование физических лиц в россельхозбанке</column>
            <column name="sberbank">NULL</column>
            <column name="vtb">NULL</column>
            <column name="gazprom">NULL</column>
            <column name="alfabank">NULL</column>
            <column name="bankmoskvy">NULL</column>
            <column name="raiffeisen">NULL</column>
            <column name="uralsib">NULL</column>
            <column name="rshb">0</column>
        </table>
        <table name="bank">
            <column name="id">1690</column>
            <column name="twitid">494559014600980000</column>
            <column name="date">1406747032</column>
            <column name="name">selliKui</column>
            <column name="text">http://t.co/5LJ8qSilCa онлайн заявка на кредит наличными в втб 24 банке</column>
            <column name="sberbank">NULL</column>
            <column name="vtb">0</column>
            <column name="gazprom">NULL</column>
            <column name="alfabank">NULL</column>
            <column name="bankmoskvy">NULL</column>
            <column name="raiffeisen">NULL</column>
            <column name="uralsib">NULL</column>
            <column name="rshb">NULL</column>
        </table>
        <table name="bank">
            <column name="id">1691</column>
            <column name="twitid">494560123432760000</column>
            <column name="date">1406747296</column>
            <column name="name">boqizedag</column>
            <column name="text">Кредитка от альфа банка отзывы http://t.co/UgzInk7yQY</column>
            <column name="sberbank">NULL</column>
            <column name="vtb">NULL</column>
            <column name="gazprom">NULL</column>
            <column name="alfabank">0</column>
            <column name="bankmoskvy">NULL</column>
            <column name="raiffeisen">NULL</column>
            <column name="uralsib">NULL</column>
            <column name="rshb">NULL</column>
        </table>
        <table name="bank">
            <column name="id">1692</column>
            <column name="twitid">494677882820890000</column>
            <column name="date">1406775372</column>
            <column name="name">xufyhyrog</column>
            <column name="text">300 тысяч в кредит альфа банк http://t.co/hoIZMO2cZ0</column>
            <column name="sberbank">NULL</column>
            <column name="vtb">NULL</column>
            <column name="gazprom">NULL</column>
            <column name="alfabank">0</column>
            <column name="bankmoskvy">NULL</column>
            <column name="raiffeisen">NULL</column>
            <column name="uralsib">NULL</column>
            <column name="rshb">NULL</column>
        </table>
        <table name="bank">
            <column name="id">1693</column>
            <column name="twitid">494677929662910000</column>
            <column name="date">1406775383</column>
            <column name="name">kizefiqub</column>
            <column name="text">Ипотечный кредит для многодетных семей в втб 24 http://t.co/XAf36O6QNZ</column>
            <column name="sberbank">NULL</column>
            <column name="vtb">0</column>
            <column name="gazprom">NULL</column>
            <column name="alfabank">NULL</column>
            <column name="bankmoskvy">NULL</column>
            <column name="raiffeisen">NULL</column>
            <column name="uralsib">NULL</column>
            <column name="rshb">NULL</column>
        </table>
        <table name="bank">
            <column name="id">1694</column>
            <column name="twitid">494678381867180000</column>
            <column name="date">1406775491</column>
            <column name="name">roteaDisne</column>
            <column name="text">оплата услуг жкх через интернет сбербанк инструкция http://t.co/AIiwMadxZT #интернет</column>
            <column name="sberbank">0</column>
            <column name="vtb">NULL</column>
            <column name="gazprom">NULL</column>
            <column name="alfabank">NULL</column>
            <column name="bankmoskvy">NULL</column>
            <column name="raiffeisen">NULL</column>
            <column name="uralsib">NULL</column>
            <column name="rshb">NULL</column>
        </table>
        <table name="bank">
            <column name="id">1695</column>
            <column name="twitid">494680023660790000</column>
            <column name="date">1406775883</column>
            <column name="name">vydutihu</column>
            <column name="text">Автокредит втб 24 заявка http://t.co/1LYZqQ2lqL</column>
            <column name="sberbank">NULL</column>
            <column name="vtb">0</column>
            <column name="gazprom">NULL</column>
            <column name="alfabank">NULL</column>
            <column name="bankmoskvy">NULL</column>
            <column name="raiffeisen">NULL</column>
            <column name="uralsib">NULL</column>
            <column name="rshb">NULL</column>
        </table>
        <table name="bank">
            <column name="id">1696</column>
            <column name="twitid">494681976700670000</column>
            <column name="date">1406776348</column>
            <column name="name">bygyxocuwo</column>
            <column name="text">Кредиты в альфа банке форум http://t.co/Jz3Lj6Q3yL</column>
            <column name="sberbank">NULL</column>
            <column name="vtb">NULL</column>
            <column name="gazprom">NULL</column>
            <column name="alfabank">0</column>
            <column name="bankmoskvy">NULL</column>
            <column name="raiffeisen">NULL</column>
            <column name="uralsib">NULL</column>
            <column name="rshb">NULL</column>
        </table>
        <table name="bank">
            <column name="id">1697</column>
            <column name="twitid">494682019356770000</column>
            <column name="date">1406776358</column>
            <column name="name">malMckittr</column>
            <column name="text">http://t.co/5pfB08MnQk Втб 24 как получить кредит в череповце</column>
            <column name="sberbank">NULL</column>
            <column name="vtb">0</column>
            <column name="gazprom">NULL</column>
            <column name="alfabank">NULL</column>
            <column name="bankmoskvy">NULL</column>
            <column name="raiffeisen">NULL</column>
            <column name="uralsib">NULL</column>
            <column name="rshb">NULL</column>
        </table>
        <table name="bank">
            <column name="id">1698</column>
            <column name="twitid">494682061228470000</column>
            <column name="date">1406776368</column>
            <column name="name">wudadizep</column>
            <column name="text">Взять потребительский кредит в банке втб 24 http://t.co/AwAjM2TqmZ</column>
            <column name="sberbank">NULL</column>
            <column name="vtb">0</column>
            <column name="gazprom">NULL</column>
            <column name="alfabank">NULL</column>
            <column name="bankmoskvy">NULL</column>
            <column name="raiffeisen">NULL</column>
            <column name="uralsib">NULL</column>
            <column name="rshb">NULL</column>
        </table>
        <table name="bank">
            <column name="id">1699</column>
            <column name="twitid">494682732446750000</column>
            <column name="date">1406776528</column>
            <column name="name">axoneswin4</column>
            <column name="text">#Банк #Москвы, #ВТБ и #Россельхозбанк включены в новый санкционный список   #TFW</column>
            <column name="sberbank">NULL</column>
            <column name="vtb">-1</column>
            <column name="gazprom">NULL</column>
            <column name="alfabank">NULL</column>
            <column name="bankmoskvy">NULL</column>
            <column name="raiffeisen">NULL</column>
            <column name="uralsib">NULL</column>
            <column name="rshb">-1</column>
        </table>
        <table name="bank">
            <column name="id">1700</column>
            <column name="twitid">494682824620790000</column>
            <column name="date">1406776550</column>
            <column name="name">knothavunev1</column>
            <column name="text">#Акции #ВТБ упали после санкций #Евросоюза и США  #VIPFollow</column>
            <column name="sberbank">NULL</column>
            <column name="vtb">-1</column>
            <column name="gazprom">NULL</column>
            <column name="alfabank">NULL</column>
            <column name="bankmoskvy">NULL</column>
            <column name="raiffeisen">NULL</column>
            <column name="uralsib">NULL</column>
            <column name="rshb">NULL</column>
        </table>
    </database>
</pma_xml_export>