<?xml version="1.0" encoding="utf-8"?>
<!--
- phpMyAdmin XML Dump
- version 4.0.4.1
- http://www.phpmyadmin.net
-
- Хост: localhost
- Время создания: Окт 28 2014 г., 09:04
- Версия сервера: 5.6.12
- Версия PHP: 5.5.3
-->

<pma_xml_export version="1.0" xmlns:pma="http://www.phpmyadmin.net/some_doc_url/">
    <!--
    - Structure schemas
    -->
    <pma:structure_schemas>
        <pma:database name="Romip" collation="utf8_general_ci" charset="utf8">
            <pma:table name="bank">
                CREATE TABLE `bank` (
                  `id` int(11) NOT NULL AUTO_INCREMENT,
                  `twitid` bigint(32) NOT NULL DEFAULT '0',
                  `date` varchar(128) DEFAULT NULL,
                  `name` varchar(128) DEFAULT NULL,
                  `text` varchar(256) DEFAULT NULL,
                  `sberbank` int(11) DEFAULT NULL,
                  `vtb` int(11) DEFAULT NULL,
                  `gazprom` int(11) DEFAULT NULL,
                  `alfabank` int(11) DEFAULT NULL,
                  `bankmoskvy` int(11) DEFAULT NULL,
                  `raiffeisen` int(11) DEFAULT NULL,
                  `uralsib` int(11) DEFAULT NULL,
                  `rshb` int(11) DEFAULT NULL,
                  PRIMARY KEY (`id`),
                  UNIQUE KEY `id` (`twitid`)
                ) ENGINE=InnoDB AUTO_INCREMENT=7924 DEFAULT CHARSET=utf8;
            </pma:table>
        </pma:database>
    </pma:structure_schemas>

    <!--
    - База данных: 'Romip'
    -->
    <database name="Romip">
        <!-- Таблица bank -->
        <table name="bank">
            <column name="id">2001</column>
            <column name="twitid">494876117892080000</column>
            <column name="date">1406822635</column>
            <column name="name">GBorisova30</column>
            <column name="text">Под ограничения попали пять российских банков с государственным участием – ВТБ, ВЭБ, Сбербанк, Газпромбанк и Россельхозбанк. Их доступ на е</column>
            <column name="sberbank">-1</column>
            <column name="vtb">-1</column>
            <column name="gazprom">-1</column>
            <column name="alfabank">NULL</column>
            <column name="bankmoskvy">NULL</column>
            <column name="raiffeisen">NULL</column>
            <column name="uralsib">NULL</column>
            <column name="rshb">-1</column>
        </table>
        <table name="bank">
            <column name="id">2002</column>
            <column name="twitid">494876266437150000</column>
            <column name="date">1406822670</column>
            <column name="name">llevafinsumli</column>
            <column name="text">http://t.co/toATQqdjJD сбербанк кредит для молодых семей</column>
            <column name="sberbank">0</column>
            <column name="vtb">NULL</column>
            <column name="gazprom">NULL</column>
            <column name="alfabank">NULL</column>
            <column name="bankmoskvy">NULL</column>
            <column name="raiffeisen">NULL</column>
            <column name="uralsib">NULL</column>
            <column name="rshb">NULL</column>
        </table>
        <table name="bank">
            <column name="id">2003</column>
            <column name="twitid">494877628172490000</column>
            <column name="date">1406822995</column>
            <column name="name">Pavinez</column>
            <column name="text">RT @andrey_malgin: Сбербанк попал под санкции Евросоюза http://t.co/I6ep9ZCBbl</column>
            <column name="sberbank">-1</column>
            <column name="vtb">NULL</column>
            <column name="gazprom">NULL</column>
            <column name="alfabank">NULL</column>
            <column name="bankmoskvy">NULL</column>
            <column name="raiffeisen">NULL</column>
            <column name="uralsib">NULL</column>
            <column name="rshb">NULL</column>
        </table>
        <table name="bank">
            <column name="id">2004</column>
            <column name="twitid">494877881315890000</column>
            <column name="date">1406823056</column>
            <column name="name">natamelek</column>
            <column name="text">RT @the_newtimes: Экономист Сергей Гуриев - о санкциях ЕС против Сбербанка, ВТБ, Газпромбанка, Внешэкономбанка и Россельхозбанка http://t.c…</column>
            <column name="sberbank">-1</column>
            <column name="vtb">-1</column>
            <column name="gazprom">-1</column>
            <column name="alfabank">NULL</column>
            <column name="bankmoskvy">NULL</column>
            <column name="raiffeisen">NULL</column>
            <column name="uralsib">NULL</column>
            <column name="rshb">-1</column>
        </table>
        <table name="bank">
            <column name="id">2005</column>
            <column name="twitid">494878282949870000</column>
            <column name="date">1406823151</column>
            <column name="name">Russgidra</column>
            <column name="text">RT @RussianNewsline: ЕС ввел санкции против Сбербанка, ВТБ, ВЭБа и Газпромбанка: Под новые санкции ЕС попадают Сбербанк, ВТБ, Газпр... http…</column>
            <column name="sberbank">-1</column>
            <column name="vtb">-1</column>
            <column name="gazprom">-1</column>
            <column name="alfabank">NULL</column>
            <column name="bankmoskvy">NULL</column>
            <column name="raiffeisen">NULL</column>
            <column name="uralsib">NULL</column>
            <column name="rshb">NULL</column>
        </table>
        <table name="bank">
            <column name="id">2006</column>
            <column name="twitid">494878330538460000</column>
            <column name="date">1406823163</column>
            <column name="name">TUvarova26</column>
            <column name="text">ЕС распространил санкции на Сбербанк, ВТБ, ВЭБ, Газпромбанк и Россельхозбанк далее ..</column>
            <column name="sberbank">-1</column>
            <column name="vtb">-1</column>
            <column name="gazprom">-1</column>
            <column name="alfabank">NULL</column>
            <column name="bankmoskvy">NULL</column>
            <column name="raiffeisen">NULL</column>
            <column name="uralsib">NULL</column>
            <column name="rshb">-1</column>
        </table>
        <table name="bank">
            <column name="id">2007</column>
            <column name="twitid">494878467276560000</column>
            <column name="date">1406823195</column>
            <column name="name">zerkeconrige</column>
            <column name="text">каталог картами альфа райффайзен</column>
            <column name="sberbank">NULL</column>
            <column name="vtb">NULL</column>
            <column name="gazprom">NULL</column>
            <column name="alfabank">0</column>
            <column name="bankmoskvy">NULL</column>
            <column name="raiffeisen">0</column>
            <column name="uralsib">NULL</column>
            <column name="rshb">NULL</column>
        </table>
        <table name="bank">
            <column name="id">2008</column>
            <column name="twitid">494878516979460000</column>
            <column name="date">1406823207</column>
            <column name="name">AJuravleva39</column>
            <column name="text">Евросоюз объявил о введении санкций против пяти российских банков. Это Сбербанк, ВТБ, Газпромбанк, Внешэкономбанк и Россельхозбанк.</column>
            <column name="sberbank">-1</column>
            <column name="vtb">-1</column>
            <column name="gazprom">-1</column>
            <column name="alfabank">NULL</column>
            <column name="bankmoskvy">NULL</column>
            <column name="raiffeisen">NULL</column>
            <column name="uralsib">NULL</column>
            <column name="rshb">-1</column>
        </table>
        <table name="bank">
            <column name="id">2009</column>
            <column name="twitid">494878562470470000</column>
            <column name="date">1406823218</column>
            <column name="name">sumkina_88</column>
            <column name="text">ЕС распространил санкции на Сбербанк, ВТБ, ВЭБ, Газпромбанк и Россельхозбанк http://t.co/9fCitnqaXz</column>
            <column name="sberbank">-1</column>
            <column name="vtb">-1</column>
            <column name="gazprom">-1</column>
            <column name="alfabank">NULL</column>
            <column name="bankmoskvy">NULL</column>
            <column name="raiffeisen">NULL</column>
            <column name="uralsib">NULL</column>
            <column name="rshb">-1</column>
        </table>
        <table name="bank">
            <column name="id">2010</column>
            <column name="twitid">494878733476440000</column>
            <column name="date">1406823259</column>
            <column name="name">nik_volokitin</column>
            <column name="text">Банк втб 24 смоленск кредитные карты http://t.co/3fiHfHxey0</column>
            <column name="sberbank">NULL</column>
            <column name="vtb">0</column>
            <column name="gazprom">NULL</column>
            <column name="alfabank">NULL</column>
            <column name="bankmoskvy">NULL</column>
            <column name="raiffeisen">NULL</column>
            <column name="uralsib">NULL</column>
            <column name="rshb">NULL</column>
        </table>
        <table name="bank">
            <column name="id">2011</column>
            <column name="twitid">494878862774630000</column>
            <column name="date">1406823289</column>
            <column name="name">NemoN4</column>
            <column name="text">@i_korotchenko @valentinov_v А почему Сбербанк работает на укр.военщину ??? Грефу денежки за жизни людей и дете ??? (((((((((</column>
            <column name="sberbank">-1</column>
            <column name="vtb">NULL</column>
            <column name="gazprom">NULL</column>
            <column name="alfabank">NULL</column>
            <column name="bankmoskvy">NULL</column>
            <column name="raiffeisen">NULL</column>
            <column name="uralsib">NULL</column>
            <column name="rshb">NULL</column>
        </table>
        <table name="bank">
            <column name="id">2012</column>
            <column name="twitid">494879195076780000</column>
            <column name="date">1406823369</column>
            <column name="name">favoritecatcat</column>
            <column name="text">RT @Mr_Sonar: @spina_putina @CIO_Optimal Сбербанк то ладно ,
а вот Газпромбанк - 
КАК ПОВЛИЯЕТ НА #ЭХО_МОСКВЫ.
вроде ж кенты , а санкции то…</column>
            <column name="sberbank">--</column>
            <column name="vtb">NULL</column>
            <column name="gazprom">0</column>
            <column name="alfabank">NULL</column>
            <column name="bankmoskvy">NULL</column>
            <column name="raiffeisen">NULL</column>
            <column name="uralsib">NULL</column>
            <column name="rshb">NULL</column>
        </table>
        <table name="bank">
            <column name="id">2013</column>
            <column name="twitid">494879537982110000</column>
            <column name="date">1406823450</column>
            <column name="name">reuters_russia</column>
            <column name="text">ЕС ограничил доступ к рынкам капитала Сбербанку, ВТБ, Газпромбанку, ВЭБу, РСХБ http://t.co/OWPfT2rWv5 http://t.co/Xv7Tlx6DHA</column>
            <column name="sberbank">-1</column>
            <column name="vtb">-1</column>
            <column name="gazprom">-1</column>
            <column name="alfabank">NULL</column>
            <column name="bankmoskvy">NULL</column>
            <column name="raiffeisen">NULL</column>
            <column name="uralsib">NULL</column>
            <column name="rshb">-1</column>
        </table>
        <table name="bank">
            <column name="id">2014</column>
            <column name="twitid">494879673185090000</column>
            <column name="date">1406823483</column>
            <column name="name">bankadvis0r</column>
            <column name="text">Банк Москвы начал сотрудничать с Агентством кредитных гарантий
http://t.co/1ASn6guaXc</column>
            <column name="sberbank">NULL</column>
            <column name="vtb">NULL</column>
            <column name="gazprom">NULL</column>
            <column name="alfabank">NULL</column>
            <column name="bankmoskvy">0</column>
            <column name="raiffeisen">NULL</column>
            <column name="uralsib">NULL</column>
            <column name="rshb">NULL</column>
        </table>
        <table name="bank">
            <column name="id">2015</column>
            <column name="twitid">494879803624140000</column>
            <column name="date">1406823514</column>
            <column name="name">evTwifor</column>
            <column name="text">http://t.co/WubE7y6zFt Взять кредит в райффайзенбанке через интернет</column>
            <column name="sberbank">NULL</column>
            <column name="vtb">NULL</column>
            <column name="gazprom">NULL</column>
            <column name="alfabank">NULL</column>
            <column name="bankmoskvy">NULL</column>
            <column name="raiffeisen">0</column>
            <column name="uralsib">NULL</column>
            <column name="rshb">NULL</column>
        </table>
        <table name="bank">
            <column name="id">2016</column>
            <column name="twitid">494880265689650000</column>
            <column name="date">1406823624</column>
            <column name="name">cehtrowim</column>
            <column name="text">http://t.co/O2bRPIBbJ6 Сбербанк хочу взять кредит 250тыс</column>
            <column name="sberbank">0</column>
            <column name="vtb">NULL</column>
            <column name="gazprom">NULL</column>
            <column name="alfabank">NULL</column>
            <column name="bankmoskvy">NULL</column>
            <column name="raiffeisen">NULL</column>
            <column name="uralsib">NULL</column>
            <column name="rshb">NULL</column>
        </table>
        <table name="bank">
            <column name="id">2017</column>
            <column name="twitid">494880350179320000</column>
            <column name="date">1406823644</column>
            <column name="name">1pyb</column>
            <column name="text">Под новые санкции ЕС попали Сбербанк и ВТБ: Подзаголовок   Санкции были введены на год и могут быть пересмотре... http://t.co/EAys07k9qq</column>
            <column name="sberbank">-1</column>
            <column name="vtb">-1</column>
            <column name="gazprom">NULL</column>
            <column name="alfabank">NULL</column>
            <column name="bankmoskvy">NULL</column>
            <column name="raiffeisen">NULL</column>
            <column name="uralsib">NULL</column>
            <column name="rshb">NULL</column>
        </table>
        <table name="bank">
            <column name="id">2018</column>
            <column name="twitid">494880445788850000</column>
            <column name="date">1406823667</column>
            <column name="name">Amalynise</column>
            <column name="text">RT @anti_maydan: ЕС ввёл санкции против Сбербанка, ВТБ, ВЭБа, Газпромбанка и Россельхозбанка
https://t.co/cvSMzRWQ1g</column>
            <column name="sberbank">-1</column>
            <column name="vtb">-1</column>
            <column name="gazprom">-1</column>
            <column name="alfabank">NULL</column>
            <column name="bankmoskvy">NULL</column>
            <column name="raiffeisen">NULL</column>
            <column name="uralsib">NULL</column>
            <column name="rshb">-1</column>
        </table>
        <table name="bank">
            <column name="id">2019</column>
            <column name="twitid">494880582589870000</column>
            <column name="date">1406823699</column>
            <column name="name">soloviovaott</column>
            <column name="text">Санкции ЕС не нарушили финансовую устойчивость Газпромбанка: Газпромбанк сообщает, что его филиалы и операцион... http://t.co/sWLhMXgH7i</column>
            <column name="sberbank">NULL</column>
            <column name="vtb">NULL</column>
            <column name="gazprom">1</column>
            <column name="alfabank">NULL</column>
            <column name="bankmoskvy">NULL</column>
            <column name="raiffeisen">NULL</column>
            <column name="uralsib">NULL</column>
            <column name="rshb">NULL</column>
        </table>
        <table name="bank">
            <column name="id">2020</column>
            <column name="twitid">494880583256770000</column>
            <column name="date">1406823700</column>
            <column name="name">da_lysyh</column>
            <column name="text">Санкции ЕС не нарушили финансовую устойчивость Газпромбанка  #МСК</column>
            <column name="sberbank">NULL</column>
            <column name="vtb">NULL</column>
            <column name="gazprom">1</column>
            <column name="alfabank">NULL</column>
            <column name="bankmoskvy">NULL</column>
            <column name="raiffeisen">NULL</column>
            <column name="uralsib">NULL</column>
            <column name="rshb">NULL</column>
        </table>
        <table name="bank">
            <column name="id">2021</column>
            <column name="twitid">494880583806240000</column>
            <column name="date">1406823700</column>
            <column name="name">street_trends</column>
            <column name="text">Санкции ЕС не нарушили финансовую устойчивость Газпромбанка  #ВМоскве</column>
            <column name="sberbank">NULL</column>
            <column name="vtb">NULL</column>
            <column name="gazprom">1</column>
            <column name="alfabank">NULL</column>
            <column name="bankmoskvy">NULL</column>
            <column name="raiffeisen">NULL</column>
            <column name="uralsib">NULL</column>
            <column name="rshb">NULL</column>
        </table>
        <table name="bank">
            <column name="id">2022</column>
            <column name="twitid">494880900434240000</column>
            <column name="date">1406823775</column>
            <column name="name">n_e_w_s_ua</column>
            <column name="text">Под санкции ЕС попали пять крупнейших банков России: Сбербанк, ВТБ, Газпромбанк, ВЭБ и Россельхозбанк вошли в... http://t.co/Etn5H9i78P #vk</column>
            <column name="sberbank">-1</column>
            <column name="vtb">-1</column>
            <column name="gazprom">-1</column>
            <column name="alfabank">NULL</column>
            <column name="bankmoskvy">NULL</column>
            <column name="raiffeisen">NULL</column>
            <column name="uralsib">NULL</column>
            <column name="rshb">-1</column>
        </table>
        <table name="bank">
            <column name="id">2023</column>
            <column name="twitid">494881231738520000</column>
            <column name="date">1406823854</column>
            <column name="name">finomenov</column>
            <column name="text">ЦБ поддержит попавшие под санкции ВТБ, Сбербанк и Газпромбанк http://t.co/wLIiQAr8Lj</column>
            <column name="sberbank">1</column>
            <column name="vtb">1</column>
            <column name="gazprom">1</column>
            <column name="alfabank">NULL</column>
            <column name="bankmoskvy">NULL</column>
            <column name="raiffeisen">NULL</column>
            <column name="uralsib">NULL</column>
            <column name="rshb">NULL</column>
        </table>
        <table name="bank">
            <column name="id">2024</column>
            <column name="twitid">494881416740490000</column>
            <column name="date">1406823898</column>
            <column name="name">clarkuhuhip</column>
            <column name="text">Под новые санкции ЕС попали Сбербанк и ВТБ</column>
            <column name="sberbank">-1</column>
            <column name="vtb">-1</column>
            <column name="gazprom">NULL</column>
            <column name="alfabank">NULL</column>
            <column name="bankmoskvy">NULL</column>
            <column name="raiffeisen">NULL</column>
            <column name="uralsib">NULL</column>
            <column name="rshb">NULL</column>
        </table>
        <table name="bank">
            <column name="id">2025</column>
            <column name="twitid">494881691106690000</column>
            <column name="date">1406823964</column>
            <column name="name">MeganMatloff1</column>
            <column name="text">ЕС распространил санкции на Сбербанк, ВТБ, ВЭБ, Газпромбанк и Россельхозбанк</column>
            <column name="sberbank">-1</column>
            <column name="vtb">-1</column>
            <column name="gazprom">-1</column>
            <column name="alfabank">NULL</column>
            <column name="bankmoskvy">NULL</column>
            <column name="raiffeisen">NULL</column>
            <column name="uralsib">NULL</column>
            <column name="rshb">-1</column>
        </table>
        <table name="bank">
            <column name="id">2026</column>
            <column name="twitid">494881918841020000</column>
            <column name="date">1406824018</column>
            <column name="name">erich_fr</column>
            <column name="text">RT @reuters_russia: ЕС ограничил доступ к рынкам капитала Сбербанку, ВТБ, Газпромбанку, ВЭБу, РСХБ http://t.co/OWPfT2rWv5 http://t.co/Xv7Tl…</column>
            <column name="sberbank">-1</column>
            <column name="vtb">-1</column>
            <column name="gazprom">-1</column>
            <column name="alfabank">NULL</column>
            <column name="bankmoskvy">NULL</column>
            <column name="raiffeisen">NULL</column>
            <column name="uralsib">NULL</column>
            <column name="rshb">-1</column>
        </table>
        <table name="bank">
            <column name="id">2027</column>
            <column name="twitid">494883618729510000</column>
            <column name="date">1406824423</column>
            <column name="name">VGusev59</column>
            <column name="text">Сегодня вечером станет ясно, попадет ли Сбербанк под секторальные санкции Евросоюза. Даже если это случится, ограничения на финансовом рынк</column>
            <column name="sberbank">0</column>
            <column name="vtb">NULL</column>
            <column name="gazprom">NULL</column>
            <column name="alfabank">NULL</column>
            <column name="bankmoskvy">NULL</column>
            <column name="raiffeisen">NULL</column>
            <column name="uralsib">NULL</column>
            <column name="rshb">NULL</column>
        </table>
        <table name="bank">
            <column name="id">2028</column>
            <column name="twitid">494883991355280000</column>
            <column name="date">1406824512</column>
            <column name="name">KateChudova</column>
            <column name="text">Новости: Новый санкционный список: Сбербанк и другие  #вести</column>
            <column name="sberbank">-1</column>
            <column name="vtb">NULL</column>
            <column name="gazprom">NULL</column>
            <column name="alfabank">NULL</column>
            <column name="bankmoskvy">NULL</column>
            <column name="raiffeisen">NULL</column>
            <column name="uralsib">NULL</column>
            <column name="rshb">NULL</column>
        </table>
        <table name="bank">
            <column name="id">2029</column>
            <column name="twitid">494884766806980000</column>
            <column name="date">1406824697</column>
            <column name="name">biwifobavub</column>
            <column name="text">Кредиты филиала газпромбанк днестровск http://t.co/zn7CgYrPmj</column>
            <column name="sberbank">NULL</column>
            <column name="vtb">NULL</column>
            <column name="gazprom">0</column>
            <column name="alfabank">NULL</column>
            <column name="bankmoskvy">NULL</column>
            <column name="raiffeisen">NULL</column>
            <column name="uralsib">NULL</column>
            <column name="rshb">NULL</column>
        </table>
        <table name="bank">
            <column name="id">2030</column>
            <column name="twitid">494885037897050000</column>
            <column name="date">1406824762</column>
            <column name="name">abdousnaniching</column>
            <column name="text">http://t.co/NJr7WHxBcq сбербанк кредит ульяновск</column>
            <column name="sberbank">0</column>
            <column name="vtb">NULL</column>
            <column name="gazprom">NULL</column>
            <column name="alfabank">NULL</column>
            <column name="bankmoskvy">NULL</column>
            <column name="raiffeisen">NULL</column>
            <column name="uralsib">NULL</column>
            <column name="rshb">NULL</column>
        </table>
        <table name="bank">
            <column name="id">2031</column>
            <column name="twitid">494885038161290000</column>
            <column name="date">1406824762</column>
            <column name="name">davidfusher77</column>
            <column name="text">Под новые санкции ЕС попали Сбербанк и ВТБ: Под новые секторальные санкции Евросоюза попали российские госбанк... http://t.co/iDp8UBX01Y</column>
            <column name="sberbank">-1</column>
            <column name="vtb">-1</column>
            <column name="gazprom">NULL</column>
            <column name="alfabank">NULL</column>
            <column name="bankmoskvy">NULL</column>
            <column name="raiffeisen">NULL</column>
            <column name="uralsib">NULL</column>
            <column name="rshb">NULL</column>
        </table>
        <table name="bank">
            <column name="id">2032</column>
            <column name="twitid">494885437471610000</column>
            <column name="date">1406824857</column>
            <column name="name">alinapetrova001</column>
            <column name="text">#экономика #ru_ff Под санкции ЕС попали Сбербанк, ВТБ, Газпромбанк, ВЭБ и Россельхозбанк  #fyseo_ru #взаимный</column>
            <column name="sberbank">-1</column>
            <column name="vtb">-1</column>
            <column name="gazprom">-1</column>
            <column name="alfabank">NULL</column>
            <column name="bankmoskvy">NULL</column>
            <column name="raiffeisen">NULL</column>
            <column name="uralsib">NULL</column>
            <column name="rshb">-1</column>
        </table>
        <table name="bank">
            <column name="id">2033</column>
            <column name="twitid">494885709459630000</column>
            <column name="date">1406824922</column>
            <column name="name">savimanyak</column>
            <column name="text">и до сбера добрались. Новый санкционный список: Сбербанк и другие http://t.co/UVWiLS2MH7</column>
            <column name="sberbank">-1</column>
            <column name="vtb">NULL</column>
            <column name="gazprom">NULL</column>
            <column name="alfabank">NULL</column>
            <column name="bankmoskvy">NULL</column>
            <column name="raiffeisen">NULL</column>
            <column name="uralsib">NULL</column>
            <column name="rshb">NULL</column>
        </table>
        <table name="bank">
            <column name="id">2034</column>
            <column name="twitid">494885887915090000</column>
            <column name="date">1406824965</column>
            <column name="name">kalinovsergey</column>
            <column name="text">RT @1317spa: Под новые санкции ЕС попали Сбербанк и ВТБ http://t.co/NBK8CZCC6w</column>
            <column name="sberbank">-1</column>
            <column name="vtb">-1</column>
            <column name="gazprom">NULL</column>
            <column name="alfabank">NULL</column>
            <column name="bankmoskvy">NULL</column>
            <column name="raiffeisen">NULL</column>
            <column name="uralsib">NULL</column>
            <column name="rshb">NULL</column>
        </table>
        <table name="bank">
            <column name="id">2035</column>
            <column name="twitid">494886044920080000</column>
            <column name="date">1406825002</column>
            <column name="name">odgrassL</column>
            <column name="text">http://t.co/IUjiAw2nc9 втб 24 кредит юридическим лицам</column>
            <column name="sberbank">NULL</column>
            <column name="vtb">0</column>
            <column name="gazprom">NULL</column>
            <column name="alfabank">NULL</column>
            <column name="bankmoskvy">NULL</column>
            <column name="raiffeisen">NULL</column>
            <column name="uralsib">NULL</column>
            <column name="rshb">NULL</column>
        </table>
        <table name="bank">
            <column name="id">2036</column>
            <column name="twitid">494886095721460000</column>
            <column name="date">1406825014</column>
            <column name="name">SASHAMOSTOVOJ</column>
            <column name="text">ЕС распространил санкции на Сбербанк, ВТБ, ВЭБ, Газпромбанк и Россельхозбанк: Также Евросоюз ввел ограничения ... http://t.co/RZwgumZM46</column>
            <column name="sberbank">-1</column>
            <column name="vtb">-1</column>
            <column name="gazprom">-1</column>
            <column name="alfabank">NULL</column>
            <column name="bankmoskvy">NULL</column>
            <column name="raiffeisen">NULL</column>
            <column name="uralsib">NULL</column>
            <column name="rshb">-1</column>
        </table>
        <table name="bank">
            <column name="id">2037</column>
            <column name="twitid">494887196193610000</column>
            <column name="date">1406825276</column>
            <column name="name">stragnicws</column>
            <column name="text">stragnicw Под санкции ЕС попали Сбербанк, ВТБ, Газпромбанк, ВЭБ и Россельхозбанк</column>
            <column name="sberbank">-1</column>
            <column name="vtb">-1</column>
            <column name="gazprom">-1</column>
            <column name="alfabank">NULL</column>
            <column name="bankmoskvy">NULL</column>
            <column name="raiffeisen">NULL</column>
            <column name="uralsib">NULL</column>
            <column name="rshb">-1</column>
        </table>
        <table name="bank">
            <column name="id">2038</column>
            <column name="twitid">494887398598510000</column>
            <column name="date">1406825325</column>
            <column name="name">igorg1975</column>
            <column name="text">@IgorLukianchuk а у вас до сих пор был сбербанк ?@Negotov @spina_putina</column>
            <column name="sberbank">0</column>
            <column name="vtb">NULL</column>
            <column name="gazprom">NULL</column>
            <column name="alfabank">NULL</column>
            <column name="bankmoskvy">NULL</column>
            <column name="raiffeisen">NULL</column>
            <column name="uralsib">NULL</column>
            <column name="rshb">NULL</column>
        </table>
        <table name="bank">
            <column name="id">2039</column>
            <column name="twitid">494887551036290000</column>
            <column name="date">1406825361</column>
            <column name="name">franalproncomp</column>
            <column name="text">Евросоюз включил в новый санкционный список Сбербанк и ВТБ</column>
            <column name="sberbank">-1</column>
            <column name="vtb">-1</column>
            <column name="gazprom">NULL</column>
            <column name="alfabank">NULL</column>
            <column name="bankmoskvy">NULL</column>
            <column name="raiffeisen">NULL</column>
            <column name="uralsib">NULL</column>
            <column name="rshb">NULL</column>
        </table>
        <table name="bank">
            <column name="id">2040</column>
            <column name="twitid">494887933993040000</column>
            <column name="date">1406825452</column>
            <column name="name">KirillRuchko</column>
            <column name="text">RT @SvobodaRadio: Сбербанк и еще 4 крупных банка попали под #санкции ЕС. Речь не идет о заморозке активов, а о запрете покупать акции, долг…</column>
            <column name="sberbank">-1</column>
            <column name="vtb">NULL</column>
            <column name="gazprom">NULL</column>
            <column name="alfabank">NULL</column>
            <column name="bankmoskvy">NULL</column>
            <column name="raiffeisen">NULL</column>
            <column name="uralsib">NULL</column>
            <column name="rshb">NULL</column>
        </table>
        <table name="bank">
            <column name="id">2041</column>
            <column name="twitid">494888219356710000</column>
            <column name="date">1406825520</column>
            <column name="name">Elena_Politova</column>
            <column name="text">Под новые санкции ЕС попадают Сбербанк, ВТБ, Газпромбанк, Внешэкономбанк, Россельхозбанк http://t.co/e6OgA3wC9q</column>
            <column name="sberbank">-1</column>
            <column name="vtb">-1</column>
            <column name="gazprom">-1</column>
            <column name="alfabank">NULL</column>
            <column name="bankmoskvy">NULL</column>
            <column name="raiffeisen">NULL</column>
            <column name="uralsib">NULL</column>
            <column name="rshb">-1</column>
        </table>
        <table name="bank">
            <column name="id">2042</column>
            <column name="twitid">494888363724670000</column>
            <column name="date">1406825555</column>
            <column name="name">nekosipohis</column>
            <column name="text">Кредит на потребительские нужды в втб 24 http://t.co/ejUuVYWP2A</column>
            <column name="sberbank">NULL</column>
            <column name="vtb">0</column>
            <column name="gazprom">NULL</column>
            <column name="alfabank">NULL</column>
            <column name="bankmoskvy">NULL</column>
            <column name="raiffeisen">NULL</column>
            <column name="uralsib">NULL</column>
            <column name="rshb">NULL</column>
        </table>
        <table name="bank">
            <column name="id">2043</column>
            <column name="twitid">494888551474290000</column>
            <column name="date">1406825599</column>
            <column name="name">SBahtina56</column>
            <column name="text">В черный список вошли &quot;Сбербанк&quot;, ВТБ, &quot;Газромбанк&quot;, &quot;Внешэкономбанк&quot;, &quot;Россельхозбанк&quot;. Ограничительные меры имеют срок действия в три мес</column>
            <column name="sberbank">-1</column>
            <column name="vtb">-1</column>
            <column name="gazprom">-1</column>
            <column name="alfabank">NULL</column>
            <column name="bankmoskvy">NULL</column>
            <column name="raiffeisen">NULL</column>
            <column name="uralsib">NULL</column>
            <column name="rshb">-1</column>
        </table>
        <table name="bank">
            <column name="id">2044</column>
            <column name="twitid">494889170524190000</column>
            <column name="date">1406825747</column>
            <column name="name">worldnewsday</column>
            <column name="text">Я.Новости | Экономика: Под новые санкции ЕС попали Сбербанк и ВТБ http://t.co/x67YDOirAh</column>
            <column name="sberbank">-1</column>
            <column name="vtb">-1</column>
            <column name="gazprom">NULL</column>
            <column name="alfabank">NULL</column>
            <column name="bankmoskvy">NULL</column>
            <column name="raiffeisen">NULL</column>
            <column name="uralsib">NULL</column>
            <column name="rshb">NULL</column>
        </table>
        <table name="bank">
            <column name="id">2045</column>
            <column name="twitid">494889750520950000</column>
            <column name="date">1406825885</column>
            <column name="name">__Angel_19</column>
            <column name="text">“@vesti_news: Новый санкционный список: Сбербанк и другие http://t.co/YLGAGfhEhd”</column>
            <column name="sberbank">-1</column>
            <column name="vtb">NULL</column>
            <column name="gazprom">NULL</column>
            <column name="alfabank">NULL</column>
            <column name="bankmoskvy">NULL</column>
            <column name="raiffeisen">NULL</column>
            <column name="uralsib">NULL</column>
            <column name="rshb">NULL</column>
        </table>
        <table name="bank">
            <column name="id">2046</column>
            <column name="twitid">494889851523960000</column>
            <column name="date">1406825909</column>
            <column name="name">megapervushk1n2</column>
            <column name="text">Образовательный кредит в втб 24 http://t.co/rJcotI1fYm</column>
            <column name="sberbank">NULL</column>
            <column name="vtb">0</column>
            <column name="gazprom">NULL</column>
            <column name="alfabank">NULL</column>
            <column name="bankmoskvy">NULL</column>
            <column name="raiffeisen">NULL</column>
            <column name="uralsib">NULL</column>
            <column name="rshb">NULL</column>
        </table>
        <table name="bank">
            <column name="id">2047</column>
            <column name="twitid">494890554740600000</column>
            <column name="date">1406826077</column>
            <column name="name">AlDementiev</column>
            <column name="text">Под новые санкции ЕС попадают Сбербанк, ВТБ, Газпромбанк, Внешэкономбанк, Россельхозбанк — Рамблер-Новости http://t.co/gc2fDbW8yb</column>
            <column name="sberbank">-1</column>
            <column name="vtb">-1</column>
            <column name="gazprom">-1</column>
            <column name="alfabank">NULL</column>
            <column name="bankmoskvy">NULL</column>
            <column name="raiffeisen">NULL</column>
            <column name="uralsib">NULL</column>
            <column name="rshb">-1</column>
        </table>
        <table name="bank">
            <column name="id">2048</column>
            <column name="twitid">494891038469680000</column>
            <column name="date">1406826192</column>
            <column name="name">ajtam110no</column>
            <column name="text">Новые санкции ЕС накрыли Сбербанк, ВТБ, Газпромбанк, Внешэкономбанк, Россельхозбанк (58) http://t.co/DSsQXZEwek</column>
            <column name="sberbank">-1</column>
            <column name="vtb">-1</column>
            <column name="gazprom">-1</column>
            <column name="alfabank">NULL</column>
            <column name="bankmoskvy">NULL</column>
            <column name="raiffeisen">NULL</column>
            <column name="uralsib">NULL</column>
            <column name="rshb">-1</column>
        </table>
        <table name="bank">
            <column name="id">2049</column>
            <column name="twitid">494891503853240000</column>
            <column name="date">1406826303</column>
            <column name="name">jennife13671401</column>
            <column name="text">В санкционный список попали Сбербанк, ВТБ, Газпромбанк, ВЭБ и РСХБ</column>
            <column name="sberbank">-1</column>
            <column name="vtb">-1</column>
            <column name="gazprom">-1</column>
            <column name="alfabank">NULL</column>
            <column name="bankmoskvy">NULL</column>
            <column name="raiffeisen">NULL</column>
            <column name="uralsib">NULL</column>
            <column name="rshb">-1</column>
        </table>
        <table name="bank">
            <column name="id">2050</column>
            <column name="twitid">494891644689600000</column>
            <column name="date">1406826337</column>
            <column name="name">iva666ka</column>
            <column name="text">RT @SDVig83: Чтобы внести Сбербанк в список санкций, Евросоюзу пришлось отстоять несколько часов в очереди</column>
            <column name="sberbank">-1</column>
            <column name="vtb">NULL</column>
            <column name="gazprom">NULL</column>
            <column name="alfabank">NULL</column>
            <column name="bankmoskvy">NULL</column>
            <column name="raiffeisen">NULL</column>
            <column name="uralsib">NULL</column>
            <column name="rshb">NULL</column>
        </table>
        <table name="bank">
            <column name="id">2051</column>
            <column name="twitid">494893656793690000</column>
            <column name="date">1406826817</column>
            <column name="name">bunitabl</column>
            <column name="text">http://t.co/fITr1296bo Россельхозбанк оформить кредит анжеро судженск</column>
            <column name="sberbank">NULL</column>
            <column name="vtb">NULL</column>
            <column name="gazprom">NULL</column>
            <column name="alfabank">NULL</column>
            <column name="bankmoskvy">NULL</column>
            <column name="raiffeisen">NULL</column>
            <column name="uralsib">NULL</column>
            <column name="rshb">0</column>
        </table>
        <table name="bank">
            <column name="id">2052</column>
            <column name="twitid">494893912285130000</column>
            <column name="date">1406826878</column>
            <column name="name">kezedeximyd</column>
            <column name="text">http://t.co/Gaz2zVCxFr В санкционный список попали Сбербанк, ВТБ, Газпромбанк, ВЭБ и РСХБ</column>
            <column name="sberbank">-1</column>
            <column name="vtb">-1</column>
            <column name="gazprom">-1</column>
            <column name="alfabank">NULL</column>
            <column name="bankmoskvy">NULL</column>
            <column name="raiffeisen">NULL</column>
            <column name="uralsib">NULL</column>
            <column name="rshb">-1</column>
        </table>
        <table name="bank">
            <column name="id">2053</column>
            <column name="twitid">494894248677080000</column>
            <column name="date">1406826958</column>
            <column name="name">sandralopezicep</column>
            <column name="text">Санкции ЕС не нарушили финансовую устойчивость Газпромбанка</column>
            <column name="sberbank">NULL</column>
            <column name="vtb">NULL</column>
            <column name="gazprom">1</column>
            <column name="alfabank">NULL</column>
            <column name="bankmoskvy">NULL</column>
            <column name="raiffeisen">NULL</column>
            <column name="uralsib">NULL</column>
            <column name="rshb">NULL</column>
        </table>
        <table name="bank">
            <column name="id">2054</column>
            <column name="twitid">494894583394750000</column>
            <column name="date">1406827038</column>
            <column name="name">edinoros_online</column>
            <column name="text">ЕС добавил в санкционный список Сбербанк РФ - Петербургский дневник http://t.co/vugWw7y2mS</column>
            <column name="sberbank">-1</column>
            <column name="vtb">NULL</column>
            <column name="gazprom">NULL</column>
            <column name="alfabank">NULL</column>
            <column name="bankmoskvy">NULL</column>
            <column name="raiffeisen">NULL</column>
            <column name="uralsib">NULL</column>
            <column name="rshb">NULL</column>
        </table>
        <table name="bank">
            <column name="id">2055</column>
            <column name="twitid">494894926312660000</column>
            <column name="date">1406827119</column>
            <column name="name">RobinParr1</column>
            <column name="text">Россельхозбанк: В рязанском филиале прошла неделя продаж ипотечных кредитов</column>
            <column name="sberbank">NULL</column>
            <column name="vtb">NULL</column>
            <column name="gazprom">NULL</column>
            <column name="alfabank">NULL</column>
            <column name="bankmoskvy">NULL</column>
            <column name="raiffeisen">NULL</column>
            <column name="uralsib">NULL</column>
            <column name="rshb">0</column>
        </table>
        <table name="bank">
            <column name="id">2056</column>
            <column name="twitid">494895109649870000</column>
            <column name="date">1406827163</column>
            <column name="name">Publizistika</column>
            <column name="text">ЕС ввёл санкции против Сбербанка, ВТБ, ВЭБа, Газпромбанка и Россельхозбанка: Евросоюз ввёл санкции против российского финансового сектора…</column>
            <column name="sberbank">-1</column>
            <column name="vtb">-1</column>
            <column name="gazprom">-1</column>
            <column name="alfabank">NULL</column>
            <column name="bankmoskvy">NULL</column>
            <column name="raiffeisen">NULL</column>
            <column name="uralsib">NULL</column>
            <column name="rshb">-1</column>
        </table>
        <table name="bank">
            <column name="id">2057</column>
            <column name="twitid">494895990814430000</column>
            <column name="date">1406827373</column>
            <column name="name">Sobytiya_</column>
            <column name="text">Санкции ЕС не нарушили финансовую устойчивость Газпромбанка  ·</column>
            <column name="sberbank">NULL</column>
            <column name="vtb">NULL</column>
            <column name="gazprom">1</column>
            <column name="alfabank">NULL</column>
            <column name="bankmoskvy">NULL</column>
            <column name="raiffeisen">NULL</column>
            <column name="uralsib">NULL</column>
            <column name="rshb">NULL</column>
        </table>
        <table name="bank">
            <column name="id">2058</column>
            <column name="twitid">494895990957020000</column>
            <column name="date">1406827373</column>
            <column name="name">vtopicru</column>
            <column name="text">#Общество Санкции ЕС не нарушили финансовую устойчивость Газпромбанка: &quot;Введенные Европейским союзом в отношении ряда российских ...  #RT</column>
            <column name="sberbank">NULL</column>
            <column name="vtb">NULL</column>
            <column name="gazprom">1</column>
            <column name="alfabank">NULL</column>
            <column name="bankmoskvy">NULL</column>
            <column name="raiffeisen">NULL</column>
            <column name="uralsib">NULL</column>
            <column name="rshb">NULL</column>
        </table>
        <table name="bank">
            <column name="id">2059</column>
            <column name="twitid">494895990961210000</column>
            <column name="date">1406827373</column>
            <column name="name">SpeedGamesRu</column>
            <column name="text">Санкции ЕС не нарушили финансовую устойчивость Газпромбанка: &quot;Введенные Европейским союзом в отношении ряда российских компаний и бан...</column>
            <column name="sberbank">NULL</column>
            <column name="vtb">NULL</column>
            <column name="gazprom">1</column>
            <column name="alfabank">NULL</column>
            <column name="bankmoskvy">NULL</column>
            <column name="raiffeisen">NULL</column>
            <column name="uralsib">NULL</column>
            <column name="rshb">NULL</column>
        </table>
        <table name="bank">
            <column name="id">2060</column>
            <column name="twitid">494895990969630000</column>
            <column name="date">1406827373</column>
            <column name="name">PirtikuvoAlena</column>
            <column name="text">#fyseo_ru #Ru_Ff Санкции ЕС не нарушили финансовую устойчивость Газпромбанка: &quot;Введенные Европейс...  #общество #взаимный</column>
            <column name="sberbank">NULL</column>
            <column name="vtb">NULL</column>
            <column name="gazprom">1</column>
            <column name="alfabank">NULL</column>
            <column name="bankmoskvy">NULL</column>
            <column name="raiffeisen">NULL</column>
            <column name="uralsib">NULL</column>
            <column name="rshb">NULL</column>
        </table>
        <table name="bank">
            <column name="id">2061</column>
            <column name="twitid">494896475680150000</column>
            <column name="date">1406827489</column>
            <column name="name">davidyoungohoga</column>
            <column name="text">ЕС добавил в санкционный список Сбербанк, ВТБ и Газпромбанк</column>
            <column name="sberbank">-1</column>
            <column name="vtb">-1</column>
            <column name="gazprom">-1</column>
            <column name="alfabank">NULL</column>
            <column name="bankmoskvy">NULL</column>
            <column name="raiffeisen">NULL</column>
            <column name="uralsib">NULL</column>
            <column name="rshb">NULL</column>
        </table>
        <table name="bank">
            <column name="id">2062</column>
            <column name="twitid">494896525408210000</column>
            <column name="date">1406827501</column>
            <column name="name">D_Mihnenko</column>
            <column name="text">Российский Сбербанк в числе пяти российских банков попал под секторальные санкции ЕС http://t.co/k2ogBQGfLe</column>
            <column name="sberbank">-1</column>
            <column name="vtb">NULL</column>
            <column name="gazprom">NULL</column>
            <column name="alfabank">NULL</column>
            <column name="bankmoskvy">NULL</column>
            <column name="raiffeisen">NULL</column>
            <column name="uralsib">NULL</column>
            <column name="rshb">NULL</column>
        </table>
        <table name="bank">
            <column name="id">2063</column>
            <column name="twitid">494897341548090000</column>
            <column name="date">1406827695</column>
            <column name="name">TTaniok</column>
            <column name="text">RT @vilnezheettya: ЕС ввёл санкции относительно банков: ВТБ, ВЭБ, Сбербанк, Газпромбанк и Россельхозбанк. Вкладчикам рекомендовано срочно с…</column>
            <column name="sberbank">-1</column>
            <column name="vtb">-1</column>
            <column name="gazprom">-1</column>
            <column name="alfabank">NULL</column>
            <column name="bankmoskvy">NULL</column>
            <column name="raiffeisen">NULL</column>
            <column name="uralsib">NULL</column>
            <column name="rshb">-1</column>
        </table>
        <table name="bank">
            <column name="id">2064</column>
            <column name="twitid">494897484284830000</column>
            <column name="date">1406827729</column>
            <column name="name">ehorlakuq</column>
            <column name="text">http://t.co/0hRf8Chz6U Как оформить кредитную карту в альфа банке</column>
            <column name="sberbank">NULL</column>
            <column name="vtb">NULL</column>
            <column name="gazprom">NULL</column>
            <column name="alfabank">0</column>
            <column name="bankmoskvy">NULL</column>
            <column name="raiffeisen">NULL</column>
            <column name="uralsib">NULL</column>
            <column name="rshb">NULL</column>
        </table>
        <table name="bank">
            <column name="id">2065</column>
            <column name="twitid">494897922459600000</column>
            <column name="date">1406827834</column>
            <column name="name">nadejfilatowa20</column>
            <column name="text">RT @SergeyUsatchev: Сбербанк попал  под  санкции.
Что будет с пенсиями пенсионеров,  получающих  деньги через банк?.</column>
            <column name="sberbank">-1</column>
            <column name="vtb">NULL</column>
            <column name="gazprom">NULL</column>
            <column name="alfabank">NULL</column>
            <column name="bankmoskvy">NULL</column>
            <column name="raiffeisen">NULL</column>
            <column name="uralsib">NULL</column>
            <column name="rshb">NULL</column>
        </table>
        <table name="bank">
            <column name="id">2066</column>
            <column name="twitid">494897922677690000</column>
            <column name="date">1406827834</column>
            <column name="name">dropnigga</column>
            <column name="text">Структура «Мечела» просит приостановить дело по иску ВТБ 24 на 1,9 млрд руб</column>
            <column name="sberbank">NULL</column>
            <column name="vtb">--</column>
            <column name="gazprom">NULL</column>
            <column name="alfabank">NULL</column>
            <column name="bankmoskvy">NULL</column>
            <column name="raiffeisen">NULL</column>
            <column name="uralsib">NULL</column>
            <column name="rshb">NULL</column>
        </table>
        <table name="bank">
            <column name="id">2067</column>
            <column name="twitid">494897971159660000</column>
            <column name="date">1406827845</column>
            <column name="name">bymylajeqic</column>
            <column name="text">Банк москвы ярославль потребительский кредит http://t.co/4p9ZELZJcx</column>
            <column name="sberbank">NULL</column>
            <column name="vtb">NULL</column>
            <column name="gazprom">NULL</column>
            <column name="alfabank">NULL</column>
            <column name="bankmoskvy">0</column>
            <column name="raiffeisen">NULL</column>
            <column name="uralsib">NULL</column>
            <column name="rshb">NULL</column>
        </table>
        <table name="bank">
            <column name="id">2068</column>
            <column name="twitid">494898249669800000</column>
            <column name="date">1406827912</column>
            <column name="name">wibinlfast</column>
            <column name="text">http://t.co/ZkQ2NSWdeq Получить потребительский кредит в райффайзенбанке</column>
            <column name="sberbank">NULL</column>
            <column name="vtb">NULL</column>
            <column name="gazprom">NULL</column>
            <column name="alfabank">NULL</column>
            <column name="bankmoskvy">NULL</column>
            <column name="raiffeisen">0</column>
            <column name="uralsib">NULL</column>
            <column name="rshb">NULL</column>
        </table>
        <table name="bank">
            <column name="id">2069</column>
            <column name="twitid">494899069241020000</column>
            <column name="date">1406828107</column>
            <column name="name">we_europeans</column>
            <column name="text">ЕС ввёл санкции против крупнейших российских банков с госучастием  /  / Российский Сбербанк в числе пяти российск.. http://t.co/ZSGdXQg0an</column>
            <column name="sberbank">-1</column>
            <column name="vtb">NULL</column>
            <column name="gazprom">NULL</column>
            <column name="alfabank">NULL</column>
            <column name="bankmoskvy">NULL</column>
            <column name="raiffeisen">NULL</column>
            <column name="uralsib">NULL</column>
            <column name="rshb">NULL</column>
        </table>
        <table name="bank">
            <column name="id">2070</column>
            <column name="twitid">494900987908610000</column>
            <column name="date">1406828564</column>
            <column name="name">ycomchurne</column>
            <column name="text">Потребительский кредит райффайзен банк удмуртия http://t.co/Hrohnvxw8D</column>
            <column name="sberbank">NULL</column>
            <column name="vtb">NULL</column>
            <column name="gazprom">NULL</column>
            <column name="alfabank">NULL</column>
            <column name="bankmoskvy">NULL</column>
            <column name="raiffeisen">0</column>
            <column name="uralsib">NULL</column>
            <column name="rshb">NULL</column>
        </table>
        <table name="bank">
            <column name="id">2071</column>
            <column name="twitid">494901513358410000</column>
            <column name="date">1406828690</column>
            <column name="name">LANARYUUGU</column>
            <column name="text">RT @nina_takisima: Под новые санкции ЕС попали Сбербанк и ВТБ

#ЗАЕБИСЬ</column>
            <column name="sberbank">-1</column>
            <column name="vtb">-1</column>
            <column name="gazprom">NULL</column>
            <column name="alfabank">NULL</column>
            <column name="bankmoskvy">NULL</column>
            <column name="raiffeisen">NULL</column>
            <column name="uralsib">NULL</column>
            <column name="rshb">NULL</column>
        </table>
        <table name="bank">
            <column name="id">2072</column>
            <column name="twitid">494901868402050000</column>
            <column name="date">1406828774</column>
            <column name="name">roman_krupenik</column>
            <column name="text">RT @VRebyata: Сбербанк подкрался незаметно...</column>
            <column name="sberbank">0</column>
            <column name="vtb">NULL</column>
            <column name="gazprom">NULL</column>
            <column name="alfabank">NULL</column>
            <column name="bankmoskvy">NULL</column>
            <column name="raiffeisen">NULL</column>
            <column name="uralsib">NULL</column>
            <column name="rshb">NULL</column>
        </table>
        <table name="bank">
            <column name="id">2073</column>
            <column name="twitid">494902378563640000</column>
            <column name="date">1406828896</column>
            <column name="name">skelawtopa</column>
            <column name="text">Кредит от газпромбанка калуга http://t.co/cNrANOVAEZ</column>
            <column name="sberbank">NULL</column>
            <column name="vtb">NULL</column>
            <column name="gazprom">0</column>
            <column name="alfabank">NULL</column>
            <column name="bankmoskvy">NULL</column>
            <column name="raiffeisen">NULL</column>
            <column name="uralsib">NULL</column>
            <column name="rshb">NULL</column>
        </table>
        <table name="bank">
            <column name="id">2074</column>
            <column name="twitid">494902379116910000</column>
            <column name="date">1406828896</column>
            <column name="name">PeaceGeorgy</column>
            <column name="text">Под новые санкции ЕС подпадают Сбербанк, ВТБ, Газпромбанк, Внешэкономбанк, Россельхозбанк http://t.co/jA6l1EU34Q</column>
            <column name="sberbank">-1</column>
            <column name="vtb">-1</column>
            <column name="gazprom">-1</column>
            <column name="alfabank">NULL</column>
            <column name="bankmoskvy">NULL</column>
            <column name="raiffeisen">NULL</column>
            <column name="uralsib">NULL</column>
            <column name="rshb">-1</column>
        </table>
        <table name="bank">
            <column name="id">2075</column>
            <column name="twitid">494902515448950000</column>
            <column name="date">1406828929</column>
            <column name="name">ximehedet</column>
            <column name="text">Повторный кредит альфа банк http://t.co/csWgBpf5Ey</column>
            <column name="sberbank">NULL</column>
            <column name="vtb">NULL</column>
            <column name="gazprom">NULL</column>
            <column name="alfabank">0</column>
            <column name="bankmoskvy">NULL</column>
            <column name="raiffeisen">NULL</column>
            <column name="uralsib">NULL</column>
            <column name="rshb">NULL</column>
        </table>
        <table name="bank">
            <column name="id">2076</column>
            <column name="twitid">494903048008130000</column>
            <column name="date">1406829056</column>
            <column name="name">matvejrives</column>
            <column name="text">В список финансовых институтов, попавших под волну секторальных санкций Европейского союза, вошли &quot;Газпромбанк&quot;, Сбербанк, &quot;Россельхозбанк&quot;</column>
            <column name="sberbank">-1</column>
            <column name="vtb">NULL</column>
            <column name="gazprom">-1</column>
            <column name="alfabank">NULL</column>
            <column name="bankmoskvy">NULL</column>
            <column name="raiffeisen">NULL</column>
            <column name="uralsib">NULL</column>
            <column name="rshb">-1</column>
        </table>
        <table name="bank">
            <column name="id">2077</column>
            <column name="twitid">494903194581870000</column>
            <column name="date">1406829091</column>
            <column name="name">kulinich721</column>
            <column name="text">Немцов: Санкции против &quot;Сбербанка&quot; – это уже не шутки. Это уже п..здец http://t.co/Ps5UkpVcRS #санкции #Россия #Украина #Сбербанк #ЕС</column>
            <column name="sberbank">-1</column>
            <column name="vtb">NULL</column>
            <column name="gazprom">NULL</column>
            <column name="alfabank">NULL</column>
            <column name="bankmoskvy">NULL</column>
            <column name="raiffeisen">NULL</column>
            <column name="uralsib">NULL</column>
            <column name="rshb">NULL</column>
        </table>
        <table name="bank">
            <column name="id">2078</column>
            <column name="twitid">494903334089010000</column>
            <column name="date">1406829124</column>
            <column name="name">DSemenov15</column>
            <column name="text">Под санкции Евросоюза попали Сбербанк, ВТБ и Газпромбанк</column>
            <column name="sberbank">-1</column>
            <column name="vtb">-1</column>
            <column name="gazprom">-1</column>
            <column name="alfabank">NULL</column>
            <column name="bankmoskvy">NULL</column>
            <column name="raiffeisen">NULL</column>
            <column name="uralsib">NULL</column>
            <column name="rshb">NULL</column>
        </table>
        <table name="bank">
            <column name="id">2079</column>
            <column name="twitid">494903483951510000</column>
            <column name="date">1406829160</column>
            <column name="name">olcehiemi1985</column>
            <column name="text">Под новые секторальные санкции Евросоюза попало несколько российских банков с госучастием — Сбербанк, ВТБ, Газпромбанк, Внешэкономбанк и Ро</column>
            <column name="sberbank">-1</column>
            <column name="vtb">-1</column>
            <column name="gazprom">-1</column>
            <column name="alfabank">NULL</column>
            <column name="bankmoskvy">NULL</column>
            <column name="raiffeisen">NULL</column>
            <column name="uralsib">NULL</column>
            <column name="rshb">NULL</column>
        </table>
        <table name="bank">
            <column name="id">2080</column>
            <column name="twitid">494904003818710000</column>
            <column name="date">1406829284</column>
            <column name="name">zziespytzo</column>
            <column name="text">Если не заплотил потребительский кредит вовремя альфа банк http://t.co/DHprMyExdK</column>
            <column name="sberbank">NULL</column>
            <column name="vtb">NULL</column>
            <column name="gazprom">NULL</column>
            <column name="alfabank">0</column>
            <column name="bankmoskvy">NULL</column>
            <column name="raiffeisen">NULL</column>
            <column name="uralsib">NULL</column>
            <column name="rshb">NULL</column>
        </table>
        <table name="bank">
            <column name="id">2081</column>
            <column name="twitid">494904191757060000</column>
            <column name="date">1406829328</column>
            <column name="name">Maxor80</column>
            <column name="text">RT @TukvaSociopat: Убит Сбербанк россии.</column>
            <column name="sberbank">-1</column>
            <column name="vtb">NULL</column>
            <column name="gazprom">NULL</column>
            <column name="alfabank">NULL</column>
            <column name="bankmoskvy">NULL</column>
            <column name="raiffeisen">NULL</column>
            <column name="uralsib">NULL</column>
            <column name="rshb">NULL</column>
        </table>
        <table name="bank">
            <column name="id">2082</column>
            <column name="twitid">494904471366170000</column>
            <column name="date">1406829395</column>
            <column name="name">Ivanovbiorotuhy</column>
            <column name="text">RT @LGerasimova25: Введение санкций в отношении российских компаний затронуло крупные структуры, такие как банк ВТБ или ОСК. Евросоюз и США…</column>
            <column name="sberbank">NULL</column>
            <column name="vtb">-1</column>
            <column name="gazprom">NULL</column>
            <column name="alfabank">NULL</column>
            <column name="bankmoskvy">NULL</column>
            <column name="raiffeisen">NULL</column>
            <column name="uralsib">NULL</column>
            <column name="rshb">NULL</column>
        </table>
        <table name="bank">
            <column name="id">2083</column>
            <column name="twitid">494905508294590000</column>
            <column name="date">1406829642</column>
            <column name="name">CKA3K</column>
            <column name="text">RT @VSchneider1: Немцов: Санкции против &quot;Сбербанка&quot; – это уже не шутки. Это уже п..здец http://t.co/zGweOuLS5s #Украина #Сбербанк #санкции …</column>
            <column name="sberbank">-1</column>
            <column name="vtb">NULL</column>
            <column name="gazprom">NULL</column>
            <column name="alfabank">NULL</column>
            <column name="bankmoskvy">NULL</column>
            <column name="raiffeisen">NULL</column>
            <column name="uralsib">NULL</column>
            <column name="rshb">NULL</column>
        </table>
        <table name="bank">
            <column name="id">2084</column>
            <column name="twitid">494905552154430000</column>
            <column name="date">1406829653</column>
            <column name="name">pejilequwiw</column>
            <column name="text">Взять кредит россельхозбанк какой процент http://t.co/ZdhzeC4jtZ</column>
            <column name="sberbank">NULL</column>
            <column name="vtb">NULL</column>
            <column name="gazprom">NULL</column>
            <column name="alfabank">NULL</column>
            <column name="bankmoskvy">NULL</column>
            <column name="raiffeisen">NULL</column>
            <column name="uralsib">NULL</column>
            <column name="rshb">0</column>
        </table>
        <table name="bank">
            <column name="id">2085</column>
            <column name="twitid">494905726834600000</column>
            <column name="date">1406829694</column>
            <column name="name">susivijenabi166</column>
            <column name="text">Еще в сбербанк идти, платить за то, что я тусуюсь с Люсей.</column>
            <column name="sberbank">--</column>
            <column name="vtb">NULL</column>
            <column name="gazprom">NULL</column>
            <column name="alfabank">NULL</column>
            <column name="bankmoskvy">NULL</column>
            <column name="raiffeisen">NULL</column>
            <column name="uralsib">NULL</column>
            <column name="rshb">NULL</column>
        </table>
        <table name="bank">
            <column name="id">2086</column>
            <column name="twitid">494906511291060000</column>
            <column name="date">1406829881</column>
            <column name="name">lorikd2012</column>
            <column name="text">RT @isenburg3: Ему Сбербанк расхерачили, а он все с луком и подсолнухами воюет. Интересная у него жизнь</column>
            <column name="sberbank">--</column>
            <column name="vtb">NULL</column>
            <column name="gazprom">NULL</column>
            <column name="alfabank">NULL</column>
            <column name="bankmoskvy">NULL</column>
            <column name="raiffeisen">NULL</column>
            <column name="uralsib">NULL</column>
            <column name="rshb">NULL</column>
        </table>
        <table name="bank">
            <column name="id">2087</column>
            <column name="twitid">494906664236370000</column>
            <column name="date">1406829918</column>
            <column name="name">A__Kruglov</column>
            <column name="text">RT @Segozavr: Лазейки... Санкции не коснуться дочек Газпромбанка, Сбербанка, ВТБ, ВЭБ и Россельхозбанка. http://t.co/oBYrSul8qs</column>
            <column name="sberbank">0</column>
            <column name="vtb">0</column>
            <column name="gazprom">0</column>
            <column name="alfabank">NULL</column>
            <column name="bankmoskvy">NULL</column>
            <column name="raiffeisen">NULL</column>
            <column name="uralsib">NULL</column>
            <column name="rshb">0</column>
        </table>
        <table name="bank">
            <column name="id">2088</column>
            <column name="twitid">494906977496350000</column>
            <column name="date">1406829993</column>
            <column name="name">fybosehewu</column>
            <column name="text">Кредитая ставка втб 24 http://t.co/KIAVn8KgUV</column>
            <column name="sberbank">NULL</column>
            <column name="vtb">0</column>
            <column name="gazprom">NULL</column>
            <column name="alfabank">NULL</column>
            <column name="bankmoskvy">NULL</column>
            <column name="raiffeisen">NULL</column>
            <column name="uralsib">NULL</column>
            <column name="rshb">NULL</column>
        </table>
        <table name="bank">
            <column name="id">2089</column>
            <column name="twitid">494907222309100000</column>
            <column name="date">1406830051</column>
            <column name="name">prewe44</column>
            <column name="text">Под новые санкции ЕС подпадают Сбербанк, ВТБ, Газпромбанк, Внешэкономбанк, Россельхозбанк http://t.co/sb5dJ9h5ep</column>
            <column name="sberbank">-1</column>
            <column name="vtb">-1</column>
            <column name="gazprom">-1</column>
            <column name="alfabank">NULL</column>
            <column name="bankmoskvy">NULL</column>
            <column name="raiffeisen">NULL</column>
            <column name="uralsib">NULL</column>
            <column name="rshb">-1</column>
        </table>
        <table name="bank">
            <column name="id">2090</column>
            <column name="twitid">494908373239100000</column>
            <column name="date">1406830325</column>
            <column name="name">Dj__De</column>
            <column name="text">http://t.co/vjHA9NGrjm Вывод вебмани на карту сбербанка, webmoney сбербанк вывод, webmoney вывод</column>
            <column name="sberbank">0</column>
            <column name="vtb">NULL</column>
            <column name="gazprom">NULL</column>
            <column name="alfabank">NULL</column>
            <column name="bankmoskvy">NULL</column>
            <column name="raiffeisen">NULL</column>
            <column name="uralsib">NULL</column>
            <column name="rshb">NULL</column>
        </table>
        <table name="bank">
            <column name="id">2091</column>
            <column name="twitid">494909216411630000</column>
            <column name="date">1406830526</column>
            <column name="name">DaleSomers1</column>
            <column name="text">Под санкции ЕС попали Сбербанк, ВТБ, Газпромбанк, ВЭБ и Россельхозбанк:   Инвесторам из ЕС запрещается прямо и... http://t.co/cgMoovnZZu</column>
            <column name="sberbank">-1</column>
            <column name="vtb">-1</column>
            <column name="gazprom">-1</column>
            <column name="alfabank">NULL</column>
            <column name="bankmoskvy">NULL</column>
            <column name="raiffeisen">NULL</column>
            <column name="uralsib">NULL</column>
            <column name="rshb">-1</column>
        </table>
        <table name="bank">
            <column name="id">2092</column>
            <column name="twitid">494909264520310000</column>
            <column name="date">1406830538</column>
            <column name="name">purimshpil</column>
            <column name="text">RT @ECanterman: кредитные банковские карты газпромбанка http://t.co/GFh0D7oGJ7</column>
            <column name="sberbank">NULL</column>
            <column name="vtb">NULL</column>
            <column name="gazprom">0</column>
            <column name="alfabank">NULL</column>
            <column name="bankmoskvy">NULL</column>
            <column name="raiffeisen">NULL</column>
            <column name="uralsib">NULL</column>
            <column name="rshb">NULL</column>
        </table>
        <table name="bank">
            <column name="id">2093</column>
            <column name="twitid">494911486116900000</column>
            <column name="date">1406831067</column>
            <column name="name">umyjoiwaq</column>
            <column name="text">http://t.co/pxaGxqYNcV банк уралсиб кредиты потребительский</column>
            <column name="sberbank">NULL</column>
            <column name="vtb">NULL</column>
            <column name="gazprom">NULL</column>
            <column name="alfabank">NULL</column>
            <column name="bankmoskvy">NULL</column>
            <column name="raiffeisen">NULL</column>
            <column name="uralsib">0</column>
            <column name="rshb">NULL</column>
        </table>
        <table name="bank">
            <column name="id">2094</column>
            <column name="twitid">494911578110980000</column>
            <column name="date">1406831089</column>
            <column name="name">LFateev50</column>
            <column name="text">Евросоюз ввел санкции против Сбербанка, ВТБ, Газромбанка, Внешэкономбанка и Россельхозбанка. Список опубликован в четверг, 31 июля, в &amp;amp;laqu</column>
            <column name="sberbank">-1</column>
            <column name="vtb">-1</column>
            <column name="gazprom">-1</column>
            <column name="alfabank">NULL</column>
            <column name="bankmoskvy">NULL</column>
            <column name="raiffeisen">NULL</column>
            <column name="uralsib">NULL</column>
            <column name="rshb">-1</column>
        </table>
        <table name="bank">
            <column name="id">2095</column>
            <column name="twitid">494911862296020000</column>
            <column name="date">1406831157</column>
            <column name="name">IvanIliasov</column>
            <column name="text">RT @Dbnmjr: Под #санкции ЕС попали Сбербанк, ВТБ, Газпромбанк, ВЭБ и Россельхозбанк (РСХБ). Эти же банки с госучастием в четверг подпали по…</column>
            <column name="sberbank">-1</column>
            <column name="vtb">-1</column>
            <column name="gazprom">-1</column>
            <column name="alfabank">NULL</column>
            <column name="bankmoskvy">NULL</column>
            <column name="raiffeisen">NULL</column>
            <column name="uralsib">NULL</column>
            <column name="rshb">-1</column>
        </table>
        <table name="bank">
            <column name="id">2096</column>
            <column name="twitid">494911863956980000</column>
            <column name="date">1406831158</column>
            <column name="name">rovaqigiyp</column>
            <column name="text">Уралсиб банк реструктуризация кредитов http://t.co/d8AO1l7uBe</column>
            <column name="sberbank">NULL</column>
            <column name="vtb">NULL</column>
            <column name="gazprom">NULL</column>
            <column name="alfabank">NULL</column>
            <column name="bankmoskvy">NULL</column>
            <column name="raiffeisen">NULL</column>
            <column name="uralsib">0</column>
            <column name="rshb">NULL</column>
        </table>
        <table name="bank">
            <column name="id">2097</column>
            <column name="twitid">494912271307380000</column>
            <column name="date">1406831255</column>
            <column name="name">Pauls014</column>
            <column name="text">ВТБ обещает выполнить все свои обязательства несмотря на санкции:  Банк ВТБ заявил в четверг, что введение про... http://t.co/Xs1FON0I7w</column>
            <column name="sberbank">NULL</column>
            <column name="vtb">1</column>
            <column name="gazprom">NULL</column>
            <column name="alfabank">NULL</column>
            <column name="bankmoskvy">NULL</column>
            <column name="raiffeisen">NULL</column>
            <column name="uralsib">NULL</column>
            <column name="rshb">NULL</column>
        </table>
        <table name="bank">
            <column name="id">2098</column>
            <column name="twitid">494913113482070000</column>
            <column name="date">1406831455</column>
            <column name="name">Anti_Maidan_EU</column>
            <column name="text">RT @rianru: Санкции ЕС не нарушили финансовую устойчивость Газпромбанка http://t.co/F7BooAUng5</column>
            <column name="sberbank">NULL</column>
            <column name="vtb">NULL</column>
            <column name="gazprom">1</column>
            <column name="alfabank">NULL</column>
            <column name="bankmoskvy">NULL</column>
            <column name="raiffeisen">NULL</column>
            <column name="uralsib">NULL</column>
            <column name="rshb">NULL</column>
        </table>
        <table name="bank">
            <column name="id">2099</column>
            <column name="twitid">494914974418870000</column>
            <column name="date">1406831899</column>
            <column name="name">ucmoku</column>
            <column name="text">За полтора часа до начала действия санкций. &quot;Санкции ЕС не нарушили финансовую устойчивость Газпромбанка&quot; http://t.co/IsEP3U0NXw</column>
            <column name="sberbank">NULL</column>
            <column name="vtb">NULL</column>
            <column name="gazprom">1</column>
            <column name="alfabank">NULL</column>
            <column name="bankmoskvy">NULL</column>
            <column name="raiffeisen">NULL</column>
            <column name="uralsib">NULL</column>
            <column name="rshb">NULL</column>
        </table>
        <table name="bank">
            <column name="id">2100</column>
            <column name="twitid">494916019677590000</column>
            <column name="date">1406832148</column>
            <column name="name">Taganews</column>
            <column name="text">ЕС ввёл санкции против Сбербанка, ВТБ, ВЭБа, Газпромбанка и Россельхозбанка /  / Евросоюз ввёл санкции против рос.. http://t.co/iVTLTTB4R4</column>
            <column name="sberbank">-1</column>
            <column name="vtb">-1</column>
            <column name="gazprom">-1</column>
            <column name="alfabank">NULL</column>
            <column name="bankmoskvy">NULL</column>
            <column name="raiffeisen">NULL</column>
            <column name="uralsib">NULL</column>
            <column name="rshb">-1</column>
        </table>
    </database>
</pma_xml_export>