<?xml version="1.0" encoding="utf-8"?>
<!--
- phpMyAdmin XML Dump
- version 4.0.4.1
- http://www.phpmyadmin.net
-
- Хост: localhost
- Время создания: Окт 28 2014 г., 09:04
- Версия сервера: 5.6.12
- Версия PHP: 5.5.3
-->

<pma_xml_export version="1.0" xmlns:pma="http://www.phpmyadmin.net/some_doc_url/">
    <!--
    - Structure schemas
    -->
    <pma:structure_schemas>
        <pma:database name="Romip" collation="utf8_general_ci" charset="utf8">
            <pma:table name="bank">
                CREATE TABLE `bank` (
                  `id` int(11) NOT NULL AUTO_INCREMENT,
                  `twitid` bigint(32) NOT NULL DEFAULT '0',
                  `date` varchar(128) DEFAULT NULL,
                  `name` varchar(128) DEFAULT NULL,
                  `text` varchar(256) DEFAULT NULL,
                  `sberbank` int(11) DEFAULT NULL,
                  `vtb` int(11) DEFAULT NULL,
                  `gazprom` int(11) DEFAULT NULL,
                  `alfabank` int(11) DEFAULT NULL,
                  `bankmoskvy` int(11) DEFAULT NULL,
                  `raiffeisen` int(11) DEFAULT NULL,
                  `uralsib` int(11) DEFAULT NULL,
                  `rshb` int(11) DEFAULT NULL,
                  PRIMARY KEY (`id`),
                  UNIQUE KEY `id` (`twitid`)
                ) ENGINE=InnoDB AUTO_INCREMENT=7924 DEFAULT CHARSET=utf8;
            </pma:table>
        </pma:database>
    </pma:structure_schemas>

    <!--
    - База данных: 'Romip'
    -->
    <database name="Romip">
        <!-- Таблица bank -->
        <table name="bank">
            <column name="id">2101</column>
            <column name="twitid">494916844806240000</column>
            <column name="date">1406832345</column>
            <column name="name">sermark</column>
            <column name="text">Под санкции ЕС попали Сбербанк, ВТБ, Газпромбанк, ВЭБ и Россельхозбанк http://t.co/Pmtri507j5 // а ЦБ и дальше будет ЗВР в США и ЕС  держать</column>
            <column name="sberbank">-1</column>
            <column name="vtb">-1</column>
            <column name="gazprom">-1</column>
            <column name="alfabank">NULL</column>
            <column name="bankmoskvy">NULL</column>
            <column name="raiffeisen">NULL</column>
            <column name="uralsib">NULL</column>
            <column name="rshb">-1</column>
        </table>
        <table name="bank">
            <column name="id">2102</column>
            <column name="twitid">494917253734090000</column>
            <column name="date">1406832443</column>
            <column name="name">OAnohina50</column>
            <column name="text">Сбербанк, ВТБ, Газпромбанк, Внешэкономбанк и Россельхозбанк оказались в «черном списке». http://t.co/KiRVJhvYbt</column>
            <column name="sberbank">-1</column>
            <column name="vtb">-1</column>
            <column name="gazprom">-1</column>
            <column name="alfabank">NULL</column>
            <column name="bankmoskvy">NULL</column>
            <column name="raiffeisen">NULL</column>
            <column name="uralsib">NULL</column>
            <column name="rshb">-1</column>
        </table>
        <table name="bank">
            <column name="id">2103</column>
            <column name="twitid">494917524203790000</column>
            <column name="date">1406832507</column>
            <column name="name">potoviegras1978</column>
            <column name="text">Сбербанк, ВТБ, Газпромбанк, ВЭБ и Россельхозбанк вошли в санкционный список Евросоюза.</column>
            <column name="sberbank">-1</column>
            <column name="vtb">-1</column>
            <column name="gazprom">-1</column>
            <column name="alfabank">NULL</column>
            <column name="bankmoskvy">NULL</column>
            <column name="raiffeisen">NULL</column>
            <column name="uralsib">NULL</column>
            <column name="rshb">-1</column>
        </table>
        <table name="bank">
            <column name="id">2104</column>
            <column name="twitid">494917879851420000</column>
            <column name="date">1406832592</column>
            <column name="name">RuMediaTop</column>
            <column name="text">: Сбербанк и другие http://t.co/dFnQrVQ5ft</column>
            <column name="sberbank">0</column>
            <column name="vtb">NULL</column>
            <column name="gazprom">NULL</column>
            <column name="alfabank">NULL</column>
            <column name="bankmoskvy">NULL</column>
            <column name="raiffeisen">NULL</column>
            <column name="uralsib">NULL</column>
            <column name="rshb">NULL</column>
        </table>
        <table name="bank">
            <column name="id">2105</column>
            <column name="twitid">494918482614840000</column>
            <column name="date">1406832736</column>
            <column name="name">mekyvyzu</column>
            <column name="text">Бюро кредитных историй воронеж сбербанк http://t.co/0M2PCxMBab</column>
            <column name="sberbank">0</column>
            <column name="vtb">NULL</column>
            <column name="gazprom">NULL</column>
            <column name="alfabank">NULL</column>
            <column name="bankmoskvy">NULL</column>
            <column name="raiffeisen">NULL</column>
            <column name="uralsib">NULL</column>
            <column name="rshb">NULL</column>
        </table>
        <table name="bank">
            <column name="id">2106</column>
            <column name="twitid">494918754770640000</column>
            <column name="date">1406832800</column>
            <column name="name">NZueva51</column>
            <column name="text">Под новые санкции Европейского Союза попадают такие российские банки, как ВТБ, Сбербанк, Россельхозбанк. Введенные санкции будут действоват</column>
            <column name="sberbank">-1</column>
            <column name="vtb">-1</column>
            <column name="gazprom">NULL</column>
            <column name="alfabank">NULL</column>
            <column name="bankmoskvy">NULL</column>
            <column name="raiffeisen">NULL</column>
            <column name="uralsib">NULL</column>
            <column name="rshb">-1</column>
        </table>
        <table name="bank">
            <column name="id">2107</column>
            <column name="twitid">494919776645280000</column>
            <column name="date">1406833044</column>
            <column name="name">loyrusetesli</column>
            <column name="text">http://t.co/pspWaHcjOe автокредитование банк москвы</column>
            <column name="sberbank">NULL</column>
            <column name="vtb">NULL</column>
            <column name="gazprom">NULL</column>
            <column name="alfabank">NULL</column>
            <column name="bankmoskvy">0</column>
            <column name="raiffeisen">NULL</column>
            <column name="uralsib">NULL</column>
            <column name="rshb">NULL</column>
        </table>
        <table name="bank">
            <column name="id">2108</column>
            <column name="twitid">494920270591710000</column>
            <column name="date">1406833162</column>
            <column name="name">votnanhsn</column>
            <column name="text">RT @tartvsonfh: Сбербанк России - 170 лет на рынке очередей! http://t.co/83TzhiT4Bc</column>
            <column name="sberbank">-1</column>
            <column name="vtb">NULL</column>
            <column name="gazprom">NULL</column>
            <column name="alfabank">NULL</column>
            <column name="bankmoskvy">NULL</column>
            <column name="raiffeisen">NULL</column>
            <column name="uralsib">NULL</column>
            <column name="rshb">NULL</column>
        </table>
        <table name="bank">
            <column name="id">2109</column>
            <column name="twitid">494921282665050000</column>
            <column name="date">1406833403</column>
            <column name="name">obimenmi1972</column>
            <column name="text">Внешпромбанк и Сбербанк проведут выплаты вкладчикам Ауэрбанка и Юникорбанка.Пресс-служба Агентства по страхованию вкладов сообщила, что поб</column>
            <column name="sberbank">0</column>
            <column name="vtb">NULL</column>
            <column name="gazprom">NULL</column>
            <column name="alfabank">NULL</column>
            <column name="bankmoskvy">NULL</column>
            <column name="raiffeisen">NULL</column>
            <column name="uralsib">NULL</column>
            <column name="rshb">NULL</column>
        </table>
        <table name="bank">
            <column name="id">2110</column>
            <column name="twitid">494922111140780000</column>
            <column name="date">1406833601</column>
            <column name="name">qacifumuzu</column>
            <column name="text">Кредитные карты в омске альфа банк http://t.co/mdkOTRP5Us</column>
            <column name="sberbank">NULL</column>
            <column name="vtb">NULL</column>
            <column name="gazprom">NULL</column>
            <column name="alfabank">0</column>
            <column name="bankmoskvy">NULL</column>
            <column name="raiffeisen">NULL</column>
            <column name="uralsib">NULL</column>
            <column name="rshb">NULL</column>
        </table>
        <table name="bank">
            <column name="id">2111</column>
            <column name="twitid">494923337529720000</column>
            <column name="date">1406833893</column>
            <column name="name">stragnicws</column>
            <column name="text">stragnicw Санкции ЕС не нарушили финансовую устойчивость Газпромбанка</column>
            <column name="sberbank">NULL</column>
            <column name="vtb">NULL</column>
            <column name="gazprom">1</column>
            <column name="alfabank">NULL</column>
            <column name="bankmoskvy">NULL</column>
            <column name="raiffeisen">NULL</column>
            <column name="uralsib">NULL</column>
            <column name="rshb">NULL</column>
        </table>
        <table name="bank">
            <column name="id">2112</column>
            <column name="twitid">494924756987030000</column>
            <column name="date">1406834231</column>
            <column name="name">worldnewsday</column>
            <column name="text">Я.Новости | Финансы: США ввели санкции против Банка Москвы, ВТБ и Россельхозбанка http://t.co/EErGO6VJv5</column>
            <column name="sberbank">NULL</column>
            <column name="vtb">-1</column>
            <column name="gazprom">NULL</column>
            <column name="alfabank">NULL</column>
            <column name="bankmoskvy">-1</column>
            <column name="raiffeisen">NULL</column>
            <column name="uralsib">NULL</column>
            <column name="rshb">0</column>
        </table>
        <table name="bank">
            <column name="id">2113</column>
            <column name="twitid">494927695176690000</column>
            <column name="date">1406834932</column>
            <column name="name">alexignatovych2</column>
            <column name="text">RT @_Alexx0112: Итак, Сбербанк вошел в санкционный
секторальный список. С чем и поздравляю 70% граждан, держащих в нем вклады. Слава Путину!</column>
            <column name="sberbank">-1</column>
            <column name="vtb">NULL</column>
            <column name="gazprom">NULL</column>
            <column name="alfabank">NULL</column>
            <column name="bankmoskvy">NULL</column>
            <column name="raiffeisen">NULL</column>
            <column name="uralsib">NULL</column>
            <column name="rshb">NULL</column>
        </table>
        <table name="bank">
            <column name="id">2114</column>
            <column name="twitid">494931018231850000</column>
            <column name="date">1406835724</column>
            <column name="name">OSkvortzov49</column>
            <column name="text">В расширенный санкционный список Евросоюза попали Сбербанк, ВТБ, Газпромбанк, Внешэкономбанк и Россельхозбанк.</column>
            <column name="sberbank">-1</column>
            <column name="vtb">-1</column>
            <column name="gazprom">-1</column>
            <column name="alfabank">NULL</column>
            <column name="bankmoskvy">NULL</column>
            <column name="raiffeisen">NULL</column>
            <column name="uralsib">NULL</column>
            <column name="rshb">-1</column>
        </table>
        <table name="bank">
            <column name="id">2115</column>
            <column name="twitid">494931464970960000</column>
            <column name="date">1406835831</column>
            <column name="name">oreandaru</column>
            <column name="text">НОВОСТИ КОМПАНИЙ. Газпромбанк продолжает стабильно работать: Введённые Европейским союзом в отношении ряда рос... http://t.co/1nC3qeABkg</column>
            <column name="sberbank">NULL</column>
            <column name="vtb">NULL</column>
            <column name="gazprom">1</column>
            <column name="alfabank">NULL</column>
            <column name="bankmoskvy">NULL</column>
            <column name="raiffeisen">NULL</column>
            <column name="uralsib">NULL</column>
            <column name="rshb">NULL</column>
        </table>
        <table name="bank">
            <column name="id">2116</column>
            <column name="twitid">494931641157300000</column>
            <column name="date">1406835873</column>
            <column name="name">ress</column>
            <column name="text">RT @naganoff_ru: ЕС включил в список санкций Сбербанк, ВТБ, Газпромбанк, ВЭБ и Россельхозбанк http://t.co/ohndXBG3Kp</column>
            <column name="sberbank">-1</column>
            <column name="vtb">-1</column>
            <column name="gazprom">-1</column>
            <column name="alfabank">NULL</column>
            <column name="bankmoskvy">NULL</column>
            <column name="raiffeisen">NULL</column>
            <column name="uralsib">NULL</column>
            <column name="rshb">-1</column>
        </table>
        <table name="bank">
            <column name="id">2117</column>
            <column name="twitid">494933408846740000</column>
            <column name="date">1406836294</column>
            <column name="name">bunitabl</column>
            <column name="text">http://t.co/8q8CLcTrXO Как оформить кредит в втб 24 в москве</column>
            <column name="sberbank">NULL</column>
            <column name="vtb">0</column>
            <column name="gazprom">NULL</column>
            <column name="alfabank">NULL</column>
            <column name="bankmoskvy">NULL</column>
            <column name="raiffeisen">NULL</column>
            <column name="uralsib">NULL</column>
            <column name="rshb">NULL</column>
        </table>
        <table name="bank">
            <column name="id">2118</column>
            <column name="twitid">494933595321270000</column>
            <column name="date">1406836339</column>
            <column name="name">SMatveeva58</column>
            <column name="text">ОАО «Россельхозбанк» располагает достаточным инструментарием для устойчивой работы и исполнения всех обязательств перед вкладчиками, инвест</column>
            <column name="sberbank">NULL</column>
            <column name="vtb">NULL</column>
            <column name="gazprom">NULL</column>
            <column name="alfabank">NULL</column>
            <column name="bankmoskvy">NULL</column>
            <column name="raiffeisen">NULL</column>
            <column name="uralsib">NULL</column>
            <column name="rshb">1</column>
        </table>
        <table name="bank">
            <column name="id">2119</column>
            <column name="twitid">494934994155230000</column>
            <column name="date">1406836672</column>
            <column name="name">korovkinsergei1</column>
            <column name="text">@findozor ЦБ поддержит попавшие под санкции ВТБ, Сбербанк и Газпромбанк #банк #финансы http://t.co/IpzFTNumsT
кто бы сомневался...</column>
            <column name="sberbank">0</column>
            <column name="vtb">0</column>
            <column name="gazprom">0</column>
            <column name="alfabank">NULL</column>
            <column name="bankmoskvy">NULL</column>
            <column name="raiffeisen">NULL</column>
            <column name="uralsib">NULL</column>
            <column name="rshb">NULL</column>
        </table>
        <table name="bank">
            <column name="id">2120</column>
            <column name="twitid">494935834530170000</column>
            <column name="date">1406836873</column>
            <column name="name">terfsupatangdeb</column>
            <column name="text">alfabank ru кредит наличными http://t.co/ez47fwrnyZ</column>
            <column name="sberbank">NULL</column>
            <column name="vtb">NULL</column>
            <column name="gazprom">NULL</column>
            <column name="alfabank">0</column>
            <column name="bankmoskvy">NULL</column>
            <column name="raiffeisen">NULL</column>
            <column name="uralsib">NULL</column>
            <column name="rshb">NULL</column>
        </table>
        <table name="bank">
            <column name="id">2121</column>
            <column name="twitid">494936157256710000</column>
            <column name="date">1406836950</column>
            <column name="name">bezpolitikoff</column>
            <column name="text">Евросоюз наказал за Украину Сбербанк и еще 4 банка из РФ http://t.co/ZAjhJ1XbVL |http://t.co/dV0ZiI8uKS с помощью @bezpolitikoff</column>
            <column name="sberbank">-1</column>
            <column name="vtb">NULL</column>
            <column name="gazprom">NULL</column>
            <column name="alfabank">NULL</column>
            <column name="bankmoskvy">NULL</column>
            <column name="raiffeisen">NULL</column>
            <column name="uralsib">NULL</column>
            <column name="rshb">NULL</column>
        </table>
        <table name="bank">
            <column name="id">2122</column>
            <column name="twitid">494936708559830000</column>
            <column name="date">1406837081</column>
            <column name="name">ABUKumb</column>
            <column name="text">@still_alive89 с учётом того что Сбер без конкурентов работает в России и номер 1,то не только евро,а всё</column>
            <column name="sberbank">0</column>
            <column name="vtb">NULL</column>
            <column name="gazprom">NULL</column>
            <column name="alfabank">NULL</column>
            <column name="bankmoskvy">NULL</column>
            <column name="raiffeisen">NULL</column>
            <column name="uralsib">NULL</column>
            <column name="rshb">NULL</column>
        </table>
        <table name="bank">
            <column name="id">2123</column>
            <column name="twitid">494936949380360000</column>
            <column name="date">1406837138</column>
            <column name="name">teiaSteinl</column>
            <column name="text">http://t.co/uvCZx6L9dK Как взять кредит в газпромбанке</column>
            <column name="sberbank">NULL</column>
            <column name="vtb">NULL</column>
            <column name="gazprom">0</column>
            <column name="alfabank">NULL</column>
            <column name="bankmoskvy">NULL</column>
            <column name="raiffeisen">NULL</column>
            <column name="uralsib">NULL</column>
            <column name="rshb">NULL</column>
        </table>
        <table name="bank">
            <column name="id">2124</column>
            <column name="twitid">494940074430440000</column>
            <column name="date">1406837883</column>
            <column name="name">IGoncharova16</column>
            <column name="text">Под санкции ЕС попали Сбербанк, ВТБ, Газпромбанк, ВЭБ и Россельхозбанк</column>
            <column name="sberbank">-1</column>
            <column name="vtb">-1</column>
            <column name="gazprom">-1</column>
            <column name="alfabank">NULL</column>
            <column name="bankmoskvy">NULL</column>
            <column name="raiffeisen">NULL</column>
            <column name="uralsib">NULL</column>
            <column name="rshb">-1</column>
        </table>
        <table name="bank">
            <column name="id">2125</column>
            <column name="twitid">494941613635170000</column>
            <column name="date">1406838250</column>
            <column name="name">tyvnoalys</column>
            <column name="text">http://t.co/hbJLwqiXTY Взять кредит в альфа банке в находке</column>
            <column name="sberbank">NULL</column>
            <column name="vtb">NULL</column>
            <column name="gazprom">NULL</column>
            <column name="alfabank">0</column>
            <column name="bankmoskvy">NULL</column>
            <column name="raiffeisen">NULL</column>
            <column name="uralsib">NULL</column>
            <column name="rshb">NULL</column>
        </table>
        <table name="bank">
            <column name="id">2126</column>
            <column name="twitid">494941900135500000</column>
            <column name="date">1406838319</column>
            <column name="name">TonyaAiraldi</column>
            <column name="text">ЕС ввел санкции против Сбербанка, БТВ и Россельхозбанка http://t.co/YpeKU9yadp</column>
            <column name="sberbank">-1</column>
            <column name="vtb">-1</column>
            <column name="gazprom">NULL</column>
            <column name="alfabank">NULL</column>
            <column name="bankmoskvy">NULL</column>
            <column name="raiffeisen">NULL</column>
            <column name="uralsib">NULL</column>
            <column name="rshb">-1</column>
        </table>
        <table name="bank">
            <column name="id">2127</column>
            <column name="twitid">494942268131140000</column>
            <column name="date">1406838406</column>
            <column name="name">seapvlid26</column>
            <column name="text">http://t.co/NzObaQCvS9 Взять кредит втб 24 в москве</column>
            <column name="sberbank">NULL</column>
            <column name="vtb">0</column>
            <column name="gazprom">NULL</column>
            <column name="alfabank">NULL</column>
            <column name="bankmoskvy">NULL</column>
            <column name="raiffeisen">NULL</column>
            <column name="uralsib">NULL</column>
            <column name="rshb">NULL</column>
        </table>
        <table name="bank">
            <column name="id">2128</column>
            <column name="twitid">494944046419570000</column>
            <column name="date">1406838830</column>
            <column name="name">be_native</column>
            <column name="text">ЕС ограничил доступ к рынкам капитала Сбербанку, ВТБ, Газпромбанку, ВЭБу, РСХБ http://t.co/gbzFnuyyKS http://t.co/nAZZK6zkxU</column>
            <column name="sberbank">-1</column>
            <column name="vtb">-1</column>
            <column name="gazprom">-1</column>
            <column name="alfabank">NULL</column>
            <column name="bankmoskvy">NULL</column>
            <column name="raiffeisen">NULL</column>
            <column name="uralsib">NULL</column>
            <column name="rshb">-1</column>
        </table>
        <table name="bank">
            <column name="id">2129</column>
            <column name="twitid">494944507138700000</column>
            <column name="date">1406838940</column>
            <column name="name">nazCozart</column>
            <column name="text">http://t.co/qtGhU5o0Qa Сбербанк россии кредит 50000 рублей взять в рс я</column>
            <column name="sberbank">0</column>
            <column name="vtb">NULL</column>
            <column name="gazprom">NULL</column>
            <column name="alfabank">NULL</column>
            <column name="bankmoskvy">NULL</column>
            <column name="raiffeisen">NULL</column>
            <column name="uralsib">NULL</column>
            <column name="rshb">NULL</column>
        </table>
        <table name="bank">
            <column name="id">2130</column>
            <column name="twitid">494945368099260000</column>
            <column name="date">1406839146</column>
            <column name="name">lugansk_ukraine</column>
            <column name="text">Жаль не сфоткал, а сбербанк России во Львове весь такой поголовно с нашим флагом на фасаде, хрен вам! Не прокатило. )</column>
            <column name="sberbank">--</column>
            <column name="vtb">NULL</column>
            <column name="gazprom">NULL</column>
            <column name="alfabank">NULL</column>
            <column name="bankmoskvy">NULL</column>
            <column name="raiffeisen">NULL</column>
            <column name="uralsib">NULL</column>
            <column name="rshb">NULL</column>
        </table>
        <table name="bank">
            <column name="id">2131</column>
            <column name="twitid">494945723595910000</column>
            <column name="date">1406839230</column>
            <column name="name">podakuni</column>
            <column name="text">Думаете, Сбербанк опечален санкциями? Банк, который как миниму 2 рада уже обворовал всю страну? Ха! Ха! Ха!</column>
            <column name="sberbank">-1</column>
            <column name="vtb">NULL</column>
            <column name="gazprom">NULL</column>
            <column name="alfabank">NULL</column>
            <column name="bankmoskvy">NULL</column>
            <column name="raiffeisen">NULL</column>
            <column name="uralsib">NULL</column>
            <column name="rshb">NULL</column>
        </table>
        <table name="bank">
            <column name="id">2132</column>
            <column name="twitid">494946270226960000</column>
            <column name="date">1406839361</column>
            <column name="name">rebalnoni1979</column>
            <column name="text">Ограничения доступа к финансовым рынкам Европейского союза коснутся Сбербанка, ВТБ, Газпромбанка, Внешэкономбанка и Россельхозбанка, а такж</column>
            <column name="sberbank">-1</column>
            <column name="vtb">-1</column>
            <column name="gazprom">-1</column>
            <column name="alfabank">NULL</column>
            <column name="bankmoskvy">NULL</column>
            <column name="raiffeisen">NULL</column>
            <column name="uralsib">NULL</column>
            <column name="rshb">-1</column>
        </table>
        <table name="bank">
            <column name="id">2133</column>
            <column name="twitid">494946318083960000</column>
            <column name="date">1406839372</column>
            <column name="name">folody071</column>
            <column name="text">RT @kavkazcentercom: Не имейте  дел с бандами Сбербанк, ВТБ, Газпромбанк, Внешэкономбанк и Россельхозбанк. Они скоро обанкротятся http://t.…</column>
            <column name="sberbank">-1</column>
            <column name="vtb">-1</column>
            <column name="gazprom">-1</column>
            <column name="alfabank">NULL</column>
            <column name="bankmoskvy">NULL</column>
            <column name="raiffeisen">NULL</column>
            <column name="uralsib">NULL</column>
            <column name="rshb">-1</column>
        </table>
        <table name="bank">
            <column name="id">2134</column>
            <column name="twitid">494947044692590000</column>
            <column name="date">1406839545</column>
            <column name="name">Lera_T1</column>
            <column name="text">RT @rianru: Сбербанк с сожалением воспринимает введение санкций со стороны ЕС http://t.co/3enD9OC8wA</column>
            <column name="sberbank">0</column>
            <column name="vtb">NULL</column>
            <column name="gazprom">NULL</column>
            <column name="alfabank">NULL</column>
            <column name="bankmoskvy">NULL</column>
            <column name="raiffeisen">NULL</column>
            <column name="uralsib">NULL</column>
            <column name="rshb">NULL</column>
        </table>
        <table name="bank">
            <column name="id">2135</column>
            <column name="twitid">494947326440790000</column>
            <column name="date">1406839612</column>
            <column name="name">skorohodik</column>
            <column name="text">RT @GazetaRu_Lenta: Сбербанк с сожалением воспринимает введение против него санкций http://t.co/FONpq93BpT</column>
            <column name="sberbank">0</column>
            <column name="vtb">NULL</column>
            <column name="gazprom">NULL</column>
            <column name="alfabank">NULL</column>
            <column name="bankmoskvy">NULL</column>
            <column name="raiffeisen">NULL</column>
            <column name="uralsib">NULL</column>
            <column name="rshb">NULL</column>
        </table>
        <table name="bank">
            <column name="id">2136</column>
            <column name="twitid">494947878347870000</column>
            <column name="date">1406839744</column>
            <column name="name">voiceatc</column>
            <column name="text">Сбербанк с сожалением воспринимает введение против него санкций Газета.Ru Сбербанк с сожалением воспринимает факт... #TeamFollowBack</column>
            <column name="sberbank">0</column>
            <column name="vtb">NULL</column>
            <column name="gazprom">NULL</column>
            <column name="alfabank">NULL</column>
            <column name="bankmoskvy">NULL</column>
            <column name="raiffeisen">NULL</column>
            <column name="uralsib">NULL</column>
            <column name="rshb">NULL</column>
        </table>
        <table name="bank">
            <column name="id">2137</column>
            <column name="twitid">494948427814280000</column>
            <column name="date">1406839875</column>
            <column name="name">greendom50</column>
            <column name="text">Сбербанк с сожалением воспринимает введение против него санкций Газета.Ru Сбербанк с сожалением воспринимает факт... http://t.co/imBXVu1cXp</column>
            <column name="sberbank">0</column>
            <column name="vtb">NULL</column>
            <column name="gazprom">NULL</column>
            <column name="alfabank">NULL</column>
            <column name="bankmoskvy">NULL</column>
            <column name="raiffeisen">NULL</column>
            <column name="uralsib">NULL</column>
            <column name="rshb">NULL</column>
        </table>
        <table name="bank">
            <column name="id">2138</column>
            <column name="twitid">494948516863950000</column>
            <column name="date">1406839896</column>
            <column name="name">febponsi32</column>
            <column name="text">Международные платежные системы Visa и MasterCard не станут блокировать карты, выпущенные Банком Москвы, ВТБ и Россельхозбанком. Об этом</column>
            <column name="sberbank">NULL</column>
            <column name="vtb">1</column>
            <column name="gazprom">NULL</column>
            <column name="alfabank">NULL</column>
            <column name="bankmoskvy">1</column>
            <column name="raiffeisen">NULL</column>
            <column name="uralsib">NULL</column>
            <column name="rshb">1</column>
        </table>
        <table name="bank">
            <column name="id">2139</column>
            <column name="twitid">494949314473790000</column>
            <column name="date">1406840086</column>
            <column name="name">wogixelkas</column>
            <column name="text">http://t.co/XM9W09GNcI Взять потребительский кредит в альфа банке</column>
            <column name="sberbank">NULL</column>
            <column name="vtb">NULL</column>
            <column name="gazprom">NULL</column>
            <column name="alfabank">0</column>
            <column name="bankmoskvy">NULL</column>
            <column name="raiffeisen">NULL</column>
            <column name="uralsib">NULL</column>
            <column name="rshb">NULL</column>
        </table>
        <table name="bank">
            <column name="id">2140</column>
            <column name="twitid">494949447705850000</column>
            <column name="date">1406840118</column>
            <column name="name">RuZorro</column>
            <column name="text">RT @RT_russian: Сбербанк обладает всеми ресурсами для продолжения работы в условиях введённых санкций
http://t.co/zy3pcCnZzg http://t.co/vL…</column>
            <column name="sberbank">1</column>
            <column name="vtb">NULL</column>
            <column name="gazprom">NULL</column>
            <column name="alfabank">NULL</column>
            <column name="bankmoskvy">NULL</column>
            <column name="raiffeisen">NULL</column>
            <column name="uralsib">NULL</column>
            <column name="rshb">NULL</column>
        </table>
        <table name="bank">
            <column name="id">2141</column>
            <column name="twitid">494950078441080000</column>
            <column name="date">1406840269</column>
            <column name="name">tatyana2161</column>
            <column name="text">RT @marina_saniram: В связи с внесением Сбербанка в список ЕС, Сбербанк заявляет http://t.co/6l0YvPW0nk http://t.co/eYPiVvYeZa</column>
            <column name="sberbank">0</column>
            <column name="vtb">NULL</column>
            <column name="gazprom">NULL</column>
            <column name="alfabank">NULL</column>
            <column name="bankmoskvy">NULL</column>
            <column name="raiffeisen">NULL</column>
            <column name="uralsib">NULL</column>
            <column name="rshb">NULL</column>
        </table>
        <table name="bank">
            <column name="id">2142</column>
            <column name="twitid">494951262178140000</column>
            <column name="date">1406840551</column>
            <column name="name">russianovosti</column>
            <column name="text">Под санкции ЕС попали Сбербанк, ВТБ, ВЭБ, Газпромбанк и Россельхозбанк: Евросоюз включил в список санкций против России из-за политик...</column>
            <column name="sberbank">-1</column>
            <column name="vtb">-1</column>
            <column name="gazprom">-1</column>
            <column name="alfabank">NULL</column>
            <column name="bankmoskvy">NULL</column>
            <column name="raiffeisen">NULL</column>
            <column name="uralsib">NULL</column>
            <column name="rshb">-1</column>
        </table>
        <table name="bank">
            <column name="id">2143</column>
            <column name="twitid">494951521579460000</column>
            <column name="date">1406840613</column>
            <column name="name">SarahTh56024482</column>
            <column name="text">Сбербанк и Газпромбанк попали под санкции Евросоюза</column>
            <column name="sberbank">-1</column>
            <column name="vtb">NULL</column>
            <column name="gazprom">-1</column>
            <column name="alfabank">NULL</column>
            <column name="bankmoskvy">NULL</column>
            <column name="raiffeisen">NULL</column>
            <column name="uralsib">NULL</column>
            <column name="rshb">NULL</column>
        </table>
        <table name="bank">
            <column name="id">2144</column>
            <column name="twitid">494952829443140000</column>
            <column name="date">1406840924</column>
            <column name="name">guvuwuwo193</column>
            <column name="text">RT @lugansk_ukraine: Жаль не сфоткал, а сбербанк России во Львове весь такой поголовно с нашим флагом на фасаде, хрен вам! Не прокатило. )</column>
            <column name="sberbank">--</column>
            <column name="vtb">NULL</column>
            <column name="gazprom">NULL</column>
            <column name="alfabank">NULL</column>
            <column name="bankmoskvy">NULL</column>
            <column name="raiffeisen">NULL</column>
            <column name="uralsib">NULL</column>
            <column name="rshb">NULL</column>
        </table>
        <table name="bank">
            <column name="id">2145</column>
            <column name="twitid">494953479790920000</column>
            <column name="date">1406841080</column>
            <column name="name">eronymusHi</column>
            <column name="text">http://t.co/NDdeMU9rSt Сбербанк оформить кредитную карту онлайн</column>
            <column name="sberbank">0</column>
            <column name="vtb">NULL</column>
            <column name="gazprom">NULL</column>
            <column name="alfabank">NULL</column>
            <column name="bankmoskvy">NULL</column>
            <column name="raiffeisen">NULL</column>
            <column name="uralsib">NULL</column>
            <column name="rshb">NULL</column>
        </table>
        <table name="bank">
            <column name="id">2146</column>
            <column name="twitid">494953840849200000</column>
            <column name="date">1406841166</column>
            <column name="name">KJukov54</column>
            <column name="text">Сбербанк, ВТБ, Газпромбанк, Внешэкономбанк и Россельхозбанк оказались в «черном списке». http://t.co/pspugGQcDC</column>
            <column name="sberbank">-1</column>
            <column name="vtb">-1</column>
            <column name="gazprom">-1</column>
            <column name="alfabank">NULL</column>
            <column name="bankmoskvy">NULL</column>
            <column name="raiffeisen">NULL</column>
            <column name="uralsib">NULL</column>
            <column name="rshb">-1</column>
        </table>
        <table name="bank">
            <column name="id">2147</column>
            <column name="twitid">494954291061220000</column>
            <column name="date">1406841273</column>
            <column name="name">LenyaAkinshin</column>
            <column name="text">Сбербанк обладает всеми ресурсами для работы в условиях санкций ЕС: Сбербанк с сожалением воспринимает факт введения санкций со сторо...</column>
            <column name="sberbank">1</column>
            <column name="vtb">NULL</column>
            <column name="gazprom">NULL</column>
            <column name="alfabank">NULL</column>
            <column name="bankmoskvy">NULL</column>
            <column name="raiffeisen">NULL</column>
            <column name="uralsib">NULL</column>
            <column name="rshb">NULL</column>
        </table>
        <table name="bank">
            <column name="id">2148</column>
            <column name="twitid">494954291107350000</column>
            <column name="date">1406841273</column>
            <column name="name">news24hrus</column>
            <column name="text">Сбербанк обладает всеми ресурсами для работы в условиях санкций ЕС: Сбербанк с сожалением воспринимает факт вв... http://t.co/qthuxeKrPZ</column>
            <column name="sberbank">1</column>
            <column name="vtb">NULL</column>
            <column name="gazprom">NULL</column>
            <column name="alfabank">NULL</column>
            <column name="bankmoskvy">NULL</column>
            <column name="raiffeisen">NULL</column>
            <column name="uralsib">NULL</column>
            <column name="rshb">NULL</column>
        </table>
        <table name="bank">
            <column name="id">2149</column>
            <column name="twitid">494954328956760000</column>
            <column name="date">1406841282</column>
            <column name="name">accoocawebkax</column>
            <column name="text">http://t.co/vbfMzhBcW4 хочу взять кредит в россельхозбанке</column>
            <column name="sberbank">NULL</column>
            <column name="vtb">NULL</column>
            <column name="gazprom">NULL</column>
            <column name="alfabank">NULL</column>
            <column name="bankmoskvy">NULL</column>
            <column name="raiffeisen">NULL</column>
            <column name="uralsib">NULL</column>
            <column name="rshb">0</column>
        </table>
        <table name="bank">
            <column name="id">2150</column>
            <column name="twitid">494954385559260000</column>
            <column name="date">1406841295</column>
            <column name="name">sihzuo</column>
            <column name="text">RT rostovskaya_ya: Сбербанк обладает всеми ресурсами для продолжения работы в условиях введённых санкций #news</column>
            <column name="sberbank">1</column>
            <column name="vtb">NULL</column>
            <column name="gazprom">NULL</column>
            <column name="alfabank">NULL</column>
            <column name="bankmoskvy">NULL</column>
            <column name="raiffeisen">NULL</column>
            <column name="uralsib">NULL</column>
            <column name="rshb">NULL</column>
        </table>
        <table name="bank">
            <column name="id">2151</column>
            <column name="twitid">494954710118720000</column>
            <column name="date">1406841373</column>
            <column name="name">doradoSu</column>
            <column name="text">http://t.co/jP1iJKNq93 Сбербанк россии питер как взять кредит на 100000 руб</column>
            <column name="sberbank">0</column>
            <column name="vtb">NULL</column>
            <column name="gazprom">NULL</column>
            <column name="alfabank">NULL</column>
            <column name="bankmoskvy">NULL</column>
            <column name="raiffeisen">NULL</column>
            <column name="uralsib">NULL</column>
            <column name="rshb">NULL</column>
        </table>
        <table name="bank">
            <column name="id">2152</column>
            <column name="twitid">494954798526260000</column>
            <column name="date">1406841394</column>
            <column name="name">wogixelkas</column>
            <column name="text">http://t.co/1EY5BK3Zk0 Сбербанк кредит получить в санкт петербурге</column>
            <column name="sberbank">0</column>
            <column name="vtb">NULL</column>
            <column name="gazprom">NULL</column>
            <column name="alfabank">NULL</column>
            <column name="bankmoskvy">NULL</column>
            <column name="raiffeisen">NULL</column>
            <column name="uralsib">NULL</column>
            <column name="rshb">NULL</column>
        </table>
        <table name="bank">
            <column name="id">2153</column>
            <column name="twitid">494956754523150000</column>
            <column name="date">1406841860</column>
            <column name="name">nazCozart</column>
            <column name="text">http://t.co/u1HIIRhbhP Взять кредит сбербанк россии</column>
            <column name="sberbank">0</column>
            <column name="vtb">NULL</column>
            <column name="gazprom">NULL</column>
            <column name="alfabank">NULL</column>
            <column name="bankmoskvy">NULL</column>
            <column name="raiffeisen">NULL</column>
            <column name="uralsib">NULL</column>
            <column name="rshb">NULL</column>
        </table>
        <table name="bank">
            <column name="id">2154</column>
            <column name="twitid">494957444163190000</column>
            <column name="date">1406842025</column>
            <column name="name">ehorlakuq</column>
            <column name="text">http://t.co/QEBv04bAJg Оформить кредит в газпромбанке</column>
            <column name="sberbank">NULL</column>
            <column name="vtb">NULL</column>
            <column name="gazprom">0</column>
            <column name="alfabank">NULL</column>
            <column name="bankmoskvy">NULL</column>
            <column name="raiffeisen">NULL</column>
            <column name="uralsib">NULL</column>
            <column name="rshb">NULL</column>
        </table>
        <table name="bank">
            <column name="id">2155</column>
            <column name="twitid">494960134553370000</column>
            <column name="date">1406842666</column>
            <column name="name">mmineLuya</column>
            <column name="text">http://t.co/IYriFR4bnY Как получить кредит если он уже одобрен в альфа банке</column>
            <column name="sberbank">NULL</column>
            <column name="vtb">NULL</column>
            <column name="gazprom">NULL</column>
            <column name="alfabank">0</column>
            <column name="bankmoskvy">NULL</column>
            <column name="raiffeisen">NULL</column>
            <column name="uralsib">NULL</column>
            <column name="rshb">NULL</column>
        </table>
        <table name="bank">
            <column name="id">2156</column>
            <column name="twitid">494961818440600000</column>
            <column name="date">1406843068</column>
            <column name="name">mmineLuya</column>
            <column name="text">http://t.co/cbVK1LyEnR Взять кредит в россельхозбанке кемерово</column>
            <column name="sberbank">NULL</column>
            <column name="vtb">NULL</column>
            <column name="gazprom">NULL</column>
            <column name="alfabank">NULL</column>
            <column name="bankmoskvy">NULL</column>
            <column name="raiffeisen">NULL</column>
            <column name="uralsib">NULL</column>
            <column name="rshb">0</column>
        </table>
        <table name="bank">
            <column name="id">2157</column>
            <column name="twitid">494963208726520000</column>
            <column name="date">1406843399</column>
            <column name="name">daiimono</column>
            <column name="text">dk12k: услышал краем уха, что сбер купил какой-то швейцарский банк dk12k: теперь там тоже будут очереди и бабушки?</column>
            <column name="sberbank">-1</column>
            <column name="vtb">NULL</column>
            <column name="gazprom">NULL</column>
            <column name="alfabank">NULL</column>
            <column name="bankmoskvy">NULL</column>
            <column name="raiffeisen">NULL</column>
            <column name="uralsib">NULL</column>
            <column name="rshb">NULL</column>
        </table>
        <table name="bank">
            <column name="id">2158</column>
            <column name="twitid">494964648442350000</column>
            <column name="date">1406843742</column>
            <column name="name">nazCozart</column>
            <column name="text">http://t.co/Jkuvpi74vQ Сбербанк переоформить кредит в рубли</column>
            <column name="sberbank">0</column>
            <column name="vtb">NULL</column>
            <column name="gazprom">NULL</column>
            <column name="alfabank">NULL</column>
            <column name="bankmoskvy">NULL</column>
            <column name="raiffeisen">NULL</column>
            <column name="uralsib">NULL</column>
            <column name="rshb">NULL</column>
        </table>
        <table name="bank">
            <column name="id">2159</column>
            <column name="twitid">494965027162820000</column>
            <column name="date">1406843833</column>
            <column name="name">Krasnikov_G</column>
            <column name="text">RT @dmitry_gordon: Под новые санкции #ЕС попали &quot;Сбербанк&quot;, ВТБ, &quot;Газпромбанк&quot;, &quot;Внешэкономбанк&quot; и &quot;Россельхозбанк&quot;  http://t.co/zoB1ciEErj…</column>
            <column name="sberbank">-1</column>
            <column name="vtb">-1</column>
            <column name="gazprom">-1</column>
            <column name="alfabank">NULL</column>
            <column name="bankmoskvy">NULL</column>
            <column name="raiffeisen">NULL</column>
            <column name="uralsib">NULL</column>
            <column name="rshb">-1</column>
        </table>
        <table name="bank">
            <column name="id">2160</column>
            <column name="twitid">494967641191110000</column>
            <column name="date">1406844456</column>
            <column name="name">umiqo3269</column>
            <column name="text">США предупредили Армению о рисках сделок с Роснефтью, Газпромбанком и ВТБ Посольство США в Армении проинформировало армянское</column>
            <column name="sberbank">NULL</column>
            <column name="vtb">-1</column>
            <column name="gazprom">-1</column>
            <column name="alfabank">NULL</column>
            <column name="bankmoskvy">NULL</column>
            <column name="raiffeisen">NULL</column>
            <column name="uralsib">NULL</column>
            <column name="rshb">NULL</column>
        </table>
        <table name="bank">
            <column name="id">2161</column>
            <column name="twitid">494968145296500000</column>
            <column name="date">1406844576</column>
            <column name="name">adleyBeilk</column>
            <column name="text">http://t.co/U4vtyTulT2 Как взять кредит в райффайзен банке на не</column>
            <column name="sberbank">NULL</column>
            <column name="vtb">NULL</column>
            <column name="gazprom">NULL</column>
            <column name="alfabank">NULL</column>
            <column name="bankmoskvy">NULL</column>
            <column name="raiffeisen">0</column>
            <column name="uralsib">NULL</column>
            <column name="rshb">NULL</column>
        </table>
        <table name="bank">
            <column name="id">2162</column>
            <column name="twitid">494969515156210000</column>
            <column name="date">1406844903</column>
            <column name="name">hlilSill</column>
            <column name="text">http://t.co/0f8bXe2ktA Ка получить потребительский кредит в альфа банке</column>
            <column name="sberbank">NULL</column>
            <column name="vtb">NULL</column>
            <column name="gazprom">NULL</column>
            <column name="alfabank">0</column>
            <column name="bankmoskvy">NULL</column>
            <column name="raiffeisen">NULL</column>
            <column name="uralsib">NULL</column>
            <column name="rshb">NULL</column>
        </table>
        <table name="bank">
            <column name="id">2163</column>
            <column name="twitid">494969517991150000</column>
            <column name="date">1406844903</column>
            <column name="name">pnumjunsf</column>
            <column name="text">http://t.co/UKyNlfFGZZ Новости Украины 30 июля 2014 года: США ввели санкции против ВТБ, «Банка Москвы» и Россельхозбанка</column>
            <column name="sberbank">NULL</column>
            <column name="vtb">-1</column>
            <column name="gazprom">NULL</column>
            <column name="alfabank">NULL</column>
            <column name="bankmoskvy">-1</column>
            <column name="raiffeisen">NULL</column>
            <column name="uralsib">NULL</column>
            <column name="rshb">-1</column>
        </table>
        <table name="bank">
            <column name="id">2164</column>
            <column name="twitid">494970042564360000</column>
            <column name="date">1406845028</column>
            <column name="name">latbitoo6</column>
            <column name="text">http://t.co/pLGq34wHOu втб 24 автокредит отзывы</column>
            <column name="sberbank">NULL</column>
            <column name="vtb">0</column>
            <column name="gazprom">NULL</column>
            <column name="alfabank">NULL</column>
            <column name="bankmoskvy">NULL</column>
            <column name="raiffeisen">NULL</column>
            <column name="uralsib">NULL</column>
            <column name="rshb">NULL</column>
        </table>
        <table name="bank">
            <column name="id">2165</column>
            <column name="twitid">494971030453390000</column>
            <column name="date">1406845264</column>
            <column name="name">63Kostas</column>
            <column name="text">@MedvedRu банки-партнеры Газпромбанка отключают банкоматы под предлогом неисправности</column>
            <column name="sberbank">NULL</column>
            <column name="vtb">NULL</column>
            <column name="gazprom">-1</column>
            <column name="alfabank">NULL</column>
            <column name="bankmoskvy">NULL</column>
            <column name="raiffeisen">NULL</column>
            <column name="uralsib">NULL</column>
            <column name="rshb">NULL</column>
        </table>
        <table name="bank">
            <column name="id">2166</column>
            <column name="twitid">494972462497820000</column>
            <column name="date">1406845605</column>
            <column name="name">gusyatnikovbori</column>
            <column name="text">Евросоюз наказал за Украину Сбербанк и еще 4 банка из РФ</column>
            <column name="sberbank">-1</column>
            <column name="vtb">NULL</column>
            <column name="gazprom">NULL</column>
            <column name="alfabank">NULL</column>
            <column name="bankmoskvy">NULL</column>
            <column name="raiffeisen">NULL</column>
            <column name="uralsib">NULL</column>
            <column name="rshb">NULL</column>
        </table>
        <table name="bank">
            <column name="id">2167</column>
            <column name="twitid">494973350457130000</column>
            <column name="date">1406845817</column>
            <column name="name">bunitabl</column>
            <column name="text">http://t.co/5bgmNlfqLw Хочу взять кредит в альфа банк</column>
            <column name="sberbank">NULL</column>
            <column name="vtb">NULL</column>
            <column name="gazprom">NULL</column>
            <column name="alfabank">0</column>
            <column name="bankmoskvy">NULL</column>
            <column name="raiffeisen">NULL</column>
            <column name="uralsib">NULL</column>
            <column name="rshb">NULL</column>
        </table>
        <table name="bank">
            <column name="id">2168</column>
            <column name="twitid">494973801315450000</column>
            <column name="date">1406845925</column>
            <column name="name">fogexg81</column>
            <column name="text">http://t.co/nlwQnig8uL Оформить кредитную карту онлайн альфа банк 100 дней</column>
            <column name="sberbank">NULL</column>
            <column name="vtb">NULL</column>
            <column name="gazprom">NULL</column>
            <column name="alfabank">0</column>
            <column name="bankmoskvy">NULL</column>
            <column name="raiffeisen">NULL</column>
            <column name="uralsib">NULL</column>
            <column name="rshb">NULL</column>
        </table>
        <table name="bank">
            <column name="id">2169</column>
            <column name="twitid">494974193880940000</column>
            <column name="date">1406846018</column>
            <column name="name">breakkinliamole</column>
            <column name="text">http://t.co/KzgJCoKnFW россельхозбанк расчёт кредита</column>
            <column name="sberbank">NULL</column>
            <column name="vtb">NULL</column>
            <column name="gazprom">NULL</column>
            <column name="alfabank">NULL</column>
            <column name="bankmoskvy">NULL</column>
            <column name="raiffeisen">NULL</column>
            <column name="uralsib">NULL</column>
            <column name="rshb">0</column>
        </table>
        <table name="bank">
            <column name="id">2170</column>
            <column name="twitid">494974585503510000</column>
            <column name="date">1406846112</column>
            <column name="name">cehtrowim</column>
            <column name="text">http://t.co/pIprYieNXY Оформить кредит онлайн банк москвы</column>
            <column name="sberbank">NULL</column>
            <column name="vtb">NULL</column>
            <column name="gazprom">NULL</column>
            <column name="alfabank">NULL</column>
            <column name="bankmoskvy">0</column>
            <column name="raiffeisen">NULL</column>
            <column name="uralsib">NULL</column>
            <column name="rshb">NULL</column>
        </table>
        <table name="bank">
            <column name="id">2171</column>
            <column name="twitid">494975414834840000</column>
            <column name="date">1406846309</column>
            <column name="name">eronymusHi</column>
            <column name="text">http://t.co/EyX99o0QVK Райффайзенбанк взять кредит наличными</column>
            <column name="sberbank">NULL</column>
            <column name="vtb">NULL</column>
            <column name="gazprom">NULL</column>
            <column name="alfabank">NULL</column>
            <column name="bankmoskvy">NULL</column>
            <column name="raiffeisen">0</column>
            <column name="uralsib">NULL</column>
            <column name="rshb">NULL</column>
        </table>
        <table name="bank">
            <column name="id">2172</column>
            <column name="twitid">494975651427150000</column>
            <column name="date">1406846366</column>
            <column name="name">sfeol51</column>
            <column name="text">RT @Alex_01777: Сбербанк обладает всеми ресурсами для работы в условиях санкций ЕС: Сбербанк с сожалением воспринимает факт вв... http://t.…</column>
            <column name="sberbank">1</column>
            <column name="vtb">NULL</column>
            <column name="gazprom">NULL</column>
            <column name="alfabank">NULL</column>
            <column name="bankmoskvy">NULL</column>
            <column name="raiffeisen">NULL</column>
            <column name="uralsib">NULL</column>
            <column name="rshb">NULL</column>
        </table>
        <table name="bank">
            <column name="id">2173</column>
            <column name="twitid">494975836265930000</column>
            <column name="date">1406846410</column>
            <column name="name">evTwifor</column>
            <column name="text">http://t.co/8hqRyfhhnn Взять кредит в россельхозбанке в серпухове</column>
            <column name="sberbank">NULL</column>
            <column name="vtb">NULL</column>
            <column name="gazprom">NULL</column>
            <column name="alfabank">NULL</column>
            <column name="bankmoskvy">NULL</column>
            <column name="raiffeisen">NULL</column>
            <column name="uralsib">NULL</column>
            <column name="rshb">0</column>
        </table>
        <table name="bank">
            <column name="id">2174</column>
            <column name="twitid">494976615731200000</column>
            <column name="date">1406846596</column>
            <column name="name">Yokky88</column>
            <column name="text">RT @RobertBik: Экономист Сергей Гуриев - о санкциях ЕС против Сбербанка, ВТБ, Газпромбанка, Внешэкономбанка и Россельхозбанка
http://t.co/D…</column>
            <column name="sberbank">-1</column>
            <column name="vtb">-1</column>
            <column name="gazprom">-1</column>
            <column name="alfabank">NULL</column>
            <column name="bankmoskvy">NULL</column>
            <column name="raiffeisen">NULL</column>
            <column name="uralsib">NULL</column>
            <column name="rshb">-1</column>
        </table>
        <table name="bank">
            <column name="id">2175</column>
            <column name="twitid">494977160780980000</column>
            <column name="date">1406846726</column>
            <column name="name">kozulubadon</column>
            <column name="text">RT @risomaticin: А по факту - почти в 2 раза больше. При этом наш родной Сбербанк в Европе выдает ипотечные кредиты под 3-4% годовых.</column>
            <column name="sberbank">-1</column>
            <column name="vtb">NULL</column>
            <column name="gazprom">NULL</column>
            <column name="alfabank">NULL</column>
            <column name="bankmoskvy">NULL</column>
            <column name="raiffeisen">NULL</column>
            <column name="uralsib">NULL</column>
            <column name="rshb">NULL</column>
        </table>
        <table name="bank">
            <column name="id">2176</column>
            <column name="twitid">494977446362760000</column>
            <column name="date">1406846794</column>
            <column name="name">selliKui</column>
            <column name="text">http://t.co/xEZzYP4Tcp www vtb bank by кредит</column>
            <column name="sberbank">NULL</column>
            <column name="vtb">0</column>
            <column name="gazprom">NULL</column>
            <column name="alfabank">NULL</column>
            <column name="bankmoskvy">NULL</column>
            <column name="raiffeisen">NULL</column>
            <column name="uralsib">NULL</column>
            <column name="rshb">NULL</column>
        </table>
        <table name="bank">
            <column name="id">2177</column>
            <column name="twitid">494980079009530000</column>
            <column name="date">1406847421</column>
            <column name="name">BezlimitRu</column>
            <column name="text">Санкции распространяются на Сбербанк http://t.co/cJj3HSSoRb</column>
            <column name="sberbank">-1</column>
            <column name="vtb">NULL</column>
            <column name="gazprom">NULL</column>
            <column name="alfabank">NULL</column>
            <column name="bankmoskvy">NULL</column>
            <column name="raiffeisen">NULL</column>
            <column name="uralsib">NULL</column>
            <column name="rshb">NULL</column>
        </table>
        <table name="bank">
            <column name="id">2178</column>
            <column name="twitid">494980729374520000</column>
            <column name="date">1406847576</column>
            <column name="name">teiaSteinl</column>
            <column name="text">http://t.co/CIeDTQmSot Взять кредит в газпромбанке в барнауле</column>
            <column name="sberbank">NULL</column>
            <column name="vtb">NULL</column>
            <column name="gazprom">0</column>
            <column name="alfabank">NULL</column>
            <column name="bankmoskvy">NULL</column>
            <column name="raiffeisen">NULL</column>
            <column name="uralsib">NULL</column>
            <column name="rshb">NULL</column>
        </table>
        <table name="bank">
            <column name="id">2179</column>
            <column name="twitid">494981005363510000</column>
            <column name="date">1406847642</column>
            <column name="name">Tenerezza27</column>
            <column name="text">Новости банков: Банк ВТБ собирается консолидировать 100% акций &quot;Галс-Девелопмента&quot;  #банки #кредиты</column>
            <column name="sberbank">NULL</column>
            <column name="vtb">0</column>
            <column name="gazprom">NULL</column>
            <column name="alfabank">NULL</column>
            <column name="bankmoskvy">NULL</column>
            <column name="raiffeisen">NULL</column>
            <column name="uralsib">NULL</column>
            <column name="rshb">NULL</column>
        </table>
        <table name="bank">
            <column name="id">2180</column>
            <column name="twitid">494981469329450000</column>
            <column name="date">1406847753</column>
            <column name="name">evTwifor</column>
            <column name="text">http://t.co/pNxOQksQZ9 Сбербанк как оформить кредит на строительсво</column>
            <column name="sberbank">0</column>
            <column name="vtb">NULL</column>
            <column name="gazprom">NULL</column>
            <column name="alfabank">NULL</column>
            <column name="bankmoskvy">NULL</column>
            <column name="raiffeisen">NULL</column>
            <column name="uralsib">NULL</column>
            <column name="rshb">NULL</column>
        </table>
        <table name="bank">
            <column name="id">2181</column>
            <column name="twitid">494981517912080000</column>
            <column name="date">1406847764</column>
            <column name="name">bbaHawth</column>
            <column name="text">http://t.co/DXNkdix35L Взять кредит райффайзен банк</column>
            <column name="sberbank">NULL</column>
            <column name="vtb">NULL</column>
            <column name="gazprom">NULL</column>
            <column name="alfabank">NULL</column>
            <column name="bankmoskvy">NULL</column>
            <column name="raiffeisen">0</column>
            <column name="uralsib">NULL</column>
            <column name="rshb">NULL</column>
        </table>
        <table name="bank">
            <column name="id">2182</column>
            <column name="twitid">494983384830350000</column>
            <column name="date">1406848209</column>
            <column name="name">seapvlid26</column>
            <column name="text">http://t.co/xeEOecoaMx Взять кредит в втб 24 с картой</column>
            <column name="sberbank">NULL</column>
            <column name="vtb">0</column>
            <column name="gazprom">NULL</column>
            <column name="alfabank">NULL</column>
            <column name="bankmoskvy">NULL</column>
            <column name="raiffeisen">NULL</column>
            <column name="uralsib">NULL</column>
            <column name="rshb">NULL</column>
        </table>
        <table name="bank">
            <column name="id">2183</column>
            <column name="twitid">494983400957440000</column>
            <column name="date">1406848213</column>
            <column name="name">yannewsru</column>
            <column name="text">Евросоюз наказал за Украину Сбербанк и еще 4 банка из РФ http://t.co/7CZ2DwNot3</column>
            <column name="sberbank">-1</column>
            <column name="vtb">NULL</column>
            <column name="gazprom">NULL</column>
            <column name="alfabank">NULL</column>
            <column name="bankmoskvy">NULL</column>
            <column name="raiffeisen">NULL</column>
            <column name="uralsib">NULL</column>
            <column name="rshb">NULL</column>
        </table>
        <table name="bank">
            <column name="id">2184</column>
            <column name="twitid">494983508738440000</column>
            <column name="date">1406848239</column>
            <column name="name">yraqosho</column>
            <column name="text">http://t.co/glPKGG1XvD Как получить кредит в россельхозбанке г тверь</column>
            <column name="sberbank">NULL</column>
            <column name="vtb">NULL</column>
            <column name="gazprom">NULL</column>
            <column name="alfabank">NULL</column>
            <column name="bankmoskvy">NULL</column>
            <column name="raiffeisen">NULL</column>
            <column name="uralsib">NULL</column>
            <column name="rshb">0</column>
        </table>
        <table name="bank">
            <column name="id">2185</column>
            <column name="twitid">494984018346380000</column>
            <column name="date">1406848361</column>
            <column name="name">nataliya1943</column>
            <column name="text">RT @lenta_super: Сбербанк и ВТБ пообещали выполнить обязательства перед клиентами http://t.co/vJ2vDp4Bly</column>
            <column name="sberbank">1</column>
            <column name="vtb">1</column>
            <column name="gazprom">NULL</column>
            <column name="alfabank">NULL</column>
            <column name="bankmoskvy">NULL</column>
            <column name="raiffeisen">NULL</column>
            <column name="uralsib">NULL</column>
            <column name="rshb">NULL</column>
        </table>
        <table name="bank">
            <column name="id">2186</column>
            <column name="twitid">494984298408080000</column>
            <column name="date">1406848427</column>
            <column name="name">worldnewsday</column>
            <column name="text">Lenta.ru | Сбербанк и ВТБ пообещали выполнить обязательства перед клиентами http://t.co/1X8MsjVXlp</column>
            <column name="sberbank">1</column>
            <column name="vtb">1</column>
            <column name="gazprom">NULL</column>
            <column name="alfabank">NULL</column>
            <column name="bankmoskvy">NULL</column>
            <column name="raiffeisen">NULL</column>
            <column name="uralsib">NULL</column>
            <column name="rshb">NULL</column>
        </table>
        <table name="bank">
            <column name="id">2187</column>
            <column name="twitid">494984614587280000</column>
            <column name="date">1406848503</column>
            <column name="name">ValeryShishkin</column>
            <column name="text">Сбербанк и ВТБ пообещали выполнить обязательства перед клиентами: Сбербанк и ВТБ негативно оценили решение Евр... http://t.co/2JDQyV4JzN</column>
            <column name="sberbank">1</column>
            <column name="vtb">1</column>
            <column name="gazprom">NULL</column>
            <column name="alfabank">NULL</column>
            <column name="bankmoskvy">NULL</column>
            <column name="raiffeisen">NULL</column>
            <column name="uralsib">NULL</column>
            <column name="rshb">NULL</column>
        </table>
        <table name="bank">
            <column name="id">2188</column>
            <column name="twitid">494985127475580000</column>
            <column name="date">1406848625</column>
            <column name="name">xyjmashy</column>
            <column name="text">http://t.co/uxvZEcesqr Сбербанк кредит хоть я не работаю могу взять или нет</column>
            <column name="sberbank">0</column>
            <column name="vtb">NULL</column>
            <column name="gazprom">NULL</column>
            <column name="alfabank">NULL</column>
            <column name="bankmoskvy">NULL</column>
            <column name="raiffeisen">NULL</column>
            <column name="uralsib">NULL</column>
            <column name="rshb">NULL</column>
        </table>
        <table name="bank">
            <column name="id">2189</column>
            <column name="twitid">494985157951360000</column>
            <column name="date">1406848632</column>
            <column name="name">ehorlakuq</column>
            <column name="text">http://t.co/d2hYtTr9hB Сбербанк россии как получить кредит на развитие</column>
            <column name="sberbank">0</column>
            <column name="vtb">NULL</column>
            <column name="gazprom">NULL</column>
            <column name="alfabank">NULL</column>
            <column name="bankmoskvy">NULL</column>
            <column name="raiffeisen">NULL</column>
            <column name="uralsib">NULL</column>
            <column name="rshb">NULL</column>
        </table>
        <table name="bank">
            <column name="id">2190</column>
            <column name="twitid">494985214444070000</column>
            <column name="date">1406848646</column>
            <column name="name">pnolevomp</column>
            <column name="text">http://t.co/dNKZM0nRDe россельхозбанк ипотечный кредит</column>
            <column name="sberbank">NULL</column>
            <column name="vtb">NULL</column>
            <column name="gazprom">NULL</column>
            <column name="alfabank">NULL</column>
            <column name="bankmoskvy">NULL</column>
            <column name="raiffeisen">NULL</column>
            <column name="uralsib">NULL</column>
            <column name="rshb">0</column>
        </table>
        <table name="bank">
            <column name="id">2191</column>
            <column name="twitid">494986198876980000</column>
            <column name="date">1406848880</column>
            <column name="name">lsbyeMayr</column>
            <column name="text">http://t.co/wjZovzPeUt Взять кредит втб 24 онлайн в климовке</column>
            <column name="sberbank">NULL</column>
            <column name="vtb">0</column>
            <column name="gazprom">NULL</column>
            <column name="alfabank">NULL</column>
            <column name="bankmoskvy">NULL</column>
            <column name="raiffeisen">NULL</column>
            <column name="uralsib">NULL</column>
            <column name="rshb">NULL</column>
        </table>
        <table name="bank">
            <column name="id">2192</column>
            <column name="twitid">494986242396670000</column>
            <column name="date">1406848891</column>
            <column name="name">Nataly_Canada</column>
            <column name="text">RT @sermark: Под санкции ЕС попали Сбербанк, ВТБ, Газпромбанк, ВЭБ и Россельхозбанк http://t.co/Pmtri507j5 // а ЦБ и дальше будет ЗВР в США…</column>
            <column name="sberbank">-1</column>
            <column name="vtb">-1</column>
            <column name="gazprom">-1</column>
            <column name="alfabank">NULL</column>
            <column name="bankmoskvy">NULL</column>
            <column name="raiffeisen">NULL</column>
            <column name="uralsib">NULL</column>
            <column name="rshb">-1</column>
        </table>
        <table name="bank">
            <column name="id">2193</column>
            <column name="twitid">494986999594370000</column>
            <column name="date">1406849071</column>
            <column name="name">BoppGaitan</column>
            <column name="text">бланк перевода сбербанк http://t.co/kr9YQkRSdn #бланк</column>
            <column name="sberbank">0</column>
            <column name="vtb">NULL</column>
            <column name="gazprom">NULL</column>
            <column name="alfabank">NULL</column>
            <column name="bankmoskvy">NULL</column>
            <column name="raiffeisen">NULL</column>
            <column name="uralsib">NULL</column>
            <column name="rshb">NULL</column>
        </table>
        <table name="bank">
            <column name="id">2194</column>
            <column name="twitid">494987749746040000</column>
            <column name="date">1406849250</column>
            <column name="name">_537495650414</column>
            <column name="text">Новые санкции ЕС коснутся Сбербанка, ВТБ, Газпромбанка, Внешэкономбанка, Россельхозбанка http://t.co/9DaA52sXu4</column>
            <column name="sberbank">-1</column>
            <column name="vtb">-1</column>
            <column name="gazprom">-1</column>
            <column name="alfabank">NULL</column>
            <column name="bankmoskvy">NULL</column>
            <column name="raiffeisen">NULL</column>
            <column name="uralsib">NULL</column>
            <column name="rshb">-1</column>
        </table>
        <table name="bank">
            <column name="id">2195</column>
            <column name="twitid">494989488725050000</column>
            <column name="date">1406849665</column>
            <column name="name">myLegnica</column>
            <column name="text">#Новости #Экономика Сбербанк счел санкции опасными для глобальной финансовой системы http://t.co/iZjIIRYkRE</column>
            <column name="sberbank">0</column>
            <column name="vtb">NULL</column>
            <column name="gazprom">NULL</column>
            <column name="alfabank">NULL</column>
            <column name="bankmoskvy">NULL</column>
            <column name="raiffeisen">NULL</column>
            <column name="uralsib">NULL</column>
            <column name="rshb">NULL</column>
        </table>
        <table name="bank">
            <column name="id">2196</column>
            <column name="twitid">494989582891360000</column>
            <column name="date">1406849687</column>
            <column name="name">moldsu</column>
            <column name="text">#novosti Сбербанк и ВТБ пообещали выполнить обязательства перед клиентами: Банки, попавшие под санкции Евросою... http://t.co/dFuHt1ZYrV</column>
            <column name="sberbank">1</column>
            <column name="vtb">1</column>
            <column name="gazprom">NULL</column>
            <column name="alfabank">NULL</column>
            <column name="bankmoskvy">NULL</column>
            <column name="raiffeisen">NULL</column>
            <column name="uralsib">NULL</column>
            <column name="rshb">NULL</column>
        </table>
        <table name="bank">
            <column name="id">2197</column>
            <column name="twitid">494989585546350000</column>
            <column name="date">1406849688</column>
            <column name="name">newsp2p</column>
            <column name="text">#novosti Сбербанк и ВТБ пообещали выполнить обязательства перед клиентами: Банки, попавшие под санкции Евросою... http://t.co/vcRG2BfFsN</column>
            <column name="sberbank">1</column>
            <column name="vtb">1</column>
            <column name="gazprom">NULL</column>
            <column name="alfabank">NULL</column>
            <column name="bankmoskvy">NULL</column>
            <column name="raiffeisen">NULL</column>
            <column name="uralsib">NULL</column>
            <column name="rshb">NULL</column>
        </table>
        <table name="bank">
            <column name="id">2198</column>
            <column name="twitid">494989620988220000</column>
            <column name="date">1406849696</column>
            <column name="name">69palezGARRY</column>
            <column name="text">@s_nik @prezidenty Сбербанк и ВТБ пообещали выполнить обязательства перед клиентами: Банки, попавшие под санкц... http://t.co/dkLk5m2RmM</column>
            <column name="sberbank">1</column>
            <column name="vtb">1</column>
            <column name="gazprom">NULL</column>
            <column name="alfabank">NULL</column>
            <column name="bankmoskvy">NULL</column>
            <column name="raiffeisen">NULL</column>
            <column name="uralsib">NULL</column>
            <column name="rshb">NULL</column>
        </table>
        <table name="bank">
            <column name="id">2199</column>
            <column name="twitid">494989623085390000</column>
            <column name="date">1406849697</column>
            <column name="name">IVANKA1DDI</column>
            <column name="text">@s_nik @prezidenty Сбербанк и ВТБ пообещали выполнить обязательства перед клиентами: Банки, попавшие под санкц... http://t.co/dLTWWtg05s</column>
            <column name="sberbank">1</column>
            <column name="vtb">1</column>
            <column name="gazprom">NULL</column>
            <column name="alfabank">NULL</column>
            <column name="bankmoskvy">NULL</column>
            <column name="raiffeisen">NULL</column>
            <column name="uralsib">NULL</column>
            <column name="rshb">NULL</column>
        </table>
        <table name="bank">
            <column name="id">2200</column>
            <column name="twitid">494989625014750000</column>
            <column name="date">1406849697</column>
            <column name="name">f_rak</column>
            <column name="text">@s_nik @prezidenty Сбербанк и ВТБ пообещали выполнить обязательства перед клиентами: Банки, попавшие под санкц... http://t.co/Klz3saIwe3</column>
            <column name="sberbank">1</column>
            <column name="vtb">1</column>
            <column name="gazprom">NULL</column>
            <column name="alfabank">NULL</column>
            <column name="bankmoskvy">NULL</column>
            <column name="raiffeisen">NULL</column>
            <column name="uralsib">NULL</column>
            <column name="rshb">NULL</column>
        </table>
    </database>
</pma_xml_export>