<?xml version="1.0" encoding="utf-8"?>
<!--
- phpMyAdmin XML Dump
- version 4.0.4.1
- http://www.phpmyadmin.net
-
- Хост: localhost
- Время создания: Окт 28 2014 г., 09:03
- Версия сервера: 5.6.12
- Версия PHP: 5.5.3
-->
<pma_xml_export version="1.0" xmlns:pma="http://www.phpmyadmin.net/some_doc_url/">
  <!--
    - Structure schemas
    -->
  <pma:structure_schemas>
    <pma:database name="Romip" collation="utf8_general_ci" charset="utf8">
      <pma:table name="bank">
                CREATE TABLE `bank` (
                  `id` int(11) NOT NULL AUTO_INCREMENT,
                  `twitid` bigint(32) NOT NULL DEFAULT '0',
                  `date` varchar(128) DEFAULT NULL,
                  `name` varchar(128) DEFAULT NULL,
                  `text` varchar(256) DEFAULT NULL,
                  `sberbank` int(11) DEFAULT NULL,
                  `vtb` int(11) DEFAULT NULL,
                  `gazprom` int(11) DEFAULT NULL,
                  `alfabank` int(11) DEFAULT NULL,
                  `bankmoskvy` int(11) DEFAULT NULL,
                  `raiffeisen` int(11) DEFAULT NULL,
                  `uralsib` int(11) DEFAULT NULL,
                  `rshb` int(11) DEFAULT NULL,
                  PRIMARY KEY (`id`),
                  UNIQUE KEY `id` (`twitid`)
                ) ENGINE=InnoDB AUTO_INCREMENT=7924 DEFAULT CHARSET=utf8;
            </pma:table>
    </pma:database>
  </pma:structure_schemas>
  <!--
    - База данных: 'Romip'
    -->
  <database name="Romip">
    <!-- Таблица bank -->
    <table name="bank">
      <column name="id">1</column>
      <column name="twitid">492367586156630000</column>
      <column name="date">1406224554</column>
      <column name="name">mpsonLaste</column>
      <column name="text">http://t.co/YEVHuvVGA1 Взять кредит тюмень альфа банк</column>
      <column name="sberbank">NULL</column>
      <column name="vtb">NULL</column>
      <column name="gazprom">NULL</column>
      <column name="alfabank">0</column>
      <column name="bankmoskvy">NULL</column>
      <column name="raiffeisen">NULL</column>
      <column name="uralsib">NULL</column>
      <column name="rshb">NULL</column>
    </table>
    <table name="bank">
      <column name="id">2</column>
      <column name="twitid">492368160923070000</column>
      <column name="date">1406224691</column>
      <column name="name">brianneritrstic</column>
      <column name="text">Мнение о кредитной карте втб 24 http://t.co/SBJTcsqjCg</column>
      <column name="sberbank">NULL</column>
      <column name="vtb">0</column>
      <column name="gazprom">NULL</column>
      <column name="alfabank">NULL</column>
      <column name="bankmoskvy">NULL</column>
      <column name="raiffeisen">NULL</column>
      <column name="uralsib">NULL</column>
      <column name="rshb">NULL</column>
    </table>
    <table name="bank">
      <column name="id">3</column>
      <column name="twitid">492368608346260000</column>
      <column name="date">1406224798</column>
      <column name="name">InysikXd</column>
      <column name="text">«Райффайзенбанк»: Снижение ключевой ставки ЦБ на заседании в эту пятницу очень маловероятно</column>
      <column name="sberbank">NULL</column>
      <column name="vtb">NULL</column>
      <column name="gazprom">NULL</column>
      <column name="alfabank">NULL</column>
      <column name="bankmoskvy">NULL</column>
      <column name="raiffeisen">0</column>
      <column name="uralsib">NULL</column>
      <column name="rshb">NULL</column>
    </table>
    <table name="bank">
      <column name="id">4</column>
      <column name="twitid">492371181946030000</column>
      <column name="date">1406225412</column>
      <column name="name">ladyelfmaster20</column>
      <column name="text">Современное состояние кредитного поведения в россии сбербанк http://t.co/EXAX01uR0h</column>
      <column name="sberbank">0</column>
      <column name="vtb">NULL</column>
      <column name="gazprom">NULL</column>
      <column name="alfabank">NULL</column>
      <column name="bankmoskvy">NULL</column>
      <column name="raiffeisen">NULL</column>
      <column name="uralsib">NULL</column>
      <column name="rshb">NULL</column>
    </table>
    <table name="bank">
      <column name="id">5</column>
      <column name="twitid">492374836564750000</column>
      <column name="date">1406226283</column>
      <column name="name">uabuyinfo</column>
      <column name="text">@sawik_shuster @YevhenS Главное чтоб банки СБЕР и ВТБ!!!</column>
      <column name="sberbank">1</column>
      <column name="vtb">1</column>
      <column name="gazprom">NULL</column>
      <column name="alfabank">NULL</column>
      <column name="bankmoskvy">NULL</column>
      <column name="raiffeisen">NULL</column>
      <column name="uralsib">NULL</column>
      <column name="rshb">NULL</column>
    </table>
    <table name="bank">
      <column name="id">6</column>
      <column name="twitid">492375537080600000</column>
      <column name="date">1406226450</column>
      <column name="name">hiiThorn</column>
      <column name="text">http://t.co/Qr6JbSVTxY Оформить краткосрочный кредит оао банк москвы</column>
      <column name="sberbank">NULL</column>
      <column name="vtb">NULL</column>
      <column name="gazprom">NULL</column>
      <column name="alfabank">NULL</column>
      <column name="bankmoskvy">0</column>
      <column name="raiffeisen">NULL</column>
      <column name="uralsib">NULL</column>
      <column name="rshb">NULL</column>
    </table>
    <table name="bank">
      <column name="id">7</column>
      <column name="twitid">492375766907510000</column>
      <column name="date">1406226505</column>
      <column name="name">bolecozab</column>
      <column name="text">Самый выгодный автокредит в втб 24 http://t.co/CDJ5P40x7g</column>
      <column name="sberbank">NULL</column>
      <column name="vtb">1</column>
      <column name="gazprom">NULL</column>
      <column name="alfabank">NULL</column>
      <column name="bankmoskvy">NULL</column>
      <column name="raiffeisen">NULL</column>
      <column name="uralsib">NULL</column>
      <column name="rshb">NULL</column>
    </table>
    <table name="bank">
      <column name="id">8</column>
      <column name="twitid">492376193791190000</column>
      <column name="date">1406226607</column>
      <column name="name">VRebyata</column>
      <column name="text">Похоже завтра Сбербанк и ВТБ присоединяется к национальной неоплатной системе</column>
      <column name="sberbank">+-</column>
      <column name="vtb">+-</column>
      <column name="gazprom">NULL</column>
      <column name="alfabank">NULL</column>
      <column name="bankmoskvy">NULL</column>
      <column name="raiffeisen">NULL</column>
      <column name="uralsib">NULL</column>
      <column name="rshb">NULL</column>
    </table>
    <table name="bank">
      <column name="id">9</column>
      <column name="twitid">492377674535680000</column>
      <column name="date">1406226960</column>
      <column name="name">buxivylu</column>
      <column name="text">Кредит иногородним в москве сбербанк http://t.co/AVlmacmlSf</column>
      <column name="sberbank">0</column>
      <column name="vtb">NULL</column>
      <column name="gazprom">NULL</column>
      <column name="alfabank">NULL</column>
      <column name="bankmoskvy">NULL</column>
      <column name="raiffeisen">NULL</column>
      <column name="uralsib">NULL</column>
      <column name="rshb">NULL</column>
    </table>
    <table name="bank">
      <column name="id">10</column>
      <column name="twitid">492377768232250000</column>
      <column name="date">1406226982</column>
      <column name="name">vebebggrop</column>
      <column name="text">Кредитный калькулятор россельхозбанк чита http://t.co/EqtmPota1G</column>
      <column name="sberbank">NULL</column>
      <column name="vtb">NULL</column>
      <column name="gazprom">NULL</column>
      <column name="alfabank">NULL</column>
      <column name="bankmoskvy">NULL</column>
      <column name="raiffeisen">NULL</column>
      <column name="uralsib">NULL</column>
      <column name="rshb">0</column>
    </table>
    <table name="bank">
      <column name="id">11</column>
      <column name="twitid">492378757769220000</column>
      <column name="date">1406227218</column>
      <column name="name">endHaugh</column>
      <column name="text">http://t.co/h6r6GdBe4H Легко можно получить денежный кредит ы втб 24 банке</column>
      <column name="sberbank">NULL</column>
      <column name="vtb">1</column>
      <column name="gazprom">NULL</column>
      <column name="alfabank">NULL</column>
      <column name="bankmoskvy">NULL</column>
      <column name="raiffeisen">NULL</column>
      <column name="uralsib">NULL</column>
      <column name="rshb">NULL</column>
    </table>
    <table name="bank">
      <column name="id">12</column>
      <column name="twitid">492378758372800000</column>
      <column name="date">1406227218</column>
      <column name="name">svetamvmv</column>
      <column name="text">ДЕЛО -  На 1 млрд грн ушел в минус Райффайзен Банк Аваль и была докапитализирована украинская &quot;дочка&quot; ВТБ</column>
      <column name="sberbank">NULL</column>
      <column name="vtb">0</column>
      <column name="gazprom">NULL</column>
      <column name="alfabank">NULL</column>
      <column name="bankmoskvy">NULL</column>
      <column name="raiffeisen">-1</column>
      <column name="uralsib">NULL</column>
      <column name="rshb">NULL</column>
    </table>
    <table name="bank">
      <column name="id">13</column>
      <column name="twitid">492379779946260000</column>
      <column name="date">1406227462</column>
      <column name="name">delsielzommccla</column>
      <column name="text">Део нексия в кредит в альфа банке http://t.co/4nBxtHbczE</column>
      <column name="sberbank">NULL</column>
      <column name="vtb">NULL</column>
      <column name="gazprom">NULL</column>
      <column name="alfabank">0</column>
      <column name="bankmoskvy">NULL</column>
      <column name="raiffeisen">NULL</column>
      <column name="uralsib">NULL</column>
      <column name="rshb">NULL</column>
    </table>
    <table name="bank">
      <column name="id">14</column>
      <column name="twitid">492379780881590000</column>
      <column name="date">1406227462</column>
      <column name="name">bangssdevin</column>
      <column name="text">Россельхозбанк кредит стань фермером http://t.co/a7LU5KQT15</column>
      <column name="sberbank">NULL</column>
      <column name="vtb">NULL</column>
      <column name="gazprom">NULL</column>
      <column name="alfabank">NULL</column>
      <column name="bankmoskvy">NULL</column>
      <column name="raiffeisen">NULL</column>
      <column name="uralsib">NULL</column>
      <column name="rshb">0</column>
    </table>
    <table name="bank">
      <column name="id">15</column>
      <column name="twitid">492380298458710000</column>
      <column name="date">1406227585</column>
      <column name="name">ofyvjyki</column>
      <column name="text">http://t.co/CuNsxVhAb0 Банк втб взять кредит 40000</column>
      <column name="sberbank">NULL</column>
      <column name="vtb">0</column>
      <column name="gazprom">NULL</column>
      <column name="alfabank">NULL</column>
      <column name="bankmoskvy">NULL</column>
      <column name="raiffeisen">NULL</column>
      <column name="uralsib">NULL</column>
      <column name="rshb">NULL</column>
    </table>
    <table name="bank">
      <column name="id">16</column>
      <column name="twitid">492384109483000000</column>
      <column name="date">1406228494</column>
      <column name="name">Bloorgard</column>
      <column name="text">@ShtirliZ_ @Zhukova_olga @winzard @tereshenkov обязательно про сбербанк напишите! Временами похлеще интернет магазинов финты выкручивает)</column>
      <column name="sberbank">-1</column>
      <column name="vtb">NULL</column>
      <column name="gazprom">NULL</column>
      <column name="alfabank">NULL</column>
      <column name="bankmoskvy">NULL</column>
      <column name="raiffeisen">NULL</column>
      <column name="uralsib">NULL</column>
      <column name="rshb">NULL</column>
    </table>
    <table name="bank">
      <column name="id">17</column>
      <column name="twitid">492384237199580000</column>
      <column name="date">1406228524</column>
      <column name="name">lyrycare</column>
      <column name="text">Расчитать кредит сбер банк россии в москве http://t.co/oHrZJ3uFEe</column>
      <column name="sberbank">0</column>
      <column name="vtb">NULL</column>
      <column name="gazprom">NULL</column>
      <column name="alfabank">NULL</column>
      <column name="bankmoskvy">NULL</column>
      <column name="raiffeisen">NULL</column>
      <column name="uralsib">NULL</column>
      <column name="rshb">NULL</column>
    </table>
    <table name="bank">
      <column name="id">18</column>
      <column name="twitid">492384237631570000</column>
      <column name="date">1406228524</column>
      <column name="name">madeleineujfkni</column>
      <column name="text">Кредит в газпром банке тула http://t.co/jqt7NfDbma</column>
      <column name="sberbank">NULL</column>
      <column name="vtb">NULL</column>
      <column name="gazprom">0</column>
      <column name="alfabank">NULL</column>
      <column name="bankmoskvy">NULL</column>
      <column name="raiffeisen">NULL</column>
      <column name="uralsib">NULL</column>
      <column name="rshb">NULL</column>
    </table>
    <table name="bank">
      <column name="id">19</column>
      <column name="twitid">492384320926260000</column>
      <column name="date">1406228544</column>
      <column name="name">mycivodiwyh</column>
      <column name="text">Кредитный калькулятор сбербанк россии http://t.co/MGS8yMyXJA</column>
      <column name="sberbank">0</column>
      <column name="vtb">NULL</column>
      <column name="gazprom">NULL</column>
      <column name="alfabank">NULL</column>
      <column name="bankmoskvy">NULL</column>
      <column name="raiffeisen">NULL</column>
      <column name="uralsib">NULL</column>
      <column name="rshb">NULL</column>
    </table>
    <table name="bank">
      <column name="id">20</column>
      <column name="twitid">492385371649740000</column>
      <column name="date">1406228795</column>
      <column name="name">Pablo_Crow</column>
      <column name="text">@Umka_75 @Alfarius2012 @igor_sechin втб и сбер точно. вопрос-блокировка операций или запрет на кредиты?</column>
      <column name="sberbank">-1</column>
      <column name="vtb">-1</column>
      <column name="gazprom">NULL</column>
      <column name="alfabank">NULL</column>
      <column name="bankmoskvy">NULL</column>
      <column name="raiffeisen">NULL</column>
      <column name="uralsib">NULL</column>
      <column name="rshb">NULL</column>
    </table>
    <table name="bank">
      <column name="id">21</column>
      <column name="twitid">492385727242850000</column>
      <column name="date">1406228880</column>
      <column name="name">ilahPress</column>
      <column name="text">http://t.co/Snn5WoPVcf Взять кредит строительство магазина россельхозбанк</column>
      <column name="sberbank">NULL</column>
      <column name="vtb">NULL</column>
      <column name="gazprom">NULL</column>
      <column name="alfabank">NULL</column>
      <column name="bankmoskvy">NULL</column>
      <column name="raiffeisen">NULL</column>
      <column name="uralsib">NULL</column>
      <column name="rshb">0</column>
    </table>
    <table name="bank">
      <column name="id">22</column>
      <column name="twitid">492401325649690000</column>
      <column name="date">1406232599</column>
      <column name="name">cyjxrsc</column>
      <column name="text">Льготный период по кредитной карте втб 24 http://t.co/5O4yDMadhK</column>
      <column name="sberbank">NULL</column>
      <column name="vtb">0</column>
      <column name="gazprom">NULL</column>
      <column name="alfabank">NULL</column>
      <column name="bankmoskvy">NULL</column>
      <column name="raiffeisen">NULL</column>
      <column name="uralsib">NULL</column>
      <column name="rshb">NULL</column>
    </table>
    <table name="bank">
      <column name="id">23</column>
      <column name="twitid">492506491879190000</column>
      <column name="date">1406257672</column>
      <column name="name">emaufvlper</column>
      <column name="text">http://t.co/SqAiEPURl0 Казань банк втб 24 хочу взять кредит мне 20 лет</column>
      <column name="sberbank">NULL</column>
      <column name="vtb">0</column>
      <column name="gazprom">NULL</column>
      <column name="alfabank">NULL</column>
      <column name="bankmoskvy">NULL</column>
      <column name="raiffeisen">NULL</column>
      <column name="uralsib">NULL</column>
      <column name="rshb">NULL</column>
    </table>
    <table name="bank">
      <column name="id">24</column>
      <column name="twitid">492506495830200000</column>
      <column name="date">1406257673</column>
      <column name="name">vsaRancou</column>
      <column name="text">http://t.co/YtapffQchW Как взять кредит на развитие хозяйства россельхозбанк</column>
      <column name="sberbank">NULL</column>
      <column name="vtb">NULL</column>
      <column name="gazprom">NULL</column>
      <column name="alfabank">NULL</column>
      <column name="bankmoskvy">NULL</column>
      <column name="raiffeisen">NULL</column>
      <column name="uralsib">NULL</column>
      <column name="rshb">0</column>
    </table>
    <table name="bank">
      <column name="id">25</column>
      <column name="twitid">492508060754390000</column>
      <column name="date">1406258046</column>
      <column name="name">shauntaudcswart</column>
      <column name="text">Оао банк втб северо запад в спб автокредит http://t.co/G0Y5Y292P0</column>
      <column name="sberbank">NULL</column>
      <column name="vtb">0</column>
      <column name="gazprom">NULL</column>
      <column name="alfabank">NULL</column>
      <column name="bankmoskvy">NULL</column>
      <column name="raiffeisen">NULL</column>
      <column name="uralsib">NULL</column>
      <column name="rshb">NULL</column>
    </table>
    <table name="bank">
      <column name="id">26</column>
      <column name="twitid">492508625018310000</column>
      <column name="date">1406258181</column>
      <column name="name">ederiqueSt</column>
      <column name="text">http://t.co/6sKsurs9OH Оформить заявку на кредит в банк уралсиб</column>
      <column name="sberbank">NULL</column>
      <column name="vtb">NULL</column>
      <column name="gazprom">NULL</column>
      <column name="alfabank">NULL</column>
      <column name="bankmoskvy">NULL</column>
      <column name="raiffeisen">NULL</column>
      <column name="uralsib">0</column>
      <column name="rshb">NULL</column>
    </table>
    <table name="bank">
      <column name="id">27</column>
      <column name="twitid">492508970482160000</column>
      <column name="date">1406258263</column>
      <column name="name">hbertMar</column>
      <column name="text">http://t.co/v4cogwQQ1g Взять кредит в газпромбанке какие условия</column>
      <column name="sberbank">NULL</column>
      <column name="vtb">NULL</column>
      <column name="gazprom">0</column>
      <column name="alfabank">NULL</column>
      <column name="bankmoskvy">NULL</column>
      <column name="raiffeisen">NULL</column>
      <column name="uralsib">NULL</column>
      <column name="rshb">NULL</column>
    </table>
    <table name="bank">
      <column name="id">28</column>
      <column name="twitid">492509863486840000</column>
      <column name="date">1406258476</column>
      <column name="name">razujivabyvu</column>
      <column name="text">Канада ввела санкции против Газпромбанка, ВЭБа, Новатэка и российских оборонных компаний</column>
      <column name="sberbank">NULL</column>
      <column name="vtb">NULL</column>
      <column name="gazprom">-1</column>
      <column name="alfabank">NULL</column>
      <column name="bankmoskvy">NULL</column>
      <column name="raiffeisen">NULL</column>
      <column name="uralsib">NULL</column>
      <column name="rshb">NULL</column>
    </table>
    <table name="bank">
      <column name="id">29</column>
      <column name="twitid">492509998220870000</column>
      <column name="date">1406258508</column>
      <column name="name">elindaHe</column>
      <column name="text">http://t.co/UYLSGYH8P6 Как взять денежный кредит в альфа банке</column>
      <column name="sberbank">NULL</column>
      <column name="vtb">NULL</column>
      <column name="gazprom">NULL</column>
      <column name="alfabank">0</column>
      <column name="bankmoskvy">NULL</column>
      <column name="raiffeisen">NULL</column>
      <column name="uralsib">NULL</column>
      <column name="rshb">NULL</column>
    </table>
    <table name="bank">
      <column name="id">30</column>
      <column name="twitid">492510171139410000</column>
      <column name="date">1406258549</column>
      <column name="name">giqefyqi</column>
      <column name="text">Заявление на потребительский кредит в райффайзенбанк http://t.co/spzDtvyRCH</column>
      <column name="sberbank">NULL</column>
      <column name="vtb">NULL</column>
      <column name="gazprom">NULL</column>
      <column name="alfabank">NULL</column>
      <column name="bankmoskvy">NULL</column>
      <column name="raiffeisen">0</column>
      <column name="uralsib">NULL</column>
      <column name="rshb">NULL</column>
    </table>
    <table name="bank">
      <column name="id">31</column>
      <column name="twitid">492510508420180000</column>
      <column name="date">1406258630</column>
      <column name="name">oqutanusv</column>
      <column name="text">http://t.co/c2r5fpTO6H Сбербанк кредит как получить</column>
      <column name="sberbank">0</column>
      <column name="vtb">NULL</column>
      <column name="gazprom">NULL</column>
      <column name="alfabank">NULL</column>
      <column name="bankmoskvy">NULL</column>
      <column name="raiffeisen">NULL</column>
      <column name="uralsib">NULL</column>
      <column name="rshb">NULL</column>
    </table>
    <table name="bank">
      <column name="id">32</column>
      <column name="twitid">492511039679110000</column>
      <column name="date">1406258756</column>
      <column name="name">rolandeomcclana</column>
      <column name="text">Западно уральский сбербанк россии акция ипотечный кредит http://t.co/jEsbw6MGO2</column>
      <column name="sberbank">0</column>
      <column name="vtb">NULL</column>
      <column name="gazprom">NULL</column>
      <column name="alfabank">NULL</column>
      <column name="bankmoskvy">NULL</column>
      <column name="raiffeisen">NULL</column>
      <column name="uralsib">NULL</column>
      <column name="rshb">NULL</column>
    </table>
    <table name="bank">
      <column name="id">33</column>
      <column name="twitid">492511649405090000</column>
      <column name="date">1406258902</column>
      <column name="name">enagrandiq</column>
      <column name="text">Банк втб 24 казань потребительский кредит http://t.co/lqXXCyMx2F</column>
      <column name="sberbank">NULL</column>
      <column name="vtb">0</column>
      <column name="gazprom">NULL</column>
      <column name="alfabank">NULL</column>
      <column name="bankmoskvy">NULL</column>
      <column name="raiffeisen">NULL</column>
      <column name="uralsib">NULL</column>
      <column name="rshb">NULL</column>
    </table>
    <table name="bank">
      <column name="id">34</column>
      <column name="twitid">492511780682600000</column>
      <column name="date">1406258933</column>
      <column name="name">rtinoCeda</column>
      <column name="text">http://t.co/qfYkNOXrQT Взять кредит сбербанк россии казань</column>
      <column name="sberbank">0</column>
      <column name="vtb">NULL</column>
      <column name="gazprom">NULL</column>
      <column name="alfabank">NULL</column>
      <column name="bankmoskvy">NULL</column>
      <column name="raiffeisen">NULL</column>
      <column name="uralsib">NULL</column>
      <column name="rshb">NULL</column>
    </table>
    <table name="bank">
      <column name="id">35</column>
      <column name="twitid">492512612094350000</column>
      <column name="date">1406259131</column>
      <column name="name">ujepvecd</column>
      <column name="text">http://t.co/LNqdQ8s8pa Как оформить кредитную карту уралсиб банка в рб</column>
      <column name="sberbank">NULL</column>
      <column name="vtb">NULL</column>
      <column name="gazprom">NULL</column>
      <column name="alfabank">NULL</column>
      <column name="bankmoskvy">NULL</column>
      <column name="raiffeisen">NULL</column>
      <column name="uralsib">0</column>
      <column name="rshb">NULL</column>
    </table>
    <table name="bank">
      <column name="id">36</column>
      <column name="twitid">492512958367680000</column>
      <column name="date">1406259214</column>
      <column name="name">hijojazaii</column>
      <column name="text">http://t.co/TxgTGAgqBL Взять кредит сбербанк онлайн</column>
      <column name="sberbank">0</column>
      <column name="vtb">NULL</column>
      <column name="gazprom">NULL</column>
      <column name="alfabank">NULL</column>
      <column name="bankmoskvy">NULL</column>
      <column name="raiffeisen">NULL</column>
      <column name="uralsib">NULL</column>
      <column name="rshb">NULL</column>
    </table>
    <table name="bank">
      <column name="id">37</column>
      <column name="twitid">492513087950710000</column>
      <column name="date">1406259245</column>
      <column name="name">waruryhe</column>
      <column name="text">Целевой кредит в россельхозбанке с поручителем http://t.co/mY8Ja0RYni</column>
      <column name="sberbank">NULL</column>
      <column name="vtb">NULL</column>
      <column name="gazprom">NULL</column>
      <column name="alfabank">NULL</column>
      <column name="bankmoskvy">NULL</column>
      <column name="raiffeisen">NULL</column>
      <column name="uralsib">NULL</column>
      <column name="rshb">0</column>
    </table>
    <table name="bank">
      <column name="id">38</column>
      <column name="twitid">492513172381630000</column>
      <column name="date">1406259265</column>
      <column name="name">dcee8wch</column>
      <column name="text">170 лет сбербанк акции автокредит екатеринбург http://t.co/BfkRy9kBry</column>
      <column name="sberbank">0</column>
      <column name="vtb">NULL</column>
      <column name="gazprom">NULL</column>
      <column name="alfabank">NULL</column>
      <column name="bankmoskvy">NULL</column>
      <column name="raiffeisen">NULL</column>
      <column name="uralsib">NULL</column>
      <column name="rshb">NULL</column>
    </table>
    <table name="bank">
      <column name="id">39</column>
      <column name="twitid">492514770092700000</column>
      <column name="date">1406259646</column>
      <column name="name">nverseMu</column>
      <column name="text">руководство по программе сбербанк бизнес http://t.co/eW9lQ1bKx1 #бизнес #руководство</column>
      <column name="sberbank">0</column>
      <column name="vtb">NULL</column>
      <column name="gazprom">NULL</column>
      <column name="alfabank">NULL</column>
      <column name="bankmoskvy">NULL</column>
      <column name="raiffeisen">NULL</column>
      <column name="uralsib">NULL</column>
      <column name="rshb">NULL</column>
    </table>
    <table name="bank">
      <column name="id">40</column>
      <column name="twitid">492517044559310000</column>
      <column name="date">1406260188</column>
      <column name="name">laxorynaqeb</column>
      <column name="text">Банк москвы даёт кредиты http://t.co/tf2WOLOYRk</column>
      <column name="sberbank">NULL</column>
      <column name="vtb">NULL</column>
      <column name="gazprom">NULL</column>
      <column name="alfabank">NULL</column>
      <column name="bankmoskvy">0</column>
      <column name="raiffeisen">NULL</column>
      <column name="uralsib">NULL</column>
      <column name="rshb">NULL</column>
    </table>
    <table name="bank">
      <column name="id">41</column>
      <column name="twitid">492517439486570000</column>
      <column name="date">1406260282</column>
      <column name="name">arronTagg</column>
      <column name="text">http://t.co/CbMNABPOqp Альфа банк взять кредит наличными</column>
      <column name="sberbank">NULL</column>
      <column name="vtb">NULL</column>
      <column name="gazprom">NULL</column>
      <column name="alfabank">0</column>
      <column name="bankmoskvy">NULL</column>
      <column name="raiffeisen">NULL</column>
      <column name="uralsib">NULL</column>
      <column name="rshb">NULL</column>
    </table>
    <table name="bank">
      <column name="id">42</column>
      <column name="twitid">492517565970020000</column>
      <column name="date">1406260312</column>
      <column name="name">qebumyzype</column>
      <column name="text">Снижение процентной ставки по кредиту на недвижимость сбербанк http://t.co/MredO898wK</column>
      <column name="sberbank">1</column>
      <column name="vtb">NULL</column>
      <column name="gazprom">NULL</column>
      <column name="alfabank">NULL</column>
      <column name="bankmoskvy">NULL</column>
      <column name="raiffeisen">NULL</column>
      <column name="uralsib">NULL</column>
      <column name="rshb">NULL</column>
    </table>
    <table name="bank">
      <column name="id">43</column>
      <column name="twitid">492518219383860000</column>
      <column name="date">1406260468</column>
      <column name="name">kahowigiq</column>
      <column name="text">Кредиты в россельхозбанке без посредников http://t.co/t5zdJbvd98</column>
      <column name="sberbank">NULL</column>
      <column name="vtb">NULL</column>
      <column name="gazprom">NULL</column>
      <column name="alfabank">NULL</column>
      <column name="bankmoskvy">NULL</column>
      <column name="raiffeisen">NULL</column>
      <column name="uralsib">NULL</column>
      <column name="rshb">0</column>
    </table>
    <table name="bank">
      <column name="id">44</column>
      <column name="twitid">492518654928780000</column>
      <column name="date">1406260572</column>
      <column name="name">Hy_u_Hy</column>
      <column name="text">RT @letokot: Если Сбер и ВТБ попали под санкции, будет жопа</column>
      <column name="sberbank">-1</column>
      <column name="vtb">-1</column>
      <column name="gazprom">NULL</column>
      <column name="alfabank">NULL</column>
      <column name="bankmoskvy">NULL</column>
      <column name="raiffeisen">NULL</column>
      <column name="uralsib">NULL</column>
      <column name="rshb">NULL</column>
    </table>
    <table name="bank">
      <column name="id">45</column>
      <column name="twitid">492519222233530000</column>
      <column name="date">1406260707</column>
      <column name="name">tuqnnkteny</column>
      <column name="text">http://t.co/JB7JqZMGkL Втб 24 зао взять кредит н новгороде кредиты</column>
      <column name="sberbank">NULL</column>
      <column name="vtb">0</column>
      <column name="gazprom">NULL</column>
      <column name="alfabank">NULL</column>
      <column name="bankmoskvy">NULL</column>
      <column name="raiffeisen">NULL</column>
      <column name="uralsib">NULL</column>
      <column name="rshb">NULL</column>
    </table>
    <table name="bank">
      <column name="id">46</column>
      <column name="twitid">492519818218960000</column>
      <column name="date">1406260849</column>
      <column name="name">ycomchurne</column>
      <column name="text">Райффайзенбанк уфа кредит на снегоход полярис http://t.co/wIQo8tABTY</column>
      <column name="sberbank">NULL</column>
      <column name="vtb">NULL</column>
      <column name="gazprom">NULL</column>
      <column name="alfabank">NULL</column>
      <column name="bankmoskvy">NULL</column>
      <column name="raiffeisen">0</column>
      <column name="uralsib">NULL</column>
      <column name="rshb">NULL</column>
    </table>
    <table name="bank">
      <column name="id">47</column>
      <column name="twitid">492520511831040000</column>
      <column name="date">1406261015</column>
      <column name="name">anchotSolu</column>
      <column name="text">http://t.co/14dY9LVVeV Взять кредит на технику в альфа банке</column>
      <column name="sberbank">NULL</column>
      <column name="vtb">NULL</column>
      <column name="gazprom">NULL</column>
      <column name="alfabank">0</column>
      <column name="bankmoskvy">NULL</column>
      <column name="raiffeisen">NULL</column>
      <column name="uralsib">NULL</column>
      <column name="rshb">NULL</column>
    </table>
    <table name="bank">
      <column name="id">48</column>
      <column name="twitid">492521065252650000</column>
      <column name="date">1406261147</column>
      <column name="name">vlfrvr</column>
      <column name="text">В наш сбербанк пришел американец и попросил сфоткаться с ним у банкомата ;D 
я ваще была в шоке и на фотке полюбому получилась смешная xD</column>
      <column name="sberbank">1</column>
      <column name="vtb">NULL</column>
      <column name="gazprom">NULL</column>
      <column name="alfabank">NULL</column>
      <column name="bankmoskvy">NULL</column>
      <column name="raiffeisen">NULL</column>
      <column name="uralsib">NULL</column>
      <column name="rshb">NULL</column>
    </table>
    <table name="bank">
      <column name="id">49</column>
      <column name="twitid">492522625911250000</column>
      <column name="date">1406261519</column>
      <column name="name">xodninten</column>
      <column name="text">http://t.co/XifphFemGQ Втб 24 банк взять кредит без справки о доходах</column>
      <column name="sberbank">NULL</column>
      <column name="vtb">0</column>
      <column name="gazprom">NULL</column>
      <column name="alfabank">NULL</column>
      <column name="bankmoskvy">NULL</column>
      <column name="raiffeisen">NULL</column>
      <column name="uralsib">NULL</column>
      <column name="rshb">NULL</column>
    </table>
    <table name="bank">
      <column name="id">50</column>
      <column name="twitid">492523751243010000</column>
      <column name="date">1406261787</column>
      <column name="name">gladkovskayana1</column>
      <column name="text">Отсрочка платежа по кредиту россельхозбанк http://t.co/5EAnvWO5uN</column>
      <column name="sberbank">NULL</column>
      <column name="vtb">NULL</column>
      <column name="gazprom">NULL</column>
      <column name="alfabank">NULL</column>
      <column name="bankmoskvy">NULL</column>
      <column name="raiffeisen">NULL</column>
      <column name="uralsib">NULL</column>
      <column name="rshb">0</column>
    </table>
    <table name="bank">
      <column name="id">51</column>
      <column name="twitid">492525602042560000</column>
      <column name="date">1406262228</column>
      <column name="name">sashko090491</column>
      <column name="text">Заявление анкета на ипотечный кредит втб 24 http://t.co/6ADWm91x7i</column>
      <column name="sberbank">NULL</column>
      <column name="vtb">0</column>
      <column name="gazprom">NULL</column>
      <column name="alfabank">NULL</column>
      <column name="bankmoskvy">NULL</column>
      <column name="raiffeisen">NULL</column>
      <column name="uralsib">NULL</column>
      <column name="rshb">NULL</column>
    </table>
    <table name="bank">
      <column name="id">52</column>
      <column name="twitid">492526248812640000</column>
      <column name="date">1406262383</column>
      <column name="name">ybyf1998</column>
      <column name="text">RT @360_tv_ru: #Канада ввела санкции против 10 оборонных и сырьевых компаний и банков #РФ. Среди них, в частности, &quot;#Газпромбанк&quot;, &quot;#Внешэк…</column>
      <column name="sberbank">NULL</column>
      <column name="vtb">NULL</column>
      <column name="gazprom">-1</column>
      <column name="alfabank">NULL</column>
      <column name="bankmoskvy">NULL</column>
      <column name="raiffeisen">NULL</column>
      <column name="uralsib">NULL</column>
      <column name="rshb">NULL</column>
    </table>
    <table name="bank">
      <column name="id">53</column>
      <column name="twitid">492527972617040000</column>
      <column name="date">1406262794</column>
      <column name="name">REfremov51</column>
      <column name="text">За первое полугодие 2014 года Сбербанк России выдал ипотечных кредитов на сумму более 402 млрд. рублей, что на 70% больше аналогичного пока</column>
      <column name="sberbank">1</column>
      <column name="vtb">NULL</column>
      <column name="gazprom">NULL</column>
      <column name="alfabank">NULL</column>
      <column name="bankmoskvy">NULL</column>
      <column name="raiffeisen">NULL</column>
      <column name="uralsib">NULL</column>
      <column name="rshb">NULL</column>
    </table>
    <table name="bank">
      <column name="id">54</column>
      <column name="twitid">492529739253700000</column>
      <column name="date">1406263215</column>
      <column name="name">melaniajogosavo</column>
      <column name="text">Условия частично досрочного погашения кредита в райффайзенбанке http://t.co/EzFc16VMis</column>
      <column name="sberbank">NULL</column>
      <column name="vtb">NULL</column>
      <column name="gazprom">NULL</column>
      <column name="alfabank">NULL</column>
      <column name="bankmoskvy">NULL</column>
      <column name="raiffeisen">0</column>
      <column name="uralsib">NULL</column>
      <column name="rshb">NULL</column>
    </table>
    <table name="bank">
      <column name="id">55</column>
      <column name="twitid">492531814532400000</column>
      <column name="date">1406263710</column>
      <column name="name">musacegot</column>
      <column name="text">Расчет кредита наличными сбербанк http://t.co/i4lscIs9Q8</column>
      <column name="sberbank">0</column>
      <column name="vtb">NULL</column>
      <column name="gazprom">NULL</column>
      <column name="alfabank">NULL</column>
      <column name="bankmoskvy">NULL</column>
      <column name="raiffeisen">NULL</column>
      <column name="uralsib">NULL</column>
      <column name="rshb">NULL</column>
    </table>
    <table name="bank">
      <column name="id">56</column>
      <column name="twitid">492531860439070000</column>
      <column name="date">1406263720</column>
      <column name="name">vydutihu</column>
      <column name="text">Сравнить кредитные ставки в сбербанке газпромбанке ираффайзенбанке http://t.co/DJJAAjtgC1</column>
      <column name="sberbank">0</column>
      <column name="vtb">NULL</column>
      <column name="gazprom">0</column>
      <column name="alfabank">NULL</column>
      <column name="bankmoskvy">NULL</column>
      <column name="raiffeisen">NULL</column>
      <column name="uralsib">NULL</column>
      <column name="rshb">NULL</column>
    </table>
    <table name="bank">
      <column name="id">57</column>
      <column name="twitid">492532786776260000</column>
      <column name="date">1406263941</column>
      <column name="name">emelykunboothe</column>
      <column name="text">Бпс сбербанк депозиты кредиты http://t.co/ahmUA7Tb52</column>
      <column name="sberbank">0</column>
      <column name="vtb">NULL</column>
      <column name="gazprom">NULL</column>
      <column name="alfabank">NULL</column>
      <column name="bankmoskvy">NULL</column>
      <column name="raiffeisen">NULL</column>
      <column name="uralsib">NULL</column>
      <column name="rshb">NULL</column>
    </table>
    <table name="bank">
      <column name="id">58</column>
      <column name="twitid">492532788852420000</column>
      <column name="date">1406263942</column>
      <column name="name">rebulezaty</column>
      <column name="text">Пенза сбербанк жилищный кредит http://t.co/NMFI9Aph9M</column>
      <column name="sberbank">0</column>
      <column name="vtb">NULL</column>
      <column name="gazprom">NULL</column>
      <column name="alfabank">NULL</column>
      <column name="bankmoskvy">NULL</column>
      <column name="raiffeisen">NULL</column>
      <column name="uralsib">NULL</column>
      <column name="rshb">NULL</column>
    </table>
    <table name="bank">
      <column name="id">59</column>
      <column name="twitid">492533405838360000</column>
      <column name="date">1406264089</column>
      <column name="name">DominiqueParche</column>
      <column name="text">Пресс-релиз банка: Сбербанк и «Трест Уралавтострой» заключили соглашение о сотрудничестве</column>
      <column name="sberbank">1</column>
      <column name="vtb">NULL</column>
      <column name="gazprom">NULL</column>
      <column name="alfabank">NULL</column>
      <column name="bankmoskvy">NULL</column>
      <column name="raiffeisen">NULL</column>
      <column name="uralsib">NULL</column>
      <column name="rshb">NULL</column>
    </table>
    <table name="bank">
      <column name="id">60</column>
      <column name="twitid">492534278916690000</column>
      <column name="date">1406264297</column>
      <column name="name">jaromehehoc</column>
      <column name="text">Документы для потребительского кредита в райффайзенбанке http://t.co/a4k2lYdySk</column>
      <column name="sberbank">NULL</column>
      <column name="vtb">NULL</column>
      <column name="gazprom">NULL</column>
      <column name="alfabank">NULL</column>
      <column name="bankmoskvy">NULL</column>
      <column name="raiffeisen">0</column>
      <column name="uralsib">NULL</column>
      <column name="rshb">NULL</column>
    </table>
    <table name="bank">
      <column name="id">61</column>
      <column name="twitid">492536292576870000</column>
      <column name="date">1406264777</column>
      <column name="name">inevofita45</column>
      <column name="text">Высчитывать проценты по кредиту сбербанк http://t.co/w9gsypw5S7</column>
      <column name="sberbank">0</column>
      <column name="vtb">NULL</column>
      <column name="gazprom">NULL</column>
      <column name="alfabank">NULL</column>
      <column name="bankmoskvy">NULL</column>
      <column name="raiffeisen">NULL</column>
      <column name="uralsib">NULL</column>
      <column name="rshb">NULL</column>
    </table>
    <table name="bank">
      <column name="id">62</column>
      <column name="twitid">492538220589380000</column>
      <column name="date">1406265237</column>
      <column name="name">ocxhdockp</column>
      <column name="text">Кредиты юридическим лицам банк втб 24 http://t.co/WmanyuVuBd</column>
      <column name="sberbank">NULL</column>
      <column name="vtb">0</column>
      <column name="gazprom">NULL</column>
      <column name="alfabank">NULL</column>
      <column name="bankmoskvy">NULL</column>
      <column name="raiffeisen">NULL</column>
      <column name="uralsib">NULL</column>
      <column name="rshb">NULL</column>
    </table>
    <table name="bank">
      <column name="id">63</column>
      <column name="twitid">492538220660670000</column>
      <column name="date">1406265237</column>
      <column name="name">petutugo</column>
      <column name="text">Россельхозбанк кредит на развитие тепличного хозяйства http://t.co/q5b1M1iiMK</column>
      <column name="sberbank">NULL</column>
      <column name="vtb">NULL</column>
      <column name="gazprom">NULL</column>
      <column name="alfabank">NULL</column>
      <column name="bankmoskvy">NULL</column>
      <column name="raiffeisen">NULL</column>
      <column name="uralsib">NULL</column>
      <column name="rshb">0</column>
    </table>
    <table name="bank">
      <column name="id">64</column>
      <column name="twitid">492540184438000000</column>
      <column name="date">1406265705</column>
      <column name="name">Pkawka91</column>
      <column name="text">@Irinka_Koluchka @banki_ru И одной из контор-мошенников составляет банк Сбербанк России под крыш ой правительства.
 http://t.co/aZQDCddf4A</column>
      <column name="sberbank">-1</column>
      <column name="vtb">NULL</column>
      <column name="gazprom">NULL</column>
      <column name="alfabank">NULL</column>
      <column name="bankmoskvy">NULL</column>
      <column name="raiffeisen">NULL</column>
      <column name="uralsib">NULL</column>
      <column name="rshb">NULL</column>
    </table>
    <table name="bank">
      <column name="id">65</column>
      <column name="twitid">492540834605440000</column>
      <column name="date">1406265860</column>
      <column name="name">tweednkntameika</column>
      <column name="text">Обслуживание кредитной карты альфа банка http://t.co/NTvNADbEPY</column>
      <column name="sberbank">NULL</column>
      <column name="vtb">NULL</column>
      <column name="gazprom">NULL</column>
      <column name="alfabank">0</column>
      <column name="bankmoskvy">NULL</column>
      <column name="raiffeisen">NULL</column>
      <column name="uralsib">NULL</column>
      <column name="rshb">NULL</column>
    </table>
    <table name="bank">
      <column name="id">66</column>
      <column name="twitid">492542198387580000</column>
      <column name="date">1406266185</column>
      <column name="name">Irinka_Koluchka</column>
      <column name="text">@Pkawka91 @banki_ru Он не под крышой... походу, он сам крыша... Сбербанк используют, вопрос почему и кто позволяет.. http://t.co/PMSCp8mcQz</column>
      <column name="sberbank">-1</column>
      <column name="vtb">NULL</column>
      <column name="gazprom">NULL</column>
      <column name="alfabank">NULL</column>
      <column name="bankmoskvy">NULL</column>
      <column name="raiffeisen">NULL</column>
      <column name="uralsib">NULL</column>
      <column name="rshb">NULL</column>
    </table>
    <table name="bank">
      <column name="id">67</column>
      <column name="twitid">492542251370040000</column>
      <column name="date">1406266198</column>
      <column name="name">lizaxncbheins</column>
      <column name="text">Кредитный калькулятор сбербанк украины http://t.co/JqD0an7yhZ</column>
      <column name="sberbank">0</column>
      <column name="vtb">NULL</column>
      <column name="gazprom">NULL</column>
      <column name="alfabank">NULL</column>
      <column name="bankmoskvy">NULL</column>
      <column name="raiffeisen">NULL</column>
      <column name="uralsib">NULL</column>
      <column name="rshb">NULL</column>
    </table>
    <table name="bank">
      <column name="id">68</column>
      <column name="twitid">492544699442280000</column>
      <column name="date">1406266782</column>
      <column name="name">wynPaulino</column>
      <column name="text">http://t.co/a7Vjha8K8F Сбербанк не меняет привычек: теперь и в Интернете</column>
      <column name="sberbank">+-</column>
      <column name="vtb">NULL</column>
      <column name="gazprom">NULL</column>
      <column name="alfabank">NULL</column>
      <column name="bankmoskvy">NULL</column>
      <column name="raiffeisen">NULL</column>
      <column name="uralsib">NULL</column>
      <column name="rshb">NULL</column>
    </table>
    <table name="bank">
      <column name="id">69</column>
      <column name="twitid">492544848860180000</column>
      <column name="date">1406266817</column>
      <column name="name">kaspy_info</column>
      <column name="text">Россельхозбанк утвердил Программу развития региональной сети до 2020 года | http://t.co/zYNBxNTSag http://t.co/joYrLQpsAt</column>
      <column name="sberbank">NULL</column>
      <column name="vtb">NULL</column>
      <column name="gazprom">NULL</column>
      <column name="alfabank">NULL</column>
      <column name="bankmoskvy">NULL</column>
      <column name="raiffeisen">NULL</column>
      <column name="uralsib">NULL</column>
      <column name="rshb">1</column>
    </table>
    <table name="bank">
      <column name="id">70</column>
      <column name="twitid">492546512652500000</column>
      <column name="date">1406267214</column>
      <column name="name">DIvanova45</column>
      <column name="text">Отказ от повышения налогов сохранит и даже ускорит рост ВВП РФ - Sberbank CIB</column>
      <column name="sberbank">0</column>
      <column name="vtb">NULL</column>
      <column name="gazprom">NULL</column>
      <column name="alfabank">NULL</column>
      <column name="bankmoskvy">NULL</column>
      <column name="raiffeisen">NULL</column>
      <column name="uralsib">NULL</column>
      <column name="rshb">NULL</column>
    </table>
    <table name="bank">
      <column name="id">71</column>
      <column name="twitid">492547326574360000</column>
      <column name="date">1406267408</column>
      <column name="name">penopixyrom</column>
      <column name="text">Льготное кредитование на автомобили 2014 сбербанк http://t.co/WU0s8lMWQA</column>
      <column name="sberbank">1</column>
      <column name="vtb">NULL</column>
      <column name="gazprom">NULL</column>
      <column name="alfabank">NULL</column>
      <column name="bankmoskvy">NULL</column>
      <column name="raiffeisen">NULL</column>
      <column name="uralsib">NULL</column>
      <column name="rshb">NULL</column>
    </table>
    <table name="bank">
      <column name="id">72</column>
      <column name="twitid">492549895270970000</column>
      <column name="date">1406268020</column>
      <column name="name">ulomturat1972</column>
      <column name="text">Новые санкции США в отношении Внешэкономбанка (ВЭБ), Газпромбанка, &quot;Роснефти&quot; и НОВАТЭКа вызвали рост неопределенности и недоверия, что мож</column>
      <column name="sberbank">NULL</column>
      <column name="vtb">NULL</column>
      <column name="gazprom">-1</column>
      <column name="alfabank">NULL</column>
      <column name="bankmoskvy">NULL</column>
      <column name="raiffeisen">NULL</column>
      <column name="uralsib">NULL</column>
      <column name="rshb">NULL</column>
    </table>
    <table name="bank">
      <column name="id">73</column>
      <column name="twitid">492553427235650000</column>
      <column name="date">1406268862</column>
      <column name="name">tigyjyxa</column>
      <column name="text">Расчет потребительского кредита в россельхозбанке http://t.co/RWXlHdjCfb</column>
      <column name="sberbank">NULL</column>
      <column name="vtb">NULL</column>
      <column name="gazprom">NULL</column>
      <column name="alfabank">NULL</column>
      <column name="bankmoskvy">NULL</column>
      <column name="raiffeisen">NULL</column>
      <column name="uralsib">NULL</column>
      <column name="rshb">0</column>
    </table>
    <table name="bank">
      <column name="id">74</column>
      <column name="twitid">492553656164960000</column>
      <column name="date">1406268917</column>
      <column name="name">maqazikatosy</column>
      <column name="text">получение автокредита втб 24 без прописки в москве</column>
      <column name="sberbank">NULL</column>
      <column name="vtb">0</column>
      <column name="gazprom">NULL</column>
      <column name="alfabank">NULL</column>
      <column name="bankmoskvy">NULL</column>
      <column name="raiffeisen">NULL</column>
      <column name="uralsib">NULL</column>
      <column name="rshb">NULL</column>
    </table>
    <table name="bank">
      <column name="id">75</column>
      <column name="twitid">492556341282880000</column>
      <column name="date">1406269557</column>
      <column name="name">sacimoci</column>
      <column name="text">Проверка баланса на кредитной карте sberbank http://t.co/TgjIRfz5uy</column>
      <column name="sberbank">0</column>
      <column name="vtb">NULL</column>
      <column name="gazprom">NULL</column>
      <column name="alfabank">NULL</column>
      <column name="bankmoskvy">NULL</column>
      <column name="raiffeisen">NULL</column>
      <column name="uralsib">NULL</column>
      <column name="rshb">NULL</column>
    </table>
    <table name="bank">
      <column name="id">76</column>
      <column name="twitid">492557931125410000</column>
      <column name="date">1406269936</column>
      <column name="name">keithalzohare</column>
      <column name="text">Кредиты в россельхозбанке в кабардино балкарии http://t.co/IDHiJuLnaG</column>
      <column name="sberbank">NULL</column>
      <column name="vtb">NULL</column>
      <column name="gazprom">NULL</column>
      <column name="alfabank">NULL</column>
      <column name="bankmoskvy">NULL</column>
      <column name="raiffeisen">NULL</column>
      <column name="uralsib">NULL</column>
      <column name="rshb">0</column>
    </table>
    <table name="bank">
      <column name="id">77</column>
      <column name="twitid">492565533607210000</column>
      <column name="date">1406271749</column>
      <column name="name">baril712</column>
      <column name="text">#СМИ Сбербанк поможет своему должнику построить Керченский мост: @dailysmi_net Глава Сбербанка Герман... http://t.co/A2S7sx7eRu #новости</column>
      <column name="sberbank">0</column>
      <column name="vtb">NULL</column>
      <column name="gazprom">NULL</column>
      <column name="alfabank">NULL</column>
      <column name="bankmoskvy">NULL</column>
      <column name="raiffeisen">NULL</column>
      <column name="uralsib">NULL</column>
      <column name="rshb">NULL</column>
    </table>
    <table name="bank">
      <column name="id">78</column>
      <column name="twitid">492565579103210000</column>
      <column name="date">1406271760</column>
      <column name="name">Diana_Yankumi</column>
      <column name="text">Если терминал по-прежнему не работает,то тогда через сбербанк онлайн придется</column>
      <column name="sberbank">-1</column>
      <column name="vtb">NULL</column>
      <column name="gazprom">NULL</column>
      <column name="alfabank">NULL</column>
      <column name="bankmoskvy">NULL</column>
      <column name="raiffeisen">NULL</column>
      <column name="uralsib">NULL</column>
      <column name="rshb">NULL</column>
    </table>
    <table name="bank">
      <column name="id">79</column>
      <column name="twitid">492566985000360000</column>
      <column name="date">1406272095</column>
      <column name="name">Madi_lumpkin1</column>
      <column name="text">Туры в кредит альфа банк</column>
      <column name="sberbank">NULL</column>
      <column name="vtb">NULL</column>
      <column name="gazprom">NULL</column>
      <column name="alfabank">0</column>
      <column name="bankmoskvy">NULL</column>
      <column name="raiffeisen">NULL</column>
      <column name="uralsib">NULL</column>
      <column name="rshb">NULL</column>
    </table>
    <table name="bank">
      <column name="id">80</column>
      <column name="twitid">492568323901510000</column>
      <column name="date">1406272414</column>
      <column name="name">MeggyLars</column>
      <column name="text">инструкция по инкассации денежных средств в сбербанк http://t.co/0NcY4oYTKD #по #сбербанк</column>
      <column name="sberbank">0</column>
      <column name="vtb">NULL</column>
      <column name="gazprom">NULL</column>
      <column name="alfabank">NULL</column>
      <column name="bankmoskvy">NULL</column>
      <column name="raiffeisen">NULL</column>
      <column name="uralsib">NULL</column>
      <column name="rshb">NULL</column>
    </table>
    <table name="bank">
      <column name="id">81</column>
      <column name="twitid">492569106088870000</column>
      <column name="date">1406272601</column>
      <column name="name">laraphil85</column>
      <column name="text">RT @omartynchik1: #Уралсиб Банк Сарапул Заявка На Кредит http://t.co/aG3nHZ2hgL</column>
      <column name="sberbank">NULL</column>
      <column name="vtb">NULL</column>
      <column name="gazprom">NULL</column>
      <column name="alfabank">NULL</column>
      <column name="bankmoskvy">NULL</column>
      <column name="raiffeisen">NULL</column>
      <column name="uralsib">0</column>
      <column name="rshb">NULL</column>
    </table>
    <table name="bank">
      <column name="id">82</column>
      <column name="twitid">492577836977640000</column>
      <column name="date">1406274682</column>
      <column name="name">ermeklow</column>
      <column name="text">«Райффайзен Банк Аваль» за полгода получил 1 млрд гривень убытка</column>
      <column name="sberbank">NULL</column>
      <column name="vtb">NULL</column>
      <column name="gazprom">NULL</column>
      <column name="alfabank">NULL</column>
      <column name="bankmoskvy">NULL</column>
      <column name="raiffeisen">-1</column>
      <column name="uralsib">NULL</column>
      <column name="rshb">NULL</column>
    </table>
    <table name="bank">
      <column name="id">83</column>
      <column name="twitid">492580204632890000</column>
      <column name="date">1406275247</column>
      <column name="name">gechevari</column>
      <column name="text">Где получить кредит до 75 лет Кредиты для пенсионеров в ВТБ 24 в 60 65 70 лет в 2014 году http://t.co/H110iUaEeh</column>
      <column name="sberbank">NULL</column>
      <column name="vtb">0</column>
      <column name="gazprom">NULL</column>
      <column name="alfabank">NULL</column>
      <column name="bankmoskvy">NULL</column>
      <column name="raiffeisen">NULL</column>
      <column name="uralsib">NULL</column>
      <column name="rshb">NULL</column>
    </table>
    <table name="bank">
      <column name="id">84</column>
      <column name="twitid">492580250820540000</column>
      <column name="date">1406275258</column>
      <column name="name">KNaumkina</column>
      <column name="text">Взять выгодный кредит онлайн в ВТБ 24 под залог квартиры или другой недвижимости  http://t.co/I85MOExXse</column>
      <column name="sberbank">NULL</column>
      <column name="vtb">1</column>
      <column name="gazprom">NULL</column>
      <column name="alfabank">NULL</column>
      <column name="bankmoskvy">NULL</column>
      <column name="raiffeisen">NULL</column>
      <column name="uralsib">NULL</column>
      <column name="rshb">NULL</column>
    </table>
    <table name="bank">
      <column name="id">85</column>
      <column name="twitid">492581806777340000</column>
      <column name="date">1406275629</column>
      <column name="name">prosased21</column>
      <column name="text">RT @ybobscufi23: Информация Банка России &quot;О деятельности Газпромбанка и Внешэкономбанка&quot;</column>
      <column name="sberbank">NULL</column>
      <column name="vtb">NULL</column>
      <column name="gazprom">0</column>
      <column name="alfabank">NULL</column>
      <column name="bankmoskvy">NULL</column>
      <column name="raiffeisen">NULL</column>
      <column name="uralsib">NULL</column>
      <column name="rshb">NULL</column>
    </table>
    <table name="bank">
      <column name="id">86</column>
      <column name="twitid">492585739054750000</column>
      <column name="date">1406276566</column>
      <column name="name">YuKnyazeva55</column>
      <column name="text">Правлением ОАО «Россельхозбанк» утверждена Программа развития региональной сети Банка до 2020 года, призванная решить сразу несколько страт</column>
      <column name="sberbank">NULL</column>
      <column name="vtb">NULL</column>
      <column name="gazprom">NULL</column>
      <column name="alfabank">NULL</column>
      <column name="bankmoskvy">NULL</column>
      <column name="raiffeisen">NULL</column>
      <column name="uralsib">NULL</column>
      <column name="rshb">1</column>
    </table>
    <table name="bank">
      <column name="id">87</column>
      <column name="twitid">492587625031960000</column>
      <column name="date">1406277016</column>
      <column name="name">sgallas1</column>
      <column name="text">RT @yonchik1: Никогда не переводите деньги из #qiwi в #альфабанк это 5 !!! календарных дней минимум и потом еще поиск этих денег! #банки 21…</column>
      <column name="sberbank">NULL</column>
      <column name="vtb">NULL</column>
      <column name="gazprom">NULL</column>
      <column name="alfabank">-1</column>
      <column name="bankmoskvy">NULL</column>
      <column name="raiffeisen">NULL</column>
      <column name="uralsib">NULL</column>
      <column name="rshb">NULL</column>
    </table>
    <table name="bank">
      <column name="id">88</column>
      <column name="twitid">492588685704320000</column>
      <column name="date">1406277269</column>
      <column name="name">ng58ru</column>
      <column name="text">Журнал Global Finance признал Сбербанк Онлайн лучшим розничным интернет-банком в России http://t.co/fEHyCTYaxj</column>
      <column name="sberbank">1</column>
      <column name="vtb">NULL</column>
      <column name="gazprom">NULL</column>
      <column name="alfabank">NULL</column>
      <column name="bankmoskvy">NULL</column>
      <column name="raiffeisen">NULL</column>
      <column name="uralsib">NULL</column>
      <column name="rshb">NULL</column>
    </table>
    <table name="bank">
      <column name="id">89</column>
      <column name="twitid">492589259438960000</column>
      <column name="date">1406277405</column>
      <column name="name">vestindehau1989</column>
      <column name="text">За полгода благодаря ипотеке от Россельхозбанка жилищные условия улучшили больше 300 красноярских семей. Филиал выдал на эти цели в общей с</column>
      <column name="sberbank">NULL</column>
      <column name="vtb">NULL</column>
      <column name="gazprom">NULL</column>
      <column name="alfabank">NULL</column>
      <column name="bankmoskvy">NULL</column>
      <column name="raiffeisen">NULL</column>
      <column name="uralsib">NULL</column>
      <column name="rshb">1</column>
    </table>
    <table name="bank">
      <column name="id">90</column>
      <column name="twitid">492589966828920000</column>
      <column name="date">1406277574</column>
      <column name="name">global58ru</column>
      <column name="text">Журнал Global Finance признал Сбербанк Онлайн: По результатам проведенного исследования журнал Global Finance ... http://t.co/REkPVmc4NU</column>
      <column name="sberbank">1</column>
      <column name="vtb">NULL</column>
      <column name="gazprom">NULL</column>
      <column name="alfabank">NULL</column>
      <column name="bankmoskvy">NULL</column>
      <column name="raiffeisen">NULL</column>
      <column name="uralsib">NULL</column>
      <column name="rshb">NULL</column>
    </table>
    <table name="bank">
      <column name="id">91</column>
      <column name="twitid">492600818810770000</column>
      <column name="date">1406280161</column>
      <column name="name">FrogtalkJabb</column>
      <column name="text">@D_Babich сбер собираюсь открыть сегодня.</column>
      <column name="sberbank">1</column>
      <column name="vtb">NULL</column>
      <column name="gazprom">NULL</column>
      <column name="alfabank">NULL</column>
      <column name="bankmoskvy">NULL</column>
      <column name="raiffeisen">NULL</column>
      <column name="uralsib">NULL</column>
      <column name="rshb">NULL</column>
    </table>
    <table name="bank">
      <column name="id">92</column>
      <column name="twitid">492609324716680000</column>
      <column name="date">1406282189</column>
      <column name="name">Pkawka91</column>
      <column name="text">@sberbank Но и когда уже Вы созреете господа банкиры.
http://t.co/Fg88U95jHX</column>
      <column name="sberbank">0</column>
      <column name="vtb">NULL</column>
      <column name="gazprom">NULL</column>
      <column name="alfabank">NULL</column>
      <column name="bankmoskvy">NULL</column>
      <column name="raiffeisen">NULL</column>
      <column name="uralsib">NULL</column>
      <column name="rshb">NULL</column>
    </table>
    <table name="bank">
      <column name="id">93</column>
      <column name="twitid">492611899562150000</column>
      <column name="date">1406282803</column>
      <column name="name">Greno4e4ka</column>
      <column name="text">Раньше в Альфа банке такие красивые девочки работали, а щас какие-то забитые мыши</column>
      <column name="sberbank">NULL</column>
      <column name="vtb">NULL</column>
      <column name="gazprom">NULL</column>
      <column name="alfabank">-1</column>
      <column name="bankmoskvy">NULL</column>
      <column name="raiffeisen">NULL</column>
      <column name="uralsib">NULL</column>
      <column name="rshb">NULL</column>
    </table>
    <table name="bank">
      <column name="id">94</column>
      <column name="twitid">492611943887140000</column>
      <column name="date">1406282814</column>
      <column name="name">nicolas_erfe</column>
      <column name="text">Сбербанк России намерен построить недвижимость во всей стране: В скором времени Сбербанк России намерен вложит... http://t.co/OjZPbKy9jE</column>
      <column name="sberbank">0</column>
      <column name="vtb">NULL</column>
      <column name="gazprom">NULL</column>
      <column name="alfabank">NULL</column>
      <column name="bankmoskvy">NULL</column>
      <column name="raiffeisen">NULL</column>
      <column name="uralsib">NULL</column>
      <column name="rshb">NULL</column>
    </table>
    <table name="bank">
      <column name="id">95</column>
      <column name="twitid">492616424318580000</column>
      <column name="date">1406283882</column>
      <column name="name">mpsonLaste</column>
      <column name="text">http://t.co/ftGJlXXHSi Взять кредит в втб 24 наличными</column>
      <column name="sberbank">NULL</column>
      <column name="vtb">0</column>
      <column name="gazprom">NULL</column>
      <column name="alfabank">NULL</column>
      <column name="bankmoskvy">NULL</column>
      <column name="raiffeisen">NULL</column>
      <column name="uralsib">NULL</column>
      <column name="rshb">NULL</column>
    </table>
    <table name="bank">
      <column name="id">96</column>
      <column name="twitid">492618800802830000</column>
      <column name="date">1406284449</column>
      <column name="name">isonMauro</column>
      <column name="text">http://t.co/I1DwWNVzmq Оформить заявку на кредит райффайзенбанк</column>
      <column name="sberbank">NULL</column>
      <column name="vtb">NULL</column>
      <column name="gazprom">NULL</column>
      <column name="alfabank">NULL</column>
      <column name="bankmoskvy">NULL</column>
      <column name="raiffeisen">0</column>
      <column name="uralsib">NULL</column>
      <column name="rshb">NULL</column>
    </table>
    <table name="bank">
      <column name="id">97</column>
      <column name="twitid">492620547457810000</column>
      <column name="date">1406284865</column>
      <column name="name">autoserf1</column>
      <column name="text">Под санкции Канады попали Газпромбанк и ВЭБ http://t.co/oZApBp1mlj #klerk</column>
      <column name="sberbank">NULL</column>
      <column name="vtb">NULL</column>
      <column name="gazprom">-1</column>
      <column name="alfabank">NULL</column>
      <column name="bankmoskvy">NULL</column>
      <column name="raiffeisen">NULL</column>
      <column name="uralsib">NULL</column>
      <column name="rshb">NULL</column>
    </table>
    <table name="bank">
      <column name="id">98</column>
      <column name="twitid">492621085171810000</column>
      <column name="date">1406284993</column>
      <column name="name">MLobanova53</column>
      <column name="text">21 июля. FINMARKET.RU - Рост неопределенности и недоверия, вызванный новым раундом санкций США в отношении ВЭБа, Газпромбанка, &quot;Роснефти&quot; и</column>
      <column name="sberbank">NULL</column>
      <column name="vtb">NULL</column>
      <column name="gazprom">-1</column>
      <column name="alfabank">NULL</column>
      <column name="bankmoskvy">NULL</column>
      <column name="raiffeisen">NULL</column>
      <column name="uralsib">NULL</column>
      <column name="rshb">NULL</column>
    </table>
    <table name="bank">
      <column name="id">99</column>
      <column name="twitid">492621263379390000</column>
      <column name="date">1406285036</column>
      <column name="name">ixepitme</column>
      <column name="text">http://t.co/5hSweYuyvp Сбербанк взять кредит на машину</column>
      <column name="sberbank">0</column>
      <column name="vtb">NULL</column>
      <column name="gazprom">NULL</column>
      <column name="alfabank">NULL</column>
      <column name="bankmoskvy">NULL</column>
      <column name="raiffeisen">NULL</column>
      <column name="uralsib">NULL</column>
      <column name="rshb">NULL</column>
    </table>
    <table name="bank">
      <column name="id">100</column>
      <column name="twitid">492621922421580000</column>
      <column name="date">1406285193</column>
      <column name="name">news800</column>
      <column name="text">#tlt Поволжский Сбербанк проведет семинар по брокерскому обслуживанию http://t.co/8wXNYcxdTZ #тлт</column>
      <column name="sberbank">0</column>
      <column name="vtb">NULL</column>
      <column name="gazprom">NULL</column>
      <column name="alfabank">NULL</column>
      <column name="bankmoskvy">NULL</column>
      <column name="raiffeisen">NULL</column>
      <column name="uralsib">NULL</column>
      <column name="rshb">NULL</column>
    </table>
  </database>
</pma_xml_export>
