<?xml version="1.0" encoding="utf-8"?>
<!--
- phpMyAdmin XML Dump
- version 4.0.4.1
- http://www.phpmyadmin.net
-
- Хост: localhost
- Время создания: Окт 28 2014 г., 09:03
- Версия сервера: 5.6.12
- Версия PHP: 5.5.3
-->
<pma_xml_export version="1.0" xmlns:pma="http://www.phpmyadmin.net/some_doc_url/">
  <!--
    - Structure schemas
    -->
  <pma:structure_schemas>
    <pma:database name="Romip" collation="utf8_general_ci" charset="utf8">
      <pma:table name="bank">
                CREATE TABLE `bank` (
                  `id` int(11) NOT NULL AUTO_INCREMENT,
                  `twitid` bigint(32) NOT NULL DEFAULT '0',
                  `date` varchar(128) DEFAULT NULL,
                  `name` varchar(128) DEFAULT NULL,
                  `text` varchar(256) DEFAULT NULL,
                  `sberbank` int(11) DEFAULT NULL,
                  `vtb` int(11) DEFAULT NULL,
                  `gazprom` int(11) DEFAULT NULL,
                  `alfabank` int(11) DEFAULT NULL,
                  `bankmoskvy` int(11) DEFAULT NULL,
                  `raiffeisen` int(11) DEFAULT NULL,
                  `uralsib` int(11) DEFAULT NULL,
                  `rshb` int(11) DEFAULT NULL,
                  PRIMARY KEY (`id`),
                  UNIQUE KEY `id` (`twitid`)
                ) ENGINE=InnoDB AUTO_INCREMENT=7924 DEFAULT CHARSET=utf8;
            </pma:table>
    </pma:database>
  </pma:structure_schemas>
  <!--
    - База данных: 'Romip'
    -->
  <database name="Romip">
    <!-- Таблица bank -->
    <table name="bank">
      <column name="id">601</column>
      <column name="twitid">493770306021260000</column>
      <column name="date">1406558989</column>
      <column name="name">MaminParen</column>
      <column name="text">@alfa_bank да? А мне 5-6 консультантов другие причины говорили...</column>
      <column name="sberbank">NULL</column>
      <column name="vtb">NULL</column>
      <column name="gazprom">NULL</column>
      <column name="alfabank">0</column>
      <column name="bankmoskvy">NULL</column>
      <column name="raiffeisen">NULL</column>
      <column name="uralsib">NULL</column>
      <column name="rshb">NULL</column>
    </table>
    <table name="bank">
      <column name="id">602</column>
      <column name="twitid">493770852345710000</column>
      <column name="date">1406559119</column>
      <column name="name">gufogytykydo</column>
      <column name="text">#новости Сбербанк России аккредитовал больше 10 тысяч новостроек: В базе аккредитова... http://t.co/T00zXaNvtk #недвижимость</column>
      <column name="sberbank">1</column>
      <column name="vtb">NULL</column>
      <column name="gazprom">NULL</column>
      <column name="alfabank">NULL</column>
      <column name="bankmoskvy">NULL</column>
      <column name="raiffeisen">NULL</column>
      <column name="uralsib">NULL</column>
      <column name="rshb">NULL</column>
    </table>
    <table name="bank">
      <column name="id">603</column>
      <column name="twitid">493773933154660000</column>
      <column name="date">1406559854</column>
      <column name="name">migejizy</column>
      <column name="text">Россельхозбанк чебоксары кредиты населению 12 http://t.co/MlCOx0F0nj</column>
      <column name="sberbank">NULL</column>
      <column name="vtb">NULL</column>
      <column name="gazprom">NULL</column>
      <column name="alfabank">NULL</column>
      <column name="bankmoskvy">NULL</column>
      <column name="raiffeisen">NULL</column>
      <column name="uralsib">NULL</column>
      <column name="rshb">0</column>
    </table>
    <table name="bank">
      <column name="id">604</column>
      <column name="twitid">493773976967970000</column>
      <column name="date">1406559864</column>
      <column name="name">bifasikilapy</column>
      <column name="text">RT @tacyqobuhar: http://t.co/f7OPp1ddca Сбербанк поможет своему должнику построить Керченский мост</column>
      <column name="sberbank">1</column>
      <column name="vtb">NULL</column>
      <column name="gazprom">NULL</column>
      <column name="alfabank">NULL</column>
      <column name="bankmoskvy">NULL</column>
      <column name="raiffeisen">NULL</column>
      <column name="uralsib">NULL</column>
      <column name="rshb">NULL</column>
    </table>
    <table name="bank">
      <column name="id">605</column>
      <column name="twitid">493774548371000000</column>
      <column name="date">1406560000</column>
      <column name="name">willenafngmmoor</column>
      <column name="text">банкомат для погашения кредита втб 24 http://t.co/fpFOLwxxxk</column>
      <column name="sberbank">NULL</column>
      <column name="vtb">0</column>
      <column name="gazprom">NULL</column>
      <column name="alfabank">NULL</column>
      <column name="bankmoskvy">NULL</column>
      <column name="raiffeisen">NULL</column>
      <column name="uralsib">NULL</column>
      <column name="rshb">NULL</column>
    </table>
    <table name="bank">
      <column name="id">606</column>
      <column name="twitid">493776125081170000</column>
      <column name="date">1406560376</column>
      <column name="name">sberbank</column>
      <column name="text">Журнал Global Finance признал Сбербанк Онлайн лучшим розничным интернет-банком России! А вы пользуетесь нашими онлайн услугами?</column>
      <column name="sberbank">1</column>
      <column name="vtb">NULL</column>
      <column name="gazprom">NULL</column>
      <column name="alfabank">NULL</column>
      <column name="bankmoskvy">NULL</column>
      <column name="raiffeisen">NULL</column>
      <column name="uralsib">NULL</column>
      <column name="rshb">NULL</column>
    </table>
    <table name="bank">
      <column name="id">607</column>
      <column name="twitid">493777554117910000</column>
      <column name="date">1406560717</column>
      <column name="name">alkFillm</column>
      <column name="text">http://t.co/1NJ0eigVJF Журнал Global Finance признал Сбербанк ОнЛайн лучшим розничным интернет-банком в России</column>
      <column name="sberbank">1</column>
      <column name="vtb">NULL</column>
      <column name="gazprom">NULL</column>
      <column name="alfabank">NULL</column>
      <column name="bankmoskvy">NULL</column>
      <column name="raiffeisen">NULL</column>
      <column name="uralsib">NULL</column>
      <column name="rshb">NULL</column>
    </table>
    <table name="bank">
      <column name="id">608</column>
      <column name="twitid">493777644606230000</column>
      <column name="date">1406560739</column>
      <column name="name">Vespend</column>
      <column name="text">@sberbank приложение глючит а так бы пользовался постоянно</column>
      <column name="sberbank">-1</column>
      <column name="vtb">NULL</column>
      <column name="gazprom">NULL</column>
      <column name="alfabank">NULL</column>
      <column name="bankmoskvy">NULL</column>
      <column name="raiffeisen">NULL</column>
      <column name="uralsib">NULL</column>
      <column name="rshb">NULL</column>
    </table>
    <table name="bank">
      <column name="id">609</column>
      <column name="twitid">493778186539660000</column>
      <column name="date">1406560868</column>
      <column name="name">Naydanov</column>
      <column name="text">RT @sberbank: Журнал Global Finance признал Сбербанк Онлайн лучшим розничным интернет-банком России! А вы пользуетесь нашими онлайн услугам…</column>
      <column name="sberbank">1</column>
      <column name="vtb">NULL</column>
      <column name="gazprom">NULL</column>
      <column name="alfabank">NULL</column>
      <column name="bankmoskvy">NULL</column>
      <column name="raiffeisen">NULL</column>
      <column name="uralsib">NULL</column>
      <column name="rshb">NULL</column>
    </table>
    <table name="bank">
      <column name="id">610</column>
      <column name="twitid">493778510654490000</column>
      <column name="date">1406560945</column>
      <column name="name">EuroMaydan</column>
      <column name="text">Террористы в Луганске ограбили отделение «Райффайзен банк Аваль». 25 июля в 12.00 двадцать человек, вооруженных... http://t.co/dndyQ0JjFT</column>
      <column name="sberbank">NULL</column>
      <column name="vtb">NULL</column>
      <column name="gazprom">NULL</column>
      <column name="alfabank">NULL</column>
      <column name="bankmoskvy">NULL</column>
      <column name="raiffeisen">-1</column>
      <column name="uralsib">NULL</column>
      <column name="rshb">NULL</column>
    </table>
    <table name="bank">
      <column name="id">611</column>
      <column name="twitid">493780555990050000</column>
      <column name="date">1406561433</column>
      <column name="name">mihailo_bilashi</column>
      <column name="text">RT @EuroMaydan: Террористы в Луганске ограбили отделение «Райффайзен банк Аваль». 25 июля в 12.00 двадцать человек, вооруженных... http://t…</column>
      <column name="sberbank">NULL</column>
      <column name="vtb">NULL</column>
      <column name="gazprom">NULL</column>
      <column name="alfabank">NULL</column>
      <column name="bankmoskvy">NULL</column>
      <column name="raiffeisen">-1</column>
      <column name="uralsib">NULL</column>
      <column name="rshb">NULL</column>
    </table>
    <table name="bank">
      <column name="id">612</column>
      <column name="twitid">493782604270020000</column>
      <column name="date">1406561921</column>
      <column name="name">ololeg</column>
      <column name="text">закрываю все счета. Не нужен мне такой банк (@ Альфа-Банк - @alfa_bank) https://t.co/CI16kNxcoL</column>
      <column name="sberbank">NULL</column>
      <column name="vtb">NULL</column>
      <column name="gazprom">NULL</column>
      <column name="alfabank">-1</column>
      <column name="bankmoskvy">NULL</column>
      <column name="raiffeisen">NULL</column>
      <column name="uralsib">NULL</column>
      <column name="rshb">NULL</column>
    </table>
    <table name="bank">
      <column name="id">613</column>
      <column name="twitid">493783020642790000</column>
      <column name="date">1406562020</column>
      <column name="name">EkaterinaPostni</column>
      <column name="text">@sberbank пользуюсь, все устраивает</column>
      <column name="sberbank">1</column>
      <column name="vtb">NULL</column>
      <column name="gazprom">NULL</column>
      <column name="alfabank">NULL</column>
      <column name="bankmoskvy">NULL</column>
      <column name="raiffeisen">NULL</column>
      <column name="uralsib">NULL</column>
      <column name="rshb">NULL</column>
    </table>
    <table name="bank">
      <column name="id">614</column>
      <column name="twitid">493783066037330000</column>
      <column name="date">1406562031</column>
      <column name="name">toybabogoma989</column>
      <column name="text">RT @ildacxfpounds: россельхозбанк саратов адрес http://t.co/8VCfSKI71K</column>
      <column name="sberbank">NULL</column>
      <column name="vtb">NULL</column>
      <column name="gazprom">NULL</column>
      <column name="alfabank">NULL</column>
      <column name="bankmoskvy">NULL</column>
      <column name="raiffeisen">NULL</column>
      <column name="uralsib">NULL</column>
      <column name="rshb">0</column>
    </table>
    <table name="bank">
      <column name="id">615</column>
      <column name="twitid">493783256634910000</column>
      <column name="date">1406562077</column>
      <column name="name">KarinRuiten</column>
      <column name="text">Путешествие в Вену для клиентов Premium Banking Райффайзенбанка</column>
      <column name="sberbank">NULL</column>
      <column name="vtb">NULL</column>
      <column name="gazprom">NULL</column>
      <column name="alfabank">NULL</column>
      <column name="bankmoskvy">NULL</column>
      <column name="raiffeisen">0</column>
      <column name="uralsib">NULL</column>
      <column name="rshb">NULL</column>
    </table>
    <table name="bank">
      <column name="id">616</column>
      <column name="twitid">493791454238880000</column>
      <column name="date">1406564031</column>
      <column name="name">l200kievua</column>
      <column name="text">Патамушта ищё никто Дамбас на калени ни ставел!1 http://t.co/45m4iRDCIt

Бревики террористической ЛНР ограбили отделение «Райффайзен ба...</column>
      <column name="sberbank">NULL</column>
      <column name="vtb">NULL</column>
      <column name="gazprom">NULL</column>
      <column name="alfabank">NULL</column>
      <column name="bankmoskvy">NULL</column>
      <column name="raiffeisen">-1</column>
      <column name="uralsib">NULL</column>
      <column name="rshb">NULL</column>
    </table>
    <table name="bank">
      <column name="id">617</column>
      <column name="twitid">493792592396810000</column>
      <column name="date">1406564302</column>
      <column name="name">dcee8wch</column>
      <column name="text">Обналичить деньги с кредитной карты альфа банка http://t.co/6do8ib6ZF6</column>
      <column name="sberbank">NULL</column>
      <column name="vtb">NULL</column>
      <column name="gazprom">NULL</column>
      <column name="alfabank">0</column>
      <column name="bankmoskvy">NULL</column>
      <column name="raiffeisen">NULL</column>
      <column name="uralsib">NULL</column>
      <column name="rshb">NULL</column>
    </table>
    <table name="bank">
      <column name="id">618</column>
      <column name="twitid">493793981235740000</column>
      <column name="date">1406564634</column>
      <column name="name">moiweez</column>
      <column name="text">Кредит на жильё без первоначального взноса сбербанк http://t.co/JBMANn3kk1</column>
      <column name="sberbank">0</column>
      <column name="vtb">NULL</column>
      <column name="gazprom">NULL</column>
      <column name="alfabank">NULL</column>
      <column name="bankmoskvy">NULL</column>
      <column name="raiffeisen">NULL</column>
      <column name="uralsib">NULL</column>
      <column name="rshb">NULL</column>
    </table>
    <table name="bank">
      <column name="id">619</column>
      <column name="twitid">493794077348230000</column>
      <column name="date">1406564656</column>
      <column name="name">dohozafisud</column>
      <column name="text">Центр ипотечного кредитования сбербанк тула телефоны http://t.co/jSSGUGQa1B</column>
      <column name="sberbank">0</column>
      <column name="vtb">NULL</column>
      <column name="gazprom">NULL</column>
      <column name="alfabank">NULL</column>
      <column name="bankmoskvy">NULL</column>
      <column name="raiffeisen">NULL</column>
      <column name="uralsib">NULL</column>
      <column name="rshb">NULL</column>
    </table>
    <table name="bank">
      <column name="id">620</column>
      <column name="twitid">493796391651910000</column>
      <column name="date">1406565208</column>
      <column name="name">RoninBola</column>
      <column name="text">В Луганске террористы ЛНР ограбили «Райффайзен банк Аваль» на несколько миллионов гривен —... http://t.co/qVkSlkCaGS</column>
      <column name="sberbank">NULL</column>
      <column name="vtb">NULL</column>
      <column name="gazprom">NULL</column>
      <column name="alfabank">NULL</column>
      <column name="bankmoskvy">NULL</column>
      <column name="raiffeisen">-1</column>
      <column name="uralsib">NULL</column>
      <column name="rshb">NULL</column>
    </table>
    <table name="bank">
      <column name="id">621</column>
      <column name="twitid">493798084875280000</column>
      <column name="date">1406565612</column>
      <column name="name">eydopeqa</column>
      <column name="text">Нападение на Сбербанк в Курганской области</column>
      <column name="sberbank">-1</column>
      <column name="vtb">NULL</column>
      <column name="gazprom">NULL</column>
      <column name="alfabank">NULL</column>
      <column name="bankmoskvy">NULL</column>
      <column name="raiffeisen">NULL</column>
      <column name="uralsib">NULL</column>
      <column name="rshb">NULL</column>
    </table>
    <table name="bank">
      <column name="id">622</column>
      <column name="twitid">493804021350540000</column>
      <column name="date">1406567027</column>
      <column name="name">Maan_noi</column>
      <column name="text">Журнал Global Finance признал Сбербанк Онлайн лучшим розничным интернет банком в России</column>
      <column name="sberbank">1</column>
      <column name="vtb">NULL</column>
      <column name="gazprom">NULL</column>
      <column name="alfabank">NULL</column>
      <column name="bankmoskvy">NULL</column>
      <column name="raiffeisen">NULL</column>
      <column name="uralsib">NULL</column>
      <column name="rshb">NULL</column>
    </table>
    <table name="bank">
      <column name="id">623</column>
      <column name="twitid">493805751195150000</column>
      <column name="date">1406567440</column>
      <column name="name">lajawize</column>
      <column name="text">Таунхаус в кредит втб 24 http://t.co/IqXNHAsjK9</column>
      <column name="sberbank">NULL</column>
      <column name="vtb">0</column>
      <column name="gazprom">NULL</column>
      <column name="alfabank">NULL</column>
      <column name="bankmoskvy">NULL</column>
      <column name="raiffeisen">NULL</column>
      <column name="uralsib">NULL</column>
      <column name="rshb">NULL</column>
    </table>
    <table name="bank">
      <column name="id">624</column>
      <column name="twitid">493807229221770000</column>
      <column name="date">1406567792</column>
      <column name="name">lanellitdomuldo</column>
      <column name="text">Потребительские кредиты сбербанк тюмень http://t.co/I6nPwhvFQi</column>
      <column name="sberbank">0</column>
      <column name="vtb">NULL</column>
      <column name="gazprom">NULL</column>
      <column name="alfabank">NULL</column>
      <column name="bankmoskvy">NULL</column>
      <column name="raiffeisen">NULL</column>
      <column name="uralsib">NULL</column>
      <column name="rshb">NULL</column>
    </table>
    <table name="bank">
      <column name="id">625</column>
      <column name="twitid">493808487999490000</column>
      <column name="date">1406568092</column>
      <column name="name">EPushina38</column>
      <column name="text">«Банк Москвы» закроет свои офисы в Вологодской области</column>
      <column name="sberbank">NULL</column>
      <column name="vtb">NULL</column>
      <column name="gazprom">NULL</column>
      <column name="alfabank">NULL</column>
      <column name="bankmoskvy">-1</column>
      <column name="raiffeisen">NULL</column>
      <column name="uralsib">NULL</column>
      <column name="rshb">NULL</column>
    </table>
    <table name="bank">
      <column name="id">626</column>
      <column name="twitid">493808631125920000</column>
      <column name="date">1406568126</column>
      <column name="name">sharylwelliott</column>
      <column name="text">Какие процентные ставки по кредитам в втб 24 http://t.co/7lgiUBWga7</column>
      <column name="sberbank">NULL</column>
      <column name="vtb">0</column>
      <column name="gazprom">NULL</column>
      <column name="alfabank">NULL</column>
      <column name="bankmoskvy">NULL</column>
      <column name="raiffeisen">NULL</column>
      <column name="uralsib">NULL</column>
      <column name="rshb">NULL</column>
    </table>
    <table name="bank">
      <column name="id">627</column>
      <column name="twitid">493813191668150000</column>
      <column name="date">1406569214</column>
      <column name="name">nnikolaevskij</column>
      <column name="text">Кредит под ноль альфа банк http://t.co/G3pxkk1Knk</column>
      <column name="sberbank">NULL</column>
      <column name="vtb">NULL</column>
      <column name="gazprom">NULL</column>
      <column name="alfabank">0</column>
      <column name="bankmoskvy">NULL</column>
      <column name="raiffeisen">NULL</column>
      <column name="uralsib">NULL</column>
      <column name="rshb">NULL</column>
    </table>
    <table name="bank">
      <column name="id">628</column>
      <column name="twitid">493813191756230000</column>
      <column name="date">1406569214</column>
      <column name="name">fovidezevy</column>
      <column name="text">Банк москвы ставрополь кредиты http://t.co/4XPUhcWtag</column>
      <column name="sberbank">NULL</column>
      <column name="vtb">NULL</column>
      <column name="gazprom">NULL</column>
      <column name="alfabank">NULL</column>
      <column name="bankmoskvy">0</column>
      <column name="raiffeisen">NULL</column>
      <column name="uralsib">NULL</column>
      <column name="rshb">NULL</column>
    </table>
    <table name="bank">
      <column name="id">629</column>
      <column name="twitid">493813919971310000</column>
      <column name="date">1406569387</column>
      <column name="name">ChasseAuxHibou</column>
      <column name="text">RT @InfoResist: В Луганске террористы ЛНР ограбили «Райффайзен банк Аваль» на несколько миллионов гривен | Info... http://t.co/qG8uADuoK0</column>
      <column name="sberbank">NULL</column>
      <column name="vtb">NULL</column>
      <column name="gazprom">NULL</column>
      <column name="alfabank">NULL</column>
      <column name="bankmoskvy">NULL</column>
      <column name="raiffeisen">-1</column>
      <column name="uralsib">NULL</column>
      <column name="rshb">NULL</column>
    </table>
    <table name="bank">
      <column name="id">630</column>
      <column name="twitid">493814011352600000</column>
      <column name="date">1406569409</column>
      <column name="name">bronskih_0305</column>
      <column name="text">Про Сбербанк и отказ в жалобной книге - написать им на сайте с датами и именами. И про тупость туда же можно написать.</column>
      <column name="sberbank">-1</column>
      <column name="vtb">NULL</column>
      <column name="gazprom">NULL</column>
      <column name="alfabank">NULL</column>
      <column name="bankmoskvy">NULL</column>
      <column name="raiffeisen">NULL</column>
      <column name="uralsib">NULL</column>
      <column name="rshb">NULL</column>
    </table>
    <table name="bank">
      <column name="id">631</column>
      <column name="twitid">493819242832490000</column>
      <column name="date">1406570656</column>
      <column name="name">ocxhdockp</column>
      <column name="text">Кредит на свадьбу в банк москвы http://t.co/WmVqsUln7J</column>
      <column name="sberbank">NULL</column>
      <column name="vtb">NULL</column>
      <column name="gazprom">NULL</column>
      <column name="alfabank">NULL</column>
      <column name="bankmoskvy">0</column>
      <column name="raiffeisen">NULL</column>
      <column name="uralsib">NULL</column>
      <column name="rshb">NULL</column>
    </table>
    <table name="bank">
      <column name="id">632</column>
      <column name="twitid">493820601874650000</column>
      <column name="date">1406570980</column>
      <column name="name">vitaliy00700</column>
      <column name="text">В Луганске террористы ЛНР ограбили «Райффайзен банк Аваль» на несколько миллионов гривен http://t.co/EOgJC7LReI</column>
      <column name="sberbank">NULL</column>
      <column name="vtb">NULL</column>
      <column name="gazprom">NULL</column>
      <column name="alfabank">NULL</column>
      <column name="bankmoskvy">NULL</column>
      <column name="raiffeisen">-1</column>
      <column name="uralsib">NULL</column>
      <column name="rshb">NULL</column>
    </table>
    <table name="bank">
      <column name="id">633</column>
      <column name="twitid">493825845388390000</column>
      <column name="date">1406572231</column>
      <column name="name">musacegot</column>
      <column name="text">Взять автокредит в райффайзен банк http://t.co/uckTS0ePyQ</column>
      <column name="sberbank">NULL</column>
      <column name="vtb">NULL</column>
      <column name="gazprom">NULL</column>
      <column name="alfabank">NULL</column>
      <column name="bankmoskvy">NULL</column>
      <column name="raiffeisen">0</column>
      <column name="uralsib">NULL</column>
      <column name="rshb">NULL</column>
    </table>
    <table name="bank">
      <column name="id">634</column>
      <column name="twitid">493828790918070000</column>
      <column name="date">1406572933</column>
      <column name="name">theolazwagsierr</column>
      <column name="text">Какие справки требуются для получения кредита в сбербанк http://t.co/BmDdKENUbd</column>
      <column name="sberbank">0</column>
      <column name="vtb">NULL</column>
      <column name="gazprom">NULL</column>
      <column name="alfabank">NULL</column>
      <column name="bankmoskvy">NULL</column>
      <column name="raiffeisen">NULL</column>
      <column name="uralsib">NULL</column>
      <column name="rshb">NULL</column>
    </table>
    <table name="bank">
      <column name="id">635</column>
      <column name="twitid">493832339760620000</column>
      <column name="date">1406573779</column>
      <column name="name">jonirumokew</column>
      <column name="text">Досрочное погашения кредита в втб 24 http://t.co/Gg3WFYfe9S</column>
      <column name="sberbank">NULL</column>
      <column name="vtb">0</column>
      <column name="gazprom">NULL</column>
      <column name="alfabank">NULL</column>
      <column name="bankmoskvy">NULL</column>
      <column name="raiffeisen">NULL</column>
      <column name="uralsib">NULL</column>
      <column name="rshb">NULL</column>
    </table>
    <table name="bank">
      <column name="id">636</column>
      <column name="twitid">493833370800230000</column>
      <column name="date">1406574025</column>
      <column name="name">alemont7</column>
      <column name="text">RT @itass: СМИ: ЕС может внести в санкционный список Сбербанк и ВТБ http://t.co/yQJYaQTbIC</column>
      <column name="sberbank">-1</column>
      <column name="vtb">-1</column>
      <column name="gazprom">NULL</column>
      <column name="alfabank">NULL</column>
      <column name="bankmoskvy">NULL</column>
      <column name="raiffeisen">NULL</column>
      <column name="uralsib">NULL</column>
      <column name="rshb">NULL</column>
    </table>
    <table name="bank">
      <column name="id">637</column>
      <column name="twitid">493833945604430000</column>
      <column name="date">1406574162</column>
      <column name="name">shaneutwchavis</column>
      <column name="text">Краснодарский край сбербанк россии ипотечное кредитование http://t.co/t8VbSz8lcn</column>
      <column name="sberbank">0</column>
      <column name="vtb">NULL</column>
      <column name="gazprom">NULL</column>
      <column name="alfabank">NULL</column>
      <column name="bankmoskvy">NULL</column>
      <column name="raiffeisen">NULL</column>
      <column name="uralsib">NULL</column>
      <column name="rshb">NULL</column>
    </table>
    <table name="bank">
      <column name="id">638</column>
      <column name="twitid">493834861699150000</column>
      <column name="date">1406574380</column>
      <column name="name">m_belozerov</column>
      <column name="text">RT @Sensovita: @sberbank Просто журнал не пользуется вашими услугами, никогда не искал тарифы на вашем сайте и не был дезинформирован вашим…</column>
      <column name="sberbank">-1</column>
      <column name="vtb">NULL</column>
      <column name="gazprom">NULL</column>
      <column name="alfabank">NULL</column>
      <column name="bankmoskvy">NULL</column>
      <column name="raiffeisen">NULL</column>
      <column name="uralsib">NULL</column>
      <column name="rshb">NULL</column>
    </table>
    <table name="bank">
      <column name="id">639</column>
      <column name="twitid">493836814961370000</column>
      <column name="date">1406574846</column>
      <column name="name">lorileevmatney</column>
      <column name="text">Кредитные программы райффайзен банк аваль http://t.co/bFJIo3SM0G</column>
      <column name="sberbank">NULL</column>
      <column name="vtb">NULL</column>
      <column name="gazprom">NULL</column>
      <column name="alfabank">NULL</column>
      <column name="bankmoskvy">NULL</column>
      <column name="raiffeisen">0</column>
      <column name="uralsib">NULL</column>
      <column name="rshb">NULL</column>
    </table>
    <table name="bank">
      <column name="id">640</column>
      <column name="twitid">493837201138910000</column>
      <column name="date">1406574938</column>
      <column name="name">naytipravdu</column>
      <column name="text">ИТАР-ТАСС: СМИ: ЕС может внести в санкционный список Сбербанк и ВТБ http://t.co/LavGGsvK2J #Украина</column>
      <column name="sberbank">-1</column>
      <column name="vtb">-1</column>
      <column name="gazprom">NULL</column>
      <column name="alfabank">NULL</column>
      <column name="bankmoskvy">NULL</column>
      <column name="raiffeisen">NULL</column>
      <column name="uralsib">NULL</column>
      <column name="rshb">NULL</column>
    </table>
    <table name="bank">
      <column name="id">641</column>
      <column name="twitid">493838000183600000</column>
      <column name="date">1406575128</column>
      <column name="name">NovitskyAndrew</column>
      <column name="text">@CrazyZorg @AlfabankBY Ураза-Байрам же. Выходной</column>
      <column name="sberbank">NULL</column>
      <column name="vtb">NULL</column>
      <column name="gazprom">NULL</column>
      <column name="alfabank">--</column>
      <column name="bankmoskvy">NULL</column>
      <column name="raiffeisen">NULL</column>
      <column name="uralsib">NULL</column>
      <column name="rshb">NULL</column>
    </table>
    <table name="bank">
      <column name="id">642</column>
      <column name="twitid">493838287543740000</column>
      <column name="date">1406575197</column>
      <column name="name">MissNadejda1001</column>
      <column name="text">Уралсиб банк кредитная карта в подарок вкладчику http://t.co/bniSJNIFdj</column>
      <column name="sberbank">NULL</column>
      <column name="vtb">NULL</column>
      <column name="gazprom">NULL</column>
      <column name="alfabank">NULL</column>
      <column name="bankmoskvy">NULL</column>
      <column name="raiffeisen">NULL</column>
      <column name="uralsib">0</column>
      <column name="rshb">NULL</column>
    </table>
    <table name="bank">
      <column name="id">643</column>
      <column name="twitid">493839871438750000</column>
      <column name="date">1406575575</column>
      <column name="name">fdxeyyy9bu</column>
      <column name="text">По какому адресу взять кредит в альфабанке http://t.co/TpVDuHwURO</column>
      <column name="sberbank">NULL</column>
      <column name="vtb">NULL</column>
      <column name="gazprom">NULL</column>
      <column name="alfabank">0</column>
      <column name="bankmoskvy">NULL</column>
      <column name="raiffeisen">NULL</column>
      <column name="uralsib">NULL</column>
      <column name="rshb">NULL</column>
    </table>
    <table name="bank">
      <column name="id">644</column>
      <column name="twitid">493840406837460000</column>
      <column name="date">1406575702</column>
      <column name="name">Vinokurov12</column>
      <column name="text">ЕС может внести в санкционный список Сбербанк и ВТБ http://t.co/2eAqCnuPGC</column>
      <column name="sberbank">-1</column>
      <column name="vtb">-1</column>
      <column name="gazprom">NULL</column>
      <column name="alfabank">NULL</column>
      <column name="bankmoskvy">NULL</column>
      <column name="raiffeisen">NULL</column>
      <column name="uralsib">NULL</column>
      <column name="rshb">NULL</column>
    </table>
    <table name="bank">
      <column name="id">645</column>
      <column name="twitid">493840940742610000</column>
      <column name="date">1406575830</column>
      <column name="name">nanaybxhartsell</column>
      <column name="text">RT @ykioo7: Потребительский кредит в ВТБ 24 в Ижевске http://t.co/ou5A0Aqw57</column>
      <column name="sberbank">NULL</column>
      <column name="vtb">0</column>
      <column name="gazprom">NULL</column>
      <column name="alfabank">NULL</column>
      <column name="bankmoskvy">NULL</column>
      <column name="raiffeisen">NULL</column>
      <column name="uralsib">NULL</column>
      <column name="rshb">NULL</column>
    </table>
    <table name="bank">
      <column name="id">646</column>
      <column name="twitid">493841669050340000</column>
      <column name="date">1406576003</column>
      <column name="name">dz791</column>
      <column name="text">RT @Vinokurov12: ЕС может внести в санкционный список Сбербанк и ВТБ http://t.co/2eAqCnuPGC</column>
      <column name="sberbank">-1</column>
      <column name="vtb">-1</column>
      <column name="gazprom">NULL</column>
      <column name="alfabank">NULL</column>
      <column name="bankmoskvy">NULL</column>
      <column name="raiffeisen">NULL</column>
      <column name="uralsib">NULL</column>
      <column name="rshb">NULL</column>
    </table>
    <table name="bank">
      <column name="id">647</column>
      <column name="twitid">493843069817870000</column>
      <column name="date">1406576337</column>
      <column name="name">LEgorova18</column>
      <column name="text">СМИ: ЕС может внести в санкционный список Сбербанк и ВТБ.Новые санкции, по данным газеты, резко ограничивают возможности крупнейших российс</column>
      <column name="sberbank">-1</column>
      <column name="vtb">-1</column>
      <column name="gazprom">NULL</column>
      <column name="alfabank">NULL</column>
      <column name="bankmoskvy">NULL</column>
      <column name="raiffeisen">NULL</column>
      <column name="uralsib">NULL</column>
      <column name="rshb">NULL</column>
    </table>
    <table name="bank">
      <column name="id">648</column>
      <column name="twitid">493843480729240000</column>
      <column name="date">1406576435</column>
      <column name="name">godskiy39</column>
      <column name="text">Банк москвы расписание работы http://t.co/ZtEu8QSNCB</column>
      <column name="sberbank">NULL</column>
      <column name="vtb">NULL</column>
      <column name="gazprom">NULL</column>
      <column name="alfabank">NULL</column>
      <column name="bankmoskvy">0</column>
      <column name="raiffeisen">NULL</column>
      <column name="uralsib">NULL</column>
      <column name="rshb">NULL</column>
    </table>
    <table name="bank">
      <column name="id">649</column>
      <column name="twitid">493844169589540000</column>
      <column name="date">1406576599</column>
      <column name="name">Tsarev_Mikhail</column>
      <column name="text">RT @tvrain: Под санкции ЕС могут попасть Сбербанк и ВТБ http://t.co/iaG8wqO5IG</column>
      <column name="sberbank">-1</column>
      <column name="vtb">-1</column>
      <column name="gazprom">NULL</column>
      <column name="alfabank">NULL</column>
      <column name="bankmoskvy">NULL</column>
      <column name="raiffeisen">NULL</column>
      <column name="uralsib">NULL</column>
      <column name="rshb">NULL</column>
    </table>
    <table name="bank">
      <column name="id">650</column>
      <column name="twitid">493844216297300000</column>
      <column name="date">1406576611</column>
      <column name="name">Umka_75</column>
      <column name="text">@77dim2003 @MuhoZhuk Сбер уже столько раз &quot;обещали&quot; внести в  списки, а в р-те &quot;лупили&quot; по средним и мелким.</column>
      <column name="sberbank">0</column>
      <column name="vtb">NULL</column>
      <column name="gazprom">NULL</column>
      <column name="alfabank">NULL</column>
      <column name="bankmoskvy">NULL</column>
      <column name="raiffeisen">NULL</column>
      <column name="uralsib">NULL</column>
      <column name="rshb">NULL</column>
    </table>
    <table name="bank">
      <column name="id">651</column>
      <column name="twitid">493844842360080000</column>
      <column name="date">1406576760</column>
      <column name="name">xufyhyrog</column>
      <column name="text">Почему втб 24 не дает кредиты http://t.co/6LqNJFy4Cq</column>
      <column name="sberbank">NULL</column>
      <column name="vtb">-1</column>
      <column name="gazprom">NULL</column>
      <column name="alfabank">NULL</column>
      <column name="bankmoskvy">NULL</column>
      <column name="raiffeisen">NULL</column>
      <column name="uralsib">NULL</column>
      <column name="rshb">NULL</column>
    </table>
    <table name="bank">
      <column name="id">652</column>
      <column name="twitid">493845136644670000</column>
      <column name="date">1406576830</column>
      <column name="name">vysofuguh</column>
      <column name="text">должностные инструкции работников россельхозбанков http://t.co/fL1clZ5T5I #должностные #работников</column>
      <column name="sberbank">NULL</column>
      <column name="vtb">NULL</column>
      <column name="gazprom">NULL</column>
      <column name="alfabank">NULL</column>
      <column name="bankmoskvy">NULL</column>
      <column name="raiffeisen">NULL</column>
      <column name="uralsib">NULL</column>
      <column name="rshb">0</column>
    </table>
    <table name="bank">
      <column name="id">653</column>
      <column name="twitid">493845183847350000</column>
      <column name="date">1406576841</column>
      <column name="name">Woldani</column>
      <column name="text">RT @77dim2003: если Сбер и ВТБ реально попадут в санкционный список ЕС-будет реальный пипец.И для самих банков и для их клиентов((</column>
      <column name="sberbank">-1</column>
      <column name="vtb">-1</column>
      <column name="gazprom">NULL</column>
      <column name="alfabank">NULL</column>
      <column name="bankmoskvy">NULL</column>
      <column name="raiffeisen">NULL</column>
      <column name="uralsib">NULL</column>
      <column name="rshb">NULL</column>
    </table>
    <table name="bank">
      <column name="id">654</column>
      <column name="twitid">493845274821810000</column>
      <column name="date">1406576863</column>
      <column name="name">yad_viga</column>
      <column name="text">Бланки россельхозбанк http://t.co/7M18LHIxio</column>
      <column name="sberbank">NULL</column>
      <column name="vtb">NULL</column>
      <column name="gazprom">NULL</column>
      <column name="alfabank">NULL</column>
      <column name="bankmoskvy">NULL</column>
      <column name="raiffeisen">NULL</column>
      <column name="uralsib">NULL</column>
      <column name="rshb">0</column>
    </table>
    <table name="bank">
      <column name="id">655</column>
      <column name="twitid">493846513928640000</column>
      <column name="date">1406577158</column>
      <column name="name">ariap17</column>
      <column name="text">Как оформить кредитную карту альфа банка через интернет http://t.co/W34FyG2adV</column>
      <column name="sberbank">NULL</column>
      <column name="vtb">NULL</column>
      <column name="gazprom">NULL</column>
      <column name="alfabank">0</column>
      <column name="bankmoskvy">NULL</column>
      <column name="raiffeisen">NULL</column>
      <column name="uralsib">NULL</column>
      <column name="rshb">NULL</column>
    </table>
    <table name="bank">
      <column name="id">656</column>
      <column name="twitid">493847080268730000</column>
      <column name="date">1406577293</column>
      <column name="name">__Imperius</column>
      <column name="text">Бланки платежных поручений сбербанк http://t.co/nYxZ01VscB</column>
      <column name="sberbank">0</column>
      <column name="vtb">NULL</column>
      <column name="gazprom">NULL</column>
      <column name="alfabank">NULL</column>
      <column name="bankmoskvy">NULL</column>
      <column name="raiffeisen">NULL</column>
      <column name="uralsib">NULL</column>
      <column name="rshb">NULL</column>
    </table>
    <table name="bank">
      <column name="id">657</column>
      <column name="twitid">493847132063800000</column>
      <column name="date">1406577306</column>
      <column name="name">add_finance</column>
      <column name="text">WSJ: в список санкций ЕС будут включены Сбербанк и ВТБ</column>
      <column name="sberbank">-1</column>
      <column name="vtb">-1</column>
      <column name="gazprom">NULL</column>
      <column name="alfabank">NULL</column>
      <column name="bankmoskvy">NULL</column>
      <column name="raiffeisen">NULL</column>
      <column name="uralsib">NULL</column>
      <column name="rshb">NULL</column>
    </table>
    <table name="bank">
      <column name="id">658</column>
      <column name="twitid">493849661229530000</column>
      <column name="date">1406577909</column>
      <column name="name">dmitry_reykhart</column>
      <column name="text">@Vinokurov12 это точно, но Сбер то при чем? Он даже из Крыма ушел, чтобы повода не было. Удар прямой будет по миллионам людей, зачем?Глупо</column>
      <column name="sberbank">-1</column>
      <column name="vtb">NULL</column>
      <column name="gazprom">NULL</column>
      <column name="alfabank">NULL</column>
      <column name="bankmoskvy">NULL</column>
      <column name="raiffeisen">NULL</column>
      <column name="uralsib">NULL</column>
      <column name="rshb">NULL</column>
    </table>
    <table name="bank">
      <column name="id">659</column>
      <column name="twitid">493850013962100000</column>
      <column name="date">1406577993</column>
      <column name="name">juqyhuluse</column>
      <column name="text">Получить кредит пенсионерам россельхозбанк в омске http://t.co/KBT33yRB1z</column>
      <column name="sberbank">NULL</column>
      <column name="vtb">NULL</column>
      <column name="gazprom">NULL</column>
      <column name="alfabank">NULL</column>
      <column name="bankmoskvy">NULL</column>
      <column name="raiffeisen">NULL</column>
      <column name="uralsib">NULL</column>
      <column name="rshb">0</column>
    </table>
    <table name="bank">
      <column name="id">660</column>
      <column name="twitid">493850015488830000</column>
      <column name="date">1406577993</column>
      <column name="name">Anarhopacifist</column>
      <column name="text">Газета.Ru - НОВОСТИ / WSJ: в список санкций ЕС будут включены Сбербанк и ВТБ http://t.co/kEHrPR65VU с помощью @gazetaru</column>
      <column name="sberbank">-1</column>
      <column name="vtb">-1</column>
      <column name="gazprom">NULL</column>
      <column name="alfabank">NULL</column>
      <column name="bankmoskvy">NULL</column>
      <column name="raiffeisen">NULL</column>
      <column name="uralsib">NULL</column>
      <column name="rshb">NULL</column>
    </table>
    <table name="bank">
      <column name="id">661</column>
      <column name="twitid">493851017071440000</column>
      <column name="date">1406578232</column>
      <column name="name">alenka_elena1</column>
      <column name="text">В ЕС предварительно согласован новый санкционный список, включены Сбербанк и ВТБ | Новости Регионов России http://t.co/KcuNQOPkpw</column>
      <column name="sberbank">-1</column>
      <column name="vtb">-1</column>
      <column name="gazprom">NULL</column>
      <column name="alfabank">NULL</column>
      <column name="bankmoskvy">NULL</column>
      <column name="raiffeisen">NULL</column>
      <column name="uralsib">NULL</column>
      <column name="rshb">NULL</column>
    </table>
    <table name="bank">
      <column name="id">662</column>
      <column name="twitid">493851018812460000</column>
      <column name="date">1406578232</column>
      <column name="name">ralidicel</column>
      <column name="text">Потребительские кредиты в магнитогорске сбербанк http://t.co/8yO3SVBW67</column>
      <column name="sberbank">0</column>
      <column name="vtb">NULL</column>
      <column name="gazprom">NULL</column>
      <column name="alfabank">NULL</column>
      <column name="bankmoskvy">NULL</column>
      <column name="raiffeisen">NULL</column>
      <column name="uralsib">NULL</column>
      <column name="rshb">NULL</column>
    </table>
    <table name="bank">
      <column name="id">663</column>
      <column name="twitid">493851019063730000</column>
      <column name="date">1406578232</column>
      <column name="name">azogedymoz</column>
      <column name="text">газпромбанк руководство в новосибирске http://t.co/hDA6TPtgZJ #газпромбанк #новосибирске</column>
      <column name="sberbank">NULL</column>
      <column name="vtb">NULL</column>
      <column name="gazprom">0</column>
      <column name="alfabank">NULL</column>
      <column name="bankmoskvy">NULL</column>
      <column name="raiffeisen">NULL</column>
      <column name="uralsib">NULL</column>
      <column name="rshb">NULL</column>
    </table>
    <table name="bank">
      <column name="id">664</column>
      <column name="twitid">493853969647950000</column>
      <column name="date">1406578936</column>
      <column name="name">galamm11</column>
      <column name="text">RT @APerevaloff: Сбербанк и ВТБ - это серьезно. По-взрослому уже. Запад есть Запад. Все по плану и системно. Step by step</column>
      <column name="sberbank">0</column>
      <column name="vtb">0</column>
      <column name="gazprom">NULL</column>
      <column name="alfabank">NULL</column>
      <column name="bankmoskvy">NULL</column>
      <column name="raiffeisen">NULL</column>
      <column name="uralsib">NULL</column>
      <column name="rshb">NULL</column>
    </table>
    <table name="bank">
      <column name="id">665</column>
      <column name="twitid">493854466396130000</column>
      <column name="date">1406579054</column>
      <column name="name">foynetskiy</column>
      <column name="text">RT @krymrealii: СМИ: под санкции Евросоюза могут попасть крупнейшие российские банки Сбербанк и ВТБ http://t.co/51Xhqn9zur #крымреалии</column>
      <column name="sberbank">-1</column>
      <column name="vtb">-1</column>
      <column name="gazprom">NULL</column>
      <column name="alfabank">NULL</column>
      <column name="bankmoskvy">NULL</column>
      <column name="raiffeisen">NULL</column>
      <column name="uralsib">NULL</column>
      <column name="rshb">NULL</column>
    </table>
    <table name="bank">
      <column name="id">666</column>
      <column name="twitid">493854648118550000</column>
      <column name="date">1406579098</column>
      <column name="name">rmv110</column>
      <column name="text">RT @GazetaRu: WSJ: в список санкций ЕС будут включены Сбербанк и ВТБ #новости http://t.co/xDP5pn7nvY</column>
      <column name="sberbank">-1</column>
      <column name="vtb">-1</column>
      <column name="gazprom">NULL</column>
      <column name="alfabank">NULL</column>
      <column name="bankmoskvy">NULL</column>
      <column name="raiffeisen">NULL</column>
      <column name="uralsib">NULL</column>
      <column name="rshb">NULL</column>
    </table>
    <table name="bank">
      <column name="id">667</column>
      <column name="twitid">493854876255150000</column>
      <column name="date">1406579152</column>
      <column name="name">DmiNiki</column>
      <column name="text">RT @Pjatak: Если санкции против Сбер и ВТБ, то всё, капец Макдональдсу!</column>
      <column name="sberbank">0</column>
      <column name="vtb">0</column>
      <column name="gazprom">NULL</column>
      <column name="alfabank">NULL</column>
      <column name="bankmoskvy">NULL</column>
      <column name="raiffeisen">NULL</column>
      <column name="uralsib">NULL</column>
      <column name="rshb">NULL</column>
    </table>
    <table name="bank">
      <column name="id">668</column>
      <column name="twitid">493854919112550000</column>
      <column name="date">1406579162</column>
      <column name="name">Raul_Duke_</column>
      <column name="text">RT @Dobrokhotov: Сбербанк и ВТБ под санкциями - это конец российской финансовой системе http://t.co/OkWJWknLvN</column>
      <column name="sberbank">-1</column>
      <column name="vtb">-1</column>
      <column name="gazprom">NULL</column>
      <column name="alfabank">NULL</column>
      <column name="bankmoskvy">NULL</column>
      <column name="raiffeisen">NULL</column>
      <column name="uralsib">NULL</column>
      <column name="rshb">NULL</column>
    </table>
    <table name="bank">
      <column name="id">669</column>
      <column name="twitid">493855727942120000</column>
      <column name="date">1406579355</column>
      <column name="name">dimatanchak</column>
      <column name="text">RT @Serglvivua: В числе юридических лиц, попадающих под новые санкции ЕС, названы крупнейшие российские банки - Сбербанк и ВТБ.</column>
      <column name="sberbank">-1</column>
      <column name="vtb">-1</column>
      <column name="gazprom">NULL</column>
      <column name="alfabank">NULL</column>
      <column name="bankmoskvy">NULL</column>
      <column name="raiffeisen">NULL</column>
      <column name="uralsib">NULL</column>
      <column name="rshb">NULL</column>
    </table>
    <table name="bank">
      <column name="id">670</column>
      <column name="twitid">493857895260240000</column>
      <column name="date">1406579872</column>
      <column name="name">ruscur</column>
      <column name="text">ЕС может внести в санкционный список Сбербанк и ВТБ http://t.co/q7NHBJbL3Y</column>
      <column name="sberbank">-1</column>
      <column name="vtb">-1</column>
      <column name="gazprom">NULL</column>
      <column name="alfabank">NULL</column>
      <column name="bankmoskvy">NULL</column>
      <column name="raiffeisen">NULL</column>
      <column name="uralsib">NULL</column>
      <column name="rshb">NULL</column>
    </table>
    <table name="bank">
      <column name="id">671</column>
      <column name="twitid">493857984637060000</column>
      <column name="date">1406579893</column>
      <column name="name">aag_ru</column>
      <column name="text">ЕС может внести в санкционный список Сбербанк и ВТБ http://t.co/8abysYIxUN И еще 5 человек, чьи имена пока не называются. ЕС не будет.</column>
      <column name="sberbank">-1</column>
      <column name="vtb">-1</column>
      <column name="gazprom">NULL</column>
      <column name="alfabank">NULL</column>
      <column name="bankmoskvy">NULL</column>
      <column name="raiffeisen">NULL</column>
      <column name="uralsib">NULL</column>
      <column name="rshb">NULL</column>
    </table>
    <table name="bank">
      <column name="id">672</column>
      <column name="twitid">493858479116140000</column>
      <column name="date">1406580011</column>
      <column name="name">ziiseama</column>
      <column name="text">29.07.2014 00:01 : Сбербанк и ВТБ могут оказаться в санкционных списках... #mol http://t.co/72CQ5EuRPK</column>
      <column name="sberbank">-1</column>
      <column name="vtb">-1</column>
      <column name="gazprom">NULL</column>
      <column name="alfabank">NULL</column>
      <column name="bankmoskvy">NULL</column>
      <column name="raiffeisen">NULL</column>
      <column name="uralsib">NULL</column>
      <column name="rshb">NULL</column>
    </table>
    <table name="bank">
      <column name="id">673</column>
      <column name="twitid">493859909176660000</column>
      <column name="date">1406580352</column>
      <column name="name">migejizy</column>
      <column name="text">Состояние кредита в банке втб 24 http://t.co/EAx00q1xSl</column>
      <column name="sberbank">NULL</column>
      <column name="vtb">0</column>
      <column name="gazprom">NULL</column>
      <column name="alfabank">NULL</column>
      <column name="bankmoskvy">NULL</column>
      <column name="raiffeisen">NULL</column>
      <column name="uralsib">NULL</column>
      <column name="rshb">NULL</column>
    </table>
    <table name="bank">
      <column name="id">674</column>
      <column name="twitid">493861703080100000</column>
      <column name="date">1406580780</column>
      <column name="name">RussianNewsline</column>
      <column name="text">WSJ: в список санкций ЕС будут включены Сбербанк и ВТБ: Евросоюз готовится включить в санкционный список из-за... http://t.co/FBwTV0SPZ0</column>
      <column name="sberbank">-1</column>
      <column name="vtb">-1</column>
      <column name="gazprom">NULL</column>
      <column name="alfabank">NULL</column>
      <column name="bankmoskvy">NULL</column>
      <column name="raiffeisen">NULL</column>
      <column name="uralsib">NULL</column>
      <column name="rshb">NULL</column>
    </table>
    <table name="bank">
      <column name="id">675</column>
      <column name="twitid">493861703197550000</column>
      <column name="date">1406580780</column>
      <column name="name">infoistochnik</column>
      <column name="text">Из газет: WSJ: в список санкций ЕС будут включены Сбербанк и ВТБ</column>
      <column name="sberbank">-1</column>
      <column name="vtb">-1</column>
      <column name="gazprom">NULL</column>
      <column name="alfabank">NULL</column>
      <column name="bankmoskvy">NULL</column>
      <column name="raiffeisen">NULL</column>
      <column name="uralsib">NULL</column>
      <column name="rshb">NULL</column>
    </table>
    <table name="bank">
      <column name="id">676</column>
      <column name="twitid">493861703449200000</column>
      <column name="date">1406580780</column>
      <column name="name">Dizayner7</column>
      <column name="text">#РЕТВИТНИ WSJ: в список санкций ЕС будут включены Сбербанк и ВТБ: Евросоюз готовится включить в санкционный список из-за ситуации на ...</column>
      <column name="sberbank">-1</column>
      <column name="vtb">-1</column>
      <column name="gazprom">NULL</column>
      <column name="alfabank">NULL</column>
      <column name="bankmoskvy">NULL</column>
      <column name="raiffeisen">NULL</column>
      <column name="uralsib">NULL</column>
      <column name="rshb">NULL</column>
    </table>
    <table name="bank">
      <column name="id">677</column>
      <column name="twitid">493861703512110000</column>
      <column name="date">1406580780</column>
      <column name="name">lentalive</column>
      <column name="text">WSJ: в список санкций ЕС будут включены Сбербанк и ВТБ: Евросоюз готовится включить в санкционный список из-за ситуации на Украине в ...</column>
      <column name="sberbank">-1</column>
      <column name="vtb">-1</column>
      <column name="gazprom">NULL</column>
      <column name="alfabank">NULL</column>
      <column name="bankmoskvy">NULL</column>
      <column name="raiffeisen">NULL</column>
      <column name="uralsib">NULL</column>
      <column name="rshb">NULL</column>
    </table>
    <table name="bank">
      <column name="id">678</column>
      <column name="twitid">493861703717640000</column>
      <column name="date">1406580780</column>
      <column name="name">akk4twi</column>
      <column name="text">Новости: WSJ: в список санкций ЕС будут включены Сбербанк и ВТБ</column>
      <column name="sberbank">-1</column>
      <column name="vtb">-1</column>
      <column name="gazprom">NULL</column>
      <column name="alfabank">NULL</column>
      <column name="bankmoskvy">NULL</column>
      <column name="raiffeisen">NULL</column>
      <column name="uralsib">NULL</column>
      <column name="rshb">NULL</column>
    </table>
    <table name="bank">
      <column name="id">679</column>
      <column name="twitid">493862754415940000</column>
      <column name="date">1406581030</column>
      <column name="name">lishamillward</column>
      <column name="text">#sledui Сбербанк и ВТБ могут оказаться в санкционных списках Евросоюза</column>
      <column name="sberbank">-1</column>
      <column name="vtb">-1</column>
      <column name="gazprom">NULL</column>
      <column name="alfabank">NULL</column>
      <column name="bankmoskvy">NULL</column>
      <column name="raiffeisen">NULL</column>
      <column name="uralsib">NULL</column>
      <column name="rshb">NULL</column>
    </table>
    <table name="bank">
      <column name="id">680</column>
      <column name="twitid">493862842769360000</column>
      <column name="date">1406581051</column>
      <column name="name">alexeylo1</column>
      <column name="text">Среднерусский Сбербанк увеличил эмиссию молодежных карт</column>
      <column name="sberbank">0</column>
      <column name="vtb">NULL</column>
      <column name="gazprom">NULL</column>
      <column name="alfabank">NULL</column>
      <column name="bankmoskvy">NULL</column>
      <column name="raiffeisen">NULL</column>
      <column name="uralsib">NULL</column>
      <column name="rshb">NULL</column>
    </table>
    <table name="bank">
      <column name="id">681</column>
      <column name="twitid">493863756469120000</column>
      <column name="date">1406581269</column>
      <column name="name">pro_groups</column>
      <column name="text">В числе юридических лиц, попадающих под новые санкции ЕС, названы крупнейшие российские банки - Сбербанк и ВТБ.</column>
      <column name="sberbank">-1</column>
      <column name="vtb">-1</column>
      <column name="gazprom">NULL</column>
      <column name="alfabank">NULL</column>
      <column name="bankmoskvy">NULL</column>
      <column name="raiffeisen">NULL</column>
      <column name="uralsib">NULL</column>
      <column name="rshb">NULL</column>
    </table>
    <table name="bank">
      <column name="id">682</column>
      <column name="twitid">493864111282070000</column>
      <column name="date">1406581354</column>
      <column name="name">ElenaIvankova</column>
      <column name="text">RT @PogrebnyakAA: СМИ: ЕС может внести в санкционный список Сбербанк и ВТБ http://t.co/RjUvCrr4YP</column>
      <column name="sberbank">-1</column>
      <column name="vtb">-1</column>
      <column name="gazprom">NULL</column>
      <column name="alfabank">NULL</column>
      <column name="bankmoskvy">NULL</column>
      <column name="raiffeisen">NULL</column>
      <column name="uralsib">NULL</column>
      <column name="rshb">NULL</column>
    </table>
    <table name="bank">
      <column name="id">683</column>
      <column name="twitid">493865788000860000</column>
      <column name="date">1406581754</column>
      <column name="name">MarkeD_NB</column>
      <column name="text">дает ли сбербанк кредит на путешествие</column>
      <column name="sberbank">0</column>
      <column name="vtb">NULL</column>
      <column name="gazprom">NULL</column>
      <column name="alfabank">NULL</column>
      <column name="bankmoskvy">NULL</column>
      <column name="raiffeisen">NULL</column>
      <column name="uralsib">NULL</column>
      <column name="rshb">NULL</column>
    </table>
    <table name="bank">
      <column name="id">684</column>
      <column name="twitid">493868484347300000</column>
      <column name="date">1406582396</column>
      <column name="name">emelykunboothe</column>
      <column name="text">Райфайзен банк волжский кредит http://t.co/5PSBDzJTTa</column>
      <column name="sberbank">NULL</column>
      <column name="vtb">NULL</column>
      <column name="gazprom">NULL</column>
      <column name="alfabank">NULL</column>
      <column name="bankmoskvy">NULL</column>
      <column name="raiffeisen">0</column>
      <column name="uralsib">NULL</column>
      <column name="rshb">NULL</column>
    </table>
    <table name="bank">
      <column name="id">685</column>
      <column name="twitid">493868615423120000</column>
      <column name="date">1406582428</column>
      <column name="name">devaneyrbirdie</column>
      <column name="text">Кредитные карты Альфа банка в Ижевске http://t.co/nG2f3RuveN</column>
      <column name="sberbank">NULL</column>
      <column name="vtb">NULL</column>
      <column name="gazprom">NULL</column>
      <column name="alfabank">0</column>
      <column name="bankmoskvy">NULL</column>
      <column name="raiffeisen">NULL</column>
      <column name="uralsib">NULL</column>
      <column name="rshb">NULL</column>
    </table>
    <table name="bank">
      <column name="id">686</column>
      <column name="twitid">493869674153530000</column>
      <column name="date">1406582680</column>
      <column name="name">aleks9633</column>
      <column name="text">СМИ: ЕС может внести в санкционный список Сбербанк и ВТБ http://t.co/0TtWpNJNEf</column>
      <column name="sberbank">-1</column>
      <column name="vtb">-1</column>
      <column name="gazprom">NULL</column>
      <column name="alfabank">NULL</column>
      <column name="bankmoskvy">NULL</column>
      <column name="raiffeisen">NULL</column>
      <column name="uralsib">NULL</column>
      <column name="rshb">NULL</column>
    </table>
    <table name="bank">
      <column name="id">687</column>
      <column name="twitid">493870607785020000</column>
      <column name="date">1406582903</column>
      <column name="name">xirupycirubuj28</column>
      <column name="text">Банк втб 24 потребительский кредит отзывы http://t.co/FlNWU9Zoha</column>
      <column name="sberbank">NULL</column>
      <column name="vtb">0</column>
      <column name="gazprom">NULL</column>
      <column name="alfabank">NULL</column>
      <column name="bankmoskvy">NULL</column>
      <column name="raiffeisen">NULL</column>
      <column name="uralsib">NULL</column>
      <column name="rshb">NULL</column>
    </table>
    <table name="bank">
      <column name="id">688</column>
      <column name="twitid">493872722272090000</column>
      <column name="date">1406583407</column>
      <column name="name">enagrandiq</column>
      <column name="text">Кредитный брокер сбербанк калуга http://t.co/Dfwdynv25w</column>
      <column name="sberbank">0</column>
      <column name="vtb">NULL</column>
      <column name="gazprom">NULL</column>
      <column name="alfabank">NULL</column>
      <column name="bankmoskvy">NULL</column>
      <column name="raiffeisen">NULL</column>
      <column name="uralsib">NULL</column>
      <column name="rshb">NULL</column>
    </table>
    <table name="bank">
      <column name="id">689</column>
      <column name="twitid">493872723412940000</column>
      <column name="date">1406583407</column>
      <column name="name">FLINTYARA495</column>
      <column name="text">RT @EchoMskNews: Сбербанк и ВТБ могут оказаться в санкционных списках Евросоюза http://t.co/8dqrGKrZHO</column>
      <column name="sberbank">-1</column>
      <column name="vtb">-1</column>
      <column name="gazprom">NULL</column>
      <column name="alfabank">NULL</column>
      <column name="bankmoskvy">NULL</column>
      <column name="raiffeisen">NULL</column>
      <column name="uralsib">NULL</column>
      <column name="rshb">NULL</column>
    </table>
    <table name="bank">
      <column name="id">690</column>
      <column name="twitid">493873344467320000</column>
      <column name="date">1406583555</column>
      <column name="name">AlyaFlo</column>
      <column name="text">RT @EchoMskNews: Сбербанк и ВТБ попали в число компаний, против которых Евросоюз договорился ввести санкции из-за ситуации на Украине. http…</column>
      <column name="sberbank">-1</column>
      <column name="vtb">-1</column>
      <column name="gazprom">NULL</column>
      <column name="alfabank">NULL</column>
      <column name="bankmoskvy">NULL</column>
      <column name="raiffeisen">NULL</column>
      <column name="uralsib">NULL</column>
      <column name="rshb">NULL</column>
    </table>
    <table name="bank">
      <column name="id">691</column>
      <column name="twitid">493874596937230000</column>
      <column name="date">1406583854</column>
      <column name="name">petutugo</column>
      <column name="text">Банк москвы кредит процентов http://t.co/xJdn0KKAM2</column>
      <column name="sberbank">NULL</column>
      <column name="vtb">NULL</column>
      <column name="gazprom">NULL</column>
      <column name="alfabank">NULL</column>
      <column name="bankmoskvy">0</column>
      <column name="raiffeisen">NULL</column>
      <column name="uralsib">NULL</column>
      <column name="rshb">NULL</column>
    </table>
    <table name="bank">
      <column name="id">692</column>
      <column name="twitid">493876055238000000</column>
      <column name="date">1406584202</column>
      <column name="name">oritikane</column>
      <column name="text">Потребительский кредит россельхозбанк на преобретение жилья http://t.co/UZXF1TPnMY</column>
      <column name="sberbank">NULL</column>
      <column name="vtb">NULL</column>
      <column name="gazprom">NULL</column>
      <column name="alfabank">NULL</column>
      <column name="bankmoskvy">NULL</column>
      <column name="raiffeisen">NULL</column>
      <column name="uralsib">NULL</column>
      <column name="rshb">0</column>
    </table>
    <table name="bank">
      <column name="id">693</column>
      <column name="twitid">493876665857360000</column>
      <column name="date">1406584347</column>
      <column name="name">VAvedyan57</column>
      <column name="text">СМИ: В список санкций ЕС будут включены Сбербанк и ВТБ далее ..</column>
      <column name="sberbank">-1</column>
      <column name="vtb">-1</column>
      <column name="gazprom">NULL</column>
      <column name="alfabank">NULL</column>
      <column name="bankmoskvy">NULL</column>
      <column name="raiffeisen">NULL</column>
      <column name="uralsib">NULL</column>
      <column name="rshb">NULL</column>
    </table>
    <table name="bank">
      <column name="id">694</column>
      <column name="twitid">493880120587740000</column>
      <column name="date">1406585171</column>
      <column name="name">stratifikaciya</column>
      <column name="text">СМИ: ЕС может внести в санкционный список Сбербанк и ВТБ http://t.co/VL5vpAH4Db</column>
      <column name="sberbank">-1</column>
      <column name="vtb">-1</column>
      <column name="gazprom">NULL</column>
      <column name="alfabank">NULL</column>
      <column name="bankmoskvy">NULL</column>
      <column name="raiffeisen">NULL</column>
      <column name="uralsib">NULL</column>
      <column name="rshb">NULL</column>
    </table>
    <table name="bank">
      <column name="id">695</column>
      <column name="twitid">493881073827210000</column>
      <column name="date">1406585398</column>
      <column name="name">Ranymas</column>
      <column name="text">В список санкций ЕС будут включены Сбербанк и ВТБ</column>
      <column name="sberbank">-1</column>
      <column name="vtb">-1</column>
      <column name="gazprom">NULL</column>
      <column name="alfabank">NULL</column>
      <column name="bankmoskvy">NULL</column>
      <column name="raiffeisen">NULL</column>
      <column name="uralsib">NULL</column>
      <column name="rshb">NULL</column>
    </table>
    <table name="bank">
      <column name="id">696</column>
      <column name="twitid">493883658508720000</column>
      <column name="date">1406586014</column>
      <column name="name">ynkeryy0ri</column>
      <column name="text">Телефон сбербанк россии москва кредит http://t.co/HVLdNxPWvb</column>
      <column name="sberbank">0</column>
      <column name="vtb">NULL</column>
      <column name="gazprom">NULL</column>
      <column name="alfabank">NULL</column>
      <column name="bankmoskvy">NULL</column>
      <column name="raiffeisen">NULL</column>
      <column name="uralsib">NULL</column>
      <column name="rshb">NULL</column>
    </table>
    <table name="bank">
      <column name="id">697</column>
      <column name="twitid">493883695108220000</column>
      <column name="date">1406586023</column>
      <column name="name">xasnigan13</column>
      <column name="text">Кредитный каркулятор втб 24 http://t.co/3WMGCQeBc1</column>
      <column name="sberbank">NULL</column>
      <column name="vtb">0</column>
      <column name="gazprom">NULL</column>
      <column name="alfabank">NULL</column>
      <column name="bankmoskvy">NULL</column>
      <column name="raiffeisen">NULL</column>
      <column name="uralsib">NULL</column>
      <column name="rshb">NULL</column>
    </table>
    <table name="bank">
      <column name="id">698</column>
      <column name="twitid">493883697830310000</column>
      <column name="date">1406586024</column>
      <column name="name">gosafomyfe</column>
      <column name="text">Калькулятор расщитать авто кредит втб 24 http://t.co/Q9dQdPNYa7</column>
      <column name="sberbank">NULL</column>
      <column name="vtb">0</column>
      <column name="gazprom">NULL</column>
      <column name="alfabank">NULL</column>
      <column name="bankmoskvy">NULL</column>
      <column name="raiffeisen">NULL</column>
      <column name="uralsib">NULL</column>
      <column name="rshb">NULL</column>
    </table>
    <table name="bank">
      <column name="id">699</column>
      <column name="twitid">493883963279420000</column>
      <column name="date">1406586087</column>
      <column name="name">Angelina_Cage</column>
      <column name="text">Под санкции ЕС попадут крупнейшие российские банки - Сбербанк и ВТБ  http://t.co/1fxzeRZsPS</column>
      <column name="sberbank">-1</column>
      <column name="vtb">-1</column>
      <column name="gazprom">NULL</column>
      <column name="alfabank">NULL</column>
      <column name="bankmoskvy">NULL</column>
      <column name="raiffeisen">NULL</column>
      <column name="uralsib">NULL</column>
      <column name="rshb">NULL</column>
    </table>
    <table name="bank">
      <column name="id">700</column>
      <column name="twitid">493885183355930000</column>
      <column name="date">1406586378</column>
      <column name="name">ryxudypaqojy</column>
      <column name="text">RT @kyzipidoxam: Как взять кредит 50 т руб в альфа банк</column>
      <column name="sberbank">NULL</column>
      <column name="vtb">NULL</column>
      <column name="gazprom">NULL</column>
      <column name="alfabank">0</column>
      <column name="bankmoskvy">NULL</column>
      <column name="raiffeisen">NULL</column>
      <column name="uralsib">NULL</column>
      <column name="rshb">NULL</column>
    </table>
  </database>
</pma_xml_export>
