<?xml version="1.0" encoding="utf-8"?>
<!--
- phpMyAdmin XML Dump
- version 4.0.4.1
- http://www.phpmyadmin.net
-
- Хост: localhost
- Время создания: Окт 28 2014 г., 09:03
- Версия сервера: 5.6.12
- Версия PHP: 5.5.3
-->
<pma_xml_export version="1.0" xmlns:pma="http://www.phpmyadmin.net/some_doc_url/">
  <!--
    - Structure schemas
    -->
  <pma:structure_schemas>
    <pma:database name="Romip" collation="utf8_general_ci" charset="utf8">
      <pma:table name="bank">
                CREATE TABLE `bank` (
                  `id` int(11) NOT NULL AUTO_INCREMENT,
                  `twitid` bigint(32) NOT NULL DEFAULT '0',
                  `date` varchar(128) DEFAULT NULL,
                  `name` varchar(128) DEFAULT NULL,
                  `text` varchar(256) DEFAULT NULL,
                  `sberbank` int(11) DEFAULT NULL,
                  `vtb` int(11) DEFAULT NULL,
                  `gazprom` int(11) DEFAULT NULL,
                  `alfabank` int(11) DEFAULT NULL,
                  `bankmoskvy` int(11) DEFAULT NULL,
                  `raiffeisen` int(11) DEFAULT NULL,
                  `uralsib` int(11) DEFAULT NULL,
                  `rshb` int(11) DEFAULT NULL,
                  PRIMARY KEY (`id`),
                  UNIQUE KEY `id` (`twitid`)
                ) ENGINE=InnoDB AUTO_INCREMENT=7924 DEFAULT CHARSET=utf8;
            </pma:table>
    </pma:database>
  </pma:structure_schemas>
  <!--
    - База данных: 'Romip'
    -->
  <database name="Romip">
    <!-- Таблица bank -->
    <table name="bank">
      <column name="id">101</column>
      <column name="twitid">492622009617350000</column>
      <column name="date">1406285214</column>
      <column name="name">AEvseeva14</column>
      <column name="text">В скором времени Сбербанк России намерен вложить энную сумму средств в строительство объектов недвижимости на всей территории страны. Общая</column>
      <column name="sberbank">1</column>
      <column name="vtb">NULL</column>
      <column name="gazprom">NULL</column>
      <column name="alfabank">NULL</column>
      <column name="bankmoskvy">NULL</column>
      <column name="raiffeisen">NULL</column>
      <column name="uralsib">NULL</column>
      <column name="rshb">NULL</column>
    </table>
    <table name="bank">
      <column name="id">102</column>
      <column name="twitid">492624547951420000</column>
      <column name="date">1406285819</column>
      <column name="name">xodninten</column>
      <column name="text">http://t.co/bmta53xeAQ Взять кредит в альфа банке нижнего новгорода</column>
      <column name="sberbank">NULL</column>
      <column name="vtb">NULL</column>
      <column name="gazprom">NULL</column>
      <column name="alfabank">0</column>
      <column name="bankmoskvy">NULL</column>
      <column name="raiffeisen">NULL</column>
      <column name="uralsib">NULL</column>
      <column name="rshb">NULL</column>
    </table>
    <table name="bank">
      <column name="id">103</column>
      <column name="twitid">492625619034060000</column>
      <column name="date">1406286074</column>
      <column name="name">oqutanusv</column>
      <column name="text">http://t.co/UMIXHReyDn Взять кредит в альфа банк в спб</column>
      <column name="sberbank">NULL</column>
      <column name="vtb">NULL</column>
      <column name="gazprom">NULL</column>
      <column name="alfabank">0</column>
      <column name="bankmoskvy">NULL</column>
      <column name="raiffeisen">NULL</column>
      <column name="uralsib">NULL</column>
      <column name="rshb">NULL</column>
    </table>
    <table name="bank">
      <column name="id">104</column>
      <column name="twitid">492625878577610000</column>
      <column name="date">1406286136</column>
      <column name="name">obdaculfe1972</column>
      <column name="text">Сотрудники Банка расскажут, как грамотно инвестировать в рынок ценных бумаг и получать от этого прибыль...
   
. Поволжский Сбербанк провед</column>
      <column name="sberbank">1</column>
      <column name="vtb">NULL</column>
      <column name="gazprom">NULL</column>
      <column name="alfabank">NULL</column>
      <column name="bankmoskvy">NULL</column>
      <column name="raiffeisen">NULL</column>
      <column name="uralsib">NULL</column>
      <column name="rshb">NULL</column>
    </table>
    <table name="bank">
      <column name="id">105</column>
      <column name="twitid">492628092104770000</column>
      <column name="date">1406286664</column>
      <column name="name">uvartebpr</column>
      <column name="text">http://t.co/7WPZr1EOTf Как взять кредит в альфа банке по интернету</column>
      <column name="sberbank">NULL</column>
      <column name="vtb">NULL</column>
      <column name="gazprom">NULL</column>
      <column name="alfabank">0</column>
      <column name="bankmoskvy">NULL</column>
      <column name="raiffeisen">NULL</column>
      <column name="uralsib">NULL</column>
      <column name="rshb">NULL</column>
    </table>
    <table name="bank">
      <column name="id">106</column>
      <column name="twitid">492628701176430000</column>
      <column name="date">1406286809</column>
      <column name="name">rlynNieb</column>
      <column name="text">http://t.co/Zdw84BqjiK Взять кредит в россельхозбанке кемерово</column>
      <column name="sberbank">NULL</column>
      <column name="vtb">NULL</column>
      <column name="gazprom">NULL</column>
      <column name="alfabank">NULL</column>
      <column name="bankmoskvy">NULL</column>
      <column name="raiffeisen">NULL</column>
      <column name="uralsib">NULL</column>
      <column name="rshb">0</column>
    </table>
    <table name="bank">
      <column name="id">107</column>
      <column name="twitid">492629823219850000</column>
      <column name="date">1406287077</column>
      <column name="name">cesshanmito</column>
      <column name="text">RT @retucargo: Рейтинг стоимости брендов: Apple — лидер, две российские компании — Сбербанк и МТС вошли в топ-100</column>
      <column name="sberbank">1</column>
      <column name="vtb">NULL</column>
      <column name="gazprom">NULL</column>
      <column name="alfabank">NULL</column>
      <column name="bankmoskvy">NULL</column>
      <column name="raiffeisen">NULL</column>
      <column name="uralsib">NULL</column>
      <column name="rshb">NULL</column>
    </table>
    <table name="bank">
      <column name="id">108</column>
      <column name="twitid">492630424120990000</column>
      <column name="date">1406287220</column>
      <column name="name">vsaRancou</column>
      <column name="text">http://t.co/QnbTyIP11s Как взять кредит россельхозбанке</column>
      <column name="sberbank">NULL</column>
      <column name="vtb">NULL</column>
      <column name="gazprom">NULL</column>
      <column name="alfabank">NULL</column>
      <column name="bankmoskvy">NULL</column>
      <column name="raiffeisen">NULL</column>
      <column name="uralsib">NULL</column>
      <column name="rshb">0</column>
    </table>
    <table name="bank">
      <column name="id">109</column>
      <column name="twitid">492631392724200000</column>
      <column name="date">1406287451</column>
      <column name="name">kacaaci22</column>
      <column name="text">Поволжский Сбербанк проведет семинар по брокерскому обслуживанию</column>
      <column name="sberbank">0</column>
      <column name="vtb">NULL</column>
      <column name="gazprom">NULL</column>
      <column name="alfabank">NULL</column>
      <column name="bankmoskvy">NULL</column>
      <column name="raiffeisen">NULL</column>
      <column name="uralsib">NULL</column>
      <column name="rshb">NULL</column>
    </table>
    <table name="bank">
      <column name="id">110</column>
      <column name="twitid">492633342870040000</column>
      <column name="date">1406287916</column>
      <column name="name">RudolfMirzoev</column>
      <column name="text">@alfa_bank я всего лишь заменил сим карту (не номер) и теперь для разблокировки симкарты мне надо ехать в отделение Альфа-Банк.</column>
      <column name="sberbank">NULL</column>
      <column name="vtb">NULL</column>
      <column name="gazprom">NULL</column>
      <column name="alfabank">-1</column>
      <column name="bankmoskvy">NULL</column>
      <column name="raiffeisen">NULL</column>
      <column name="uralsib">NULL</column>
      <column name="rshb">NULL</column>
    </table>
    <table name="bank">
      <column name="id">111</column>
      <column name="twitid">492634400425650000</column>
      <column name="date">1406288168</column>
      <column name="name">abeqyjac</column>
      <column name="text">образец кредитного договора сбербанк россии http://t.co/80CoIwN5uw #россии #договора</column>
      <column name="sberbank">0</column>
      <column name="vtb">NULL</column>
      <column name="gazprom">NULL</column>
      <column name="alfabank">NULL</column>
      <column name="bankmoskvy">NULL</column>
      <column name="raiffeisen">NULL</column>
      <column name="uralsib">NULL</column>
      <column name="rshb">NULL</column>
    </table>
    <table name="bank">
      <column name="id">112</column>
      <column name="twitid">492634579527010000</column>
      <column name="date">1406288211</column>
      <column name="name">arronTagg</column>
      <column name="text">http://t.co/7Tc4rWqCRL Как взять кредит в россельхозбанк в марий эл</column>
      <column name="sberbank">NULL</column>
      <column name="vtb">NULL</column>
      <column name="gazprom">NULL</column>
      <column name="alfabank">NULL</column>
      <column name="bankmoskvy">NULL</column>
      <column name="raiffeisen">NULL</column>
      <column name="uralsib">NULL</column>
      <column name="rshb">0</column>
    </table>
    <table name="bank">
      <column name="id">113</column>
      <column name="twitid">492634759395550000</column>
      <column name="date">1406288254</column>
      <column name="name">TanyaZolotaya</column>
      <column name="text">Банк Москвы будет гореть в Аду. Я лично спущусь с Небес. Проверить.</column>
      <column name="sberbank">NULL</column>
      <column name="vtb">NULL</column>
      <column name="gazprom">NULL</column>
      <column name="alfabank">NULL</column>
      <column name="bankmoskvy">-1</column>
      <column name="raiffeisen">NULL</column>
      <column name="uralsib">NULL</column>
      <column name="rshb">NULL</column>
    </table>
    <table name="bank">
      <column name="id">114</column>
      <column name="twitid">492635872572220000</column>
      <column name="date">1406288519</column>
      <column name="name">rodkoPaul</column>
      <column name="text">http://t.co/YcWLLigpKJ Получить небольшой кредит в райффайзен банке</column>
      <column name="sberbank">NULL</column>
      <column name="vtb">NULL</column>
      <column name="gazprom">NULL</column>
      <column name="alfabank">NULL</column>
      <column name="bankmoskvy">NULL</column>
      <column name="raiffeisen">0</column>
      <column name="uralsib">NULL</column>
      <column name="rshb">NULL</column>
    </table>
    <table name="bank">
      <column name="id">115</column>
      <column name="twitid">492637072088630000</column>
      <column name="date">1406288805</column>
      <column name="name">Anya_Madnessss</column>
      <column name="text">Я просто зашла в Альфа банк и увидела этот журнал )Мило </column>
      <column name="sberbank">NULL</column>
      <column name="vtb">NULL</column>
      <column name="gazprom">NULL</column>
      <column name="alfabank">0</column>
      <column name="bankmoskvy">NULL</column>
      <column name="raiffeisen">NULL</column>
      <column name="uralsib">NULL</column>
      <column name="rshb">NULL</column>
    </table>
    <table name="bank">
      <column name="id">116</column>
      <column name="twitid">492637726546880000</column>
      <column name="date">1406288961</column>
      <column name="name">arronTagg</column>
      <column name="text">http://t.co/37IIAbUqUW Со скольких лет можно взять кредит в альфа банке</column>
      <column name="sberbank">NULL</column>
      <column name="vtb">NULL</column>
      <column name="gazprom">NULL</column>
      <column name="alfabank">0</column>
      <column name="bankmoskvy">NULL</column>
      <column name="raiffeisen">NULL</column>
      <column name="uralsib">NULL</column>
      <column name="rshb">NULL</column>
    </table>
    <table name="bank">
      <column name="id">117</column>
      <column name="twitid">492637959653310000</column>
      <column name="date">1406289017</column>
      <column name="name">rosinvestcom_bk</column>
      <column name="text">Банк Москвы отчитался о первых результатах в работе с региональными операторами: Банк Москвы одним из... http://t.co/luHGb3vSwW #novosti</column>
      <column name="sberbank">NULL</column>
      <column name="vtb">NULL</column>
      <column name="gazprom">NULL</column>
      <column name="alfabank">NULL</column>
      <column name="bankmoskvy">0</column>
      <column name="raiffeisen">NULL</column>
      <column name="uralsib">NULL</column>
      <column name="rshb">NULL</column>
    </table>
    <table name="bank">
      <column name="id">118</column>
      <column name="twitid">492641541023080000</column>
      <column name="date">1406289870</column>
      <column name="name">vymunonna</column>
      <column name="text">http://t.co/ao9XFCObMV Взять потребительский кредит в альфа банке за 30 мин</column>
      <column name="sberbank">NULL</column>
      <column name="vtb">NULL</column>
      <column name="gazprom">NULL</column>
      <column name="alfabank">0</column>
      <column name="bankmoskvy">NULL</column>
      <column name="raiffeisen">NULL</column>
      <column name="uralsib">NULL</column>
      <column name="rshb">NULL</column>
    </table>
    <table name="bank">
      <column name="id">119</column>
      <column name="twitid">492644563216250000</column>
      <column name="date">1406290591</column>
      <column name="name">anchotSolu</column>
      <column name="text">http://t.co/GzJ4nIQnQ3 Взять кредит в альфа банке наличными</column>
      <column name="sberbank">NULL</column>
      <column name="vtb">NULL</column>
      <column name="gazprom">NULL</column>
      <column name="alfabank">0</column>
      <column name="bankmoskvy">NULL</column>
      <column name="raiffeisen">NULL</column>
      <column name="uralsib">NULL</column>
      <column name="rshb">NULL</column>
    </table>
    <table name="bank">
      <column name="id">120</column>
      <column name="twitid">492644923012030000</column>
      <column name="date">1406290677</column>
      <column name="name">EMalikova28</column>
      <column name="text">Ограничительные меры затронут такие организации, как Газпромбанк, Внешэкономбанк, &quot;Калашников&quot;, &quot;Конструкторское бюро приборостроения&quot;, &quot;Но</column>
      <column name="sberbank">NULL</column>
      <column name="vtb">NULL</column>
      <column name="gazprom">-1</column>
      <column name="alfabank">NULL</column>
      <column name="bankmoskvy">NULL</column>
      <column name="raiffeisen">NULL</column>
      <column name="uralsib">NULL</column>
      <column name="rshb">NULL</column>
    </table>
    <table name="bank">
      <column name="id">121</column>
      <column name="twitid">492644971909230000</column>
      <column name="date">1406290688</column>
      <column name="name">elindaHe</column>
      <column name="text">http://t.co/wtPUUn9KMR Сбербанк россии как взять кредит на неотложные нужды</column>
      <column name="sberbank">0</column>
      <column name="vtb">NULL</column>
      <column name="gazprom">NULL</column>
      <column name="alfabank">NULL</column>
      <column name="bankmoskvy">NULL</column>
      <column name="raiffeisen">NULL</column>
      <column name="uralsib">NULL</column>
      <column name="rshb">NULL</column>
    </table>
    <table name="bank">
      <column name="id">122</column>
      <column name="twitid">492650979872240000</column>
      <column name="date">1406292121</column>
      <column name="name">lynneEake</column>
      <column name="text">http://t.co/smU2bT3v7V Как оформить кредит в россельхозбанк</column>
      <column name="sberbank">NULL</column>
      <column name="vtb">NULL</column>
      <column name="gazprom">NULL</column>
      <column name="alfabank">NULL</column>
      <column name="bankmoskvy">NULL</column>
      <column name="raiffeisen">NULL</column>
      <column name="uralsib">NULL</column>
      <column name="rshb">0</column>
    </table>
    <table name="bank">
      <column name="id">123</column>
      <column name="twitid">492653001824160000</column>
      <column name="date">1406292603</column>
      <column name="name">aif_saratov</column>
      <column name="text">Сбербанк Онлайн лучший интернет-банк в России: Сбербанк Онлайн позволяет клиенту управлять сво... http://t.co/qqIISqRraP #Саратов</column>
      <column name="sberbank">1</column>
      <column name="vtb">NULL</column>
      <column name="gazprom">NULL</column>
      <column name="alfabank">NULL</column>
      <column name="bankmoskvy">NULL</column>
      <column name="raiffeisen">NULL</column>
      <column name="uralsib">NULL</column>
      <column name="rshb">NULL</column>
    </table>
    <table name="bank">
      <column name="id">124</column>
      <column name="twitid">492654638517470000</column>
      <column name="date">1406292993</column>
      <column name="name">ofyvjyki</column>
      <column name="text">http://t.co/fub3Pzo0H0 Взять кредит в оао россельхозбанк 800 т</column>
      <column name="sberbank">NULL</column>
      <column name="vtb">NULL</column>
      <column name="gazprom">NULL</column>
      <column name="alfabank">NULL</column>
      <column name="bankmoskvy">NULL</column>
      <column name="raiffeisen">NULL</column>
      <column name="uralsib">NULL</column>
      <column name="rshb">0</column>
    </table>
    <table name="bank">
      <column name="id">125</column>
      <column name="twitid">492656635790500000</column>
      <column name="date">1406293469</column>
      <column name="name">arronTagg</column>
      <column name="text">http://t.co/k1fLrnMJL9 Сбербанк россии взять кредит онега</column>
      <column name="sberbank">0</column>
      <column name="vtb">NULL</column>
      <column name="gazprom">NULL</column>
      <column name="alfabank">NULL</column>
      <column name="bankmoskvy">NULL</column>
      <column name="raiffeisen">NULL</column>
      <column name="uralsib">NULL</column>
      <column name="rshb">NULL</column>
    </table>
    <table name="bank">
      <column name="id">126</column>
      <column name="twitid">492658589488930000</column>
      <column name="date">1406293935</column>
      <column name="name">AKiselev52</column>
      <column name="text">По результатам проведенного исследования журнал Global Finance признал Сбербанк Онлайн лучшим розничным интернет-банком в России в 2014 год</column>
      <column name="sberbank">1</column>
      <column name="vtb">NULL</column>
      <column name="gazprom">NULL</column>
      <column name="alfabank">NULL</column>
      <column name="bankmoskvy">NULL</column>
      <column name="raiffeisen">NULL</column>
      <column name="uralsib">NULL</column>
      <column name="rshb">NULL</column>
    </table>
    <table name="bank">
      <column name="id">127</column>
      <column name="twitid">492659009267460000</column>
      <column name="date">1406294035</column>
      <column name="name">AutoDirector</column>
      <column name="text">@alfa_bank раз уж на то пошло... Лентяи работающие с физиками.</column>
      <column name="sberbank">NULL</column>
      <column name="vtb">NULL</column>
      <column name="gazprom">NULL</column>
      <column name="alfabank">-1</column>
      <column name="bankmoskvy">NULL</column>
      <column name="raiffeisen">NULL</column>
      <column name="uralsib">NULL</column>
      <column name="rshb">NULL</column>
    </table>
    <table name="bank">
      <column name="id">128</column>
      <column name="twitid">492659058194020000</column>
      <column name="date">1406294047</column>
      <column name="name">yqilhello</column>
      <column name="text">http://t.co/KoHCPzRAds Оформить кредитную карту сбербанк без справок</column>
      <column name="sberbank">0</column>
      <column name="vtb">NULL</column>
      <column name="gazprom">NULL</column>
      <column name="alfabank">NULL</column>
      <column name="bankmoskvy">NULL</column>
      <column name="raiffeisen">NULL</column>
      <column name="uralsib">NULL</column>
      <column name="rshb">NULL</column>
    </table>
    <table name="bank">
      <column name="id">129</column>
      <column name="twitid">492659705786150000</column>
      <column name="date">1406294201</column>
      <column name="name">ilahPress</column>
      <column name="text">http://t.co/ZGbpFevMZl Взять кредит наличными в втб 24 калькулятор</column>
      <column name="sberbank">NULL</column>
      <column name="vtb">0</column>
      <column name="gazprom">NULL</column>
      <column name="alfabank">NULL</column>
      <column name="bankmoskvy">NULL</column>
      <column name="raiffeisen">NULL</column>
      <column name="uralsib">NULL</column>
      <column name="rshb">NULL</column>
    </table>
    <table name="bank">
      <column name="id">130</column>
      <column name="twitid">492665812130730000</column>
      <column name="date">1406295657</column>
      <column name="name">lynneEake</column>
      <column name="text">http://t.co/eSqT2ncUP8 Взять кредит альфа банк город спасск дальний</column>
      <column name="sberbank">NULL</column>
      <column name="vtb">NULL</column>
      <column name="gazprom">NULL</column>
      <column name="alfabank">0</column>
      <column name="bankmoskvy">NULL</column>
      <column name="raiffeisen">NULL</column>
      <column name="uralsib">NULL</column>
      <column name="rshb">NULL</column>
    </table>
    <table name="bank">
      <column name="id">131</column>
      <column name="twitid">492667786846820000</column>
      <column name="date">1406296128</column>
      <column name="name">iteleyCur</column>
      <column name="text">http://t.co/MnR6voJrK9 Сбербанк кредит хоть я не работаю могу взять или нет</column>
      <column name="sberbank">0</column>
      <column name="vtb">NULL</column>
      <column name="gazprom">NULL</column>
      <column name="alfabank">NULL</column>
      <column name="bankmoskvy">NULL</column>
      <column name="raiffeisen">NULL</column>
      <column name="uralsib">NULL</column>
      <column name="rshb">NULL</column>
    </table>
    <table name="bank">
      <column name="id">132</column>
      <column name="twitid">492672279835600000</column>
      <column name="date">1406297199</column>
      <column name="name">pro100card</column>
      <column name="text">@M4DON_INFO Комиссия будет начисляться согласно тарифам @sberbank по переводу на другие карты.</column>
      <column name="sberbank">0</column>
      <column name="vtb">NULL</column>
      <column name="gazprom">NULL</column>
      <column name="alfabank">NULL</column>
      <column name="bankmoskvy">NULL</column>
      <column name="raiffeisen">NULL</column>
      <column name="uralsib">NULL</column>
      <column name="rshb">NULL</column>
    </table>
    <table name="bank">
      <column name="id">133</column>
      <column name="twitid">492672595465370000</column>
      <column name="date">1406297274</column>
      <column name="name">ilahPress</column>
      <column name="text">http://t.co/DzAxRR6CPP Доверительный кредит втб 24 на каких условиях взять</column>
      <column name="sberbank">NULL</column>
      <column name="vtb">0</column>
      <column name="gazprom">NULL</column>
      <column name="alfabank">NULL</column>
      <column name="bankmoskvy">NULL</column>
      <column name="raiffeisen">NULL</column>
      <column name="uralsib">NULL</column>
      <column name="rshb">NULL</column>
    </table>
    <table name="bank">
      <column name="id">134</column>
      <column name="twitid">492672639421660000</column>
      <column name="date">1406297285</column>
      <column name="name">UmkaVS</column>
      <column name="text">@max_katz Лайфхак дня: напишите на стене #Сбербанк и через пол часа там выстроиться очередь из 30 пенсионеров</column>
      <column name="sberbank">-1</column>
      <column name="vtb">NULL</column>
      <column name="gazprom">NULL</column>
      <column name="alfabank">NULL</column>
      <column name="bankmoskvy">NULL</column>
      <column name="raiffeisen">NULL</column>
      <column name="uralsib">NULL</column>
      <column name="rshb">NULL</column>
    </table>
    <table name="bank">
      <column name="id">135</column>
      <column name="twitid">492673706410650000</column>
      <column name="date">1406297539</column>
      <column name="name">enigGros</column>
      <column name="text">http://t.co/Bmr7mfAZxc Взять потребительский кредит в газпромбанке</column>
      <column name="sberbank">NULL</column>
      <column name="vtb">NULL</column>
      <column name="gazprom">0</column>
      <column name="alfabank">NULL</column>
      <column name="bankmoskvy">NULL</column>
      <column name="raiffeisen">NULL</column>
      <column name="uralsib">NULL</column>
      <column name="rshb">NULL</column>
    </table>
    <table name="bank">
      <column name="id">136</column>
      <column name="twitid">492673791688840000</column>
      <column name="date">1406297560</column>
      <column name="name">IlmirGafurov</column>
      <column name="text">@alfa_bank передал через хостес что занят, но при этом когда к нему сходила операционист с вопросом, он ее принял</column>
      <column name="sberbank">NULL</column>
      <column name="vtb">NULL</column>
      <column name="gazprom">NULL</column>
      <column name="alfabank">-1</column>
      <column name="bankmoskvy">NULL</column>
      <column name="raiffeisen">NULL</column>
      <column name="uralsib">NULL</column>
      <column name="rshb">NULL</column>
    </table>
    <table name="bank">
      <column name="id">137</column>
      <column name="twitid">492674492842660000</column>
      <column name="date">1406297727</column>
      <column name="name">siriBalduc</column>
      <column name="text">http://t.co/qBnptDUer0 Взять кредит в россельхозбанке город можга</column>
      <column name="sberbank">NULL</column>
      <column name="vtb">NULL</column>
      <column name="gazprom">NULL</column>
      <column name="alfabank">NULL</column>
      <column name="bankmoskvy">NULL</column>
      <column name="raiffeisen">NULL</column>
      <column name="uralsib">NULL</column>
      <column name="rshb">0</column>
    </table>
    <table name="bank">
      <column name="id">138</column>
      <column name="twitid">492675200337840000</column>
      <column name="date">1406297895</column>
      <column name="name">gulerejunonu</column>
      <column name="text">#Новые санкции затрагивают и Газпромбанк  #sledui</column>
      <column name="sberbank">NULL</column>
      <column name="vtb">NULL</column>
      <column name="gazprom">-1</column>
      <column name="alfabank">NULL</column>
      <column name="bankmoskvy">NULL</column>
      <column name="raiffeisen">NULL</column>
      <column name="uralsib">NULL</column>
      <column name="rshb">NULL</column>
    </table>
    <table name="bank">
      <column name="id">139</column>
      <column name="twitid">492677629418690000</column>
      <column name="date">1406298475</column>
      <column name="name">ColsonLett</column>
      <column name="text">http://t.co/ZMCgjC8fDj Взять кредит в райффайзенбанке в омске</column>
      <column name="sberbank">NULL</column>
      <column name="vtb">NULL</column>
      <column name="gazprom">NULL</column>
      <column name="alfabank">NULL</column>
      <column name="bankmoskvy">NULL</column>
      <column name="raiffeisen">0</column>
      <column name="uralsib">NULL</column>
      <column name="rshb">NULL</column>
    </table>
    <table name="bank">
      <column name="id">140</column>
      <column name="twitid">492680536440460000</column>
      <column name="date">1406299168</column>
      <column name="name">Raccoonov</column>
      <column name="text">#банкомат компании #Сбербанк съел #деньги и испортил мне вечер и выходные, #падла</column>
      <column name="sberbank">-1</column>
      <column name="vtb">NULL</column>
      <column name="gazprom">NULL</column>
      <column name="alfabank">NULL</column>
      <column name="bankmoskvy">NULL</column>
      <column name="raiffeisen">NULL</column>
      <column name="uralsib">NULL</column>
      <column name="rshb">NULL</column>
    </table>
    <table name="bank">
      <column name="id">141</column>
      <column name="twitid">492684612481850000</column>
      <column name="date">1406300139</column>
      <column name="name">lynneEake</column>
      <column name="text">http://t.co/MITS4iczkU Оформить кредитную карту райфайзенбанкаваль</column>
      <column name="sberbank">NULL</column>
      <column name="vtb">NULL</column>
      <column name="gazprom">NULL</column>
      <column name="alfabank">NULL</column>
      <column name="bankmoskvy">NULL</column>
      <column name="raiffeisen">0</column>
      <column name="uralsib">NULL</column>
      <column name="rshb">NULL</column>
    </table>
    <table name="bank">
      <column name="id">142</column>
      <column name="twitid">492685066167150000</column>
      <column name="date">1406300248</column>
      <column name="name">oqutanusv</column>
      <column name="text">http://t.co/M2S4pclR7N Как взять кредит в альфа банке</column>
      <column name="sberbank">NULL</column>
      <column name="vtb">NULL</column>
      <column name="gazprom">NULL</column>
      <column name="alfabank">0</column>
      <column name="bankmoskvy">NULL</column>
      <column name="raiffeisen">NULL</column>
      <column name="uralsib">NULL</column>
      <column name="rshb">NULL</column>
    </table>
    <table name="bank">
      <column name="id">143</column>
      <column name="twitid">492685282110870000</column>
      <column name="date">1406300299</column>
      <column name="name">KolaNoch</column>
      <column name="text">ВЭБ, ВТБ, Сбербанк - касса Путина. никогда не доверю им деньги</column>
      <column name="sberbank">-1</column>
      <column name="vtb">-1</column>
      <column name="gazprom">NULL</column>
      <column name="alfabank">NULL</column>
      <column name="bankmoskvy">NULL</column>
      <column name="raiffeisen">NULL</column>
      <column name="uralsib">NULL</column>
      <column name="rshb">NULL</column>
    </table>
    <table name="bank">
      <column name="id">144</column>
      <column name="twitid">492686720958490000</column>
      <column name="date">1406300642</column>
      <column name="name">concdetile1981</column>
      <column name="text">Судебные приставы Ботлихского района совместно с работниками ОАО «Россельхозбанк» провели рейдовые мероприятия по взысканию кредитной задол</column>
      <column name="sberbank">NULL</column>
      <column name="vtb">NULL</column>
      <column name="gazprom">NULL</column>
      <column name="alfabank">NULL</column>
      <column name="bankmoskvy">NULL</column>
      <column name="raiffeisen">NULL</column>
      <column name="uralsib">NULL</column>
      <column name="rshb">0</column>
    </table>
    <table name="bank">
      <column name="id">145</column>
      <column name="twitid">492687500574740000</column>
      <column name="date">1406300828</column>
      <column name="name">fedelesh_olga</column>
      <column name="text">RT @inbergMck: Россия: Сбербанк повысил процентные ставки по ипотеке http://t.co/1zFbpzQJeV</column>
      <column name="sberbank">-1</column>
      <column name="vtb">NULL</column>
      <column name="gazprom">NULL</column>
      <column name="alfabank">NULL</column>
      <column name="bankmoskvy">NULL</column>
      <column name="raiffeisen">NULL</column>
      <column name="uralsib">NULL</column>
      <column name="rshb">NULL</column>
    </table>
    <table name="bank">
      <column name="id">146</column>
      <column name="twitid">492691939129820000</column>
      <column name="date">1406301886</column>
      <column name="name">rlynNieb</column>
      <column name="text">http://t.co/dntW38k4SP Сбербанк рф как взять кредит в сумме 150000 руб</column>
      <column name="sberbank">0</column>
      <column name="vtb">NULL</column>
      <column name="gazprom">NULL</column>
      <column name="alfabank">NULL</column>
      <column name="bankmoskvy">NULL</column>
      <column name="raiffeisen">NULL</column>
      <column name="uralsib">NULL</column>
      <column name="rshb">NULL</column>
    </table>
    <table name="bank">
      <column name="id">147</column>
      <column name="twitid">492693228110750000</column>
      <column name="date">1406302194</column>
      <column name="name">endHaugh</column>
      <column name="text">http://t.co/Z8r6vTjpwm Оформить заявку на кредит в газпромбанке в костроме</column>
      <column name="sberbank">NULL</column>
      <column name="vtb">NULL</column>
      <column name="gazprom">0</column>
      <column name="alfabank">NULL</column>
      <column name="bankmoskvy">NULL</column>
      <column name="raiffeisen">NULL</column>
      <column name="uralsib">NULL</column>
      <column name="rshb">NULL</column>
    </table>
    <table name="bank">
      <column name="id">148</column>
      <column name="twitid">492693862960620000</column>
      <column name="date">1406302345</column>
      <column name="name">hijojazaii</column>
      <column name="text">http://t.co/SnVMm7H6Ip Оформить кредит в альфа банк</column>
      <column name="sberbank">NULL</column>
      <column name="vtb">NULL</column>
      <column name="gazprom">NULL</column>
      <column name="alfabank">0</column>
      <column name="bankmoskvy">NULL</column>
      <column name="raiffeisen">NULL</column>
      <column name="uralsib">NULL</column>
      <column name="rshb">NULL</column>
    </table>
    <table name="bank">
      <column name="id">149</column>
      <column name="twitid">492697748513520000</column>
      <column name="date">1406303271</column>
      <column name="name">kursvalutonline</column>
      <column name="text">курс доллара в Орше покупка продажа /  / Банк БелВЭБ 10 270 10 320 / Банк ВТБ (Беларусь) 10 230 10 350 / Банк М.. http://t.co/PpZprbmLS8</column>
      <column name="sberbank">NULL</column>
      <column name="vtb">0</column>
      <column name="gazprom">NULL</column>
      <column name="alfabank">NULL</column>
      <column name="bankmoskvy">NULL</column>
      <column name="raiffeisen">NULL</column>
      <column name="uralsib">NULL</column>
      <column name="rshb">NULL</column>
    </table>
    <table name="bank">
      <column name="id">150</column>
      <column name="twitid">492700125526250000</column>
      <column name="date">1406303838</column>
      <column name="name">Aqwa_Di</column>
      <column name="text">@arseny_pe @ELukyanov @achupahina СБЕР </column>
      <column name="sberbank">--</column>
      <column name="vtb">NULL</column>
      <column name="gazprom">NULL</column>
      <column name="alfabank">NULL</column>
      <column name="bankmoskvy">NULL</column>
      <column name="raiffeisen">NULL</column>
      <column name="uralsib">NULL</column>
      <column name="rshb">NULL</column>
    </table>
    <table name="bank">
      <column name="id">151</column>
      <column name="twitid">492701249092210000</column>
      <column name="date">1406304106</column>
      <column name="name">ewoqrohje</column>
      <column name="text">http://t.co/t8j9Xe6Ab9 Банк москвы в улан удэ оформить кредит через</column>
      <column name="sberbank">NULL</column>
      <column name="vtb">NULL</column>
      <column name="gazprom">NULL</column>
      <column name="alfabank">NULL</column>
      <column name="bankmoskvy">0</column>
      <column name="raiffeisen">NULL</column>
      <column name="uralsib">NULL</column>
      <column name="rshb">NULL</column>
    </table>
    <table name="bank">
      <column name="id">152</column>
      <column name="twitid">492704567289580000</column>
      <column name="date">1406304897</column>
      <column name="name">boxingkrg</column>
      <column name="text">@just_NS @alfa_bank Впизду эти карточки, лучше с наличкой двигаться! Возьму на заметку Ярик, мало ли со мной такое случится</column>
      <column name="sberbank">NULL</column>
      <column name="vtb">NULL</column>
      <column name="gazprom">NULL</column>
      <column name="alfabank">-1</column>
      <column name="bankmoskvy">NULL</column>
      <column name="raiffeisen">NULL</column>
      <column name="uralsib">NULL</column>
      <column name="rshb">NULL</column>
    </table>
    <table name="bank">
      <column name="id">153</column>
      <column name="twitid">492705030617960000</column>
      <column name="date">1406305007</column>
      <column name="name">kursvalutonline</column>
      <column name="text">курс рубля в Витебске покупка продажа /  / Банк БелВЭБ 291 295 / Банк ВТБ (Беларусь) 276 298 / Банк Москва - Ми.. http://t.co/d3SJqrg9qf</column>
      <column name="sberbank">NULL</column>
      <column name="vtb">0</column>
      <column name="gazprom">NULL</column>
      <column name="alfabank">NULL</column>
      <column name="bankmoskvy">NULL</column>
      <column name="raiffeisen">NULL</column>
      <column name="uralsib">NULL</column>
      <column name="rshb">NULL</column>
    </table>
    <table name="bank">
      <column name="id">154</column>
      <column name="twitid">492705123802830000</column>
      <column name="date">1406305030</column>
      <column name="name">rlynNieb</column>
      <column name="text">http://t.co/73v4VEzs8e Взять кредит уралсиб банк калининград</column>
      <column name="sberbank">NULL</column>
      <column name="vtb">NULL</column>
      <column name="gazprom">NULL</column>
      <column name="alfabank">NULL</column>
      <column name="bankmoskvy">NULL</column>
      <column name="raiffeisen">NULL</column>
      <column name="uralsib">0</column>
      <column name="rshb">NULL</column>
    </table>
    <table name="bank">
      <column name="id">155</column>
      <column name="twitid">492711844880980000</column>
      <column name="date">1406306632</column>
      <column name="name">wowepente</column>
      <column name="text">образец договора банковского вклада сбербанк http://t.co/L2juGzW5Ni #банковского #вклада</column>
      <column name="sberbank">0</column>
      <column name="vtb">NULL</column>
      <column name="gazprom">NULL</column>
      <column name="alfabank">NULL</column>
      <column name="bankmoskvy">NULL</column>
      <column name="raiffeisen">NULL</column>
      <column name="uralsib">NULL</column>
      <column name="rshb">NULL</column>
    </table>
    <table name="bank">
      <column name="id">156</column>
      <column name="twitid">492720912228020000</column>
      <column name="date">1406308794</column>
      <column name="name">malaya_vishera</column>
      <column name="text">С 25 июля по 25 августа 2014 года Новгородский региональный филиал ОАО «Россельхозбанк» проводит месяц продаж… http://t.co/PhpyLNLekj</column>
      <column name="sberbank">NULL</column>
      <column name="vtb">NULL</column>
      <column name="gazprom">NULL</column>
      <column name="alfabank">NULL</column>
      <column name="bankmoskvy">NULL</column>
      <column name="raiffeisen">NULL</column>
      <column name="uralsib">NULL</column>
      <column name="rshb">0</column>
    </table>
    <table name="bank">
      <column name="id">157</column>
      <column name="twitid">492728285986820000</column>
      <column name="date">1406310552</column>
      <column name="name">ralunurufyzuh</column>
      <column name="text">RT @sivyrymimad: Сбербанк застрахует имущество на полтриллиона рублей</column>
      <column name="sberbank">0</column>
      <column name="vtb">NULL</column>
      <column name="gazprom">NULL</column>
      <column name="alfabank">NULL</column>
      <column name="bankmoskvy">NULL</column>
      <column name="raiffeisen">NULL</column>
      <column name="uralsib">NULL</column>
      <column name="rshb">NULL</column>
    </table>
    <table name="bank">
      <column name="id">158</column>
      <column name="twitid">492730751625230000</column>
      <column name="date">1406311140</column>
      <column name="name">LSolntze26</column>
      <column name="text">В Вологодской области Сбербанк выдал 1400 кредитов «Доверие» для малого бизнеса</column>
      <column name="sberbank">0</column>
      <column name="vtb">NULL</column>
      <column name="gazprom">NULL</column>
      <column name="alfabank">NULL</column>
      <column name="bankmoskvy">NULL</column>
      <column name="raiffeisen">NULL</column>
      <column name="uralsib">NULL</column>
      <column name="rshb">NULL</column>
    </table>
    <table name="bank">
      <column name="id">159</column>
      <column name="twitid">492734968087330000</column>
      <column name="date">1406312145</column>
      <column name="name">asetzjandilriq</column>
      <column name="text">http://t.co/uW2ViyPjK4 minecraft ПОРТАЛ В РАЙФФАЙЗЕН bank</column>
      <column name="sberbank">NULL</column>
      <column name="vtb">NULL</column>
      <column name="gazprom">NULL</column>
      <column name="alfabank">NULL</column>
      <column name="bankmoskvy">NULL</column>
      <column name="raiffeisen">0</column>
      <column name="uralsib">NULL</column>
      <column name="rshb">NULL</column>
    </table>
    <table name="bank">
      <column name="id">160</column>
      <column name="twitid">492744827365490000</column>
      <column name="date">1406314496</column>
      <column name="name">DRudenko53</column>
      <column name="text">В 2013 году Сбербанк каждый час выдавал жилищных кредитов на 10 млн рублей.В Северном банке Сбербанка России подведены итоги розничного кре</column>
      <column name="sberbank">1</column>
      <column name="vtb">NULL</column>
      <column name="gazprom">NULL</column>
      <column name="alfabank">NULL</column>
      <column name="bankmoskvy">NULL</column>
      <column name="raiffeisen">NULL</column>
      <column name="uralsib">NULL</column>
      <column name="rshb">NULL</column>
    </table>
    <table name="bank">
      <column name="id">161</column>
      <column name="twitid">492755938953400000</column>
      <column name="date">1406317145</column>
      <column name="name">movludturan</column>
      <column name="text">@sberbank здравствуйте, возможно ли отправить денги в Турцию? У вас просто &quot;western union&quot; нет. Спасибо заранее.</column>
      <column name="sberbank">0</column>
      <column name="vtb">NULL</column>
      <column name="gazprom">NULL</column>
      <column name="alfabank">NULL</column>
      <column name="bankmoskvy">NULL</column>
      <column name="raiffeisen">NULL</column>
      <column name="uralsib">NULL</column>
      <column name="rshb">NULL</column>
    </table>
    <table name="bank">
      <column name="id">162</column>
      <column name="twitid">492760071404020000</column>
      <column name="date">1406318130</column>
      <column name="name">Originalyty</column>
      <column name="text">RT @pbldrila: сбербанк коварные. чем смсочки с днем рождения отправлять, лучше бы высылали деньги</column>
      <column name="sberbank">-1</column>
      <column name="vtb">NULL</column>
      <column name="gazprom">NULL</column>
      <column name="alfabank">NULL</column>
      <column name="bankmoskvy">NULL</column>
      <column name="raiffeisen">NULL</column>
      <column name="uralsib">NULL</column>
      <column name="rshb">NULL</column>
    </table>
    <table name="bank">
      <column name="id">163</column>
      <column name="twitid">492764259244190000</column>
      <column name="date">1406319129</column>
      <column name="name">dan1us</column>
      <column name="text">#iPhone Введение ограничительных мер затронет Внешэкономбанк, Газпромбанк, «Конструкторское бюро приборостроен... http://t.co/hMM8YS3CJV</column>
      <column name="sberbank">NULL</column>
      <column name="vtb">NULL</column>
      <column name="gazprom">-1</column>
      <column name="alfabank">NULL</column>
      <column name="bankmoskvy">NULL</column>
      <column name="raiffeisen">NULL</column>
      <column name="uralsib">NULL</column>
      <column name="rshb">NULL</column>
    </table>
    <table name="bank">
      <column name="id">164</column>
      <column name="twitid">492764435074010000</column>
      <column name="date">1406319171</column>
      <column name="name">jackdog111</column>
      <column name="text">@mizotw к сожалению.. но он только шестёрка, нет?как и Греф, кстати.А СБЕР в крыму НЕ БУДЕТ ИМЕТЬ ФИЛИАЛЫ,сейчас его укр-дочка @Iskra_Veter</column>
      <column name="sberbank">-1</column>
      <column name="vtb">NULL</column>
      <column name="gazprom">NULL</column>
      <column name="alfabank">NULL</column>
      <column name="bankmoskvy">NULL</column>
      <column name="raiffeisen">NULL</column>
      <column name="uralsib">NULL</column>
      <column name="rshb">NULL</column>
    </table>
    <table name="bank">
      <column name="id">165</column>
      <column name="twitid">492771393625270000</column>
      <column name="date">1406320830</column>
      <column name="name">creoookoho</column>
      <column name="text">С 1 августа Сбербанк начнет выдавать кредиты на покупку недвижимости&amp;amp;#8230;</column>
      <column name="sberbank">1</column>
      <column name="vtb">NULL</column>
      <column name="gazprom">NULL</column>
      <column name="alfabank">NULL</column>
      <column name="bankmoskvy">NULL</column>
      <column name="raiffeisen">NULL</column>
      <column name="uralsib">NULL</column>
      <column name="rshb">NULL</column>
    </table>
    <table name="bank">
      <column name="id">166</column>
      <column name="twitid">492777928141590000</column>
      <column name="date">1406322388</column>
      <column name="name">IamIanMcCann</column>
      <column name="text">Путевка в кредит от альфа банка</column>
      <column name="sberbank">NULL</column>
      <column name="vtb">NULL</column>
      <column name="gazprom">NULL</column>
      <column name="alfabank">0</column>
      <column name="bankmoskvy">NULL</column>
      <column name="raiffeisen">NULL</column>
      <column name="uralsib">NULL</column>
      <column name="rshb">NULL</column>
    </table>
    <table name="bank">
      <column name="id">167</column>
      <column name="twitid">492781448383180000</column>
      <column name="date">1406323227</column>
      <column name="name">BrebanYard</column>
      <column name="text">http://t.co/SKwIpA9HLR Как узнать могу ли я взять кредит в альфа банке</column>
      <column name="sberbank">NULL</column>
      <column name="vtb">NULL</column>
      <column name="gazprom">NULL</column>
      <column name="alfabank">0</column>
      <column name="bankmoskvy">NULL</column>
      <column name="raiffeisen">NULL</column>
      <column name="uralsib">NULL</column>
      <column name="rshb">NULL</column>
    </table>
    <table name="bank">
      <column name="id">168</column>
      <column name="twitid">492787143081610000</column>
      <column name="date">1406324585</column>
      <column name="name">kichibeev_yana</column>
      <column name="text">«Газпром» пользуется услугами Газпромбанка, несмотря на санкции США</column>
      <column name="sberbank">NULL</column>
      <column name="vtb">NULL</column>
      <column name="gazprom">1</column>
      <column name="alfabank">NULL</column>
      <column name="bankmoskvy">NULL</column>
      <column name="raiffeisen">NULL</column>
      <column name="uralsib">NULL</column>
      <column name="rshb">NULL</column>
    </table>
    <table name="bank">
      <column name="id">169</column>
      <column name="twitid">492788399216940000</column>
      <column name="date">1406324884</column>
      <column name="name">podypagey</column>
      <column name="text">образец претензии в сбербанк россии о снятие ареста http://t.co/5N9CTA2soo #снятие</column>
      <column name="sberbank">0</column>
      <column name="vtb">NULL</column>
      <column name="gazprom">NULL</column>
      <column name="alfabank">NULL</column>
      <column name="bankmoskvy">NULL</column>
      <column name="raiffeisen">NULL</column>
      <column name="uralsib">NULL</column>
      <column name="rshb">NULL</column>
    </table>
    <table name="bank">
      <column name="id">170</column>
      <column name="twitid">492793833693120000</column>
      <column name="date">1406326180</column>
      <column name="name">riyaDesha</column>
      <column name="text">http://t.co/OlmZbYI6ix Как взять кредит сбербанк волгоград</column>
      <column name="sberbank">0</column>
      <column name="vtb">NULL</column>
      <column name="gazprom">NULL</column>
      <column name="alfabank">NULL</column>
      <column name="bankmoskvy">NULL</column>
      <column name="raiffeisen">NULL</column>
      <column name="uralsib">NULL</column>
      <column name="rshb">NULL</column>
    </table>
    <table name="bank">
      <column name="id">171</column>
      <column name="twitid">492798051959190000</column>
      <column name="date">1406327185</column>
      <column name="name">ynacolesun</column>
      <column name="text">http://t.co/6X2zoqpomZ Оформить кредитную карту в альфа банке</column>
      <column name="sberbank">NULL</column>
      <column name="vtb">NULL</column>
      <column name="gazprom">NULL</column>
      <column name="alfabank">0</column>
      <column name="bankmoskvy">NULL</column>
      <column name="raiffeisen">NULL</column>
      <column name="uralsib">NULL</column>
      <column name="rshb">NULL</column>
    </table>
    <table name="bank">
      <column name="id">172</column>
      <column name="twitid">492800136394080000</column>
      <column name="date">1406327682</column>
      <column name="name">liaSideris</column>
      <column name="text">http://t.co/ZbAhZSlt0i Сбербанк получить кредит военная пенсия</column>
      <column name="sberbank">0</column>
      <column name="vtb">NULL</column>
      <column name="gazprom">NULL</column>
      <column name="alfabank">NULL</column>
      <column name="bankmoskvy">NULL</column>
      <column name="raiffeisen">NULL</column>
      <column name="uralsib">NULL</column>
      <column name="rshb">NULL</column>
    </table>
    <table name="bank">
      <column name="id">173</column>
      <column name="twitid">492800362407940000</column>
      <column name="date">1406327736</column>
      <column name="name">ihudulik</column>
      <column name="text">бланк на госпошлину загранпаспорта в сбербанк http://t.co/xYbDjVno8y #в #бланк</column>
      <column name="sberbank">0</column>
      <column name="vtb">NULL</column>
      <column name="gazprom">NULL</column>
      <column name="alfabank">NULL</column>
      <column name="bankmoskvy">NULL</column>
      <column name="raiffeisen">NULL</column>
      <column name="uralsib">NULL</column>
      <column name="rshb">NULL</column>
    </table>
    <table name="bank">
      <column name="id">174</column>
      <column name="twitid">492804031665140000</column>
      <column name="date">1406328611</column>
      <column name="name">moneaportugal</column>
      <column name="text">@tvrain @olgabychkova Украина хочет разместить для финансирования АТО &quot;военные&quot; облигации через Сбербанк России http://t.co/o1HerHrblL</column>
      <column name="sberbank">0</column>
      <column name="vtb">NULL</column>
      <column name="gazprom">NULL</column>
      <column name="alfabank">NULL</column>
      <column name="bankmoskvy">NULL</column>
      <column name="raiffeisen">NULL</column>
      <column name="uralsib">NULL</column>
      <column name="rshb">NULL</column>
    </table>
    <table name="bank">
      <column name="id">175</column>
      <column name="twitid">492805856355180000</column>
      <column name="date">1406329046</column>
      <column name="name">moneaportugal</column>
      <column name="text">@holmogorov Украина хочет разместить для финансирования АТО &quot;военные&quot; облигации через Сбербанк России http://t.co/o1HerHrblL</column>
      <column name="sberbank">0</column>
      <column name="vtb">NULL</column>
      <column name="gazprom">NULL</column>
      <column name="alfabank">NULL</column>
      <column name="bankmoskvy">NULL</column>
      <column name="raiffeisen">NULL</column>
      <column name="uralsib">NULL</column>
      <column name="rshb">NULL</column>
    </table>
    <table name="bank">
      <column name="id">176</column>
      <column name="twitid">492810063317600000</column>
      <column name="date">1406330049</column>
      <column name="name">Mopsapes</column>
      <column name="text">доверенность сбербанк бланк http://t.co/tufQFtkH4Y</column>
      <column name="sberbank">0</column>
      <column name="vtb">NULL</column>
      <column name="gazprom">NULL</column>
      <column name="alfabank">NULL</column>
      <column name="bankmoskvy">NULL</column>
      <column name="raiffeisen">NULL</column>
      <column name="uralsib">NULL</column>
      <column name="rshb">NULL</column>
    </table>
    <table name="bank">
      <column name="id">177</column>
      <column name="twitid">492814712535790000</column>
      <column name="date">1406331158</column>
      <column name="name">ysorpmey</column>
      <column name="text">http://t.co/mxZjq05mL0 Взять потребительский кредит в банк москвы</column>
      <column name="sberbank">NULL</column>
      <column name="vtb">NULL</column>
      <column name="gazprom">NULL</column>
      <column name="alfabank">NULL</column>
      <column name="bankmoskvy">0</column>
      <column name="raiffeisen">NULL</column>
      <column name="uralsib">NULL</column>
      <column name="rshb">NULL</column>
    </table>
    <table name="bank">
      <column name="id">178</column>
      <column name="twitid">492817961343000000</column>
      <column name="date">1406331932</column>
      <column name="name">isserBell</column>
      <column name="text">http://t.co/ZlRkVkIeOY Сбербанк как получить кредит пенсионеру</column>
      <column name="sberbank">0</column>
      <column name="vtb">NULL</column>
      <column name="gazprom">NULL</column>
      <column name="alfabank">NULL</column>
      <column name="bankmoskvy">NULL</column>
      <column name="raiffeisen">NULL</column>
      <column name="uralsib">NULL</column>
      <column name="rshb">NULL</column>
    </table>
    <table name="bank">
      <column name="id">179</column>
      <column name="twitid">492819345702400000</column>
      <column name="date">1406332262</column>
      <column name="name">hawohacyrire</column>
      <column name="text">http://t.co/sQyAUcCXCN Новости экономики: Сбербанк поможет в строительстве Керченского моста</column>
      <column name="sberbank">1</column>
      <column name="vtb">NULL</column>
      <column name="gazprom">NULL</column>
      <column name="alfabank">NULL</column>
      <column name="bankmoskvy">NULL</column>
      <column name="raiffeisen">NULL</column>
      <column name="uralsib">NULL</column>
      <column name="rshb">NULL</column>
    </table>
    <table name="bank">
      <column name="id">180</column>
      <column name="twitid">492827391442420000</column>
      <column name="date">1406334181</column>
      <column name="name">hannahhhh_215</column>
      <column name="text">Туры кредит альфа банк</column>
      <column name="sberbank">NULL</column>
      <column name="vtb">NULL</column>
      <column name="gazprom">NULL</column>
      <column name="alfabank">0</column>
      <column name="bankmoskvy">NULL</column>
      <column name="raiffeisen">NULL</column>
      <column name="uralsib">NULL</column>
      <column name="rshb">NULL</column>
    </table>
    <table name="bank">
      <column name="id">181</column>
      <column name="twitid">492833515915200000</column>
      <column name="date">1406335641</column>
      <column name="name">ezoazeceupab</column>
      <column name="text">Сбербанк всегда со своими клиентами. Вы работаете - Сбербанк тоже работает. Вы вышли с работы - Сбербанк уже закрылся.</column>
      <column name="sberbank">-1</column>
      <column name="vtb">NULL</column>
      <column name="gazprom">NULL</column>
      <column name="alfabank">NULL</column>
      <column name="bankmoskvy">NULL</column>
      <column name="raiffeisen">NULL</column>
      <column name="uralsib">NULL</column>
      <column name="rshb">NULL</column>
    </table>
    <table name="bank">
      <column name="id">182</column>
      <column name="twitid">492841809224010000</column>
      <column name="date">1406337618</column>
      <column name="name">giovaanamoretti</column>
      <column name="text">Вчера что-то про сбербанк говорил? Я повторюсь...</column>
      <column name="sberbank">0</column>
      <column name="vtb">NULL</column>
      <column name="gazprom">NULL</column>
      <column name="alfabank">NULL</column>
      <column name="bankmoskvy">NULL</column>
      <column name="raiffeisen">NULL</column>
      <column name="uralsib">NULL</column>
      <column name="rshb">NULL</column>
    </table>
    <table name="bank">
      <column name="id">183</column>
      <column name="twitid">492842641046770000</column>
      <column name="date">1406337816</column>
      <column name="name">aqxiauu000</column>
      <column name="text">бланк доверенности на получение карт пин-конвертов альфа банк http://t.co/5mywGEMqmN #доверенности #карт</column>
      <column name="sberbank">NULL</column>
      <column name="vtb">NULL</column>
      <column name="gazprom">NULL</column>
      <column name="alfabank">0</column>
      <column name="bankmoskvy">NULL</column>
      <column name="raiffeisen">NULL</column>
      <column name="uralsib">NULL</column>
      <column name="rshb">NULL</column>
    </table>
    <table name="bank">
      <column name="id">184</column>
      <column name="twitid">492842723985350000</column>
      <column name="date">1406337836</column>
      <column name="name">isserBell</column>
      <column name="text">http://t.co/14sv15Iyeg Оформить кредитную карту в россельхозбанке онлайн</column>
      <column name="sberbank">NULL</column>
      <column name="vtb">NULL</column>
      <column name="gazprom">NULL</column>
      <column name="alfabank">NULL</column>
      <column name="bankmoskvy">NULL</column>
      <column name="raiffeisen">NULL</column>
      <column name="uralsib">NULL</column>
      <column name="rshb">0</column>
    </table>
    <table name="bank">
      <column name="id">185</column>
      <column name="twitid">492844053977780000</column>
      <column name="date">1406338153</column>
      <column name="name">xesalomopip</column>
      <column name="text">RT @vihahezamyku: Пресс-релиз банка: Газпромбанк предоставил ОАО «Алтайэнергосбыт» овердрафтный кредит в размере 1,3 млрд рублей</column>
      <column name="sberbank">NULL</column>
      <column name="vtb">NULL</column>
      <column name="gazprom">1</column>
      <column name="alfabank">NULL</column>
      <column name="bankmoskvy">NULL</column>
      <column name="raiffeisen">NULL</column>
      <column name="uralsib">NULL</column>
      <column name="rshb">NULL</column>
    </table>
    <table name="bank">
      <column name="id">186</column>
      <column name="twitid">492849489024010000</column>
      <column name="date">1406339449</column>
      <column name="name">nazar2100</column>
      <column name="text">Почему Сбербанк России активно кредитует модернизацию украинского ВПК | Stockinfocus.ru http://t.co/GVUeBIuxdL</column>
      <column name="sberbank">0</column>
      <column name="vtb">NULL</column>
      <column name="gazprom">NULL</column>
      <column name="alfabank">NULL</column>
      <column name="bankmoskvy">NULL</column>
      <column name="raiffeisen">NULL</column>
      <column name="uralsib">NULL</column>
      <column name="rshb">NULL</column>
    </table>
    <table name="bank">
      <column name="id">187</column>
      <column name="twitid">492849996208030000</column>
      <column name="date">1406339570</column>
      <column name="name">llinsPowel</column>
      <column name="text">http://t.co/Z1NIVEE49m Сложно ли взять кредит в альфа банке</column>
      <column name="sberbank">NULL</column>
      <column name="vtb">NULL</column>
      <column name="gazprom">NULL</column>
      <column name="alfabank">0</column>
      <column name="bankmoskvy">NULL</column>
      <column name="raiffeisen">NULL</column>
      <column name="uralsib">NULL</column>
      <column name="rshb">NULL</column>
    </table>
    <table name="bank">
      <column name="id">188</column>
      <column name="twitid">492851810110280000</column>
      <column name="date">1406340002</column>
      <column name="name">zidabezogyno</column>
      <column name="text">http://t.co/BljIurDdIT Новости экономики: Сбербанк поможет в строительстве Керченского моста</column>
      <column name="sberbank">1</column>
      <column name="vtb">NULL</column>
      <column name="gazprom">NULL</column>
      <column name="alfabank">NULL</column>
      <column name="bankmoskvy">NULL</column>
      <column name="raiffeisen">NULL</column>
      <column name="uralsib">NULL</column>
      <column name="rshb">NULL</column>
    </table>
    <table name="bank">
      <column name="id">189</column>
      <column name="twitid">492851850098380000</column>
      <column name="date">1406340012</column>
      <column name="name">ightKnig</column>
      <column name="text">С 1 августа Сбербанк начнет выдавать кредиты на покупку недвижимости в Хорватии</column>
      <column name="sberbank">1</column>
      <column name="vtb">NULL</column>
      <column name="gazprom">NULL</column>
      <column name="alfabank">NULL</column>
      <column name="bankmoskvy">NULL</column>
      <column name="raiffeisen">NULL</column>
      <column name="uralsib">NULL</column>
      <column name="rshb">NULL</column>
    </table>
    <table name="bank">
      <column name="id">190</column>
      <column name="twitid">492851851520660000</column>
      <column name="date">1406340012</column>
      <column name="name">svijen</column>
      <column name="text">RT @LovezMe_S: И все-таки #сбербанк это #ад</column>
      <column name="sberbank">-1</column>
      <column name="vtb">NULL</column>
      <column name="gazprom">NULL</column>
      <column name="alfabank">NULL</column>
      <column name="bankmoskvy">NULL</column>
      <column name="raiffeisen">NULL</column>
      <column name="uralsib">NULL</column>
      <column name="rshb">NULL</column>
    </table>
    <table name="bank">
      <column name="id">191</column>
      <column name="twitid">492851895233690000</column>
      <column name="date">1406340023</column>
      <column name="name">GeorginaDante1</column>
      <column name="text">банк втб 24 выдача автокредитов</column>
      <column name="sberbank">NULL</column>
      <column name="vtb">0</column>
      <column name="gazprom">NULL</column>
      <column name="alfabank">NULL</column>
      <column name="bankmoskvy">NULL</column>
      <column name="raiffeisen">NULL</column>
      <column name="uralsib">NULL</column>
      <column name="rshb">NULL</column>
    </table>
    <table name="bank">
      <column name="id">192</column>
      <column name="twitid">492853332235800000</column>
      <column name="date">1406340365</column>
      <column name="name">zvybormbor</column>
      <column name="text">http://t.co/6MTxZAZW2J Получить кредит в сбер банке</column>
      <column name="sberbank">0</column>
      <column name="vtb">NULL</column>
      <column name="gazprom">NULL</column>
      <column name="alfabank">NULL</column>
      <column name="bankmoskvy">NULL</column>
      <column name="raiffeisen">NULL</column>
      <column name="uralsib">NULL</column>
      <column name="rshb">NULL</column>
    </table>
    <table name="bank">
      <column name="id">193</column>
      <column name="twitid">492855125308750000</column>
      <column name="date">1406340793</column>
      <column name="name">evufiwuhow</column>
      <column name="text">образец заявления-анкеты для открытия пластиковой карты в райффайзенбанке http://t.co/IVHF2vVskg #заявления-анкеты #открытия</column>
      <column name="sberbank">NULL</column>
      <column name="vtb">NULL</column>
      <column name="gazprom">NULL</column>
      <column name="alfabank">NULL</column>
      <column name="bankmoskvy">NULL</column>
      <column name="raiffeisen">0</column>
      <column name="uralsib">NULL</column>
      <column name="rshb">NULL</column>
    </table>
    <table name="bank">
      <column name="id">194</column>
      <column name="twitid">492858519692280000</column>
      <column name="date">1406341602</column>
      <column name="name">obufpatca</column>
      <column name="text">http://t.co/cPSsFh99Ou Как взять кредит в банке сбербанк приозерск</column>
      <column name="sberbank">0</column>
      <column name="vtb">NULL</column>
      <column name="gazprom">NULL</column>
      <column name="alfabank">NULL</column>
      <column name="bankmoskvy">NULL</column>
      <column name="raiffeisen">NULL</column>
      <column name="uralsib">NULL</column>
      <column name="rshb">NULL</column>
    </table>
    <table name="bank">
      <column name="id">195</column>
      <column name="twitid">492859775928250000</column>
      <column name="date">1406341902</column>
      <column name="name">rapasuvol</column>
      <column name="text">Снял деньги с карты Сбера, думал, сейчас начислят кучу бонусных &quot;Спасибо&quot;. Оказалось - фиг. Придется положить обратно. Сбер не обхитришь. :)</column>
      <column name="sberbank">-1</column>
      <column name="vtb">NULL</column>
      <column name="gazprom">NULL</column>
      <column name="alfabank">NULL</column>
      <column name="bankmoskvy">NULL</column>
      <column name="raiffeisen">NULL</column>
      <column name="uralsib">NULL</column>
      <column name="rshb">NULL</column>
    </table>
    <table name="bank">
      <column name="id">196</column>
      <column name="twitid">492862407665260000</column>
      <column name="date">1406342529</column>
      <column name="name">ziiseama</column>
      <column name="text">При поддержке Россельхозбанка в Оренбуржье создается новая линия по переработке... #mol http://t.co/s92iqBUZZV</column>
      <column name="sberbank">NULL</column>
      <column name="vtb">NULL</column>
      <column name="gazprom">NULL</column>
      <column name="alfabank">NULL</column>
      <column name="bankmoskvy">NULL</column>
      <column name="raiffeisen">NULL</column>
      <column name="uralsib">NULL</column>
      <column name="rshb">0</column>
    </table>
    <table name="bank">
      <column name="id">197</column>
      <column name="twitid">492868289778160000</column>
      <column name="date">1406343931</column>
      <column name="name">obufpatca</column>
      <column name="text">http://t.co/dBGb07M0Uu Сбербанк взять кредит и его проценты</column>
      <column name="sberbank">0</column>
      <column name="vtb">NULL</column>
      <column name="gazprom">NULL</column>
      <column name="alfabank">NULL</column>
      <column name="bankmoskvy">NULL</column>
      <column name="raiffeisen">NULL</column>
      <column name="uralsib">NULL</column>
      <column name="rshb">NULL</column>
    </table>
    <table name="bank">
      <column name="id">198</column>
      <column name="twitid">492869175044370000</column>
      <column name="date">1406344143</column>
      <column name="name">qomakisovj</column>
      <column name="text">http://t.co/QtSqdSe62S Новости экономики: Сбербанк поможет в строительстве Керченского моста</column>
      <column name="sberbank">1</column>
      <column name="vtb">NULL</column>
      <column name="gazprom">NULL</column>
      <column name="alfabank">NULL</column>
      <column name="bankmoskvy">NULL</column>
      <column name="raiffeisen">NULL</column>
      <column name="uralsib">NULL</column>
      <column name="rshb">NULL</column>
    </table>
    <table name="bank">
      <column name="id">199</column>
      <column name="twitid">492869566196760000</column>
      <column name="date">1406344236</column>
      <column name="name">oisiusEli</column>
      <column name="text">руководство воронежского филиала газпромбанка http://t.co/AAVCjNfJNS #руководство</column>
      <column name="sberbank">NULL</column>
      <column name="vtb">NULL</column>
      <column name="gazprom">0</column>
      <column name="alfabank">NULL</column>
      <column name="bankmoskvy">NULL</column>
      <column name="raiffeisen">NULL</column>
      <column name="uralsib">NULL</column>
      <column name="rshb">NULL</column>
    </table>
    <table name="bank">
      <column name="id">200</column>
      <column name="twitid">492870200039990000</column>
      <column name="date">1406344387</column>
      <column name="name">yxyluxon</column>
      <column name="text">телефонный справочник сбербанк 8623 http://t.co/XfNZM2aUKp #сбербанк</column>
      <column name="sberbank">0</column>
      <column name="vtb">NULL</column>
      <column name="gazprom">NULL</column>
      <column name="alfabank">NULL</column>
      <column name="bankmoskvy">NULL</column>
      <column name="raiffeisen">NULL</column>
      <column name="uralsib">NULL</column>
      <column name="rshb">NULL</column>
    </table>
  </database>
</pma_xml_export>
