<?xml version="1.0" encoding="utf-8"?>
<!--
- phpMyAdmin XML Dump
- version 4.0.4.1
- http://www.phpmyadmin.net
-
- Хост: localhost
- Время создания: Окт 28 2014 г., 09:04
- Версия сервера: 5.6.12
- Версия PHP: 5.5.3
-->

<pma_xml_export version="1.0" xmlns:pma="http://www.phpmyadmin.net/some_doc_url/">
    <!--
    - Structure schemas
    -->
    <pma:structure_schemas>
        <pma:database name="Romip" collation="utf8_general_ci" charset="utf8">
            <pma:table name="bank">
                CREATE TABLE `bank` (
                  `id` int(11) NOT NULL AUTO_INCREMENT,
                  `twitid` bigint(32) NOT NULL DEFAULT '0',
                  `date` varchar(128) DEFAULT NULL,
                  `name` varchar(128) DEFAULT NULL,
                  `text` varchar(256) DEFAULT NULL,
                  `sberbank` int(11) DEFAULT NULL,
                  `vtb` int(11) DEFAULT NULL,
                  `gazprom` int(11) DEFAULT NULL,
                  `alfabank` int(11) DEFAULT NULL,
                  `bankmoskvy` int(11) DEFAULT NULL,
                  `raiffeisen` int(11) DEFAULT NULL,
                  `uralsib` int(11) DEFAULT NULL,
                  `rshb` int(11) DEFAULT NULL,
                  PRIMARY KEY (`id`),
                  UNIQUE KEY `id` (`twitid`)
                ) ENGINE=InnoDB AUTO_INCREMENT=7924 DEFAULT CHARSET=utf8;
            </pma:table>
        </pma:database>
    </pma:structure_schemas>

    <!--
    - База данных: 'Romip'
    -->
    <database name="Romip">
        <!-- Таблица bank -->
        <table name="bank">
            <column name="id">1701</column>
            <column name="twitid">494683987231920000</column>
            <column name="date">1406776828</column>
            <column name="name">laxorynaqeb</column>
            <column name="text">Россельхозбанк кредит г чебоксары http://t.co/55ppLVtYOb</column>
            <column name="sberbank">NULL</column>
            <column name="vtb">NULL</column>
            <column name="gazprom">NULL</column>
            <column name="alfabank">NULL</column>
            <column name="bankmoskvy">NULL</column>
            <column name="raiffeisen">NULL</column>
            <column name="uralsib">NULL</column>
            <column name="rshb">0</column>
        </table>
        <table name="bank">
            <column name="id">1702</column>
            <column name="twitid">494684078512550000</column>
            <column name="date">1406776849</column>
            <column name="name">56_region</column>
            <column name="text">На стабильную работу Россельхозбанка не повлияют санкции ЕС и США   /  #Оренбург http://t.co/5j7N6ggQs5</column>
            <column name="sberbank">NULL</column>
            <column name="vtb">NULL</column>
            <column name="gazprom">NULL</column>
            <column name="alfabank">NULL</column>
            <column name="bankmoskvy">NULL</column>
            <column name="raiffeisen">NULL</column>
            <column name="uralsib">NULL</column>
            <column name="rshb">0</column>
        </table>
        <table name="bank">
            <column name="id">1703</column>
            <column name="twitid">494684614599150000</column>
            <column name="date">1406776977</column>
            <column name="name">nohtomanq</column>
            <column name="text">http://t.co/W1WrnohdYq Взять кредит в уралсиб банке в г саранске</column>
            <column name="sberbank">NULL</column>
            <column name="vtb">NULL</column>
            <column name="gazprom">NULL</column>
            <column name="alfabank">NULL</column>
            <column name="bankmoskvy">NULL</column>
            <column name="raiffeisen">NULL</column>
            <column name="uralsib">0</column>
            <column name="rshb">NULL</column>
        </table>
        <table name="bank">
            <column name="id">1704</column>
            <column name="twitid">494684831196800000</column>
            <column name="date">1406777029</column>
            <column name="name">HeleneBallantyn</column>
            <column name="text">Россельхозбанк представил новые кредиты для микробизнеса</column>
            <column name="sberbank">NULL</column>
            <column name="vtb">NULL</column>
            <column name="gazprom">NULL</column>
            <column name="alfabank">NULL</column>
            <column name="bankmoskvy">NULL</column>
            <column name="raiffeisen">NULL</column>
            <column name="uralsib">NULL</column>
            <column name="rshb">1</column>
        </table>
        <table name="bank">
            <column name="id">1705</column>
            <column name="twitid">494685374183370000</column>
            <column name="date">1406777158</column>
            <column name="name">umerivaxan</column>
            <column name="text">Автокредит сбербанк без справки о доходах http://t.co/APieH7LZAJ</column>
            <column name="sberbank">1</column>
            <column name="vtb">NULL</column>
            <column name="gazprom">NULL</column>
            <column name="alfabank">NULL</column>
            <column name="bankmoskvy">NULL</column>
            <column name="raiffeisen">NULL</column>
            <column name="uralsib">NULL</column>
            <column name="rshb">NULL</column>
        </table>
        <table name="bank">
            <column name="id">1706</column>
            <column name="twitid">494685459218710000</column>
            <column name="date">1406777178</column>
            <column name="name">eeknem</column>
            <column name="text">Кредит от альфа банка калькулятор http://t.co/BgXr2t9Lvi</column>
            <column name="sberbank">NULL</column>
            <column name="vtb">NULL</column>
            <column name="gazprom">NULL</column>
            <column name="alfabank">0</column>
            <column name="bankmoskvy">NULL</column>
            <column name="raiffeisen">NULL</column>
            <column name="uralsib">NULL</column>
            <column name="rshb">NULL</column>
        </table>
        <table name="bank">
            <column name="id">1707</column>
            <column name="twitid">494686624970970000</column>
            <column name="date">1406777456</column>
            <column name="name">yraqosho</column>
            <column name="text">http://t.co/ge5kEpS2G4 Взять кредит в альфа банке в спб</column>
            <column name="sberbank">NULL</column>
            <column name="vtb">NULL</column>
            <column name="gazprom">NULL</column>
            <column name="alfabank">0</column>
            <column name="bankmoskvy">NULL</column>
            <column name="raiffeisen">NULL</column>
            <column name="uralsib">NULL</column>
            <column name="rshb">NULL</column>
        </table>
        <table name="bank">
            <column name="id">1708</column>
            <column name="twitid">494687067872700000</column>
            <column name="date">1406777562</column>
            <column name="name">tacepigip</column>
            <column name="text">Заявка на кредит по форме банка райффайзенбанк http://t.co/xlfbcbWqNB</column>
            <column name="sberbank">NULL</column>
            <column name="vtb">NULL</column>
            <column name="gazprom">NULL</column>
            <column name="alfabank">NULL</column>
            <column name="bankmoskvy">NULL</column>
            <column name="raiffeisen">0</column>
            <column name="uralsib">NULL</column>
            <column name="rshb">NULL</column>
        </table>
        <table name="bank">
            <column name="id">1709</column>
            <column name="twitid">494687197518640000</column>
            <column name="date">1406777593</column>
            <column name="name">Canadum</column>
            <column name="text">США ввели санкции против Россельхозбанка, ВТБ и Банка Москвы</column>
            <column name="sberbank">NULL</column>
            <column name="vtb">-1</column>
            <column name="gazprom">NULL</column>
            <column name="alfabank">NULL</column>
            <column name="bankmoskvy">-1</column>
            <column name="raiffeisen">NULL</column>
            <column name="uralsib">NULL</column>
            <column name="rshb">-1</column>
        </table>
        <table name="bank">
            <column name="id">1710</column>
            <column name="twitid">494687332583620000</column>
            <column name="date">1406777625</column>
            <column name="name">OllPot</column>
            <column name="text">Слышал, Сбербанк налаживает производство продуктовых пластиковых карт, обеспечивающихся всеми армейскими запасами... http://t.co/MqWQ1gFroR</column>
            <column name="sberbank">0</column>
            <column name="vtb">NULL</column>
            <column name="gazprom">NULL</column>
            <column name="alfabank">NULL</column>
            <column name="bankmoskvy">NULL</column>
            <column name="raiffeisen">NULL</column>
            <column name="uralsib">NULL</column>
            <column name="rshb">NULL</column>
        </table>
        <table name="bank">
            <column name="id">1711</column>
            <column name="twitid">494687830430350000</column>
            <column name="date">1406777744</column>
            <column name="name">lsbyeMayr</column>
            <column name="text">http://t.co/fSLm1IC8RO Оформить кредит в альфабанке</column>
            <column name="sberbank">NULL</column>
            <column name="vtb">NULL</column>
            <column name="gazprom">NULL</column>
            <column name="alfabank">0</column>
            <column name="bankmoskvy">NULL</column>
            <column name="raiffeisen">NULL</column>
            <column name="uralsib">NULL</column>
            <column name="rshb">NULL</column>
        </table>
        <table name="bank">
            <column name="id">1712</column>
            <column name="twitid">494688052561050000</column>
            <column name="date">1406777797</column>
            <column name="name">tyvnoalys</column>
            <column name="text">http://t.co/E80FZWjWL0 Сбербанк взять кредит и его проценты</column>
            <column name="sberbank">0</column>
            <column name="vtb">NULL</column>
            <column name="gazprom">NULL</column>
            <column name="alfabank">NULL</column>
            <column name="bankmoskvy">NULL</column>
            <column name="raiffeisen">NULL</column>
            <column name="uralsib">NULL</column>
            <column name="rshb">NULL</column>
        </table>
        <table name="bank">
            <column name="id">1713</column>
            <column name="twitid">494688807116370000</column>
            <column name="date">1406777977</column>
            <column name="name">irerywhfar</column>
            <column name="text">http://t.co/sDgPOOduhf Взять кредит в омске в россельхозбанке</column>
            <column name="sberbank">NULL</column>
            <column name="vtb">NULL</column>
            <column name="gazprom">NULL</column>
            <column name="alfabank">NULL</column>
            <column name="bankmoskvy">NULL</column>
            <column name="raiffeisen">NULL</column>
            <column name="uralsib">NULL</column>
            <column name="rshb">0</column>
        </table>
        <table name="bank">
            <column name="id">1714</column>
            <column name="twitid">494688901454640000</column>
            <column name="date">1406777999</column>
            <column name="name">aguedatvudahl</column>
            <column name="text">Подать заявку на кредит втб 24 сайт http://t.co/O4S4n7oZbW</column>
            <column name="sberbank">NULL</column>
            <column name="vtb">0</column>
            <column name="gazprom">NULL</column>
            <column name="alfabank">NULL</column>
            <column name="bankmoskvy">NULL</column>
            <column name="raiffeisen">NULL</column>
            <column name="uralsib">NULL</column>
            <column name="rshb">NULL</column>
        </table>
        <table name="bank">
            <column name="id">1715</column>
            <column name="twitid">494688901802760000</column>
            <column name="date">1406777999</column>
            <column name="name">ormana0</column>
            <column name="text">Кредит на покупку жилья в великом новгороде сбербанк http://t.co/674L14fLXt</column>
            <column name="sberbank">0</column>
            <column name="vtb">NULL</column>
            <column name="gazprom">NULL</column>
            <column name="alfabank">NULL</column>
            <column name="bankmoskvy">NULL</column>
            <column name="raiffeisen">NULL</column>
            <column name="uralsib">NULL</column>
            <column name="rshb">NULL</column>
        </table>
        <table name="bank">
            <column name="id">1716</column>
            <column name="twitid">494688993431520000</column>
            <column name="date">1406778021</column>
            <column name="name">wcbodimyn8</column>
            <column name="text">Новости в области кредитования сбербанк проценты по кредитам http://t.co/S0vculOJtN</column>
            <column name="sberbank">0</column>
            <column name="vtb">NULL</column>
            <column name="gazprom">NULL</column>
            <column name="alfabank">NULL</column>
            <column name="bankmoskvy">NULL</column>
            <column name="raiffeisen">NULL</column>
            <column name="uralsib">NULL</column>
            <column name="rshb">NULL</column>
        </table>
        <table name="bank">
            <column name="id">1717</column>
            <column name="twitid">494688993616090000</column>
            <column name="date">1406778021</column>
            <column name="name">anayarvonnie</column>
            <column name="text">Авто кредит сбербанк россии калькулятор http://t.co/WO4CwcVFaT</column>
            <column name="sberbank">0</column>
            <column name="vtb">NULL</column>
            <column name="gazprom">NULL</column>
            <column name="alfabank">NULL</column>
            <column name="bankmoskvy">NULL</column>
            <column name="raiffeisen">NULL</column>
            <column name="uralsib">NULL</column>
            <column name="rshb">NULL</column>
        </table>
        <table name="bank">
            <column name="id">1718</column>
            <column name="twitid">494689520424860000</column>
            <column name="date">1406778147</column>
            <column name="name">LIsaeva15</column>
            <column name="text">В новый список секторальных санкций США попали ВТБ, Банк Москвы и Россельхозбанк. Теперь они не смогут привлекать займы у американских кред</column>
            <column name="sberbank">NULL</column>
            <column name="vtb">-1</column>
            <column name="gazprom">NULL</column>
            <column name="alfabank">NULL</column>
            <column name="bankmoskvy">-1</column>
            <column name="raiffeisen">NULL</column>
            <column name="uralsib">NULL</column>
            <column name="rshb">-1</column>
        </table>
        <table name="bank">
            <column name="id">1719</column>
            <column name="twitid">494689881025940000</column>
            <column name="date">1406778233</column>
            <column name="name">foetoiz</column>
            <column name="text">ЦБ поддержит ВТБ, Банк Москвы и Россельхозбанк, которые попали под санкции запада http://t.co/6SbA8sMJk2</column>
            <column name="sberbank">NULL</column>
            <column name="vtb">+-</column>
            <column name="gazprom">NULL</column>
            <column name="alfabank">NULL</column>
            <column name="bankmoskvy">+-</column>
            <column name="raiffeisen">NULL</column>
            <column name="uralsib">NULL</column>
            <column name="rshb">+-</column>
        </table>
        <table name="bank">
            <column name="id">1720</column>
            <column name="twitid">494690130738040000</column>
            <column name="date">1406778292</column>
            <column name="name">VictoriaGood16</column>
            <column name="text">ЦБ поддержит ВТБ, Банк Москвы и Россельхозбанк, которые попали под санкции запада</column>
            <column name="sberbank">NULL</column>
            <column name="vtb">+-</column>
            <column name="gazprom">NULL</column>
            <column name="alfabank">NULL</column>
            <column name="bankmoskvy">+-</column>
            <column name="raiffeisen">NULL</column>
            <column name="uralsib">NULL</column>
            <column name="rshb">+-</column>
        </table>
        <table name="bank">
            <column name="id">1721</column>
            <column name="twitid">494690135502770000</column>
            <column name="date">1406778293</column>
            <column name="name">worldnewsday</column>
            <column name="text">Я.Новости | Hi-Tech: ЦБ поддержит ВТБ, Банк Москвы и Россельхозбанк, которые попали под санкции запада http://t.co/GFeFyFpZv5</column>
            <column name="sberbank">NULL</column>
            <column name="vtb">+-</column>
            <column name="gazprom">NULL</column>
            <column name="alfabank">NULL</column>
            <column name="bankmoskvy">+-</column>
            <column name="raiffeisen">NULL</column>
            <column name="uralsib">NULL</column>
            <column name="rshb">+-</column>
        </table>
        <table name="bank">
            <column name="id">1722</column>
            <column name="twitid">494690221934790000</column>
            <column name="date">1406778314</column>
            <column name="name">ehorlakuq</column>
            <column name="text">http://t.co/3FIP8J4aqB Как взять кредит в банке втб 24 абакан адрес</column>
            <column name="sberbank">NULL</column>
            <column name="vtb">0</column>
            <column name="gazprom">NULL</column>
            <column name="alfabank">NULL</column>
            <column name="bankmoskvy">NULL</column>
            <column name="raiffeisen">NULL</column>
            <column name="uralsib">NULL</column>
            <column name="rshb">NULL</column>
        </table>
        <table name="bank">
            <column name="id">1723</column>
            <column name="twitid">494690546766870000</column>
            <column name="date">1406778391</column>
            <column name="name">govopeqaxic</column>
            <column name="text">Погасить кредит через интернет втб 24 http://t.co/GTBsUF1AJt</column>
            <column name="sberbank">NULL</column>
            <column name="vtb">0</column>
            <column name="gazprom">NULL</column>
            <column name="alfabank">NULL</column>
            <column name="bankmoskvy">NULL</column>
            <column name="raiffeisen">NULL</column>
            <column name="uralsib">NULL</column>
            <column name="rshb">NULL</column>
        </table>
        <table name="bank">
            <column name="id">1724</column>
            <column name="twitid">494690799951810000</column>
            <column name="date">1406778452</column>
            <column name="name">riannSti</column>
            <column name="text">http://t.co/FXUmJcusWp Со скольки лет можно взять кредит в альфа банке</column>
            <column name="sberbank">NULL</column>
            <column name="vtb">NULL</column>
            <column name="gazprom">NULL</column>
            <column name="alfabank">0</column>
            <column name="bankmoskvy">NULL</column>
            <column name="raiffeisen">NULL</column>
            <column name="uralsib">NULL</column>
            <column name="rshb">NULL</column>
        </table>
        <table name="bank">
            <column name="id">1725</column>
            <column name="twitid">494691913518560000</column>
            <column name="date">1406778717</column>
            <column name="name">mmineLuya</column>
            <column name="text">http://t.co/5xeDe3hV7s Сбербанк кредит оформить через интернет</column>
            <column name="sberbank">0</column>
            <column name="vtb">NULL</column>
            <column name="gazprom">NULL</column>
            <column name="alfabank">NULL</column>
            <column name="bankmoskvy">NULL</column>
            <column name="raiffeisen">NULL</column>
            <column name="uralsib">NULL</column>
            <column name="rshb">NULL</column>
        </table>
        <table name="bank">
            <column name="id">1726</column>
            <column name="twitid">494692184999070000</column>
            <column name="date">1406778782</column>
            <column name="name">atranticmworld</column>
            <column name="text">Путевка в кредит от альфа банка #RT</column>
            <column name="sberbank">NULL</column>
            <column name="vtb">NULL</column>
            <column name="gazprom">NULL</column>
            <column name="alfabank">1</column>
            <column name="bankmoskvy">NULL</column>
            <column name="raiffeisen">NULL</column>
            <column name="uralsib">NULL</column>
            <column name="rshb">NULL</column>
        </table>
        <table name="bank">
            <column name="id">1727</column>
            <column name="twitid">494692540088850000</column>
            <column name="date">1406778867</column>
            <column name="name">KsyuMordovskaya</column>
            <column name="text">Банк втб 24 москва кредит наличными http://t.co/Qt0J2V69Bj</column>
            <column name="sberbank">NULL</column>
            <column name="vtb">0</column>
            <column name="gazprom">NULL</column>
            <column name="alfabank">NULL</column>
            <column name="bankmoskvy">NULL</column>
            <column name="raiffeisen">NULL</column>
            <column name="uralsib">NULL</column>
            <column name="rshb">NULL</column>
        </table>
        <table name="bank">
            <column name="id">1728</column>
            <column name="twitid">494692629112970000</column>
            <column name="date">1406778888</column>
            <column name="name">pnaa93</column>
            <column name="text">Отсрочка платежа по кредиту сбербанк россии http://t.co/jCrRoasglA</column>
            <column name="sberbank">1</column>
            <column name="vtb">NULL</column>
            <column name="gazprom">NULL</column>
            <column name="alfabank">NULL</column>
            <column name="bankmoskvy">NULL</column>
            <column name="raiffeisen">NULL</column>
            <column name="uralsib">NULL</column>
            <column name="rshb">NULL</column>
        </table>
        <table name="bank">
            <column name="id">1729</column>
            <column name="twitid">494693696924030000</column>
            <column name="date">1406779142</column>
            <column name="name">parroth202</column>
            <column name="text">RT @rn885paper: http://t.co/psqNI7BhOL Повышение процентных ставок по ипотеке в Газпромбанке</column>
            <column name="sberbank">NULL</column>
            <column name="vtb">NULL</column>
            <column name="gazprom">-1</column>
            <column name="alfabank">NULL</column>
            <column name="bankmoskvy">NULL</column>
            <column name="raiffeisen">NULL</column>
            <column name="uralsib">NULL</column>
            <column name="rshb">NULL</column>
        </table>
        <table name="bank">
            <column name="id">1730</column>
            <column name="twitid">494694139049820000</column>
            <column name="date">1406779248</column>
            <column name="name">swinehartplhtor</column>
            <column name="text">Ипотечный кредит обнинск сбербанк http://t.co/hOriokim0x</column>
            <column name="sberbank">0</column>
            <column name="vtb">NULL</column>
            <column name="gazprom">NULL</column>
            <column name="alfabank">NULL</column>
            <column name="bankmoskvy">NULL</column>
            <column name="raiffeisen">NULL</column>
            <column name="uralsib">NULL</column>
            <column name="rshb">NULL</column>
        </table>
        <table name="bank">
            <column name="id">1731</column>
            <column name="twitid">494696772904960000</column>
            <column name="date">1406779876</column>
            <column name="name">DOsipov12</column>
            <column name="text">Международные платежные системы Visa и MasterCard заявили о том, что не намерены блокировать карты ВТБ, Банка Москвы и Россельхозбанка, кот</column>
            <column name="sberbank">NULL</column>
            <column name="vtb">0</column>
            <column name="gazprom">NULL</column>
            <column name="alfabank">NULL</column>
            <column name="bankmoskvy">0</column>
            <column name="raiffeisen">NULL</column>
            <column name="uralsib">NULL</column>
            <column name="rshb">0</column>
        </table>
        <table name="bank">
            <column name="id">1732</column>
            <column name="twitid">494697461752280000</column>
            <column name="date">1406780040</column>
            <column name="name">arenbilpse</column>
            <column name="text">Печора коми сбербанк кредит на потребительские нужды http://t.co/m7v4CKIhyX</column>
            <column name="sberbank">0</column>
            <column name="vtb">NULL</column>
            <column name="gazprom">NULL</column>
            <column name="alfabank">NULL</column>
            <column name="bankmoskvy">NULL</column>
            <column name="raiffeisen">NULL</column>
            <column name="uralsib">NULL</column>
            <column name="rshb">NULL</column>
        </table>
        <table name="bank">
            <column name="id">1733</column>
            <column name="twitid">494698624631460000</column>
            <column name="date">1406780317</column>
            <column name="name">G300884</column>
            <column name="text">RT @Praporec: Международные платежные системы Visa и MasterCard вынуждены заблокировать карты ВТБ, Банка Москвы, ВЭБ, Россельхозбанка и Рос…</column>
            <column name="sberbank">NULL</column>
            <column name="vtb">-1</column>
            <column name="gazprom">NULL</column>
            <column name="alfabank">NULL</column>
            <column name="bankmoskvy">-1</column>
            <column name="raiffeisen">NULL</column>
            <column name="uralsib">NULL</column>
            <column name="rshb">-1</column>
        </table>
        <table name="bank">
            <column name="id">1734</column>
            <column name="twitid">494699528793390000</column>
            <column name="date">1406780533</column>
            <column name="name">bolecozab</column>
            <column name="text">Кредит в россельхозбанк в г орске http://t.co/2OwDiWsmqr</column>
            <column name="sberbank">NULL</column>
            <column name="vtb">NULL</column>
            <column name="gazprom">NULL</column>
            <column name="alfabank">NULL</column>
            <column name="bankmoskvy">NULL</column>
            <column name="raiffeisen">NULL</column>
            <column name="uralsib">NULL</column>
            <column name="rshb">0</column>
        </table>
        <table name="bank">
            <column name="id">1735</column>
            <column name="twitid">494699578202270000</column>
            <column name="date">1406780545</column>
            <column name="name">xiqaxocefo</column>
            <column name="text">Россельхозбанк г прокопьевск автокредит http://t.co/uoGuCJ2Fcb</column>
            <column name="sberbank">NULL</column>
            <column name="vtb">NULL</column>
            <column name="gazprom">NULL</column>
            <column name="alfabank">NULL</column>
            <column name="bankmoskvy">NULL</column>
            <column name="raiffeisen">NULL</column>
            <column name="uralsib">NULL</column>
            <column name="rshb">0</column>
        </table>
        <table name="bank">
            <column name="id">1736</column>
            <column name="twitid">494702487363150000</column>
            <column name="date">1406781238</column>
            <column name="name">teishavwtmlilli</column>
            <column name="text">Кредитные предложения от втб 24 http://t.co/q9NtzjBGcI</column>
            <column name="sberbank">NULL</column>
            <column name="vtb">0</column>
            <column name="gazprom">NULL</column>
            <column name="alfabank">NULL</column>
            <column name="bankmoskvy">NULL</column>
            <column name="raiffeisen">NULL</column>
            <column name="uralsib">NULL</column>
            <column name="rshb">NULL</column>
        </table>
        <table name="bank">
            <column name="id">1737</column>
            <column name="twitid">494702576877970000</column>
            <column name="date">1406781260</column>
            <column name="name">shakitatwymcvey</column>
            <column name="text">Ежемесячный платёж кредит сбербанк рф http://t.co/Z9CdkUHrrN</column>
            <column name="sberbank">0</column>
            <column name="vtb">NULL</column>
            <column name="gazprom">NULL</column>
            <column name="alfabank">NULL</column>
            <column name="bankmoskvy">NULL</column>
            <column name="raiffeisen">NULL</column>
            <column name="uralsib">NULL</column>
            <column name="rshb">NULL</column>
        </table>
        <table name="bank">
            <column name="id">1738</column>
            <column name="twitid">494702940884840000</column>
            <column name="date">1406781346</column>
            <column name="name">KCharushina16</column>
            <column name="text">Утверждена Программа развития региональной сети банка до 2020 года.

Обеспечить эффективное присутствие Россельхозбанка в регионах РФ с учё</column>
            <column name="sberbank">NULL</column>
            <column name="vtb">NULL</column>
            <column name="gazprom">NULL</column>
            <column name="alfabank">NULL</column>
            <column name="bankmoskvy">NULL</column>
            <column name="raiffeisen">NULL</column>
            <column name="uralsib">NULL</column>
            <column name="rshb">1</column>
        </table>
        <table name="bank">
            <column name="id">1739</column>
            <column name="twitid">494703170606880000</column>
            <column name="date">1406781401</column>
            <column name="name">hlilSill</column>
            <column name="text">http://t.co/NNfzEw1aWB Россельхозбанк кредит начинающему фермеру как получить</column>
            <column name="sberbank">NULL</column>
            <column name="vtb">NULL</column>
            <column name="gazprom">NULL</column>
            <column name="alfabank">NULL</column>
            <column name="bankmoskvy">NULL</column>
            <column name="raiffeisen">NULL</column>
            <column name="uralsib">NULL</column>
            <column name="rshb">0</column>
        </table>
        <table name="bank">
            <column name="id">1740</column>
            <column name="twitid">494704651460420000</column>
            <column name="date">1406781754</column>
            <column name="name">bigiceruqyj</column>
            <column name="text">Россельхозбанк рязань кредитный калькулятор http://t.co/c6fgcbuqLv</column>
            <column name="sberbank">NULL</column>
            <column name="vtb">NULL</column>
            <column name="gazprom">NULL</column>
            <column name="alfabank">NULL</column>
            <column name="bankmoskvy">NULL</column>
            <column name="raiffeisen">NULL</column>
            <column name="uralsib">NULL</column>
            <column name="rshb">0</column>
        </table>
        <table name="bank">
            <column name="id">1741</column>
            <column name="twitid">494706606635230000</column>
            <column name="date">1406782220</column>
            <column name="name">rekovosegi</column>
            <column name="text">Под какие проценты сбербанк дает кредитные карты http://t.co/i5sxzFSmRj</column>
            <column name="sberbank">0</column>
            <column name="vtb">NULL</column>
            <column name="gazprom">NULL</column>
            <column name="alfabank">NULL</column>
            <column name="bankmoskvy">NULL</column>
            <column name="raiffeisen">NULL</column>
            <column name="uralsib">NULL</column>
            <column name="rshb">NULL</column>
        </table>
        <table name="bank">
            <column name="id">1742</column>
            <column name="twitid">494707059645230000</column>
            <column name="date">1406782328</column>
            <column name="name">ampam230vi</column>
            <column name="text">Кредитная карта сбербанк без справок http://t.co/WiK6waDLKb</column>
            <column name="sberbank">0</column>
            <column name="vtb">NULL</column>
            <column name="gazprom">NULL</column>
            <column name="alfabank">NULL</column>
            <column name="bankmoskvy">NULL</column>
            <column name="raiffeisen">NULL</column>
            <column name="uralsib">NULL</column>
            <column name="rshb">NULL</column>
        </table>
        <table name="bank">
            <column name="id">1743</column>
            <column name="twitid">494708673567290000</column>
            <column name="date">1406782713</column>
            <column name="name">dudewytag</column>
            <column name="text">Расчёт кредита калькулятор втб 24 http://t.co/C7sNbSrERI</column>
            <column name="sberbank">NULL</column>
            <column name="vtb">0</column>
            <column name="gazprom">NULL</column>
            <column name="alfabank">NULL</column>
            <column name="bankmoskvy">NULL</column>
            <column name="raiffeisen">NULL</column>
            <column name="uralsib">NULL</column>
            <column name="rshb">NULL</column>
        </table>
        <table name="bank">
            <column name="id">1744</column>
            <column name="twitid">494708718748320000</column>
            <column name="date">1406782724</column>
            <column name="name">gladkovskayana1</column>
            <column name="text">Расчет кредита калькулятор банк москвы для сотрудников мвд http://t.co/NWn4AUYWrd</column>
            <column name="sberbank">NULL</column>
            <column name="vtb">NULL</column>
            <column name="gazprom">NULL</column>
            <column name="alfabank">NULL</column>
            <column name="bankmoskvy">0</column>
            <column name="raiffeisen">NULL</column>
            <column name="uralsib">NULL</column>
            <column name="rshb">NULL</column>
        </table>
        <table name="bank">
            <column name="id">1745</column>
            <column name="twitid">494709019790310000</column>
            <column name="date">1406782796</column>
            <column name="name">worldnewsday</column>
            <column name="text">Я.Новости | Hi-Tech: США ввели санкции против ВТБ, Банка Москвы и Россельхозбанка http://t.co/YWFs7uBTf1</column>
            <column name="sberbank">NULL</column>
            <column name="vtb">-1</column>
            <column name="gazprom">NULL</column>
            <column name="alfabank">NULL</column>
            <column name="bankmoskvy">-1</column>
            <column name="raiffeisen">NULL</column>
            <column name="uralsib">NULL</column>
            <column name="rshb">-1</column>
        </table>
        <table name="bank">
            <column name="id">1746</column>
            <column name="twitid">494709385592340000</column>
            <column name="date">1406782883</column>
            <column name="name">ashishwadatkar</column>
            <column name="text">RT @aw0xyk4: райффайзен кредитная карта проценты http://t.co/JomTGCzixF</column>
            <column name="sberbank">NULL</column>
            <column name="vtb">NULL</column>
            <column name="gazprom">NULL</column>
            <column name="alfabank">NULL</column>
            <column name="bankmoskvy">NULL</column>
            <column name="raiffeisen">0</column>
            <column name="uralsib">NULL</column>
            <column name="rshb">NULL</column>
        </table>
        <table name="bank">
            <column name="id">1747</column>
            <column name="twitid">494710217754830000</column>
            <column name="date">1406783081</column>
            <column name="name">xecynasa</column>
            <column name="text">Анкета поручителя при автокредитовании в банке втб 24 http://t.co/fFOoDDDr94</column>
            <column name="sberbank">NULL</column>
            <column name="vtb">0</column>
            <column name="gazprom">NULL</column>
            <column name="alfabank">NULL</column>
            <column name="bankmoskvy">NULL</column>
            <column name="raiffeisen">NULL</column>
            <column name="uralsib">NULL</column>
            <column name="rshb">NULL</column>
        </table>
        <table name="bank">
            <column name="id">1748</column>
            <column name="twitid">494710450987480000</column>
            <column name="date">1406783137</column>
            <column name="name">wibinlfast</column>
            <column name="text">http://t.co/1rWHW4S9lL Взять кредит в россельхозбанке калькулятор</column>
            <column name="sberbank">NULL</column>
            <column name="vtb">NULL</column>
            <column name="gazprom">NULL</column>
            <column name="alfabank">NULL</column>
            <column name="bankmoskvy">NULL</column>
            <column name="raiffeisen">NULL</column>
            <column name="uralsib">NULL</column>
            <column name="rshb">0</column>
        </table>
        <table name="bank">
            <column name="id">1749</column>
            <column name="twitid">494712187404160000</column>
            <column name="date">1406783551</column>
            <column name="name">Svetlana211196</column>
            <column name="text">Автокредиты в красноярске сбербанк http://t.co/v16fx52kva</column>
            <column name="sberbank">0</column>
            <column name="vtb">NULL</column>
            <column name="gazprom">NULL</column>
            <column name="alfabank">NULL</column>
            <column name="bankmoskvy">NULL</column>
            <column name="raiffeisen">NULL</column>
            <column name="uralsib">NULL</column>
            <column name="rshb">NULL</column>
        </table>
        <table name="bank">
            <column name="id">1750</column>
            <column name="twitid">494713508584780000</column>
            <column name="date">1406783866</column>
            <column name="name">nazCozart</column>
            <column name="text">http://t.co/HDS7Tpe6MA Хочу взять кредит в россельхозбанке в городе кемерово</column>
            <column name="sberbank">NULL</column>
            <column name="vtb">NULL</column>
            <column name="gazprom">NULL</column>
            <column name="alfabank">NULL</column>
            <column name="bankmoskvy">NULL</column>
            <column name="raiffeisen">NULL</column>
            <column name="uralsib">NULL</column>
            <column name="rshb">0</column>
        </table>
        <table name="bank">
            <column name="id">1751</column>
            <column name="twitid">494713553392530000</column>
            <column name="date">1406783877</column>
            <column name="name">yqleonisfe</column>
            <column name="text">http://t.co/1k25LaFf7Q Взять кредит в втб 24 банк</column>
            <column name="sberbank">NULL</column>
            <column name="vtb">0</column>
            <column name="gazprom">NULL</column>
            <column name="alfabank">NULL</column>
            <column name="bankmoskvy">NULL</column>
            <column name="raiffeisen">NULL</column>
            <column name="uralsib">NULL</column>
            <column name="rshb">NULL</column>
        </table>
        <table name="bank">
            <column name="id">1752</column>
            <column name="twitid">494714318089630000</column>
            <column name="date">1406784059</column>
            <column name="name">Pkawka91</column>
            <column name="text">Может хватит искать себе замену на пост главы ОАО&quot; Сбербанк России&quot;,а просто взять и начать исправлять свои... http://t.co/O9f44wODup</column>
            <column name="sberbank">-1</column>
            <column name="vtb">NULL</column>
            <column name="gazprom">NULL</column>
            <column name="alfabank">NULL</column>
            <column name="bankmoskvy">NULL</column>
            <column name="raiffeisen">NULL</column>
            <column name="uralsib">NULL</column>
            <column name="rshb">NULL</column>
        </table>
        <table name="bank">
            <column name="id">1753</column>
            <column name="twitid">494714706981310000</column>
            <column name="date">1406784152</column>
            <column name="name">yqleonisfe</column>
            <column name="text">http://t.co/P4a7mKXzXs Взять кредит в россельхозбанке без справки о доходах</column>
            <column name="sberbank">NULL</column>
            <column name="vtb">NULL</column>
            <column name="gazprom">NULL</column>
            <column name="alfabank">NULL</column>
            <column name="bankmoskvy">NULL</column>
            <column name="raiffeisen">NULL</column>
            <column name="uralsib">NULL</column>
            <column name="rshb">0</column>
        </table>
        <table name="bank">
            <column name="id">1754</column>
            <column name="twitid">494714798018690000</column>
            <column name="date">1406784173</column>
            <column name="name">LelechkaTol</column>
            <column name="text">RT @sergey_asharin: От того, что вчера я был в Берлине,днем в Варшаве, а утром в Минске охренел только АльфаБанк, закрывший доступ в @кабин…</column>
            <column name="sberbank">NULL</column>
            <column name="vtb">NULL</column>
            <column name="gazprom">NULL</column>
            <column name="alfabank">-1</column>
            <column name="bankmoskvy">NULL</column>
            <column name="raiffeisen">NULL</column>
            <column name="uralsib">NULL</column>
            <column name="rshb">NULL</column>
        </table>
        <table name="bank">
            <column name="id">1755</column>
            <column name="twitid">494715310579400000</column>
            <column name="date">1406784296</column>
            <column name="name">mertsakarya</column>
            <column name="text">1с сбербанк онлайн http://t.co/cqkcZORnOJ</column>
            <column name="sberbank">0</column>
            <column name="vtb">NULL</column>
            <column name="gazprom">NULL</column>
            <column name="alfabank">NULL</column>
            <column name="bankmoskvy">NULL</column>
            <column name="raiffeisen">NULL</column>
            <column name="uralsib">NULL</column>
            <column name="rshb">NULL</column>
        </table>
        <table name="bank">
            <column name="id">1756</column>
            <column name="twitid">494716503858880000</column>
            <column name="date">1406784580</column>
            <column name="name">biocecenta1974</column>
            <column name="text">Центробанк поможет ВТБ и &quot;Банку Москвы&quot; справиться с санкциями.Банк России заявил о&amp;amp;nbsp;готовности поддержать &quot;Россельхозбанк&quot;, ВТБ и&amp;amp;nbsp</column>
            <column name="sberbank">NULL</column>
            <column name="vtb">+-</column>
            <column name="gazprom">NULL</column>
            <column name="alfabank">NULL</column>
            <column name="bankmoskvy">+-</column>
            <column name="raiffeisen">NULL</column>
            <column name="uralsib">NULL</column>
            <column name="rshb">+-</column>
        </table>
        <table name="bank">
            <column name="id">1757</column>
            <column name="twitid">494717097348710000</column>
            <column name="date">1406784722</column>
            <column name="name">atagiota11</column>
            <column name="text">Проверить кредит втб 24 http://t.co/GSdIWVoboP</column>
            <column name="sberbank">NULL</column>
            <column name="vtb">0</column>
            <column name="gazprom">NULL</column>
            <column name="alfabank">NULL</column>
            <column name="bankmoskvy">NULL</column>
            <column name="raiffeisen">NULL</column>
            <column name="uralsib">NULL</column>
            <column name="rshb">NULL</column>
        </table>
        <table name="bank">
            <column name="id">1758</column>
            <column name="twitid">494720253126250000</column>
            <column name="date">1406785474</column>
            <column name="name">gprisnyill</column>
            <column name="text">Дает ли сбербанк кредит на строительство засчет http://t.co/nrRvZRph8l</column>
            <column name="sberbank">0</column>
            <column name="vtb">NULL</column>
            <column name="gazprom">NULL</column>
            <column name="alfabank">NULL</column>
            <column name="bankmoskvy">NULL</column>
            <column name="raiffeisen">NULL</column>
            <column name="uralsib">NULL</column>
            <column name="rshb">NULL</column>
        </table>
        <table name="bank">
            <column name="id">1759</column>
            <column name="twitid">494720303407570000</column>
            <column name="date">1406785486</column>
            <column name="name">elmocpyves</column>
            <column name="text">До скольки лет дают кредит в россельхозбанке http://t.co/UcTySepsNA</column>
            <column name="sberbank">NULL</column>
            <column name="vtb">NULL</column>
            <column name="gazprom">NULL</column>
            <column name="alfabank">NULL</column>
            <column name="bankmoskvy">NULL</column>
            <column name="raiffeisen">NULL</column>
            <column name="uralsib">NULL</column>
            <column name="rshb">0</column>
        </table>
        <table name="bank">
            <column name="id">1760</column>
            <column name="twitid">494720305802540000</column>
            <column name="date">1406785487</column>
            <column name="name">lywyjuvozig</column>
            <column name="text">Кредит на строительство дома многодетным сбербанк http://t.co/T0URnib4a7</column>
            <column name="sberbank">0</column>
            <column name="vtb">NULL</column>
            <column name="gazprom">NULL</column>
            <column name="alfabank">NULL</column>
            <column name="bankmoskvy">NULL</column>
            <column name="raiffeisen">NULL</column>
            <column name="uralsib">NULL</column>
            <column name="rshb">NULL</column>
        </table>
        <table name="bank">
            <column name="id">1761</column>
            <column name="twitid">494720803548970000</column>
            <column name="date">1406785605</column>
            <column name="name">doradoSu</column>
            <column name="text">http://t.co/3TS754mF2g Хочу взять кредит в россельхозбанке в городе кемерово</column>
            <column name="sberbank">NULL</column>
            <column name="vtb">NULL</column>
            <column name="gazprom">NULL</column>
            <column name="alfabank">NULL</column>
            <column name="bankmoskvy">NULL</column>
            <column name="raiffeisen">NULL</column>
            <column name="uralsib">NULL</column>
            <column name="rshb">0</column>
        </table>
        <table name="bank">
            <column name="id">1762</column>
            <column name="twitid">494721767915920000</column>
            <column name="date">1406785835</column>
            <column name="name">tyvnoalys</column>
            <column name="text">http://t.co/aax9AwEcfP Хочу взять кредит в втб 24 50000 рублей что нужно</column>
            <column name="sberbank">NULL</column>
            <column name="vtb">0</column>
            <column name="gazprom">NULL</column>
            <column name="alfabank">NULL</column>
            <column name="bankmoskvy">NULL</column>
            <column name="raiffeisen">NULL</column>
            <column name="uralsib">NULL</column>
            <column name="rshb">NULL</column>
        </table>
        <table name="bank">
            <column name="id">1763</column>
            <column name="twitid">494721988498580000</column>
            <column name="date">1406785888</column>
            <column name="name">inaplomhad</column>
            <column name="text">http://t.co/vsGP9CuzcI Втб 24 как получить кредит в череповце</column>
            <column name="sberbank">NULL</column>
            <column name="vtb">0</column>
            <column name="gazprom">NULL</column>
            <column name="alfabank">NULL</column>
            <column name="bankmoskvy">NULL</column>
            <column name="raiffeisen">NULL</column>
            <column name="uralsib">NULL</column>
            <column name="rshb">NULL</column>
        </table>
        <table name="bank">
            <column name="id">1764</column>
            <column name="twitid">494722124251410000</column>
            <column name="date">1406785920</column>
            <column name="name">i94611osam</column>
            <column name="text">Список аккредитованных предприятий сбербанк россии http://t.co/FwOkz1tnPh</column>
            <column name="sberbank">0</column>
            <column name="vtb">NULL</column>
            <column name="gazprom">NULL</column>
            <column name="alfabank">NULL</column>
            <column name="bankmoskvy">NULL</column>
            <column name="raiffeisen">NULL</column>
            <column name="uralsib">NULL</column>
            <column name="rshb">NULL</column>
        </table>
        <table name="bank">
            <column name="id">1765</column>
            <column name="twitid">494722263233890000</column>
            <column name="date">1406785953</column>
            <column name="name">ygohngyg</column>
            <column name="text">http://t.co/xmT8vI9hjD Оформить кредит в альфа банки</column>
            <column name="sberbank">NULL</column>
            <column name="vtb">NULL</column>
            <column name="gazprom">NULL</column>
            <column name="alfabank">0</column>
            <column name="bankmoskvy">NULL</column>
            <column name="raiffeisen">NULL</column>
            <column name="uralsib">NULL</column>
            <column name="rshb">NULL</column>
        </table>
        <table name="bank">
            <column name="id">1766</column>
            <column name="twitid">494722900831000000</column>
            <column name="date">1406786105</column>
            <column name="name">LilijGalimova</column>
            <column name="text">Аналитик отдела планирования и отчетности / Сбербанк России /  / Обязанности: /  / -осуществление декомпозиции.. http://t.co/JGSmbvvygH</column>
            <column name="sberbank">0</column>
            <column name="vtb">NULL</column>
            <column name="gazprom">NULL</column>
            <column name="alfabank">NULL</column>
            <column name="bankmoskvy">NULL</column>
            <column name="raiffeisen">NULL</column>
            <column name="uralsib">NULL</column>
            <column name="rshb">NULL</column>
        </table>
        <table name="bank">
            <column name="id">1767</column>
            <column name="twitid">494724199081320000</column>
            <column name="date">1406786415</column>
            <column name="name">Alesia_Petrowa</column>
            <column name="text">кредитная карта райффайзен банка условия http://t.co/mnK5UF3EHX</column>
            <column name="sberbank">NULL</column>
            <column name="vtb">NULL</column>
            <column name="gazprom">NULL</column>
            <column name="alfabank">NULL</column>
            <column name="bankmoskvy">NULL</column>
            <column name="raiffeisen">0</column>
            <column name="uralsib">NULL</column>
            <column name="rshb">NULL</column>
        </table>
        <table name="bank">
            <column name="id">1768</column>
            <column name="twitid">494724858551750000</column>
            <column name="date">1406786572</column>
            <column name="name">AAleksandrov57</column>
            <column name="text">Вашингтон ввел очередные санкции по отношению к России. На этот раз ограничения касаются ВТБ, &amp;amp;#171;Россельхозбанка&amp;amp;#187; и &amp;amp;#171;Банка Мос</column>
            <column name="sberbank">NULL</column>
            <column name="vtb">-1</column>
            <column name="gazprom">NULL</column>
            <column name="alfabank">NULL</column>
            <column name="bankmoskvy">NULL</column>
            <column name="raiffeisen">NULL</column>
            <column name="uralsib">NULL</column>
            <column name="rshb">-1</column>
        </table>
        <table name="bank">
            <column name="id">1769</column>
            <column name="twitid">494725730740490000</column>
            <column name="date">1406786780</column>
            <column name="name">APerova48</column>
            <column name="text">Житель Кубани пытался &quot;нагреть&quot; Россельхозбанк на 65 миллионов рублей.Выходец из Дагестана причинил Россельхозбанку ущерб на 65 миллионов р</column>
            <column name="sberbank">NULL</column>
            <column name="vtb">NULL</column>
            <column name="gazprom">NULL</column>
            <column name="alfabank">NULL</column>
            <column name="bankmoskvy">NULL</column>
            <column name="raiffeisen">NULL</column>
            <column name="uralsib">NULL</column>
            <column name="rshb">-1</column>
        </table>
        <table name="bank">
            <column name="id">1770</column>
            <column name="twitid">494727656252800000</column>
            <column name="date">1406787239</column>
            <column name="name">ajehugojyx</column>
            <column name="text">сбербанк 1691 москва руководство http://t.co/jtqsrEptFc #сбербанк #москва</column>
            <column name="sberbank">0</column>
            <column name="vtb">NULL</column>
            <column name="gazprom">NULL</column>
            <column name="alfabank">NULL</column>
            <column name="bankmoskvy">NULL</column>
            <column name="raiffeisen">NULL</column>
            <column name="uralsib">NULL</column>
            <column name="rshb">NULL</column>
        </table>
        <table name="bank">
            <column name="id">1771</column>
            <column name="twitid">494728139218880000</column>
            <column name="date">1406787354</column>
            <column name="name">ygohngyg</column>
            <column name="text">http://t.co/ufRgqIYi0i Взять кредит в райфайзен банк</column>
            <column name="sberbank">NULL</column>
            <column name="vtb">NULL</column>
            <column name="gazprom">NULL</column>
            <column name="alfabank">NULL</column>
            <column name="bankmoskvy">NULL</column>
            <column name="raiffeisen">0</column>
            <column name="uralsib">NULL</column>
            <column name="rshb">NULL</column>
        </table>
        <table name="bank">
            <column name="id">1772</column>
            <column name="twitid">494730814190790000</column>
            <column name="date">1406787992</column>
            <column name="name">agatacrysty</column>
            <column name="text">Мои нервы на пределе @sberbank Нереально дозвониться http://t.co/KcdUgCu0ic</column>
            <column name="sberbank">-1</column>
            <column name="vtb">NULL</column>
            <column name="gazprom">NULL</column>
            <column name="alfabank">NULL</column>
            <column name="bankmoskvy">NULL</column>
            <column name="raiffeisen">NULL</column>
            <column name="uralsib">NULL</column>
            <column name="rshb">NULL</column>
        </table>
        <table name="bank">
            <column name="id">1773</column>
            <column name="twitid">494730961683510000</column>
            <column name="date">1406788027</column>
            <column name="name">ILipatov41</column>
            <column name="text">В Чебоксарах Сбербанк выдал инвестиционный кредит на строительство многоэтажки. В Чебоксарах Сбербанк предоставил инвестиционный кредит стр</column>
            <column name="sberbank">1</column>
            <column name="vtb">NULL</column>
            <column name="gazprom">NULL</column>
            <column name="alfabank">NULL</column>
            <column name="bankmoskvy">NULL</column>
            <column name="raiffeisen">NULL</column>
            <column name="uralsib">NULL</column>
            <column name="rshb">NULL</column>
        </table>
        <table name="bank">
            <column name="id">1774</column>
            <column name="twitid">494731671800150000</column>
            <column name="date">1406788196</column>
            <column name="name">quzolora</column>
            <column name="text">Кредит с льготным периодом альфа банк http://t.co/6S83XNxodi</column>
            <column name="sberbank">NULL</column>
            <column name="vtb">NULL</column>
            <column name="gazprom">NULL</column>
            <column name="alfabank">1</column>
            <column name="bankmoskvy">NULL</column>
            <column name="raiffeisen">NULL</column>
            <column name="uralsib">NULL</column>
            <column name="rshb">NULL</column>
        </table>
        <table name="bank">
            <column name="id">1775</column>
            <column name="twitid">494732330255540000</column>
            <column name="date">1406788353</column>
            <column name="name">vypbistipo</column>
            <column name="text">http://t.co/OGdES7fpr1 Сбербанк взять кредит наличными онлайн</column>
            <column name="sberbank">0</column>
            <column name="vtb">NULL</column>
            <column name="gazprom">NULL</column>
            <column name="alfabank">NULL</column>
            <column name="bankmoskvy">NULL</column>
            <column name="raiffeisen">NULL</column>
            <column name="uralsib">NULL</column>
            <column name="rshb">NULL</column>
        </table>
        <table name="bank">
            <column name="id">1776</column>
            <column name="twitid">494732657264050000</column>
            <column name="date">1406788431</column>
            <column name="name">Keenout</column>
            <column name="text">Молитва оператора;))) снимаем для #inplace @ Банк Москвы http://t.co/UR1GN5W2I3</column>
            <column name="sberbank">NULL</column>
            <column name="vtb">NULL</column>
            <column name="gazprom">NULL</column>
            <column name="alfabank">NULL</column>
            <column name="bankmoskvy">--</column>
            <column name="raiffeisen">NULL</column>
            <column name="uralsib">NULL</column>
            <column name="rshb">NULL</column>
        </table>
        <table name="bank">
            <column name="id">1777</column>
            <column name="twitid">494735225382240000</column>
            <column name="date">1406789044</column>
            <column name="name">fewitamexa</column>
            <column name="text">Срочно оформить кредитную карту альфа банк http://t.co/o918gJG8m6</column>
            <column name="sberbank">NULL</column>
            <column name="vtb">NULL</column>
            <column name="gazprom">NULL</column>
            <column name="alfabank">0</column>
            <column name="bankmoskvy">NULL</column>
            <column name="raiffeisen">NULL</column>
            <column name="uralsib">NULL</column>
            <column name="rshb">NULL</column>
        </table>
        <table name="bank">
            <column name="id">1778</column>
            <column name="twitid">494735226795740000</column>
            <column name="date">1406789044</column>
            <column name="name">LKonovalova22</column>
            <column name="text">Угроза мира: какие российские проекты пострадают от санкций.В новый список секторальных санкций США попали ВТБ, Банк Москвы и Россельхозбан</column>
            <column name="sberbank">NULL</column>
            <column name="vtb">-1</column>
            <column name="gazprom">NULL</column>
            <column name="alfabank">NULL</column>
            <column name="bankmoskvy">-1</column>
            <column name="raiffeisen">NULL</column>
            <column name="uralsib">NULL</column>
            <column name="rshb">NULL</column>
        </table>
        <table name="bank">
            <column name="id">1779</column>
            <column name="twitid">494735614823370000</column>
            <column name="date">1406789136</column>
            <column name="name">zamigafiwav</column>
            <column name="text">кредитные карты райффайзенбанк отзывы http://t.co/uIKLYmZYhN</column>
            <column name="sberbank">NULL</column>
            <column name="vtb">NULL</column>
            <column name="gazprom">NULL</column>
            <column name="alfabank">NULL</column>
            <column name="bankmoskvy">NULL</column>
            <column name="raiffeisen">0</column>
            <column name="uralsib">NULL</column>
            <column name="rshb">NULL</column>
        </table>
        <table name="bank">
            <column name="id">1780</column>
            <column name="twitid">494736341922770000</column>
            <column name="date">1406789310</column>
            <column name="name">picokapu</column>
            <column name="text">Кредитная карта альфа банка условия погашения http://t.co/YDlWgDwtXi</column>
            <column name="sberbank">NULL</column>
            <column name="vtb">NULL</column>
            <column name="gazprom">NULL</column>
            <column name="alfabank">0</column>
            <column name="bankmoskvy">NULL</column>
            <column name="raiffeisen">NULL</column>
            <column name="uralsib">NULL</column>
            <column name="rshb">NULL</column>
        </table>
        <table name="bank">
            <column name="id">1781</column>
            <column name="twitid">494736820819990000</column>
            <column name="date">1406789424</column>
            <column name="name">samathawnpvjacq</column>
            <column name="text">Россельхозбанк ижевск потребительский кредит пенсионерам http://t.co/9yhBFTwUIw</column>
            <column name="sberbank">NULL</column>
            <column name="vtb">NULL</column>
            <column name="gazprom">NULL</column>
            <column name="alfabank">NULL</column>
            <column name="bankmoskvy">NULL</column>
            <column name="raiffeisen">NULL</column>
            <column name="uralsib">NULL</column>
            <column name="rshb">0</column>
        </table>
        <table name="bank">
            <column name="id">1782</column>
            <column name="twitid">494737853969330000</column>
            <column name="date">1406789670</column>
            <column name="name">wemetfoffi</column>
            <column name="text">http://t.co/1mpEabknY2 Взять кредит сбербанк славгород</column>
            <column name="sberbank">0</column>
            <column name="vtb">NULL</column>
            <column name="gazprom">NULL</column>
            <column name="alfabank">NULL</column>
            <column name="bankmoskvy">NULL</column>
            <column name="raiffeisen">NULL</column>
            <column name="uralsib">NULL</column>
            <column name="rshb">NULL</column>
        </table>
        <table name="bank">
            <column name="id">1783</column>
            <column name="twitid">494740885545170000</column>
            <column name="date">1406790393</column>
            <column name="name">fucafajihuj</column>
            <column name="text">Заявка на кредитную карту принята сбербанк http://t.co/18OuL6T9Zq</column>
            <column name="sberbank">0</column>
            <column name="vtb">NULL</column>
            <column name="gazprom">NULL</column>
            <column name="alfabank">NULL</column>
            <column name="bankmoskvy">NULL</column>
            <column name="raiffeisen">NULL</column>
            <column name="uralsib">NULL</column>
            <column name="rshb">NULL</column>
        </table>
        <table name="bank">
            <column name="id">1784</column>
            <column name="twitid">494741167129760000</column>
            <column name="date">1406790460</column>
            <column name="name">likyziromika</column>
            <column name="text">Сделать заявку на кредит наличными в альфа банке</column>
            <column name="sberbank">NULL</column>
            <column name="vtb">NULL</column>
            <column name="gazprom">NULL</column>
            <column name="alfabank">0</column>
            <column name="bankmoskvy">NULL</column>
            <column name="raiffeisen">NULL</column>
            <column name="uralsib">NULL</column>
            <column name="rshb">NULL</column>
        </table>
        <table name="bank">
            <column name="id">1785</column>
            <column name="twitid">494741805041480000</column>
            <column name="date">1406790612</column>
            <column name="name">iteatgel</column>
            <column name="text">Автокредит сбербанк на машины эконом класса http://t.co/qvBd8XUscA</column>
            <column name="sberbank">0</column>
            <column name="vtb">NULL</column>
            <column name="gazprom">NULL</column>
            <column name="alfabank">NULL</column>
            <column name="bankmoskvy">NULL</column>
            <column name="raiffeisen">NULL</column>
            <column name="uralsib">NULL</column>
            <column name="rshb">NULL</column>
        </table>
        <table name="bank">
            <column name="id">1786</column>
            <column name="twitid">494742808243500000</column>
            <column name="date">1406790852</column>
            <column name="name">leixylinkro</column>
            <column name="text">RT @wertwheelchubo: Сбербанк ввел специальный режим работы офисов в подтопленном Ленинском районе ЕАО</column>
            <column name="sberbank">0</column>
            <column name="vtb">NULL</column>
            <column name="gazprom">NULL</column>
            <column name="alfabank">NULL</column>
            <column name="bankmoskvy">NULL</column>
            <column name="raiffeisen">NULL</column>
            <column name="uralsib">NULL</column>
            <column name="rshb">NULL</column>
        </table>
        <table name="bank">
            <column name="id">1787</column>
            <column name="twitid">494743384343730000</column>
            <column name="date">1406790989</column>
            <column name="name">antoniajvbirvin</column>
            <column name="text">Кредитная мастер карт голд сбербанк http://t.co/6EWl8x21Fz</column>
            <column name="sberbank">0</column>
            <column name="vtb">NULL</column>
            <column name="gazprom">NULL</column>
            <column name="alfabank">NULL</column>
            <column name="bankmoskvy">NULL</column>
            <column name="raiffeisen">NULL</column>
            <column name="uralsib">NULL</column>
            <column name="rshb">NULL</column>
        </table>
        <table name="bank">
            <column name="id">1788</column>
            <column name="twitid">494744548795380000</column>
            <column name="date">1406791267</column>
            <column name="name">ldmanEver</column>
            <column name="text">россельхозбанк краснодарский край руководство http://t.co/oGFPn60Tii #краснодарский #край</column>
            <column name="sberbank">NULL</column>
            <column name="vtb">NULL</column>
            <column name="gazprom">NULL</column>
            <column name="alfabank">NULL</column>
            <column name="bankmoskvy">NULL</column>
            <column name="raiffeisen">NULL</column>
            <column name="uralsib">NULL</column>
            <column name="rshb">0</column>
        </table>
        <table name="bank">
            <column name="id">1789</column>
            <column name="twitid">494746415604960000</column>
            <column name="date">1406791712</column>
            <column name="name">eronymusHi</column>
            <column name="text">http://t.co/ayCyVNSx3o Сбербанк россии взять кредит пенсионеру</column>
            <column name="sberbank">0</column>
            <column name="vtb">NULL</column>
            <column name="gazprom">NULL</column>
            <column name="alfabank">NULL</column>
            <column name="bankmoskvy">NULL</column>
            <column name="raiffeisen">NULL</column>
            <column name="uralsib">NULL</column>
            <column name="rshb">NULL</column>
        </table>
        <table name="bank">
            <column name="id">1790</column>
            <column name="twitid">494746877737590000</column>
            <column name="date">1406791822</column>
            <column name="name">hardarmageddon</column>
            <column name="text">RT @peggy_mckiernan: кредитная карта от райффайзен банка http://t.co/gSXWR1F39J</column>
            <column name="sberbank">NULL</column>
            <column name="vtb">NULL</column>
            <column name="gazprom">NULL</column>
            <column name="alfabank">NULL</column>
            <column name="bankmoskvy">NULL</column>
            <column name="raiffeisen">0</column>
            <column name="uralsib">NULL</column>
            <column name="rshb">NULL</column>
        </table>
        <table name="bank">
            <column name="id">1791</column>
            <column name="twitid">494747016262860000</column>
            <column name="date">1406791855</column>
            <column name="name">b0jenko260297</column>
            <column name="text">Размер кредитного портфеля россельхозбанка http://t.co/oiv94wC369</column>
            <column name="sberbank">NULL</column>
            <column name="vtb">NULL</column>
            <column name="gazprom">NULL</column>
            <column name="alfabank">NULL</column>
            <column name="bankmoskvy">NULL</column>
            <column name="raiffeisen">NULL</column>
            <column name="uralsib">NULL</column>
            <column name="rshb">0</column>
        </table>
        <table name="bank">
            <column name="id">1792</column>
            <column name="twitid">494747590974770000</column>
            <column name="date">1406791992</column>
            <column name="name">riceGholst</column>
            <column name="text">http://t.co/xCxPgEZ7W1 Оформить в втб 24 кредит онлайн в нижним новгороде</column>
            <column name="sberbank">NULL</column>
            <column name="vtb">0</column>
            <column name="gazprom">NULL</column>
            <column name="alfabank">NULL</column>
            <column name="bankmoskvy">NULL</column>
            <column name="raiffeisen">NULL</column>
            <column name="uralsib">NULL</column>
            <column name="rshb">NULL</column>
        </table>
        <table name="bank">
            <column name="id">1793</column>
            <column name="twitid">494747973952480000</column>
            <column name="date">1406792083</column>
            <column name="name">kursdollarbank</column>
            <column name="text">Курс доллара в банках Ярославля http://t.co/hQmrTwjsN9 /  / Российский Кредит 35,60  36,25  / Россельхозбанк 35,49 .. http://t.co/aTYbU1AnvE</column>
            <column name="sberbank">NULL</column>
            <column name="vtb">NULL</column>
            <column name="gazprom">NULL</column>
            <column name="alfabank">NULL</column>
            <column name="bankmoskvy">NULL</column>
            <column name="raiffeisen">NULL</column>
            <column name="uralsib">NULL</column>
            <column name="rshb">0</column>
        </table>
        <table name="bank">
            <column name="id">1794</column>
            <column name="twitid">494747974283850000</column>
            <column name="date">1406792083</column>
            <column name="name">emaineFulo</column>
            <column name="text">http://t.co/6TBtrbbboN Хочу взять кредит в сбербанк россии</column>
            <column name="sberbank">0</column>
            <column name="vtb">NULL</column>
            <column name="gazprom">NULL</column>
            <column name="alfabank">NULL</column>
            <column name="bankmoskvy">NULL</column>
            <column name="raiffeisen">NULL</column>
            <column name="uralsib">NULL</column>
            <column name="rshb">NULL</column>
        </table>
        <table name="bank">
            <column name="id">1795</column>
            <column name="twitid">494748438433890000</column>
            <column name="date">1406792194</column>
            <column name="name">barberawynewlan</column>
            <column name="text">Программа кредитования отечественных автомобилей сбербанк казани http://t.co/EsmJNAbmqh</column>
            <column name="sberbank">0</column>
            <column name="vtb">NULL</column>
            <column name="gazprom">NULL</column>
            <column name="alfabank">NULL</column>
            <column name="bankmoskvy">NULL</column>
            <column name="raiffeisen">NULL</column>
            <column name="uralsib">NULL</column>
            <column name="rshb">NULL</column>
        </table>
        <table name="bank">
            <column name="id">1796</column>
            <column name="twitid">494748758379210000</column>
            <column name="date">1406792270</column>
            <column name="name">ak_sport_rss</column>
            <column name="text">«Банк Москвы» перестал быть генеральным спонсором «Амкара» http://t.co/gG1AOr7BNI #football sports.ru</column>
            <column name="sberbank">NULL</column>
            <column name="vtb">NULL</column>
            <column name="gazprom">NULL</column>
            <column name="alfabank">NULL</column>
            <column name="bankmoskvy">0</column>
            <column name="raiffeisen">NULL</column>
            <column name="uralsib">NULL</column>
            <column name="rshb">NULL</column>
        </table>
        <table name="bank">
            <column name="id">1797</column>
            <column name="twitid">494750763235940000</column>
            <column name="date">1406792748</column>
            <column name="name">ehorlakuq</column>
            <column name="text">http://t.co/oI9hSOju8O Втб 24 оформить кредитную карту онлайн кослан</column>
            <column name="sberbank">NULL</column>
            <column name="vtb">0</column>
            <column name="gazprom">NULL</column>
            <column name="alfabank">NULL</column>
            <column name="bankmoskvy">NULL</column>
            <column name="raiffeisen">NULL</column>
            <column name="uralsib">NULL</column>
            <column name="rshb">NULL</column>
        </table>
        <table name="bank">
            <column name="id">1798</column>
            <column name="twitid">494750826259160000</column>
            <column name="date">1406792763</column>
            <column name="name">hiksrakuka</column>
            <column name="text">RT @strizhenovvses: Сбербанк России - 170 лет на рынке очередей! http://t.co/W0nqfk26Bi</column>
            <column name="sberbank">-1</column>
            <column name="vtb">NULL</column>
            <column name="gazprom">NULL</column>
            <column name="alfabank">NULL</column>
            <column name="bankmoskvy">NULL</column>
            <column name="raiffeisen">NULL</column>
            <column name="uralsib">NULL</column>
            <column name="rshb">NULL</column>
        </table>
        <table name="bank">
            <column name="id">1799</column>
            <column name="twitid">494751392868100000</column>
            <column name="date">1406792898</column>
            <column name="name">18ellu</column>
            <column name="text">Все окредитах втб 24 http://t.co/fnoIZ2xSc2</column>
            <column name="sberbank">NULL</column>
            <column name="vtb">0</column>
            <column name="gazprom">NULL</column>
            <column name="alfabank">NULL</column>
            <column name="bankmoskvy">NULL</column>
            <column name="raiffeisen">NULL</column>
            <column name="uralsib">NULL</column>
            <column name="rshb">NULL</column>
        </table>
        <table name="bank">
            <column name="id">1800</column>
            <column name="twitid">494751393002320000</column>
            <column name="date">1406792898</column>
            <column name="name">veh22raynu</column>
            <column name="text">Оформление кредитных карт онлайн быстро банк москвы http://t.co/Nt3fNncZwB</column>
            <column name="sberbank">NULL</column>
            <column name="vtb">NULL</column>
            <column name="gazprom">NULL</column>
            <column name="alfabank">NULL</column>
            <column name="bankmoskvy">0</column>
            <column name="raiffeisen">NULL</column>
            <column name="uralsib">NULL</column>
            <column name="rshb">NULL</column>
        </table>
    </database>
</pma_xml_export>