<?xml version="1.0" encoding="utf-8"?>
<!--
- phpMyAdmin XML Dump
- version 4.0.4.1
- http://www.phpmyadmin.net
-
- Хост: localhost
- Время создания: Окт 28 2014 г., 09:04
- Версия сервера: 5.6.12
- Версия PHP: 5.5.3
-->

<pma_xml_export version="1.0" xmlns:pma="http://www.phpmyadmin.net/some_doc_url/">
    <!--
    - Structure schemas
    -->
    <pma:structure_schemas>
        <pma:database name="Romip" collation="utf8_general_ci" charset="utf8">
            <pma:table name="bank">
                CREATE TABLE `bank` (
                  `id` int(11) NOT NULL AUTO_INCREMENT,
                  `twitid` bigint(32) NOT NULL DEFAULT '0',
                  `date` varchar(128) DEFAULT NULL,
                  `name` varchar(128) DEFAULT NULL,
                  `text` varchar(256) DEFAULT NULL,
                  `sberbank` int(11) DEFAULT NULL,
                  `vtb` int(11) DEFAULT NULL,
                  `gazprom` int(11) DEFAULT NULL,
                  `alfabank` int(11) DEFAULT NULL,
                  `bankmoskvy` int(11) DEFAULT NULL,
                  `raiffeisen` int(11) DEFAULT NULL,
                  `uralsib` int(11) DEFAULT NULL,
                  `rshb` int(11) DEFAULT NULL,
                  PRIMARY KEY (`id`),
                  UNIQUE KEY `id` (`twitid`)
                ) ENGINE=InnoDB AUTO_INCREMENT=7924 DEFAULT CHARSET=utf8;
            </pma:table>
        </pma:database>
    </pma:structure_schemas>

    <!--
    - База данных: 'Romip'
    -->
    <database name="Romip">
        <!-- Таблица bank -->
        <table name="bank">
            <column name="id">4701</column>
            <column name="twitid">498855977525860000</column>
            <column name="date">1407771508</column>
            <column name="name">kozlovott</column>
            <column name="text">Лавров: санкции против РСХБ привели к ответным мерам РФ: Санкции против Россельхозбанка (РСХБ) создали недобро... http://t.co/FnwFlFHKpY</column>
            <column name="sberbank">NULL</column>
            <column name="vtb">NULL</column>
            <column name="gazprom">NULL</column>
            <column name="alfabank">NULL</column>
            <column name="bankmoskvy">NULL</column>
            <column name="raiffeisen">NULL</column>
            <column name="uralsib">NULL</column>
            <column name="rshb">-1</column>
        </table>
        <table name="bank">
            <column name="id">4702</column>
            <column name="twitid">498857585081320000</column>
            <column name="date">1407771891</column>
            <column name="name">randifavvmarsto</column>
            <column name="text">Кредит 100000 рублей сбербанк http://t.co/BEedBW99ph</column>
            <column name="sberbank">0</column>
            <column name="vtb">NULL</column>
            <column name="gazprom">NULL</column>
            <column name="alfabank">NULL</column>
            <column name="bankmoskvy">NULL</column>
            <column name="raiffeisen">NULL</column>
            <column name="uralsib">NULL</column>
            <column name="rshb">NULL</column>
        </table>
        <table name="bank">
            <column name="id">4703</column>
            <column name="twitid">498859500741620000</column>
            <column name="date">1407772347</column>
            <column name="name">fdxeyyy9bu</column>
            <column name="text">Кредит сбербанк верхняя пышма http://t.co/4kHqYTvjI6</column>
            <column name="sberbank">0</column>
            <column name="vtb">NULL</column>
            <column name="gazprom">NULL</column>
            <column name="alfabank">NULL</column>
            <column name="bankmoskvy">NULL</column>
            <column name="raiffeisen">NULL</column>
            <column name="uralsib">NULL</column>
            <column name="rshb">NULL</column>
        </table>
        <table name="bank">
            <column name="id">4704</column>
            <column name="twitid">498860764615410000</column>
            <column name="date">1407772649</column>
            <column name="name">emiicebe84</column>
            <column name="text">Перевод через Сбербанк Онлайн не проходит. Пишет: &quot;Данный функционал временно недоступен.</column>
            <column name="sberbank">-1</column>
            <column name="vtb">NULL</column>
            <column name="gazprom">NULL</column>
            <column name="alfabank">NULL</column>
            <column name="bankmoskvy">NULL</column>
            <column name="raiffeisen">NULL</column>
            <column name="uralsib">NULL</column>
            <column name="rshb">NULL</column>
        </table>
        <table name="bank">
            <column name="id">4705</column>
            <column name="twitid">498861974344970000</column>
            <column name="date">1407772937</column>
            <column name="name">usingymcu1984</column>
            <column name="text">Лавров: санкции против РСХБ привели к ответным мерам РФ. Санкции против Россельхозбанка (РСХБ) создали недобросовестную конкуренцию на прод</column>
            <column name="sberbank">NULL</column>
            <column name="vtb">NULL</column>
            <column name="gazprom">NULL</column>
            <column name="alfabank">NULL</column>
            <column name="bankmoskvy">NULL</column>
            <column name="raiffeisen">NULL</column>
            <column name="uralsib">NULL</column>
            <column name="rshb">-1</column>
        </table>
        <table name="bank">
            <column name="id">4706</column>
            <column name="twitid">498864507671030000</column>
            <column name="date">1407773541</column>
            <column name="name">PBabaev30</column>
            <column name="text">Растет спрос на ипотеку в Поволжском Сбербанке.&amp;amp;nbsp; &amp;amp;nbsp;В первом полугодии 2014 года Поволжский Сбербанк выдал более 27 тысяч ипотечных</column>
            <column name="sberbank">1</column>
            <column name="vtb">NULL</column>
            <column name="gazprom">NULL</column>
            <column name="alfabank">NULL</column>
            <column name="bankmoskvy">NULL</column>
            <column name="raiffeisen">NULL</column>
            <column name="rshb">NULL</column>
            <column name="uralsib">NULL</column>
        </table>
        <table name="bank">
            <column name="id">4707</column>
            <column name="twitid">498865541122390000</column>
            <column name="date">1407773788</column>
            <column name="name">ryzhov_s</column>
            <column name="text">@buzlol @sberbank вообще 11 ночью все умрет, у тебя наверно раньше</column>
            <column name="sberbank">-1</column>
            <column name="vtb">NULL</column>
            <column name="gazprom">NULL</column>
            <column name="alfabank">NULL</column>
            <column name="bankmoskvy">NULL</column>
            <column name="raiffeisen">NULL</column>
            <column name="uralsib">NULL</column>
            <column name="rshb">NULL</column>
        </table>
        <table name="bank">
            <column name="id">4708</column>
            <column name="twitid">498866527190650000</column>
            <column name="date">1407774023</column>
            <column name="name">minoritariy</column>
            <column name="text">Лавров объяснил продуктовое эмбарго санкциями Запада против Россельхозбанка http://t.co/opm9SOwKuj http://t.co/6RpvXSJpIs</column>
            <column name="sberbank">NULL</column>
            <column name="vtb">NULL</column>
            <column name="gazprom">NULL</column>
            <column name="alfabank">NULL</column>
            <column name="bankmoskvy">NULL</column>
            <column name="raiffeisen">NULL</column>
            <column name="uralsib">NULL</column>
            <column name="rshb">0</column>
        </table>
        <table name="bank">
            <column name="id">4709</column>
            <column name="twitid">498866665049060000</column>
            <column name="date">1407774056</column>
            <column name="name">trogxyrhow</column>
            <column name="text">Россельхозбанк кредитование фермерского хозяйства http://t.co/KiJMuWzWcj</column>
            <column name="sberbank">NULL</column>
            <column name="vtb">NULL</column>
            <column name="gazprom">NULL</column>
            <column name="alfabank">NULL</column>
            <column name="bankmoskvy">NULL</column>
            <column name="raiffeisen">NULL</column>
            <column name="uralsib">NULL</column>
            <column name="rshb">0</column>
        </table>
        <table name="bank">
            <column name="id">4710</column>
            <column name="twitid">498868128013910000</column>
            <column name="date">1407774404</column>
            <column name="name">rurutoko</column>
            <column name="text">Спб сбербанк потребительский кредит http://t.co/RsfwGQECOa</column>
            <column name="sberbank">0</column>
            <column name="vtb">NULL</column>
            <column name="gazprom">NULL</column>
            <column name="alfabank">NULL</column>
            <column name="bankmoskvy">NULL</column>
            <column name="raiffeisen">NULL</column>
            <column name="uralsib">NULL</column>
            <column name="rshb">NULL</column>
        </table>
        <table name="bank">
            <column name="id">4711</column>
            <column name="twitid">498868440749600000</column>
            <column name="date">1407774479</column>
            <column name="name">ramilnigma</column>
            <column name="text">@tuhbat0v @alfa_bank чем тебя электронное правительство не устраивает?</column>
            <column name="sberbank">NULL</column>
            <column name="vtb">NULL</column>
            <column name="gazprom">NULL</column>
            <column name="alfabank">0</column>
            <column name="bankmoskvy">NULL</column>
            <column name="raiffeisen">NULL</column>
            <column name="uralsib">NULL</column>
            <column name="rshb">NULL</column>
        </table>
        <table name="bank">
            <column name="id">4712</column>
            <column name="twitid">498869084147450000</column>
            <column name="date">1407774632</column>
            <column name="name">tuhbat0v</column>
            <column name="text">@ramilnigma @alfa_bank проще и быстрее.  И процентов нет ))</column>
            <column name="sberbank">NULL</column>
            <column name="vtb">NULL</column>
            <column name="gazprom">NULL</column>
            <column name="alfabank">1</column>
            <column name="bankmoskvy">NULL</column>
            <column name="raiffeisen">NULL</column>
            <column name="uralsib">NULL</column>
            <column name="rshb">NULL</column>
        </table>
        <table name="bank">
            <column name="id">4713</column>
            <column name="twitid">498869573262020000</column>
            <column name="date">1407774749</column>
            <column name="name">aeOldaker</column>
            <column name="text">RT @seo_money_seo: Кредитная карта Уралсиб банк отзывы http://t.co/VAyAqPkLjZ</column>
            <column name="sberbank">NULL</column>
            <column name="vtb">NULL</column>
            <column name="gazprom">NULL</column>
            <column name="alfabank">NULL</column>
            <column name="bankmoskvy">NULL</column>
            <column name="raiffeisen">NULL</column>
            <column name="uralsib">0</column>
            <column name="rshb">NULL</column>
        </table>
        <table name="bank">
            <column name="id">4714</column>
            <column name="twitid">498873257140170000</column>
            <column name="date">1407775627</column>
            <column name="name">matyqekon</column>
            <column name="text">Обслуживание кредитных карт альфабанка http://t.co/nFHdBQI2yv</column>
            <column name="sberbank">NULL</column>
            <column name="vtb">NULL</column>
            <column name="gazprom">NULL</column>
            <column name="alfabank">0</column>
            <column name="bankmoskvy">NULL</column>
            <column name="raiffeisen">NULL</column>
            <column name="uralsib">NULL</column>
            <column name="rshb">NULL</column>
        </table>
        <table name="bank">
            <column name="id">4715</column>
            <column name="twitid">498874568711610000</column>
            <column name="date">1407775940</column>
            <column name="name">lanellitdomuldo</column>
            <column name="text">Кредиты условия банк москвы http://t.co/ASq1YxH75N</column>
            <column name="sberbank">NULL</column>
            <column name="vtb">NULL</column>
            <column name="gazprom">NULL</column>
            <column name="alfabank">NULL</column>
            <column name="bankmoskvy">0</column>
            <column name="raiffeisen">NULL</column>
            <column name="uralsib">NULL</column>
            <column name="rshb">NULL</column>
        </table>
        <table name="bank">
            <column name="id">4716</column>
            <column name="twitid">498874751340000000</column>
            <column name="date">1407775984</column>
            <column name="name">fizisoxe</column>
            <column name="text">Банк москвы потребительские кредиты http://t.co/VvmAXmiRaG</column>
            <column name="sberbank">NULL</column>
            <column name="vtb">NULL</column>
            <column name="gazprom">NULL</column>
            <column name="alfabank">NULL</column>
            <column name="bankmoskvy">0</column>
            <column name="raiffeisen">NULL</column>
            <column name="uralsib">NULL</column>
            <column name="rshb">NULL</column>
        </table>
        <table name="bank">
            <column name="id">4717</column>
            <column name="twitid">498875119763480000</column>
            <column name="date">1407776071</column>
            <column name="name">putexisoxuc</column>
            <column name="text">RT @dicks_botha: банк втб 24 воронеж кредиты физическим лицам http://t.co/4kQ2cAjJUE</column>
            <column name="sberbank">NULL</column>
            <column name="vtb">0</column>
            <column name="gazprom">NULL</column>
            <column name="alfabank">NULL</column>
            <column name="bankmoskvy">NULL</column>
            <column name="raiffeisen">NULL</column>
            <column name="uralsib">NULL</column>
            <column name="rshb">NULL</column>
        </table>
        <table name="bank">
            <column name="id">4718</column>
            <column name="twitid">498876200388170000</column>
            <column name="date">1407776329</column>
            <column name="name">paskahismoinock</column>
            <column name="text">http://t.co/4XTuIrYep8 кредит россельхозбанка для физических лиц</column>
            <column name="sberbank">NULL</column>
            <column name="vtb">NULL</column>
            <column name="gazprom">NULL</column>
            <column name="alfabank">NULL</column>
            <column name="bankmoskvy">NULL</column>
            <column name="raiffeisen">NULL</column>
            <column name="uralsib">NULL</column>
            <column name="rshb">0</column>
        </table>
        <table name="bank">
            <column name="id">4719</column>
            <column name="twitid">498877041987850000</column>
            <column name="date">1407776530</column>
            <column name="name">elenkott</column>
            <column name="text">RT @alexi_grey: @korobkov на Кипре не смогли найти банкомат Райффайзен или партнера. Зато есть сбер промсвязь и альфа</column>
            <column name="sberbank">1</column>
            <column name="vtb">NULL</column>
            <column name="gazprom">NULL</column>
            <column name="alfabank">1</column>
            <column name="bankmoskvy">NULL</column>
            <column name="raiffeisen">-1</column>
            <column name="uralsib">NULL</column>
            <column name="rshb">NULL</column>
        </table>
        <table name="bank">
            <column name="id">4720</column>
            <column name="twitid">498877581757010000</column>
            <column name="date">1407776658</column>
            <column name="name">pawebujo</column>
            <column name="text">Потребительский кредит втб 24 тюмень http://t.co/rILJrf6Cly</column>
            <column name="sberbank">NULL</column>
            <column name="vtb">0</column>
            <column name="gazprom">NULL</column>
            <column name="alfabank">NULL</column>
            <column name="bankmoskvy">NULL</column>
            <column name="raiffeisen">NULL</column>
            <column name="uralsib">NULL</column>
            <column name="rshb">NULL</column>
        </table>
        <table name="bank">
            <column name="id">4721</column>
            <column name="twitid">498877712304710000</column>
            <column name="date">1407776689</column>
            <column name="name">bolecozab</column>
            <column name="text">Сайт сбербанк кредитный калькулятор http://t.co/r1TXDBogmm</column>
            <column name="sberbank">0</column>
            <column name="vtb">NULL</column>
            <column name="gazprom">NULL</column>
            <column name="alfabank">NULL</column>
            <column name="bankmoskvy">NULL</column>
            <column name="raiffeisen">NULL</column>
            <column name="uralsib">NULL</column>
            <column name="rshb">NULL</column>
        </table>
        <table name="bank">
            <column name="id">4722</column>
            <column name="twitid">498877976126050000</column>
            <column name="date">1407776752</column>
            <column name="name">kibuwyjyfyte</column>
            <column name="text">Правительство решило не разделять Россельхозбанк - &quot;Коммерсантъ&quot;</column>
            <column name="sberbank">NULL</column>
            <column name="vtb">NULL</column>
            <column name="gazprom">NULL</column>
            <column name="alfabank">NULL</column>
            <column name="bankmoskvy">NULL</column>
            <column name="raiffeisen">NULL</column>
            <column name="uralsib">NULL</column>
            <column name="rshb">0</column>
        </table>
        <table name="bank">
            <column name="id">4723</column>
            <column name="twitid">498879130843500000</column>
            <column name="date">1407777028</column>
            <column name="name">xytyqotanic</column>
            <column name="text">RT @diwabehokiwo: банк втб автокредит 8 процентов http://t.co/FE9pmX6D5e</column>
            <column name="sberbank">NULL</column>
            <column name="vtb">0</column>
            <column name="gazprom">NULL</column>
            <column name="alfabank">NULL</column>
            <column name="bankmoskvy">NULL</column>
            <column name="raiffeisen">NULL</column>
            <column name="uralsib">NULL</column>
            <column name="rshb">NULL</column>
        </table>
        <table name="bank">
            <column name="id">4724</column>
            <column name="twitid">498879452693020000</column>
            <column name="date">1407777104</column>
            <column name="name">thepcuma84</column>
            <column name="text">RT @71_lyubov: #Заявка На Ипотечный Кредит Сбербанк http://t.co/vp923Su8UC</column>
            <column name="sberbank">0</column>
            <column name="vtb">NULL</column>
            <column name="gazprom">NULL</column>
            <column name="alfabank">NULL</column>
            <column name="bankmoskvy">NULL</column>
            <column name="raiffeisen">NULL</column>
            <column name="uralsib">NULL</column>
            <column name="rshb">NULL</column>
        </table>
        <table name="bank">
            <column name="id">4725</column>
            <column name="twitid">498880598367550000</column>
            <column name="date">1407777378</column>
            <column name="name">qamsmir</column>
            <column name="text">Для кредита предоставили фальшивые документы россельхозбанк http://t.co/FkX5zQNJYM</column>
            <column name="sberbank">NULL</column>
            <column name="vtb">NULL</column>
            <column name="gazprom">NULL</column>
            <column name="alfabank">NULL</column>
            <column name="bankmoskvy">NULL</column>
            <column name="raiffeisen">NULL</column>
            <column name="uralsib">NULL</column>
            <column name="rshb">0</column>
        </table>
        <table name="bank">
            <column name="id">4726</column>
            <column name="twitid">498880690952630000</column>
            <column name="date">1407777400</column>
            <column name="name">kipuhyle</column>
            <column name="text">Взять кредит на квартиру банк москвы http://t.co/ai8JTolJWb</column>
            <column name="sberbank">NULL</column>
            <column name="vtb">NULL</column>
            <column name="gazprom">NULL</column>
            <column name="alfabank">NULL</column>
            <column name="bankmoskvy">0</column>
            <column name="raiffeisen">NULL</column>
            <column name="uralsib">NULL</column>
            <column name="rshb">NULL</column>
        </table>
        <table name="bank">
            <column name="id">4727</column>
            <column name="twitid">498881501640270000</column>
            <column name="date">1407777593</column>
            <column name="name">MirairaM</column>
            <column name="text">RT @FastSlon: Почему РФ ввела эмбарго на импорт западных продуктов? А потому, что ЕС и США ввели санкции против Россельхозбанка http://t.co…</column>
            <column name="sberbank">NULL</column>
            <column name="vtb">NULL</column>
            <column name="gazprom">NULL</column>
            <column name="alfabank">NULL</column>
            <column name="bankmoskvy">NULL</column>
            <column name="raiffeisen">NULL</column>
            <column name="uralsib">NULL</column>
            <column name="rshb">-1</column>
        </table>
        <table name="bank">
            <column name="id">4728</column>
            <column name="twitid">498883777767430000</column>
            <column name="date">1407778136</column>
            <column name="name">VoiceWallz</column>
            <column name="text">http://t.co/XiWLunneZe как оплачивать кредит альфа банка</column>
            <column name="sberbank">NULL</column>
            <column name="vtb">NULL</column>
            <column name="gazprom">NULL</column>
            <column name="alfabank">0</column>
            <column name="bankmoskvy">NULL</column>
            <column name="raiffeisen">NULL</column>
            <column name="uralsib">NULL</column>
            <column name="rshb">NULL</column>
        </table>
        <table name="bank">
            <column name="id">4729</column>
            <column name="twitid">498884618654080000</column>
            <column name="date">1407778336</column>
            <column name="name">tiaqsipee</column>
            <column name="text">http://t.co/d5tuVo7QBG россельхозбанк кредиты кострома</column>
            <column name="sberbank">NULL</column>
            <column name="vtb">NULL</column>
            <column name="gazprom">NULL</column>
            <column name="alfabank">NULL</column>
            <column name="bankmoskvy">NULL</column>
            <column name="raiffeisen">NULL</column>
            <column name="uralsib">NULL</column>
            <column name="rshb">0</column>
        </table>
        <table name="bank">
            <column name="id">4730</column>
            <column name="twitid">498885726508170000</column>
            <column name="date">1407778600</column>
            <column name="name">gadutybyk</column>
            <column name="text">Банк втб 24 кредиты наличными http://t.co/Ag8O9sQY3b</column>
            <column name="sberbank">NULL</column>
            <column name="vtb">0</column>
            <column name="gazprom">NULL</column>
            <column name="alfabank">NULL</column>
            <column name="bankmoskvy">NULL</column>
            <column name="raiffeisen">NULL</column>
            <column name="uralsib">NULL</column>
            <column name="rshb">NULL</column>
        </table>
        <table name="bank">
            <column name="id">4731</column>
            <column name="twitid">498887171794010000</column>
            <column name="date">1407778945</column>
            <column name="name">pirawamapy</column>
            <column name="text">Одобрение кредита в газпромбанке http://t.co/X0HsUhoG6C</column>
            <column name="sberbank">NULL</column>
            <column name="vtb">NULL</column>
            <column name="gazprom">0</column>
            <column name="alfabank">NULL</column>
            <column name="bankmoskvy">NULL</column>
            <column name="raiffeisen">NULL</column>
            <column name="uralsib">NULL</column>
            <column name="rshb">NULL</column>
        </table>
        <table name="bank">
            <column name="id">4732</column>
            <column name="twitid">498889156941340000</column>
            <column name="date">1407779418</column>
            <column name="name">ubolv698pa</column>
            <column name="text">Ипотечные кредиты в райфайзенбанке http://t.co/gnfAb2FDuA</column>
            <column name="sberbank">NULL</column>
            <column name="vtb">NULL</column>
            <column name="gazprom">NULL</column>
            <column name="alfabank">NULL</column>
            <column name="bankmoskvy">NULL</column>
            <column name="raiffeisen">0</column>
            <column name="uralsib">NULL</column>
            <column name="rshb">NULL</column>
        </table>
        <table name="bank">
            <column name="id">4733</column>
            <column name="twitid">498889333685090000</column>
            <column name="date">1407779460</column>
            <column name="name">bygyxocuwo</column>
            <column name="text">Ставки по автокредиту райффайзен банк http://t.co/wbn5qjy72h</column>
            <column name="sberbank">NULL</column>
            <column name="vtb">NULL</column>
            <column name="gazprom">NULL</column>
            <column name="alfabank">NULL</column>
            <column name="bankmoskvy">NULL</column>
            <column name="raiffeisen">0</column>
            <column name="uralsib">NULL</column>
            <column name="rshb">NULL</column>
        </table>
        <table name="bank">
            <column name="id">4734</column>
            <column name="twitid">498890313378050000</column>
            <column name="date">1407779694</column>
            <column name="name">pawnumeworldarn</column>
            <column name="text">http://t.co/MG1y6JQmM8 россельхозбанк кострома кредит</column>
            <column name="sberbank">NULL</column>
            <column name="vtb">NULL</column>
            <column name="gazprom">NULL</column>
            <column name="alfabank">NULL</column>
            <column name="bankmoskvy">NULL</column>
            <column name="raiffeisen">NULL</column>
            <column name="uralsib">NULL</column>
            <column name="rshb">0</column>
        </table>
        <table name="bank">
            <column name="id">4735</column>
            <column name="twitid">498890830065990000</column>
            <column name="date">1407779817</column>
            <column name="name">manajideguzman</column>
            <column name="text">Потребительские кредиты ульяновск втб 24 http://t.co/YIKiO5o61C</column>
            <column name="sberbank">NULL</column>
            <column name="vtb">0</column>
            <column name="gazprom">NULL</column>
            <column name="alfabank">NULL</column>
            <column name="bankmoskvy">NULL</column>
            <column name="raiffeisen">NULL</column>
            <column name="uralsib">NULL</column>
            <column name="rshb">NULL</column>
        </table>
        <table name="bank">
            <column name="id">4736</column>
            <column name="twitid">498892248491500000</column>
            <column name="date">1407780155</column>
            <column name="name">irillee90g</column>
            <column name="text">Ваплачиваю кредит сбербанк изменил проценты http://t.co/mv0YmPXD4q</column>
            <column name="sberbank">0</column>
            <column name="vtb">NULL</column>
            <column name="gazprom">NULL</column>
            <column name="alfabank">NULL</column>
            <column name="bankmoskvy">NULL</column>
            <column name="raiffeisen">NULL</column>
            <column name="uralsib">NULL</column>
            <column name="rshb">NULL</column>
        </table>
        <table name="bank">
            <column name="id">4737</column>
            <column name="twitid">498893882667860000</column>
            <column name="date">1407780545</column>
            <column name="name">inevofita45</column>
            <column name="text">Льготные автомобили в кредит сбербанк http://t.co/tEaPcL7rHS</column>
            <column name="sberbank">0</column>
            <column name="vtb">NULL</column>
            <column name="gazprom">NULL</column>
            <column name="alfabank">NULL</column>
            <column name="bankmoskvy">NULL</column>
            <column name="raiffeisen">NULL</column>
            <column name="uralsib">NULL</column>
            <column name="rshb">NULL</column>
        </table>
        <table name="bank">
            <column name="id">4738</column>
            <column name="twitid">498894557422310000</column>
            <column name="date">1407780706</column>
            <column name="name">SPushkin27</column>
            <column name="text">Лавров: санкции против Россельхозбанка создавали условия в пользу европейских производителей</column>
            <column name="sberbank">NULL</column>
            <column name="vtb">NULL</column>
            <column name="gazprom">NULL</column>
            <column name="alfabank">NULL</column>
            <column name="bankmoskvy">NULL</column>
            <column name="raiffeisen">NULL</column>
            <column name="uralsib">NULL</column>
            <column name="rshb">0</column>
        </table>
        <table name="bank">
            <column name="id">4739</column>
            <column name="twitid">498896824158400000</column>
            <column name="date">1407781246</column>
            <column name="name">filippovskaya18</column>
            <column name="text">Потребительский кредит в сбербанк в красноярске http://t.co/NrEqNRS0ur</column>
            <column name="sberbank">0</column>
            <column name="vtb">NULL</column>
            <column name="gazprom">NULL</column>
            <column name="alfabank">NULL</column>
            <column name="bankmoskvy">NULL</column>
            <column name="raiffeisen">NULL</column>
            <column name="uralsib">NULL</column>
            <column name="rshb">NULL</column>
        </table>
        <table name="bank">
            <column name="id">4740</column>
            <column name="twitid">498899021810140000</column>
            <column name="date">1407781770</column>
            <column name="name">Free_Play_GameZ</column>
            <column name="text">Мэрия Перми рассчитывает на кредит в Райффайзенбанке. http://t.co/TxjFe5kRMi</column>
            <column name="sberbank">NULL</column>
            <column name="vtb">NULL</column>
            <column name="gazprom">NULL</column>
            <column name="alfabank">NULL</column>
            <column name="bankmoskvy">NULL</column>
            <column name="raiffeisen">0</column>
            <column name="uralsib">NULL</column>
            <column name="rshb">NULL</column>
        </table>
        <table name="bank">
            <column name="id">4741</column>
            <column name="twitid">498900347336020000</column>
            <column name="date">1407782086</column>
            <column name="name">musacegot</column>
            <column name="text">Кредитование в альфа банк экспресс http://t.co/LpKHZ5vmJ1</column>
            <column name="sberbank">NULL</column>
            <column name="vtb">NULL</column>
            <column name="gazprom">NULL</column>
            <column name="alfabank">0</column>
            <column name="bankmoskvy">NULL</column>
            <column name="raiffeisen">NULL</column>
            <column name="uralsib">NULL</column>
            <column name="rshb">NULL</column>
        </table>
        <table name="bank">
            <column name="id">4742</column>
            <column name="twitid">498900736806510000</column>
            <column name="date">1407782179</column>
            <column name="name">ight610kk</column>
            <column name="text">Кредит втб 24 форум http://t.co/Cd31FX46NK</column>
            <column name="sberbank">NULL</column>
            <column name="vtb">0</column>
            <column name="gazprom">NULL</column>
            <column name="alfabank">NULL</column>
            <column name="bankmoskvy">NULL</column>
            <column name="raiffeisen">NULL</column>
            <column name="uralsib">NULL</column>
            <column name="rshb">NULL</column>
        </table>
        <table name="bank">
            <column name="id">4743</column>
            <column name="twitid">498900818264100000</column>
            <column name="date">1407782198</column>
            <column name="name">medabzzpbrake</column>
            <column name="text">Райфайзен банк кредит на малый бизнес http://t.co/avsBvr6oaV</column>
            <column name="sberbank">NULL</column>
            <column name="vtb">NULL</column>
            <column name="gazprom">NULL</column>
            <column name="alfabank">NULL</column>
            <column name="bankmoskvy">NULL</column>
            <column name="raiffeisen">0</column>
            <column name="uralsib">NULL</column>
            <column name="rshb">NULL</column>
        </table>
        <table name="bank">
            <column name="id">4744</column>
            <column name="twitid">498902812060030000</column>
            <column name="date">1407782674</column>
            <column name="name">laxaqerycez</column>
            <column name="text">Производит ли сбербанк россии переадресацию кредитов http://t.co/pd9886NOSL</column>
            <column name="sberbank">0</column>
            <column name="vtb">NULL</column>
            <column name="gazprom">NULL</column>
            <column name="alfabank">NULL</column>
            <column name="bankmoskvy">NULL</column>
            <column name="raiffeisen">NULL</column>
            <column name="uralsib">NULL</column>
            <column name="rshb">NULL</column>
        </table>
        <table name="bank">
            <column name="id">4745</column>
            <column name="twitid">498906304774440000</column>
            <column name="date">1407783506</column>
            <column name="name">nejrda</column>
            <column name="text">Потребительский кредитный калькулятор втб 24 http://t.co/x3XaVCzlQI</column>
            <column name="sberbank">NULL</column>
            <column name="vtb">0</column>
            <column name="gazprom">NULL</column>
            <column name="alfabank">NULL</column>
            <column name="bankmoskvy">NULL</column>
            <column name="raiffeisen">NULL</column>
            <column name="uralsib">NULL</column>
            <column name="rshb">NULL</column>
        </table>
        <table name="bank">
            <column name="id">4746</column>
            <column name="twitid">498906354036520000</column>
            <column name="date">1407783518</column>
            <column name="name">buruvuvari</column>
            <column name="text">Автокредит от альфа банка http://t.co/w124sdUNwa</column>
            <column name="sberbank">NULL</column>
            <column name="vtb">NULL</column>
            <column name="gazprom">NULL</column>
            <column name="alfabank">0</column>
            <column name="bankmoskvy">NULL</column>
            <column name="raiffeisen">NULL</column>
            <column name="uralsib">NULL</column>
            <column name="rshb">NULL</column>
        </table>
        <table name="bank">
            <column name="id">4747</column>
            <column name="twitid">498906969626140000</column>
            <column name="date">1407783665</column>
            <column name="name">bujequqy</column>
            <column name="text">Заявление анкета на кредит альфа банка http://t.co/OVK5Vbv6Gn</column>
            <column name="sberbank">NULL</column>
            <column name="vtb">NULL</column>
            <column name="gazprom">NULL</column>
            <column name="alfabank">0</column>
            <column name="bankmoskvy">NULL</column>
            <column name="raiffeisen">NULL</column>
            <column name="uralsib">NULL</column>
            <column name="rshb">NULL</column>
        </table>
        <table name="bank">
            <column name="id">4748</column>
            <column name="twitid">498909838274230000</column>
            <column name="date">1407784349</column>
            <column name="name">lynihinizow</column>
            <column name="text">Выдача кредитов альфа банком http://t.co/d8Q2xDgY7L</column>
            <column name="sberbank">NULL</column>
            <column name="vtb">NULL</column>
            <column name="gazprom">NULL</column>
            <column name="alfabank">0</column>
            <column name="bankmoskvy">NULL</column>
            <column name="raiffeisen">NULL</column>
            <column name="uralsib">NULL</column>
            <column name="rshb">NULL</column>
        </table>
        <table name="bank">
            <column name="id">4749</column>
            <column name="twitid">498912559601560000</column>
            <column name="date">1407784998</column>
            <column name="name">Ultima_An</column>
            <column name="text">RT @Nelli_Valerevna: @sberbank    Уважаемый сбербанк, хочется искренне пожелать научится нормально работать. и правильно, что против вас вв…</column>
            <column name="sberbank">-1</column>
            <column name="vtb">NULL</column>
            <column name="gazprom">NULL</column>
            <column name="alfabank">NULL</column>
            <column name="bankmoskvy">NULL</column>
            <column name="raiffeisen">NULL</column>
            <column name="uralsib">NULL</column>
            <column name="rshb">NULL</column>
        </table>
        <table name="bank">
            <column name="id">4750</column>
            <column name="twitid">498918093243290000</column>
            <column name="date">1407786317</column>
            <column name="name">YuJukova41</column>
            <column name="text">#RuFollowBack Герман Оскарович верните проценты! Хватит воровать у простого народа! Сбербанк в вашем исполнении наглый вор!</column>
            <column name="sberbank">-1</column>
            <column name="vtb">NULL</column>
            <column name="gazprom">NULL</column>
            <column name="alfabank">NULL</column>
            <column name="bankmoskvy">NULL</column>
            <column name="raiffeisen">NULL</column>
            <column name="uralsib">NULL</column>
            <column name="rshb">NULL</column>
        </table>
        <table name="bank">
            <column name="id">4751</column>
            <column name="twitid">498921503313100000</column>
            <column name="date">1407787130</column>
            <column name="name">RuRyabkoff</column>
            <column name="text">RT @NEpytin: Крым в составе РФ.Но тем не менее «Газпром»в Крым не идет,&quot;Роснефть&quot; в Крым не идет,РЖД в Крым не идут, Сбербанк не идет…И это…</column>
            <column name="sberbank">0</column>
            <column name="vtb">NULL</column>
            <column name="gazprom">NULL</column>
            <column name="alfabank">NULL</column>
            <column name="bankmoskvy">NULL</column>
            <column name="raiffeisen">NULL</column>
            <column name="uralsib">NULL</column>
            <column name="rshb">NULL</column>
        </table>
        <table name="bank">
            <column name="id">4752</column>
            <column name="twitid">498922123319340000</column>
            <column name="date">1407787278</column>
            <column name="name">gojoxocawez</column>
            <column name="text">RT @bazoluludem: ВТБ 24 прекратил прием консульских сборов за оформление виз США</column>
            <column name="sberbank">NULL</column>
            <column name="vtb">-1</column>
            <column name="gazprom">NULL</column>
            <column name="alfabank">NULL</column>
            <column name="bankmoskvy">NULL</column>
            <column name="raiffeisen">NULL</column>
            <column name="uralsib">NULL</column>
            <column name="rshb">NULL</column>
        </table>
        <table name="bank">
            <column name="id">4753</column>
            <column name="twitid">498925457522590000</column>
            <column name="date">1407788073</column>
            <column name="name">rivynubiqica</column>
            <column name="text">RT @xyliladulafu: Оплатить визу в США через ВТБ 24 теперь нельзя</column>
            <column name="sberbank">NULL</column>
            <column name="vtb">-1</column>
            <column name="gazprom">NULL</column>
            <column name="alfabank">NULL</column>
            <column name="bankmoskvy">NULL</column>
            <column name="raiffeisen">NULL</column>
            <column name="uralsib">NULL</column>
            <column name="rshb">NULL</column>
        </table>
        <table name="bank">
            <column name="id">4754</column>
            <column name="twitid">498927581497140000</column>
            <column name="date">1407788579</column>
            <column name="name">WerbenkoInc</column>
            <column name="text">@sunny_funny49 пытаюсь купить билет в Мадрид)) жду тебя, чтобы узнать, как лучше)) Райффайзеновская</column>
            <column name="sberbank">NULL</column>
            <column name="vtb">NULL</column>
            <column name="gazprom">NULL</column>
            <column name="alfabank">NULL</column>
            <column name="bankmoskvy">NULL</column>
            <column name="raiffeisen">0</column>
            <column name="uralsib">NULL</column>
            <column name="rshb">NULL</column>
        </table>
        <table name="bank">
            <column name="id">4755</column>
            <column name="twitid">498930525894360000</column>
            <column name="date">1407789281</column>
            <column name="name">KArhipova55</column>
            <column name="text">(Без учёта очереди - у нас был Тигр - и хождения в сбербанк для оплаты пошлины.)</column>
            <column name="sberbank">--</column>
            <column name="vtb">NULL</column>
            <column name="gazprom">NULL</column>
            <column name="alfabank">NULL</column>
            <column name="bankmoskvy">NULL</column>
            <column name="raiffeisen">NULL</column>
            <column name="uralsib">NULL</column>
            <column name="rshb">NULL</column>
        </table>
        <table name="bank">
            <column name="id">4756</column>
            <column name="twitid">498931923524520000</column>
            <column name="date">1407789614</column>
            <column name="name">vijynifamezy</column>
            <column name="text">RT @CMacaloren: выгодный кредит в россельхозбанке калькулятор http://t.co/8ZY5PXNM7W</column>
            <column name="sberbank">NULL</column>
            <column name="vtb">NULL</column>
            <column name="gazprom">NULL</column>
            <column name="alfabank">NULL</column>
            <column name="bankmoskvy">NULL</column>
            <column name="raiffeisen">NULL</column>
            <column name="uralsib">NULL</column>
            <column name="rshb">0</column>
        </table>
        <table name="bank">
            <column name="id">4757</column>
            <column name="twitid">498934316152270000</column>
            <column name="date">1407790185</column>
            <column name="name">mbreBiros</column>
            <column name="text">мобильный банк сбербанк инструкция баланс карты http://t.co/6FoRTzzACY #карты #инструкция</column>
            <column name="sberbank">0</column>
            <column name="vtb">NULL</column>
            <column name="gazprom">NULL</column>
            <column name="alfabank">NULL</column>
            <column name="bankmoskvy">NULL</column>
            <column name="raiffeisen">NULL</column>
            <column name="uralsib">NULL</column>
            <column name="rshb">NULL</column>
        </table>
        <table name="bank">
            <column name="id">4758</column>
            <column name="twitid">498936387123430000</column>
            <column name="date">1407790679</column>
            <column name="name">llySwartzf</column>
            <column name="text">бланк доверенности в сбербанк на получение документов http://t.co/wY6AUyGXHG #бланк #доверенности</column>
            <column name="sberbank">0</column>
            <column name="vtb">NULL</column>
            <column name="gazprom">NULL</column>
            <column name="alfabank">NULL</column>
            <column name="bankmoskvy">NULL</column>
            <column name="raiffeisen">NULL</column>
            <column name="uralsib">NULL</column>
            <column name="rshb">NULL</column>
        </table>
        <table name="bank">
            <column name="id">4759</column>
            <column name="twitid">498942528511840000</column>
            <column name="date">1407792143</column>
            <column name="name">Angelina_Storan</column>
            <column name="text">Поволжский Сбербанк намерен получить в собственность многоэтажку на площади Урицкого</column>
            <column name="sberbank">0</column>
            <column name="vtb">NULL</column>
            <column name="gazprom">NULL</column>
            <column name="alfabank">NULL</column>
            <column name="bankmoskvy">NULL</column>
            <column name="raiffeisen">NULL</column>
            <column name="uralsib">NULL</column>
            <column name="rshb">NULL</column>
        </table>
        <table name="bank">
            <column name="id">4760</column>
            <column name="twitid">498946346830010000</column>
            <column name="date">1407793053</column>
            <column name="name">Ruusik</column>
            <column name="text">Смотрю недвижимость. Дом стоит 67 млн $, @sberbank предлагает ипотеку 400 тысяч рублей в месяц на 30 лет. Заботливый</column>
            <column name="sberbank">0</column>
            <column name="vtb">NULL</column>
            <column name="gazprom">NULL</column>
            <column name="alfabank">NULL</column>
            <column name="bankmoskvy">NULL</column>
            <column name="raiffeisen">NULL</column>
            <column name="uralsib">NULL</column>
            <column name="rshb">NULL</column>
        </table>
        <table name="bank">
            <column name="id">4761</column>
            <column name="twitid">498951795494770000</column>
            <column name="date">1407794352</column>
            <column name="name">yarik_fastpath</column>
            <column name="text">В июле Россельхозбанк собрал урожай плохих долгов http://t.co/ET2Ij7xzzr</column>
            <column name="sberbank">NULL</column>
            <column name="vtb">NULL</column>
            <column name="gazprom">NULL</column>
            <column name="alfabank">NULL</column>
            <column name="bankmoskvy">NULL</column>
            <column name="raiffeisen">NULL</column>
            <column name="uralsib">NULL</column>
            <column name="rshb">-1</column>
        </table>
        <table name="bank">
            <column name="id">4762</column>
            <column name="twitid">498952318943900000</column>
            <column name="date">1407794477</column>
            <column name="name">freightcap</column>
            <column name="text">Vedomosti.ru: В июле Россельхозбанк собрал урожай плохих долгов: Просроченная задолженность банка росла рекорд... http://t.co/WjCkUlLd4N</column>
            <column name="sberbank">NULL</column>
            <column name="vtb">NULL</column>
            <column name="gazprom">NULL</column>
            <column name="alfabank">NULL</column>
            <column name="bankmoskvy">NULL</column>
            <column name="raiffeisen">NULL</column>
            <column name="uralsib">NULL</column>
            <column name="rshb">-1</column>
        </table>
        <table name="bank">
            <column name="id">4763</column>
            <column name="twitid">498954919052070000</column>
            <column name="date">1407795097</column>
            <column name="name">DaryaDashulya14</column>
            <column name="text">В июле Россельхозбанк собрал урожай плохих долгов</column>
            <column name="sberbank">NULL</column>
            <column name="vtb">NULL</column>
            <column name="gazprom">NULL</column>
            <column name="alfabank">NULL</column>
            <column name="bankmoskvy">NULL</column>
            <column name="raiffeisen">NULL</column>
            <column name="uralsib">NULL</column>
            <column name="rshb">-1</column>
        </table>
        <table name="bank">
            <column name="id">4764</column>
            <column name="twitid">498955940150800000</column>
            <column name="date">1407795340</column>
            <column name="name">OlegIvan77</column>
            <column name="text">Финансы  В июле Россельхозбанк собрал урожай плохих долгов: Просроченная задолженность банка росла рекордными темпами до рекордных уровней</column>
            <column name="sberbank">NULL</column>
            <column name="vtb">NULL</column>
            <column name="gazprom">NULL</column>
            <column name="alfabank">NULL</column>
            <column name="bankmoskvy">NULL</column>
            <column name="raiffeisen">NULL</column>
            <column name="uralsib">NULL</column>
            <column name="rshb">-1</column>
        </table>
        <table name="bank">
            <column name="id">4765</column>
            <column name="twitid">498956107877190000</column>
            <column name="date">1407795380</column>
            <column name="name">kywacipiguq</column>
            <column name="text">RT @axatosgro: втб 24 мурманск кредиты http://t.co/RdhpMaWVnK</column>
            <column name="sberbank">NULL</column>
            <column name="vtb">0</column>
            <column name="gazprom">NULL</column>
            <column name="alfabank">NULL</column>
            <column name="bankmoskvy">NULL</column>
            <column name="raiffeisen">NULL</column>
            <column name="uralsib">NULL</column>
            <column name="rshb">NULL</column>
        </table>
        <table name="bank">
            <column name="id">4766</column>
            <column name="twitid">498959878007060000</column>
            <column name="date">1407796279</column>
            <column name="name">KMarkova43</column>
            <column name="text">Банк ВТБ 24 прекратил прием консульских сборов за оформление виз США. 

«Решение об отказе от сотрудничества принято компанией CGI Group In</column>
            <column name="sberbank">NULL</column>
            <column name="vtb">-1</column>
            <column name="gazprom">NULL</column>
            <column name="alfabank">NULL</column>
            <column name="bankmoskvy">NULL</column>
            <column name="raiffeisen">NULL</column>
            <column name="uralsib">NULL</column>
            <column name="rshb">NULL</column>
        </table>
        <table name="bank">
            <column name="id">4767</column>
            <column name="twitid">498973177285200000</column>
            <column name="date">1407799450</column>
            <column name="name">cysuvequxemy</column>
            <column name="text">RT @qipygucagek: банк москвы краснодар автокредит http://t.co/qALV4jcjO9</column>
            <column name="sberbank">NULL</column>
            <column name="vtb">NULL</column>
            <column name="gazprom">NULL</column>
            <column name="alfabank">NULL</column>
            <column name="bankmoskvy">0</column>
            <column name="raiffeisen">NULL</column>
            <column name="uralsib">NULL</column>
            <column name="rshb">NULL</column>
        </table>
        <table name="bank">
            <column name="id">4768</column>
            <column name="twitid">498975503081300000</column>
            <column name="date">1407800005</column>
            <column name="name">jutamuryladi</column>
            <column name="text">RT @pogejylyfic: втб 24 саратов кредитный калькулятор физическим лицам http://t.co/oJiUh0bYfg</column>
            <column name="sberbank">NULL</column>
            <column name="vtb">0</column>
            <column name="gazprom">NULL</column>
            <column name="alfabank">NULL</column>
            <column name="bankmoskvy">NULL</column>
            <column name="raiffeisen">NULL</column>
            <column name="uralsib">NULL</column>
            <column name="rshb">NULL</column>
        </table>
        <table name="bank">
            <column name="id">4769</column>
            <column name="twitid">498976210857530000</column>
            <column name="date">1407800173</column>
            <column name="name">fenSwanne</column>
            <column name="text">RT @muhonosesigawe: банк уралсиб бизнес доверие кредит для бизнеса http://t.co/TM6IOd3cbF</column>
            <column name="sberbank">NULL</column>
            <column name="vtb">NULL</column>
            <column name="gazprom">NULL</column>
            <column name="alfabank">NULL</column>
            <column name="bankmoskvy">NULL</column>
            <column name="raiffeisen">NULL</column>
            <column name="uralsib">0</column>
            <column name="rshb">NULL</column>
        </table>
        <table name="bank">
            <column name="id">4770</column>
            <column name="twitid">498977289238230000</column>
            <column name="date">1407800431</column>
            <column name="name">digyrovodaja</column>
            <column name="text">RT @jecamejebag: банк уралсиб уфа кредит http://t.co/Cya46eQTua</column>
            <column name="sberbank">NULL</column>
            <column name="vtb">NULL</column>
            <column name="gazprom">NULL</column>
            <column name="alfabank">NULL</column>
            <column name="bankmoskvy">NULL</column>
            <column name="raiffeisen">NULL</column>
            <column name="uralsib">0</column>
            <column name="rshb">NULL</column>
        </table>
        <table name="bank">
            <column name="id">4771</column>
            <column name="twitid">498979480581720000</column>
            <column name="date">1407800953</column>
            <column name="name">sahatoqidel</column>
            <column name="text">RT @vuvyfydumed: ВТБ 24 перестал принимать консульский сбор за визу США</column>
            <column name="sberbank">NULL</column>
            <column name="vtb">-1</column>
            <column name="gazprom">NULL</column>
            <column name="alfabank">NULL</column>
            <column name="bankmoskvy">NULL</column>
            <column name="raiffeisen">NULL</column>
            <column name="uralsib">NULL</column>
            <column name="rshb">NULL</column>
        </table>
        <table name="bank">
            <column name="id">4772</column>
            <column name="twitid">498979508876510000</column>
            <column name="date">1407800960</column>
            <column name="name">zopyhamevem</column>
            <column name="text">RT @xerakowecoj: втб 24 кредит наличными калькулятор яндекс http://t.co/mTsRbBJOzf</column>
            <column name="sberbank">NULL</column>
            <column name="vtb">0</column>
            <column name="gazprom">NULL</column>
            <column name="alfabank">NULL</column>
            <column name="bankmoskvy">NULL</column>
            <column name="raiffeisen">NULL</column>
            <column name="uralsib">NULL</column>
            <column name="rshb">NULL</column>
        </table>
        <table name="bank">
            <column name="id">4773</column>
            <column name="twitid">498980781558350000</column>
            <column name="date">1407801263</column>
            <column name="name">zasosenicuxy</column>
            <column name="text">RT @sakabevehen: банк уралсиб санкт петербург ипотека http://t.co/vVPwVORqZy</column>
            <column name="sberbank">NULL</column>
            <column name="vtb">NULL</column>
            <column name="gazprom">NULL</column>
            <column name="alfabank">NULL</column>
            <column name="bankmoskvy">NULL</column>
            <column name="raiffeisen">NULL</column>
            <column name="uralsib">0</column>
            <column name="rshb">NULL</column>
        </table>
        <table name="bank">
            <column name="id">4774</column>
            <column name="twitid">498984623188480000</column>
            <column name="date">1407802179</column>
            <column name="name">tiaqsipee</column>
            <column name="text">http://t.co/ACaUmRH2sH как закрывать кредит в альфа банке</column>
            <column name="sberbank">NULL</column>
            <column name="vtb">NULL</column>
            <column name="gazprom">NULL</column>
            <column name="alfabank">0</column>
            <column name="bankmoskvy">NULL</column>
            <column name="raiffeisen">NULL</column>
            <column name="uralsib">NULL</column>
            <column name="rshb">NULL</column>
        </table>
        <table name="bank">
            <column name="id">4775</column>
            <column name="twitid">498985707990310000</column>
            <column name="date">1407802438</column>
            <column name="name">bydyludigyn</column>
            <column name="text">RT @tebygonirago: FTSE может исключить из индексов Сбербанк и ВТБ</column>
            <column name="sberbank">-1</column>
            <column name="vtb">-1</column>
            <column name="gazprom">NULL</column>
            <column name="alfabank">NULL</column>
            <column name="bankmoskvy">NULL</column>
            <column name="raiffeisen">NULL</column>
            <column name="uralsib">NULL</column>
            <column name="rshb">NULL</column>
        </table>
        <table name="bank">
            <column name="id">4776</column>
            <column name="twitid">498986307939750000</column>
            <column name="date">1407802581</column>
            <column name="name">niscastketkeipo</column>
            <column name="text">http://t.co/yWbXTUU0Zi газпромбанк в омске кредиты</column>
            <column name="sberbank">NULL</column>
            <column name="vtb">NULL</column>
            <column name="gazprom">0</column>
            <column name="alfabank">NULL</column>
            <column name="bankmoskvy">NULL</column>
            <column name="raiffeisen">NULL</column>
            <column name="uralsib">NULL</column>
            <column name="rshb">NULL</column>
        </table>
        <table name="bank">
            <column name="id">4777</column>
            <column name="twitid">498987760011970000</column>
            <column name="date">1407802927</column>
            <column name="name">OMakarova17</column>
            <column name="text">В июле Россельхозбанк собрал урожай плохих долгов. Просроченная задолженность по корпоративным кредитам у Россельхозбанка (РСХБ) на 1 авгус</column>
            <column name="sberbank">NULL</column>
            <column name="vtb">NULL</column>
            <column name="gazprom">NULL</column>
            <column name="alfabank">NULL</column>
            <column name="bankmoskvy">NULL</column>
            <column name="raiffeisen">NULL</column>
            <column name="uralsib">NULL</column>
            <column name="rshb">-1</column>
        </table>
        <table name="bank">
            <column name="id">4778</column>
            <column name="twitid">498988281573680000</column>
            <column name="date">1407803051</column>
            <column name="name">cuxadufubisu</column>
            <column name="text">RT @ekoffsmor: взять кредит уралсиб банк екатеринбург http://t.co/B3wKYw6s1t</column>
            <column name="sberbank">NULL</column>
            <column name="vtb">NULL</column>
            <column name="gazprom">NULL</column>
            <column name="alfabank">NULL</column>
            <column name="bankmoskvy">NULL</column>
            <column name="raiffeisen">NULL</column>
            <column name="uralsib">0</column>
            <column name="rshb">NULL</column>
        </table>
        <table name="bank">
            <column name="id">4779</column>
            <column name="twitid">498990073225180000</column>
            <column name="date">1407803478</column>
            <column name="name">NShvetz54</column>
            <column name="text">Перевела на Сбер и сделаю репост! Удачи Вам! Вы молодцы!</column>
            <column name="sberbank">--</column>
            <column name="vtb">NULL</column>
            <column name="gazprom">NULL</column>
            <column name="alfabank">NULL</column>
            <column name="bankmoskvy">NULL</column>
            <column name="raiffeisen">NULL</column>
            <column name="uralsib">NULL</column>
            <column name="rshb">NULL</column>
        </table>
        <table name="bank">
            <column name="id">4780</column>
            <column name="twitid">498991001453990000</column>
            <column name="date">1407803700</column>
            <column name="name">venterdesces198</column>
            <column name="text">Введение ограничений на импорт в РФ ряда товаров обусловлено в том числе санкциями против Россельхозбанка, что затрудняет финансирование се</column>
            <column name="sberbank">NULL</column>
            <column name="vtb">NULL</column>
            <column name="gazprom">NULL</column>
            <column name="alfabank">NULL</column>
            <column name="bankmoskvy">NULL</column>
            <column name="raiffeisen">NULL</column>
            <column name="uralsib">NULL</column>
            <column name="rshb">-1</column>
        </table>
        <table name="bank">
            <column name="id">4781</column>
            <column name="twitid">498992744002760000</column>
            <column name="date">1407804115</column>
            <column name="name">jochem_1986</column>
            <column name="text">Россельхозбанк стал победителем конкурса «Лучшие товары и услуги малого бизнеса города Йошкар-Олы»</column>
            <column name="sberbank">NULL</column>
            <column name="vtb">NULL</column>
            <column name="gazprom">NULL</column>
            <column name="alfabank">NULL</column>
            <column name="bankmoskvy">NULL</column>
            <column name="raiffeisen">NULL</column>
            <column name="uralsib">NULL</column>
            <column name="rshb">1</column>
        </table>
        <table name="bank">
            <column name="id">4782</column>
            <column name="twitid">498993017068330000</column>
            <column name="date">1407804180</column>
            <column name="name">vucimiteluc</column>
            <column name="text">RT @hozafevedygu: Сбербанк в Нижегородской области с начала 2014 года выдал более 600 кредитов ведущим личное подсобное хозяйство физлицам …</column>
            <column name="sberbank">0</column>
            <column name="vtb">NULL</column>
            <column name="gazprom">NULL</column>
            <column name="alfabank">NULL</column>
            <column name="bankmoskvy">NULL</column>
            <column name="raiffeisen">NULL</column>
            <column name="uralsib">NULL</column>
            <column name="rshb">NULL</column>
        </table>
        <table name="bank">
            <column name="id">4783</column>
            <column name="twitid">498995915076930000</column>
            <column name="date">1407804871</column>
            <column name="name">loyrusetesli</column>
            <column name="text">http://t.co/oiRQOC6Xks сбербанк пермь кредит</column>
            <column name="sberbank">0</column>
            <column name="vtb">NULL</column>
            <column name="gazprom">NULL</column>
            <column name="alfabank">NULL</column>
            <column name="bankmoskvy">NULL</column>
            <column name="raiffeisen">NULL</column>
            <column name="uralsib">NULL</column>
            <column name="rshb">NULL</column>
        </table>
        <table name="bank">
            <column name="id">4784</column>
            <column name="twitid">498999585025840000</column>
            <column name="date">1407805746</column>
            <column name="name">bilahotoxyv</column>
            <column name="text">RT @vaculaxulihy: втб 24 красноярск кредиты http://t.co/iZhPkg8WGM</column>
            <column name="sberbank">NULL</column>
            <column name="vtb">0</column>
            <column name="gazprom">NULL</column>
            <column name="alfabank">NULL</column>
            <column name="bankmoskvy">NULL</column>
            <column name="raiffeisen">NULL</column>
            <column name="uralsib">NULL</column>
            <column name="rshb">NULL</column>
        </table>
        <table name="bank">
            <column name="id">4785</column>
            <column name="twitid">499001975988840000</column>
            <column name="date">1407806316</column>
            <column name="name">pudegubotesy</column>
            <column name="text">RT @xewokegihala: альфа банк пермь потребительский кредит процентная ставка http://t.co/a8me8YtcOH</column>
            <column name="sberbank">NULL</column>
            <column name="vtb">NULL</column>
            <column name="gazprom">NULL</column>
            <column name="alfabank">0</column>
            <column name="bankmoskvy">NULL</column>
            <column name="raiffeisen">NULL</column>
            <column name="uralsib">NULL</column>
            <column name="rshb">NULL</column>
        </table>
        <table name="bank">
            <column name="id">4786</column>
            <column name="twitid">499004683579440000</column>
            <column name="date">1407806962</column>
            <column name="name">ypurerockx</column>
            <column name="text">бланк квитанции на оплату сбербанк http://t.co/2ZEpY4ylpY #сбербанк #оплату</column>
            <column name="sberbank">0</column>
            <column name="vtb">NULL</column>
            <column name="gazprom">NULL</column>
            <column name="alfabank">NULL</column>
            <column name="bankmoskvy">NULL</column>
            <column name="raiffeisen">NULL</column>
            <column name="uralsib">NULL</column>
            <column name="rshb">NULL</column>
        </table>
        <table name="bank">
            <column name="id">4787</column>
            <column name="twitid">499004813204800000</column>
            <column name="date">1407806993</column>
            <column name="name">gibbokiltida</column>
            <column name="text">http://t.co/JVjqxJqiFb альфа банк досрочное погашение кредита</column>
            <column name="sberbank">NULL</column>
            <column name="vtb">NULL</column>
            <column name="gazprom">NULL</column>
            <column name="alfabank">0</column>
            <column name="bankmoskvy">NULL</column>
            <column name="raiffeisen">NULL</column>
            <column name="uralsib">NULL</column>
            <column name="rshb">NULL</column>
        </table>
        <table name="bank">
            <column name="id">4788</column>
            <column name="twitid">499008396163820000</column>
            <column name="date">1407807847</column>
            <column name="name">tiaqsipee</column>
            <column name="text">http://t.co/KNHzPmlNxM сбербанк остаток по кредиту</column>
            <column name="sberbank">0</column>
            <column name="vtb">NULL</column>
            <column name="gazprom">NULL</column>
            <column name="alfabank">NULL</column>
            <column name="bankmoskvy">NULL</column>
            <column name="raiffeisen">NULL</column>
            <column name="uralsib">NULL</column>
            <column name="rshb">NULL</column>
        </table>
        <table name="bank">
            <column name="id">4789</column>
            <column name="twitid">499009945720090000</column>
            <column name="date">1407808216</column>
            <column name="name">nacyhisyguv</column>
            <column name="text">RT @vepexadinumu: анкета на потребительский кредит без поручителя в втб 24 москва</column>
            <column name="sberbank">NULL</column>
            <column name="vtb">0</column>
            <column name="gazprom">NULL</column>
            <column name="alfabank">NULL</column>
            <column name="bankmoskvy">NULL</column>
            <column name="raiffeisen">NULL</column>
            <column name="uralsib">NULL</column>
            <column name="rshb">NULL</column>
        </table>
        <table name="bank">
            <column name="id">4790</column>
            <column name="twitid">499010125857030000</column>
            <column name="date">1407808259</column>
            <column name="name">followZik</column>
            <column name="text">@tatiana_ykt алмаз можно снять любую сумму, а. Сбер только определенную</column>
            <column name="sberbank">0</column>
            <column name="vtb">NULL</column>
            <column name="gazprom">NULL</column>
            <column name="alfabank">NULL</column>
            <column name="bankmoskvy">NULL</column>
            <column name="raiffeisen">NULL</column>
            <column name="uralsib">NULL</column>
            <column name="rshb">NULL</column>
        </table>
        <table name="bank">
            <column name="id">4791</column>
            <column name="twitid">499011440599370000</column>
            <column name="date">1407808573</column>
            <column name="name">zytegemohot</column>
            <column name="text">RT @dehecowusuz: банк втб 24 кредиты уссурийск ипотека 12 12 12 http://t.co/gHD096WMm7</column>
            <column name="sberbank">NULL</column>
            <column name="vtb">0</column>
            <column name="gazprom">NULL</column>
            <column name="alfabank">NULL</column>
            <column name="bankmoskvy">NULL</column>
            <column name="raiffeisen">NULL</column>
            <column name="uralsib">NULL</column>
            <column name="rshb">NULL</column>
        </table>
        <table name="bank">
            <column name="id">4792</column>
            <column name="twitid">499012514236350000</column>
            <column name="date">1407808829</column>
            <column name="name">umuhocma</column>
            <column name="text">RT @vysapasizil: анкета на потребительский кредит райффайзенбанк аваль http://t.co/dK9lmkJqo7</column>
            <column name="sberbank">NULL</column>
            <column name="vtb">NULL</column>
            <column name="gazprom">NULL</column>
            <column name="alfabank">NULL</column>
            <column name="bankmoskvy">NULL</column>
            <column name="raiffeisen">0</column>
            <column name="uralsib">NULL</column>
            <column name="rshb">NULL</column>
        </table>
        <table name="bank">
            <column name="id">4793</column>
            <column name="twitid">499013154333270000</column>
            <column name="date">1407808981</column>
            <column name="name">senthalHu</column>
            <column name="text">http://t.co/ANUdhNnqnY автокредит уралсиб банк калькулятор</column>
            <column name="sberbank">NULL</column>
            <column name="vtb">NULL</column>
            <column name="gazprom">NULL</column>
            <column name="alfabank">NULL</column>
            <column name="bankmoskvy">NULL</column>
            <column name="raiffeisen">NULL</column>
            <column name="uralsib">0</column>
            <column name="rshb">NULL</column>
        </table>
        <table name="bank">
            <column name="id">4794</column>
            <column name="twitid">499014441623900000</column>
            <column name="date">1407809288</column>
            <column name="name">vobysygunev</column>
            <column name="text">RT @hyfafanupad: альфа банк общие условия кредитования физических лиц http://t.co/6Tlba8tm9Q</column>
            <column name="sberbank">NULL</column>
            <column name="vtb">NULL</column>
            <column name="gazprom">NULL</column>
            <column name="alfabank">0</column>
            <column name="bankmoskvy">NULL</column>
            <column name="raiffeisen">NULL</column>
            <column name="uralsib">NULL</column>
            <column name="rshb">NULL</column>
        </table>
        <table name="bank">
            <column name="id">4795</column>
            <column name="twitid">499015978777190000</column>
            <column name="date">1407809655</column>
            <column name="name">sibbanks</column>
            <column name="text">События предстоящей недели: показатели ВВП за 2к14 и данные о размере ИПЦ за июль http://t.co/v66UOSSsov #втб #ввп #ипц #банки</column>
            <column name="sberbank">NULL</column>
            <column name="vtb">0</column>
            <column name="gazprom">NULL</column>
            <column name="alfabank">NULL</column>
            <column name="bankmoskvy">NULL</column>
            <column name="raiffeisen">NULL</column>
            <column name="uralsib">NULL</column>
            <column name="rshb">NULL</column>
        </table>
        <table name="bank">
            <column name="id">4796</column>
            <column name="twitid">499017496620300000</column>
            <column name="date">1407810017</column>
            <column name="name">danilceva_a</column>
            <column name="text">RT @a_betaa8: сбербанк адмиралтейский район http://t.co/heKTeJnCv1</column>
            <column name="sberbank">0</column>
            <column name="vtb">NULL</column>
            <column name="gazprom">NULL</column>
            <column name="alfabank">NULL</column>
            <column name="bankmoskvy">NULL</column>
            <column name="raiffeisen">NULL</column>
            <column name="uralsib">NULL</column>
            <column name="rshb">NULL</column>
        </table>
        <table name="bank">
            <column name="id">4797</column>
            <column name="twitid">499019540597320000</column>
            <column name="date">1407810504</column>
            <column name="name">rmainNordq</column>
            <column name="text">RT @vrcaa7faqe: втб 24 воскресенье спб http://t.co/Kv6hPlJ0PS</column>
            <column name="sberbank">NULL</column>
            <column name="vtb">0</column>
            <column name="gazprom">NULL</column>
            <column name="alfabank">NULL</column>
            <column name="bankmoskvy">NULL</column>
            <column name="raiffeisen">NULL</column>
            <column name="uralsib">NULL</column>
            <column name="rshb">NULL</column>
        </table>
        <table name="bank">
            <column name="id">4798</column>
            <column name="twitid">499023599278510000</column>
            <column name="date">1407811472</column>
            <column name="name">johuhonihar</column>
            <column name="text">RT @mykyvybogyme: как оформить кредит в россельхозбанке рассчитать http://t.co/QlhgWgh2Hf</column>
            <column name="sberbank">NULL</column>
            <column name="vtb">NULL</column>
            <column name="gazprom">NULL</column>
            <column name="alfabank">NULL</column>
            <column name="bankmoskvy">NULL</column>
            <column name="raiffeisen">NULL</column>
            <column name="uralsib">NULL</column>
            <column name="rshb">0</column>
        </table>
        <table name="bank">
            <column name="id">4799</column>
            <column name="twitid">499023868800270000</column>
            <column name="date">1407811536</column>
            <column name="name">BethMattheakis</column>
            <column name="text">RT @okwonomwit: взять кредит на авто в втб 24 ярославль http://t.co/xsZ1c3BmKb</column>
            <column name="sberbank">NULL</column>
            <column name="vtb">0</column>
            <column name="gazprom">NULL</column>
            <column name="alfabank">NULL</column>
            <column name="bankmoskvy">NULL</column>
            <column name="raiffeisen">NULL</column>
            <column name="uralsib">NULL</column>
            <column name="rshb">NULL</column>
        </table>
        <table name="bank">
            <column name="id">4800</column>
            <column name="twitid">499024259642320000</column>
            <column name="date">1407811629</column>
            <column name="name">niscastketkeipo</column>
            <column name="text">http://t.co/Z0mfMHY7mt сбербанк отделение ипотечного кредитования</column>
            <column name="sberbank">0</column>
            <column name="vtb">NULL</column>
            <column name="gazprom">NULL</column>
            <column name="alfabank">NULL</column>
            <column name="bankmoskvy">NULL</column>
            <column name="raiffeisen">NULL</column>
            <column name="uralsib">NULL</column>
            <column name="rshb">NULL</column>
        </table>
    </database>
</pma_xml_export>