<?xml version="1.0" encoding="utf-8"?>
<!--
- phpMyAdmin XML Dump
- version 4.0.4.1
- http://www.phpmyadmin.net
-
- Хост: localhost
- Время создания: Окт 28 2014 г., 09:04
- Версия сервера: 5.6.12
- Версия PHP: 5.5.3
-->

<pma_xml_export version="1.0" xmlns:pma="http://www.phpmyadmin.net/some_doc_url/">
    <!--
    - Structure schemas
    -->
    <pma:structure_schemas>
        <pma:database name="Romip" collation="utf8_general_ci" charset="utf8">
            <pma:table name="bank">
                CREATE TABLE `bank` (
                  `id` int(11) NOT NULL AUTO_INCREMENT,
                  `twitid` bigint(32) NOT NULL DEFAULT '0',
                  `date` varchar(128) DEFAULT NULL,
                  `name` varchar(128) DEFAULT NULL,
                  `text` varchar(256) DEFAULT NULL,
                  `sberbank` int(11) DEFAULT NULL,
                  `vtb` int(11) DEFAULT NULL,
                  `gazprom` int(11) DEFAULT NULL,
                  `alfabank` int(11) DEFAULT NULL,
                  `bankmoskvy` int(11) DEFAULT NULL,
                  `raiffeisen` int(11) DEFAULT NULL,
                  `uralsib` int(11) DEFAULT NULL,
                  `rshb` int(11) DEFAULT NULL,
                  PRIMARY KEY (`id`),
                  UNIQUE KEY `id` (`twitid`)
                ) ENGINE=InnoDB AUTO_INCREMENT=7924 DEFAULT CHARSET=utf8;
            </pma:table>
        </pma:database>
    </pma:structure_schemas>

    <!--
    - База данных: 'Romip'
    -->
    <database name="Romip">
        <!-- Таблица bank -->
        <table name="bank">
            <column name="id">3501</column>
            <column name="twitid">497683028710130000</column>
            <column name="date">1407491855</column>
            <column name="name">tzigaduz</column>
            <column name="text">Банк Москвы продаст белорусскую &quot;дочку&quot;</column>
            <column name="sberbank">NULL</column>
            <column name="vtb">NULL</column>
            <column name="gazprom">NULL</column>
            <column name="alfabank">NULL</column>
            <column name="bankmoskvy">0</column>
            <column name="raiffeisen">NULL</column>
            <column name="uralsib">NULL</column>
            <column name="rshb">NULL</column>
        </table>
        <table name="bank">
            <column name="id">3502</column>
            <column name="twitid">497685972801560000</column>
            <column name="date">1407492557</column>
            <column name="name">ejymalirg</column>
            <column name="text">банк москвы новосибирск кредитная карта http://t.co/Rj3Sj2WQUP</column>
            <column name="sberbank">NULL</column>
            <column name="vtb">NULL</column>
            <column name="gazprom">NULL</column>
            <column name="alfabank">NULL</column>
            <column name="bankmoskvy">0</column>
            <column name="raiffeisen">NULL</column>
            <column name="uralsib">NULL</column>
            <column name="rshb">NULL</column>
        </table>
        <table name="bank">
            <column name="id">3503</column>
            <column name="twitid">497686326888910000</column>
            <column name="date">1407492641</column>
            <column name="name">Ht_nws</column>
            <column name="text">#новости Банк Москвы решил продать белорусскую «дочку» - Совет директоров Банка Москвы решил выйти из капитала своей белорусской...</column>
            <column name="sberbank">NULL</column>
            <column name="vtb">NULL</column>
            <column name="gazprom">NULL</column>
            <column name="alfabank">NULL</column>
            <column name="bankmoskvy">0</column>
            <column name="raiffeisen">NULL</column>
            <column name="uralsib">NULL</column>
            <column name="rshb">NULL</column>
        </table>
        <table name="bank">
            <column name="id">3504</column>
            <column name="twitid">497686693613290000</column>
            <column name="date">1407492728</column>
            <column name="name">MiaKempton1</column>
            <column name="text">Банк Москвы продает белорусскую «дочку»</column>
            <column name="sberbank">NULL</column>
            <column name="vtb">NULL</column>
            <column name="gazprom">NULL</column>
            <column name="alfabank">NULL</column>
            <column name="bankmoskvy">0</column>
            <column name="raiffeisen">NULL</column>
            <column name="uralsib">NULL</column>
            <column name="rshb">NULL</column>
        </table>
        <table name="bank">
            <column name="id">3505</column>
            <column name="twitid">497686827185090000</column>
            <column name="date">1407492760</column>
            <column name="name">vjobivai</column>
            <column name="text">#бизнес Банк Москвы продаст белорусскую &quot;дочку&quot;: Банк Москвы продает белорусский дочерний банк &quot;Банк Москва-Ми... http://t.co/aMn95As7pT</column>
            <column name="sberbank">NULL</column>
            <column name="vtb">NULL</column>
            <column name="gazprom">NULL</column>
            <column name="alfabank">NULL</column>
            <column name="bankmoskvy">0</column>
            <column name="raiffeisen">NULL</column>
            <column name="uralsib">NULL</column>
            <column name="rshb">NULL</column>
        </table>
        <table name="bank">
            <column name="id">3506</column>
            <column name="twitid">497686869598290000</column>
            <column name="date">1407492770</column>
            <column name="name">seXyg1rla</column>
            <column name="text">Банк Москвы решил продать белорусскую «дочку» http://t.co/wEACWi7sE0 #InstantFollow #AutoFollowBack #IFollowBack #InstantFollowBack</column>
            <column name="sberbank">NULL</column>
            <column name="vtb">NULL</column>
            <column name="gazprom">NULL</column>
            <column name="alfabank">NULL</column>
            <column name="bankmoskvy">0</column>
            <column name="raiffeisen">NULL</column>
            <column name="uralsib">NULL</column>
            <column name="rshb">NULL</column>
        </table>
        <table name="bank">
            <column name="id">3507</column>
            <column name="twitid">497686912547570000</column>
            <column name="date">1407492781</column>
            <column name="name">vputi265i</column>
            <column name="text">Банк Москвы решил продать белорусскую «дочку»: Совет директоров Банка Москвы решил выйти из капитала своей бел... http://t.co/ZkYHRuTUDx</column>
            <column name="sberbank">NULL</column>
            <column name="vtb">NULL</column>
            <column name="gazprom">NULL</column>
            <column name="alfabank">NULL</column>
            <column name="bankmoskvy">0</column>
            <column name="raiffeisen">NULL</column>
            <column name="uralsib">NULL</column>
            <column name="rshb">NULL</column>
        </table>
        <table name="bank">
            <column name="id">3508</column>
            <column name="twitid">497686959339220000</column>
            <column name="date">1407492792</column>
            <column name="name">EliseAtkins11</column>
            <column name="text">Банк Москвы продает белорусскую &quot;дочку&quot;</column>
            <column name="sberbank">NULL</column>
            <column name="vtb">NULL</column>
            <column name="gazprom">NULL</column>
            <column name="alfabank">NULL</column>
            <column name="bankmoskvy">0</column>
            <column name="raiffeisen">NULL</column>
            <column name="uralsib">NULL</column>
            <column name="rshb">NULL</column>
        </table>
        <table name="bank">
            <column name="id">3509</column>
            <column name="twitid">497687935659950000</column>
            <column name="date">1407493025</column>
            <column name="name">NewsDre</column>
            <column name="text">Банк Москвы решил продать белорусскую «дочку»  #followback #follow</column>
            <column name="sberbank">NULL</column>
            <column name="vtb">NULL</column>
            <column name="gazprom">NULL</column>
            <column name="alfabank">NULL</column>
            <column name="bankmoskvy">0</column>
            <column name="raiffeisen">NULL</column>
            <column name="uralsib">NULL</column>
            <column name="rshb">NULL</column>
        </table>
        <table name="bank">
            <column name="id">3510</column>
            <column name="twitid">497687936356200000</column>
            <column name="date">1407493025</column>
            <column name="name">Sobytiya_</column>
            <column name="text">Банк Москвы решил продать белорусскую «дочку»  ...</column>
            <column name="sberbank">NULL</column>
            <column name="vtb">NULL</column>
            <column name="gazprom">NULL</column>
            <column name="alfabank">NULL</column>
            <column name="bankmoskvy">0</column>
            <column name="raiffeisen">NULL</column>
            <column name="uralsib">NULL</column>
            <column name="rshb">NULL</column>
        </table>
        <table name="bank">
            <column name="id">3511</column>
            <column name="twitid">497688533684220000</column>
            <column name="date">1407493167</column>
            <column name="name">Ivenergo</column>
            <column name="text">RT @mrskcentre: &quot;Россети&quot; будут развивать сотрудничество с &quot;Россельхозбанком&quot; и &quot;Ростехом&quot; http://t.co/Q2mWo7fatE</column>
            <column name="sberbank">NULL</column>
            <column name="vtb">NULL</column>
            <column name="gazprom">NULL</column>
            <column name="alfabank">NULL</column>
            <column name="bankmoskvy">NULL</column>
            <column name="raiffeisen">NULL</column>
            <column name="uralsib">NULL</column>
            <column name="rshb">0</column>
        </table>
        <table name="bank">
            <column name="id">3512</column>
            <column name="twitid">497688856737890000</column>
            <column name="date">1407493244</column>
            <column name="name">PLUSworld_ru</column>
            <column name="text">Банк Москвы выпустил для банков-партнеров более 1 млн платежных карт  http://t.co/ypQAIQbZZL @bm_twit  #ПЛАС</column>
            <column name="sberbank">NULL</column>
            <column name="vtb">NULL</column>
            <column name="gazprom">NULL</column>
            <column name="alfabank">NULL</column>
            <column name="bankmoskvy">0</column>
            <column name="raiffeisen">NULL</column>
            <column name="uralsib">NULL</column>
            <column name="rshb">NULL</column>
        </table>
        <table name="bank">
            <column name="id">3513</column>
            <column name="twitid">497693035115720000</column>
            <column name="date">1407494240</column>
            <column name="name">jon_4</column>
            <column name="text">news/yandex# Банк Москвы решил продать белорусскую «дочку» http://t.co/DZVCT5LCNa</column>
            <column name="sberbank">NULL</column>
            <column name="vtb">NULL</column>
            <column name="gazprom">NULL</column>
            <column name="alfabank">NULL</column>
            <column name="bankmoskvy">0</column>
            <column name="raiffeisen">NULL</column>
            <column name="uralsib">NULL</column>
            <column name="rshb">NULL</column>
        </table>
        <table name="bank">
            <column name="id">3514</column>
            <column name="twitid">497693476507510000</column>
            <column name="date">1407494346</column>
            <column name="name">bordachew</column>
            <column name="text">Банк Москвы решил продать белорусскую «дочку»: Совет директоров Банка Москвы решил выйти из капитала своей белорусской &quot;дочки&quot; — банк...</column>
            <column name="sberbank">NULL</column>
            <column name="vtb">NULL</column>
            <column name="gazprom">NULL</column>
            <column name="alfabank">NULL</column>
            <column name="bankmoskvy">0</column>
            <column name="raiffeisen">NULL</column>
            <column name="uralsib">NULL</column>
            <column name="rshb">NULL</column>
        </table>
        <table name="bank">
            <column name="id">3515</column>
            <column name="twitid">497693478701520000</column>
            <column name="date">1407494346</column>
            <column name="name">tnibkiljvu</column>
            <column name="text">http://t.co/kJBdSZvXAP Взять кредит в втб 24 иркутск</column>
            <column name="sberbank">NULL</column>
            <column name="vtb">0</column>
            <column name="gazprom">NULL</column>
            <column name="alfabank">NULL</column>
            <column name="bankmoskvy">NULL</column>
            <column name="raiffeisen">NULL</column>
            <column name="uralsib">NULL</column>
            <column name="rshb">NULL</column>
        </table>
        <table name="bank">
            <column name="id">3516</column>
            <column name="twitid">497694631015220000</column>
            <column name="date">1407494621</column>
            <column name="name">M_Kupriyanov</column>
            <column name="text">RT @sberbank: В День строителя в Сбербанке стартует акция по экспресс-лизингу спецтехники и транспорта для малого бизнеса http://t.co/AoFVQ…</column>
            <column name="sberbank">0</column>
            <column name="vtb">NULL</column>
            <column name="gazprom">NULL</column>
            <column name="alfabank">NULL</column>
            <column name="bankmoskvy">NULL</column>
            <column name="raiffeisen">NULL</column>
            <column name="uralsib">NULL</column>
            <column name="rshb">NULL</column>
        </table>
        <table name="bank">
            <column name="id">3517</column>
            <column name="twitid">497694764209540000</column>
            <column name="date">1407494653</column>
            <column name="name">elelomo1</column>
            <column name="text">«Россети» будут развивать сотрудничество с «Россельхозбанком» и «Ростехом»
http://t.co/1H8iXRMOZg</column>
            <column name="sberbank">NULL</column>
            <column name="vtb">NULL</column>
            <column name="gazprom">NULL</column>
            <column name="alfabank">NULL</column>
            <column name="bankmoskvy">NULL</column>
            <column name="raiffeisen">NULL</column>
            <column name="uralsib">NULL</column>
            <column name="rshb">0</column>
        </table>
        <table name="bank">
            <column name="id">3518</column>
            <column name="twitid">497694806970470000</column>
            <column name="date">1407494663</column>
            <column name="name">SAnisimov17</column>
            <column name="text">Рязанский филиал ОАО «Россельхозбанк» поздравил строителей с профессиональным праздником</column>
            <column name="sberbank">NULL</column>
            <column name="vtb">NULL</column>
            <column name="gazprom">NULL</column>
            <column name="alfabank">NULL</column>
            <column name="bankmoskvy">NULL</column>
            <column name="raiffeisen">NULL</column>
            <column name="uralsib">NULL</column>
            <column name="rshb">0</column>
        </table>
        <table name="bank">
            <column name="id">3519</column>
            <column name="twitid">497696014762250000</column>
            <column name="date">1407494951</column>
            <column name="name">rufavelerusa</column>
            <column name="text">где выгоднее оформить кредитную карту альфа банка http://t.co/VifRmXofpY</column>
            <column name="sberbank">NULL</column>
            <column name="vtb">NULL</column>
            <column name="gazprom">NULL</column>
            <column name="alfabank">0</column>
            <column name="bankmoskvy">NULL</column>
            <column name="raiffeisen">NULL</column>
            <column name="uralsib">NULL</column>
            <column name="rshb">NULL</column>
        </table>
        <table name="bank">
            <column name="id">3520</column>
            <column name="twitid">497696057455690000</column>
            <column name="date">1407494961</column>
            <column name="name">LatvianB</column>
            <column name="text">Банк Москвы решил продать белорусскую «дочку» http://t.co/GwhTJ83Jr8</column>
            <column name="sberbank">NULL</column>
            <column name="vtb">NULL</column>
            <column name="gazprom">NULL</column>
            <column name="alfabank">NULL</column>
            <column name="bankmoskvy">0</column>
            <column name="raiffeisen">NULL</column>
            <column name="uralsib">NULL</column>
            <column name="rshb">NULL</column>
        </table>
        <table name="bank">
            <column name="id">3521</column>
            <column name="twitid">497697400992330000</column>
            <column name="date">1407495281</column>
            <column name="name">FFosher</column>
            <column name="text">RT @rejatomequlyc: http://t.co/IjRrWejkq1 ВТБ 24 приостановил прием консульского сбора за визу США из-за санкций</column>
            <column name="sberbank">NULL</column>
            <column name="vtb">-1</column>
            <column name="gazprom">NULL</column>
            <column name="alfabank">NULL</column>
            <column name="bankmoskvy">NULL</column>
            <column name="raiffeisen">NULL</column>
            <column name="uralsib">NULL</column>
            <column name="rshb">NULL</column>
        </table>
        <table name="bank">
            <column name="id">3522</column>
            <column name="twitid">497697801489610000</column>
            <column name="date">1407495377</column>
            <column name="name">zyfyjumirobi</column>
            <column name="text">ипотечный калькулятор сбербанк уфа http://t.co/Rwq4jDdsKh</column>
            <column name="sberbank">0</column>
            <column name="vtb">NULL</column>
            <column name="gazprom">NULL</column>
            <column name="alfabank">NULL</column>
            <column name="bankmoskvy">NULL</column>
            <column name="raiffeisen">NULL</column>
            <column name="uralsib">NULL</column>
            <column name="rshb">NULL</column>
        </table>
        <table name="bank">
            <column name="id">3523</column>
            <column name="twitid">497699117338870000</column>
            <column name="date">1407495691</column>
            <column name="name">tatyanasorvenko</column>
            <column name="text">http://t.co/66RGwE30Ba Сбербанк приступил к выпуску банковских карт ПРО100</column>
            <column name="sberbank">0</column>
            <column name="vtb">NULL</column>
            <column name="gazprom">NULL</column>
            <column name="alfabank">NULL</column>
            <column name="bankmoskvy">NULL</column>
            <column name="raiffeisen">NULL</column>
            <column name="uralsib">NULL</column>
            <column name="rshb">NULL</column>
        </table>
        <table name="bank">
            <column name="id">3524</column>
            <column name="twitid">497699538392850000</column>
            <column name="date">1407495791</column>
            <column name="name">KLebedeva50</column>
            <column name="text">Газпромбанк и Россельхозбанк обратились за государственной поддержкой в свете введенных санкций. Об этом пишет газета &amp;amp;laquo;Ведомости&amp;amp;raqu</column>
            <column name="sberbank">NULL</column>
            <column name="vtb">NULL</column>
            <column name="gazprom">0</column>
            <column name="alfabank">NULL</column>
            <column name="bankmoskvy">NULL</column>
            <column name="raiffeisen">NULL</column>
            <column name="uralsib">NULL</column>
            <column name="rshb">0</column>
        </table>
        <table name="bank">
            <column name="id">3525</column>
            <column name="twitid">497700834898350000</column>
            <column name="date">1407496100</column>
            <column name="name">wezoqifudajeno</column>
            <column name="text">жилищный кредит россельхозбанк калькулятор http://t.co/K9shUmKcJ6</column>
            <column name="sberbank">NULL</column>
            <column name="vtb">NULL</column>
            <column name="gazprom">NULL</column>
            <column name="alfabank">NULL</column>
            <column name="bankmoskvy">NULL</column>
            <column name="raiffeisen">NULL</column>
            <column name="uralsib">NULL</column>
            <column name="rshb">0</column>
        </table>
        <table name="bank">
            <column name="id">3526</column>
            <column name="twitid">497703511388210000</column>
            <column name="date">1407496738</column>
            <column name="name">FedarGuskov</column>
            <column name="text">Банк Москвы решил продать белорусскую «дочку»</column>
            <column name="sberbank">NULL</column>
            <column name="vtb">NULL</column>
            <column name="gazprom">NULL</column>
            <column name="alfabank">NULL</column>
            <column name="bankmoskvy">0</column>
            <column name="raiffeisen">NULL</column>
            <column name="uralsib">NULL</column>
            <column name="rshb">NULL</column>
        </table>
        <table name="bank">
            <column name="id">3527</column>
            <column name="twitid">497703556825090000</column>
            <column name="date">1407496749</column>
            <column name="name">ElenaZuyckowa</column>
            <column name="text">#news Сбербанк приступил к выпуску банковских карт ПРО100 #seo #сео #индекс</column>
            <column name="sberbank">0</column>
            <column name="vtb">NULL</column>
            <column name="gazprom">NULL</column>
            <column name="alfabank">NULL</column>
            <column name="bankmoskvy">NULL</column>
            <column name="raiffeisen">NULL</column>
            <column name="uralsib">NULL</column>
            <column name="rshb">NULL</column>
        </table>
        <table name="bank">
            <column name="id">3528</column>
            <column name="twitid">497703691370000000</column>
            <column name="date">1407496781</column>
            <column name="name">lexacom</column>
            <column name="text">Ипотека в втб 24 отзывы http://t.co/tRZfTSDlMB</column>
            <column name="sberbank">NULL</column>
            <column name="vtb">0</column>
            <column name="gazprom">NULL</column>
            <column name="alfabank">NULL</column>
            <column name="bankmoskvy">NULL</column>
            <column name="raiffeisen">NULL</column>
            <column name="uralsib">NULL</column>
            <column name="rshb">NULL</column>
        </table>
        <table name="bank">
            <column name="id">3529</column>
            <column name="twitid">497704438283260000</column>
            <column name="date">1407496959</column>
            <column name="name">lexacom</column>
            <column name="text">Московский банк москвы http://t.co/1mRIdCIhAp</column>
            <column name="sberbank">NULL</column>
            <column name="vtb">NULL</column>
            <column name="gazprom">NULL</column>
            <column name="alfabank">NULL</column>
            <column name="bankmoskvy">0</column>
            <column name="raiffeisen">NULL</column>
            <column name="uralsib">NULL</column>
            <column name="rshb">NULL</column>
        </table>
        <table name="bank">
            <column name="id">3530</column>
            <column name="twitid">497704574245800000</column>
            <column name="date">1407496992</column>
            <column name="name">leukocyte_78</column>
            <column name="text">#FOLLOWBACK Банк Москвы решил продать белорусскую «дочку» http://t.co/E7K4c7dEjO</column>
            <column name="sberbank">NULL</column>
            <column name="vtb">NULL</column>
            <column name="gazprom">NULL</column>
            <column name="alfabank">NULL</column>
            <column name="bankmoskvy">0</column>
            <column name="raiffeisen">NULL</column>
            <column name="uralsib">NULL</column>
            <column name="rshb">NULL</column>
        </table>
        <table name="bank">
            <column name="id">3531</column>
            <column name="twitid">497704837770130000</column>
            <column name="date">1407497054</column>
            <column name="name">dinovezoxuf</column>
            <column name="text">в альфа банке получить кредит с плохой кредитной историей http://t.co/26SFU4TSiS</column>
            <column name="sberbank">NULL</column>
            <column name="vtb">NULL</column>
            <column name="gazprom">NULL</column>
            <column name="alfabank">0</column>
            <column name="bankmoskvy">NULL</column>
            <column name="raiffeisen">NULL</column>
            <column name="uralsib">NULL</column>
            <column name="rshb">NULL</column>
        </table>
        <table name="bank">
            <column name="id">3532</column>
            <column name="twitid">497704879469900000</column>
            <column name="date">1407497064</column>
            <column name="name">gekomycecam</column>
            <column name="text">заявка на кредит в россельхозбанке рассчитать http://t.co/F31RwqfPwM</column>
            <column name="sberbank">NULL</column>
            <column name="vtb">NULL</column>
            <column name="gazprom">NULL</column>
            <column name="alfabank">NULL</column>
            <column name="bankmoskvy">NULL</column>
            <column name="raiffeisen">NULL</column>
            <column name="uralsib">NULL</column>
            <column name="rshb">0</column>
        </table>
        <table name="bank">
            <column name="id">3533</column>
            <column name="twitid">497705774005910000</column>
            <column name="date">1407497278</column>
            <column name="name">SashkaFistashca</column>
            <column name="text">@alfa_bank Карта: у Вовы-300т.р.У Димы-70т.р.. вова потратил 299999р. и остался должен банку 299999р., но зато он выиграл 10т.р. =&amp;gt;</column>
            <column name="sberbank">NULL</column>
            <column name="vtb">NULL</column>
            <column name="gazprom">NULL</column>
            <column name="alfabank">--</column>
            <column name="bankmoskvy">NULL</column>
            <column name="raiffeisen">NULL</column>
            <column name="uralsib">NULL</column>
            <column name="rshb">NULL</column>
        </table>
        <table name="bank">
            <column name="id">3534</column>
            <column name="twitid">497707982667670000</column>
            <column name="date">1407497804</column>
            <column name="name">vanya_lenin</column>
            <column name="text">@xctnr пиздюк, тебе куда кинуть данные карты? альфа банк русский ленкин.</column>
            <column name="sberbank">NULL</column>
            <column name="vtb">NULL</column>
            <column name="gazprom">NULL</column>
            <column name="alfabank">--</column>
            <column name="bankmoskvy">NULL</column>
            <column name="raiffeisen">NULL</column>
            <column name="uralsib">NULL</column>
            <column name="rshb">NULL</column>
        </table>
        <table name="bank">
            <column name="id">3535</column>
            <column name="twitid">497708682289750000</column>
            <column name="date">1407497971</column>
            <column name="name">EVerezub</column>
            <column name="text">&quot;Банк Москвы&quot; выпустил для банков-партнеров миллион платежных карт http://t.co/a2NXAoSKY9</column>
            <column name="sberbank">NULL</column>
            <column name="vtb">NULL</column>
            <column name="gazprom">NULL</column>
            <column name="alfabank">NULL</column>
            <column name="bankmoskvy">0</column>
            <column name="raiffeisen">NULL</column>
            <column name="uralsib">NULL</column>
            <column name="rshb">NULL</column>
        </table>
        <table name="bank">
            <column name="id">3536</column>
            <column name="twitid">497709517468370000</column>
            <column name="date">1407498170</column>
            <column name="name">GSaitov52</column>
            <column name="text">&quot;Банк Москвы&quot; выпустил для банков-партнеров миллион платежных карт.На начало третьего квартала 2014 г. банки-агенты, осуществляющие эмиссию</column>
            <column name="sberbank">NULL</column>
            <column name="vtb">NULL</column>
            <column name="gazprom">NULL</column>
            <column name="alfabank">NULL</column>
            <column name="bankmoskvy">0</column>
            <column name="raiffeisen">NULL</column>
            <column name="uralsib">NULL</column>
            <column name="rshb">NULL</column>
        </table>
        <table name="bank">
            <column name="id">3537</column>
            <column name="twitid">497710100866700000</column>
            <column name="date">1407498309</column>
            <column name="name">tufylonukeb</column>
            <column name="text">взять кредитную карту в альфа банке http://t.co/Lfnb45Vxga</column>
            <column name="sberbank">NULL</column>
            <column name="vtb">NULL</column>
            <column name="gazprom">NULL</column>
            <column name="alfabank">0</column>
            <column name="bankmoskvy">NULL</column>
            <column name="raiffeisen">NULL</column>
            <column name="uralsib">NULL</column>
            <column name="rshb">NULL</column>
        </table>
        <table name="bank">
            <column name="id">3538</column>
            <column name="twitid">497710411270330000</column>
            <column name="date">1407498383</column>
            <column name="name">tnibkiljvu</column>
            <column name="text">http://t.co/c0izfnfFjA Оформить заявку на кредит онлайн в альфа банке</column>
            <column name="sberbank">NULL</column>
            <column name="vtb">NULL</column>
            <column name="gazprom">NULL</column>
            <column name="alfabank">0</column>
            <column name="bankmoskvy">NULL</column>
            <column name="raiffeisen">NULL</column>
            <column name="uralsib">NULL</column>
            <column name="rshb">NULL</column>
        </table>
        <table name="bank">
            <column name="id">3539</column>
            <column name="twitid">497710453104310000</column>
            <column name="date">1407498393</column>
            <column name="name">MTESTEVUIDE</column>
            <column name="text">RT @tikaipo: Зачем Россельхозбанку оптимизация затрат эффективные рекламные кампании, если можно просить у государства 100 лярдов http://t.…</column>
            <column name="sberbank">NULL</column>
            <column name="vtb">NULL</column>
            <column name="gazprom">NULL</column>
            <column name="alfabank">NULL</column>
            <column name="bankmoskvy">NULL</column>
            <column name="raiffeisen">NULL</column>
            <column name="uralsib">NULL</column>
            <column name="rshb">-1</column>
        </table>
        <table name="bank">
            <column name="id">3540</column>
            <column name="twitid">497710720797010000</column>
            <column name="date">1407498457</column>
            <column name="name">kunalamavyp</column>
            <column name="text">http://t.co/iHJDZjWWvG Банк Москвы продаст белорусскую &quot;дочку&quot;</column>
            <column name="sberbank">NULL</column>
            <column name="vtb">NULL</column>
            <column name="gazprom">NULL</column>
            <column name="alfabank">NULL</column>
            <column name="bankmoskvy">0</column>
            <column name="raiffeisen">NULL</column>
            <column name="uralsib">NULL</column>
            <column name="rshb">NULL</column>
        </table>
        <table name="bank">
            <column name="id">3541</column>
            <column name="twitid">497710943867240000</column>
            <column name="date">1407498510</column>
            <column name="name">dosofadiqobe</column>
            <column name="text">втб 24 потребительский кредит г ставрополь калькулятор втб 24 рассчитать http://t.co/6juCBjIJMq</column>
            <column name="sberbank">NULL</column>
            <column name="vtb">0</column>
            <column name="gazprom">NULL</column>
            <column name="alfabank">NULL</column>
            <column name="bankmoskvy">NULL</column>
            <column name="raiffeisen">NULL</column>
            <column name="uralsib">NULL</column>
            <column name="rshb">NULL</column>
        </table>
        <table name="bank">
            <column name="id">3542</column>
            <column name="twitid">497711382771800000</column>
            <column name="date">1407498615</column>
            <column name="name">banki_ru</column>
            <column name="text">Банк Москвы выйдет из капитала своей белорусской «дочки» банка «Москва—Минск» http://t.co/hhle4BFW8P</column>
            <column name="sberbank">NULL</column>
            <column name="vtb">NULL</column>
            <column name="gazprom">NULL</column>
            <column name="alfabank">NULL</column>
            <column name="bankmoskvy">0</column>
            <column name="raiffeisen">NULL</column>
            <column name="uralsib">NULL</column>
            <column name="rshb">NULL</column>
        </table>
        <table name="bank">
            <column name="id">3543</column>
            <column name="twitid">497712974040400000</column>
            <column name="date">1407498994</column>
            <column name="name">tecijywaferi</column>
            <column name="text">взять кредит в втб 24 3 миллиона цифрами http://t.co/5GSpRFPIkW</column>
            <column name="sberbank">NULL</column>
            <column name="vtb">0</column>
            <column name="gazprom">NULL</column>
            <column name="alfabank">NULL</column>
            <column name="bankmoskvy">NULL</column>
            <column name="raiffeisen">NULL</column>
            <column name="uralsib">NULL</column>
            <column name="rshb">NULL</column>
        </table>
        <table name="bank">
            <column name="id">3544</column>
            <column name="twitid">497713367495090000</column>
            <column name="date">1407499088</column>
            <column name="name">lapeshckiva</column>
            <column name="text">#fyseo_ru #новости Сбербанк на одну ночь приостановит работу банкоматов  #читаювзаимно #читаю</column>
            <column name="sberbank">-1</column>
            <column name="vtb">NULL</column>
            <column name="gazprom">NULL</column>
            <column name="alfabank">NULL</column>
            <column name="bankmoskvy">NULL</column>
            <column name="raiffeisen">NULL</column>
            <column name="uralsib">NULL</column>
            <column name="rshb">NULL</column>
        </table>
        <table name="bank">
            <column name="id">3545</column>
            <column name="twitid">497713709801030000</column>
            <column name="date">1407499170</column>
            <column name="name">MIsaev28</column>
            <column name="text">Россельхозбанк и Газпромбанк попросили у государства финансовую помощь</column>
            <column name="sberbank">NULL</column>
            <column name="vtb">NULL</column>
            <column name="gazprom">0</column>
            <column name="alfabank">NULL</column>
            <column name="bankmoskvy">NULL</column>
            <column name="raiffeisen">NULL</column>
            <column name="uralsib">NULL</column>
            <column name="rshb">0</column>
        </table>
        <table name="bank">
            <column name="id">3546</column>
            <column name="twitid">497714385453080000</column>
            <column name="date">1407499331</column>
            <column name="name">ATitov59</column>
            <column name="text">Руководство ОАО &quot;Банк Москвы&quot; приняло решение продать дочернюю структуру банка в Белоруссии. Сообщение об этом появилось в пресс-релизе фин</column>
            <column name="sberbank">NULL</column>
            <column name="vtb">NULL</column>
            <column name="gazprom">NULL</column>
            <column name="alfabank">NULL</column>
            <column name="bankmoskvy">0</column>
            <column name="raiffeisen">NULL</column>
            <column name="uralsib">NULL</column>
            <column name="rshb">NULL</column>
        </table>
        <table name="bank">
            <column name="id">3547</column>
            <column name="twitid">497715025125970000</column>
            <column name="date">1407499483</column>
            <column name="name">ynacolesun</column>
            <column name="text">http://t.co/4v573GJBoQ Можно пивзять кредит в райффайзен банке н</column>
            <column name="sberbank">NULL</column>
            <column name="vtb">NULL</column>
            <column name="gazprom">NULL</column>
            <column name="alfabank">NULL</column>
            <column name="bankmoskvy">NULL</column>
            <column name="raiffeisen">0</column>
            <column name="uralsib">NULL</column>
            <column name="rshb">NULL</column>
        </table>
        <table name="bank">
            <column name="id">3548</column>
            <column name="twitid">497715899202570000</column>
            <column name="date">1407499692</column>
            <column name="name">gydupynuruf</column>
            <column name="text">банк москвы г краснодар потребительский кредит http://t.co/ZkgRHOECbb</column>
            <column name="sberbank">NULL</column>
            <column name="vtb">NULL</column>
            <column name="gazprom">NULL</column>
            <column name="alfabank">NULL</column>
            <column name="bankmoskvy">0</column>
            <column name="raiffeisen">NULL</column>
            <column name="uralsib">NULL</column>
            <column name="rshb">NULL</column>
        </table>
        <table name="bank">
            <column name="id">3549</column>
            <column name="twitid">497716951821460000</column>
            <column name="date">1407499943</column>
            <column name="name">valenti64152072</column>
            <column name="text">#компьютеры Сбербанк в ночь на 11 августа приостановит работу некоторых сервисов #читаю #ru_ff</column>
            <column name="sberbank">-1</column>
            <column name="vtb">NULL</column>
            <column name="gazprom">NULL</column>
            <column name="alfabank">NULL</column>
            <column name="bankmoskvy">NULL</column>
            <column name="raiffeisen">NULL</column>
            <column name="uralsib">NULL</column>
            <column name="rshb">NULL</column>
        </table>
        <table name="bank">
            <column name="id">3550</column>
            <column name="twitid">497717175436600000</column>
            <column name="date">1407499996</column>
            <column name="name">MegapushRu</column>
            <column name="text">Сбербанк в ночь на 11 августа приостановит работу некоторых сервисов: Сбербанк России информирует, что в ночь ... http://t.co/ag2f9yp56w</column>
            <column name="sberbank">-1</column>
            <column name="vtb">NULL</column>
            <column name="gazprom">NULL</column>
            <column name="alfabank">NULL</column>
            <column name="bankmoskvy">NULL</column>
            <column name="raiffeisen">NULL</column>
            <column name="uralsib">NULL</column>
            <column name="rshb">NULL</column>
        </table>
        <table name="bank">
            <column name="id">3551</column>
            <column name="twitid">497717258450260000</column>
            <column name="date">1407500016</column>
            <column name="name">myLegnica</column>
            <column name="text">#Интернет #HiTech Сбербанк в ночь на 11 августа приостановит работу некоторых сервисов http://t.co/6pyAD4YByy</column>
            <column name="sberbank">-1</column>
            <column name="vtb">NULL</column>
            <column name="gazprom">NULL</column>
            <column name="alfabank">NULL</column>
            <column name="bankmoskvy">NULL</column>
            <column name="raiffeisen">NULL</column>
            <column name="uralsib">NULL</column>
            <column name="rshb">NULL</column>
        </table>
        <table name="bank">
            <column name="id">3552</column>
            <column name="twitid">497718418624110000</column>
            <column name="date">1407500292</column>
            <column name="name">GangstaMthrfck</column>
            <column name="text">Сбербанк в ночь на 11 августа приостановит работу некоторых сервисов: Сбербанк России информирует, что в ночь на 11 августа с полуноч...</column>
            <column name="sberbank">-1</column>
            <column name="vtb">NULL</column>
            <column name="gazprom">NULL</column>
            <column name="alfabank">NULL</column>
            <column name="bankmoskvy">NULL</column>
            <column name="raiffeisen">NULL</column>
            <column name="uralsib">NULL</column>
            <column name="rshb">NULL</column>
        </table>
        <table name="bank">
            <column name="id">3553</column>
            <column name="twitid">497718929721020000</column>
            <column name="date">1407500414</column>
            <column name="name">dianalanskaya</column>
            <column name="text">Pavlova_1981 Сбербанк в ночь на 11 августа приостановит работу некоторых с... http://t.co/lBgAfG6xBD #Взаимныйфолловинг</column>
            <column name="sberbank">-1</column>
            <column name="vtb">NULL</column>
            <column name="gazprom">NULL</column>
            <column name="alfabank">NULL</column>
            <column name="bankmoskvy">NULL</column>
            <column name="raiffeisen">NULL</column>
            <column name="uralsib">NULL</column>
            <column name="rshb">NULL</column>
        </table>
        <table name="bank">
            <column name="id">3554</column>
            <column name="twitid">497718931151260000</column>
            <column name="date">1407500415</column>
            <column name="name">lisa_alisa_mir</column>
            <column name="text">Cemitsvetic Сбербанк в ночь на 11 августа приостановит работу некоторых се... http://t.co/R5MrjU6cn5 #Взаимныйфолловинг</column>
            <column name="sberbank">-1</column>
            <column name="vtb">NULL</column>
            <column name="gazprom">NULL</column>
            <column name="alfabank">NULL</column>
            <column name="bankmoskvy">NULL</column>
            <column name="raiffeisen">NULL</column>
            <column name="uralsib">NULL</column>
            <column name="rshb">NULL</column>
        </table>
        <table name="bank">
            <column name="id">3555</column>
            <column name="twitid">497718933030310000</column>
            <column name="date">1407500415</column>
            <column name="name">bezobrazya</column>
            <column name="text">@v_barbariska Сбербанк в ночь на 11 августа приостановит работу некоторых ... http://t.co/ZoRnTj2RFU #Взаимныйфолловинг</column>
            <column name="sberbank">-1</column>
            <column name="vtb">NULL</column>
            <column name="gazprom">NULL</column>
            <column name="alfabank">NULL</column>
            <column name="bankmoskvy">NULL</column>
            <column name="raiffeisen">NULL</column>
            <column name="uralsib">NULL</column>
            <column name="rshb">NULL</column>
        </table>
        <table name="bank">
            <column name="id">3556</column>
            <column name="twitid">497719396681280000</column>
            <column name="date">1407500526</column>
            <column name="name">iketelodu</column>
            <column name="text">Сбербанк в ночь на 11 августа приостановит работу некоторых сервисов: Сбербанк России информирует, что в ночь на... http://t.co/qpv0muBTtZ</column>
            <column name="sberbank">-1</column>
            <column name="vtb">NULL</column>
            <column name="gazprom">NULL</column>
            <column name="alfabank">NULL</column>
            <column name="bankmoskvy">NULL</column>
            <column name="raiffeisen">NULL</column>
            <column name="uralsib">NULL</column>
            <column name="rshb">NULL</column>
        </table>
        <table name="bank">
            <column name="id">3557</column>
            <column name="twitid">497719396870000000</column>
            <column name="date">1407500526</column>
            <column name="name">kagupseyd</column>
            <column name="text">Сбербанк в ночь на 11 августа приостановит работу некоторых сервисов: Сбербанк России информирует, что в ночь на... http://t.co/Wq4tRuTVTb</column>
            <column name="sberbank">-1</column>
            <column name="vtb">NULL</column>
            <column name="gazprom">NULL</column>
            <column name="alfabank">NULL</column>
            <column name="bankmoskvy">NULL</column>
            <column name="raiffeisen">NULL</column>
            <column name="uralsib">NULL</column>
            <column name="rshb">NULL</column>
        </table>
        <table name="bank">
            <column name="id">3558</column>
            <column name="twitid">497720318275100000</column>
            <column name="date">1407500745</column>
            <column name="name">i_77777</column>
            <column name="text">2/2  По состоянию на апрель 2014 года общий долг компании составлял $8,6 млрд. Осн кредиторами выступают госбанки – Сбербанк Газпромбанк ВТБ</column>
            <column name="sberbank">0</column>
            <column name="vtb">0</column>
            <column name="gazprom">0</column>
            <column name="alfabank">NULL</column>
            <column name="bankmoskvy">NULL</column>
            <column name="raiffeisen">NULL</column>
            <column name="uralsib">NULL</column>
            <column name="rshb">NULL</column>
        </table>
        <table name="bank">
            <column name="id">3559</column>
            <column name="twitid">497720826850860000</column>
            <column name="date">1407500866</column>
            <column name="name">leukocyte_78</column>
            <column name="text">#FOLLOWBACK Сбербанк в ночь на 11 августа приостановит работу некоторых сервисов http://t.co/OH65EoQi6e</column>
            <column name="sberbank">-1</column>
            <column name="vtb">NULL</column>
            <column name="gazprom">NULL</column>
            <column name="alfabank">NULL</column>
            <column name="bankmoskvy">NULL</column>
            <column name="raiffeisen">NULL</column>
            <column name="uralsib">NULL</column>
            <column name="rshb">NULL</column>
        </table>
        <table name="bank">
            <column name="id">3560</column>
            <column name="twitid">497720969570840000</column>
            <column name="date">1407500901</column>
            <column name="name">sawogonajoh</column>
            <column name="text">банк втб 24 кредиты карты http://t.co/zUiYGwA5b0</column>
            <column name="sberbank">NULL</column>
            <column name="vtb">0</column>
            <column name="gazprom">NULL</column>
            <column name="alfabank">NULL</column>
            <column name="bankmoskvy">NULL</column>
            <column name="raiffeisen">NULL</column>
            <column name="uralsib">NULL</column>
            <column name="rshb">NULL</column>
        </table>
        <table name="bank">
            <column name="id">3561</column>
            <column name="twitid">497721293396250000</column>
            <column name="date">1407500978</column>
            <column name="name">a_akmav</column>
            <column name="text">Банк Москвы решил продать белорусскую «дочку».</column>
            <column name="sberbank">NULL</column>
            <column name="vtb">NULL</column>
            <column name="gazprom">NULL</column>
            <column name="alfabank">NULL</column>
            <column name="bankmoskvy">0</column>
            <column name="raiffeisen">NULL</column>
            <column name="uralsib">NULL</column>
            <column name="rshb">NULL</column>
        </table>
        <table name="bank">
            <column name="id">3562</column>
            <column name="twitid">497722218882010000</column>
            <column name="date">1407501198</column>
            <column name="name">midyfufiqyme</column>
            <column name="text">банк москвы кредит для сотрудников полиции http://t.co/72UXY70Ukx</column>
            <column name="sberbank">NULL</column>
            <column name="vtb">NULL</column>
            <column name="gazprom">NULL</column>
            <column name="alfabank">NULL</column>
            <column name="bankmoskvy">0</column>
            <column name="raiffeisen">NULL</column>
            <column name="uralsib">NULL</column>
            <column name="rshb">NULL</column>
        </table>
        <table name="bank">
            <column name="id">3563</column>
            <column name="twitid">497723002906490000</column>
            <column name="date">1407501385</column>
            <column name="name">bysynunanuqu</column>
            <column name="text">взять кредит в россельхозбанке 100000 рублей http://t.co/6hZO4UgYKd</column>
            <column name="sberbank">NULL</column>
            <column name="vtb">NULL</column>
            <column name="gazprom">NULL</column>
            <column name="alfabank">NULL</column>
            <column name="bankmoskvy">NULL</column>
            <column name="raiffeisen">NULL</column>
            <column name="uralsib">NULL</column>
            <column name="rshb">0</column>
        </table>
        <table name="bank">
            <column name="id">3564</column>
            <column name="twitid">497723734175010000</column>
            <column name="date">1407501560</column>
            <column name="name">BAleksandrovich</column>
            <column name="text">#RuFollowMe Мне Сбер пишет, что тут неправильно указан ИНН. Просит 12 цифр</column>
            <column name="sberbank">0</column>
            <column name="vtb">NULL</column>
            <column name="gazprom">NULL</column>
            <column name="alfabank">NULL</column>
            <column name="bankmoskvy">NULL</column>
            <column name="raiffeisen">NULL</column>
            <column name="uralsib">NULL</column>
            <column name="rshb">NULL</column>
        </table>
        <table name="bank">
            <column name="id">3565</column>
            <column name="twitid">497724151218840000</column>
            <column name="date">1407501659</column>
            <column name="name">812op</column>
            <column name="text">@Raiffeisen_Ru ваш банкомат зажевал мои 48000р почему мне отказали в компенсации? #Райффайзен #воры #аферисты</column>
            <column name="sberbank">NULL</column>
            <column name="vtb">NULL</column>
            <column name="gazprom">NULL</column>
            <column name="alfabank">NULL</column>
            <column name="bankmoskvy">NULL</column>
            <column name="raiffeisen">-1</column>
            <column name="uralsib">NULL</column>
            <column name="rshb">NULL</column>
        </table>
        <table name="bank">
            <column name="id">3566</column>
            <column name="twitid">497726694690910000</column>
            <column name="date">1407502265</column>
            <column name="name">ADorofeev19</column>
            <column name="text">Вот вы ржоте а я думаю где денег взять на расширение. В Россельхозбанк нет смысла -сами сосут.</column>
            <column name="sberbank">NULL</column>
            <column name="vtb">NULL</column>
            <column name="gazprom">NULL</column>
            <column name="alfabank">NULL</column>
            <column name="bankmoskvy">NULL</column>
            <column name="raiffeisen">NULL</column>
            <column name="uralsib">NULL</column>
            <column name="rshb">-1</column>
        </table>
        <table name="bank">
            <column name="id">3567</column>
            <column name="twitid">497727834841180000</column>
            <column name="date">1407502537</column>
            <column name="name">VPopov42</column>
            <column name="text">Скажу, без всякого преувеличения - КАЖДЫЙ мой поход в Сбербанк связан с какими-то косяками с их стороны - и грустно, и смешно одновременно.</column>
            <column name="sberbank">-1</column>
            <column name="vtb">NULL</column>
            <column name="gazprom">NULL</column>
            <column name="alfabank">NULL</column>
            <column name="bankmoskvy">NULL</column>
            <column name="raiffeisen">NULL</column>
            <column name="uralsib">NULL</column>
            <column name="rshb">NULL</column>
        </table>
        <table name="bank">
            <column name="id">3568</column>
            <column name="twitid">497728390829710000</column>
            <column name="date">1407502670</column>
            <column name="name">BelovMV</column>
            <column name="text">RT @Consultant_Plus: Сбербанк приступил к выпуску банковских карт ПРО100 http://t.co/HuRv3vDUft</column>
            <column name="sberbank">0</column>
            <column name="vtb">NULL</column>
            <column name="gazprom">NULL</column>
            <column name="alfabank">NULL</column>
            <column name="bankmoskvy">NULL</column>
            <column name="raiffeisen">NULL</column>
            <column name="uralsib">NULL</column>
            <column name="rshb">NULL</column>
        </table>
        <table name="bank">
            <column name="id">3569</column>
            <column name="twitid">497729639532740000</column>
            <column name="date">1407502968</column>
            <column name="name">YuKireeva22</column>
            <column name="text">Москва – Сбербанк и «Сбербанк Лизинг» развивают поддержку строительной отрасли. С 10 августа по 10 сентября ЗАО «Сбербанк Лизинг» проводит</column>
            <column name="sberbank">0</column>
            <column name="vtb">NULL</column>
            <column name="gazprom">NULL</column>
            <column name="alfabank">NULL</column>
            <column name="bankmoskvy">NULL</column>
            <column name="raiffeisen">NULL</column>
            <column name="uralsib">NULL</column>
            <column name="rshb">NULL</column>
        </table>
        <table name="bank">
            <column name="id">3570</column>
            <column name="twitid">497731304725970000</column>
            <column name="date">1407503365</column>
            <column name="name">pyfupyduvon</column>
            <column name="text">банк уралсиб бизнес доверие кредит для бизнеса http://t.co/CAIHxDIssz</column>
            <column name="sberbank">NULL</column>
            <column name="vtb">NULL</column>
            <column name="gazprom">NULL</column>
            <column name="alfabank">NULL</column>
            <column name="bankmoskvy">NULL</column>
            <column name="raiffeisen">NULL</column>
            <column name="uralsib">0</column>
            <column name="rshb">NULL</column>
        </table>
        <table name="bank">
            <column name="id">3571</column>
            <column name="twitid">497731496674080000</column>
            <column name="date">1407503410</column>
            <column name="name">Ivanovatociomet</column>
            <column name="text">RT @bordachew: Банк Москвы решил продать белорусскую «дочку»: Совет директоров Банка Москвы решил выйти из капитала своей белорусской &quot;дочк…</column>
            <column name="sberbank">NULL</column>
            <column name="vtb">NULL</column>
            <column name="gazprom">NULL</column>
            <column name="alfabank">NULL</column>
            <column name="bankmoskvy">0</column>
            <column name="raiffeisen">NULL</column>
            <column name="uralsib">NULL</column>
            <column name="rshb">NULL</column>
        </table>
        <table name="bank">
            <column name="id">3572</column>
            <column name="twitid">497736109879600000</column>
            <column name="date">1407504510</column>
            <column name="name">madzhuga</column>
            <column name="text">@sberbank Как прекратить ваш СМС-спам с предложением взять кредит?</column>
            <column name="sberbank">-1</column>
            <column name="vtb">NULL</column>
            <column name="gazprom">NULL</column>
            <column name="alfabank">NULL</column>
            <column name="bankmoskvy">NULL</column>
            <column name="raiffeisen">NULL</column>
            <column name="uralsib">NULL</column>
            <column name="rshb">NULL</column>
        </table>
        <table name="bank">
            <column name="id">3573</column>
            <column name="twitid">497737077614980000</column>
            <column name="date">1407504741</column>
            <column name="name">hibuhemoman</column>
            <column name="text">взять кредит в россельхозбанке молодая семья http://t.co/rBNjqbGgs8</column>
            <column name="sberbank">NULL</column>
            <column name="vtb">NULL</column>
            <column name="gazprom">NULL</column>
            <column name="alfabank">NULL</column>
            <column name="bankmoskvy">NULL</column>
            <column name="raiffeisen">NULL</column>
            <column name="uralsib">NULL</column>
            <column name="rshb">0</column>
        </table>
        <table name="bank">
            <column name="id">3574</column>
            <column name="twitid">497737165506640000</column>
            <column name="date">1407504762</column>
            <column name="name">JFedorov49</column>
            <column name="text">С 14 февраля 2014 года Сбербанк снижает процентные ставки на все популярные продукты ипотечного кредитования.. Сбербанк снижает процентные</column>
            <column name="sberbank">1</column>
            <column name="vtb">NULL</column>
            <column name="gazprom">NULL</column>
            <column name="alfabank">NULL</column>
            <column name="bankmoskvy">NULL</column>
            <column name="raiffeisen">NULL</column>
            <column name="uralsib">NULL</column>
            <column name="rshb">NULL</column>
        </table>
        <table name="bank">
            <column name="id">3575</column>
            <column name="twitid">497737691581400000</column>
            <column name="date">1407504887</column>
            <column name="name">baworyxeqin</column>
            <column name="text">RT @teneroqapete: http://t.co/kYDLdIE1XU Банк Москвы решил продать белорусскую «дочку»</column>
            <column name="sberbank">NULL</column>
            <column name="vtb">NULL</column>
            <column name="gazprom">NULL</column>
            <column name="alfabank">NULL</column>
            <column name="bankmoskvy">0</column>
            <column name="raiffeisen">NULL</column>
            <column name="uralsib">NULL</column>
            <column name="rshb">NULL</column>
        </table>
        <table name="bank">
            <column name="id">3576</column>
            <column name="twitid">497737737987190000</column>
            <column name="date">1407504898</column>
            <column name="name">AAbdullin57</column>
            <column name="text">Банк ВТБ продолжает финансирование строительства ОАО «СКДМ» временного городка для работников ОАО «Ямал СПГ». Банк ВТБ предоставил крупный</column>
            <column name="sberbank">NULL</column>
            <column name="vtb">0</column>
            <column name="gazprom">NULL</column>
            <column name="alfabank">NULL</column>
            <column name="bankmoskvy">NULL</column>
            <column name="raiffeisen">NULL</column>
            <column name="uralsib">NULL</column>
            <column name="rshb">NULL</column>
        </table>
        <table name="bank">
            <column name="id">3577</column>
            <column name="twitid">497738522343010000</column>
            <column name="date">1407505085</column>
            <column name="name">Shvetzovaatacco</column>
            <column name="text">RT @JacquelineLansk: Банк Москвы продает белорусскую «дочку»</column>
            <column name="sberbank">NULL</column>
            <column name="vtb">NULL</column>
            <column name="gazprom">NULL</column>
            <column name="alfabank">NULL</column>
            <column name="bankmoskvy">0</column>
            <column name="raiffeisen">NULL</column>
            <column name="uralsib">NULL</column>
            <column name="rshb">NULL</column>
        </table>
        <table name="bank">
            <column name="id">3578</column>
            <column name="twitid">497739404208010000</column>
            <column name="date">1407505296</column>
            <column name="name">dntcun1</column>
            <column name="text">RT @Kozhemjakin: Банк Москвы решил продать бизнес в Белоруссии:
http://t.co/ubDN4QuZTh</column>
            <column name="sberbank">NULL</column>
            <column name="vtb">NULL</column>
            <column name="gazprom">NULL</column>
            <column name="alfabank">NULL</column>
            <column name="bankmoskvy">0</column>
            <column name="raiffeisen">NULL</column>
            <column name="uralsib">NULL</column>
            <column name="rshb">NULL</column>
        </table>
        <table name="bank">
            <column name="id">3579</column>
            <column name="twitid">497740365462790000</column>
            <column name="date">1407505525</column>
            <column name="name">cejuxalikuq</column>
            <column name="text">беспроцентный кредит альфабанк http://t.co/fMLpUc0Bts</column>
            <column name="sberbank">NULL</column>
            <column name="vtb">NULL</column>
            <column name="gazprom">NULL</column>
            <column name="alfabank">0</column>
            <column name="bankmoskvy">NULL</column>
            <column name="raiffeisen">NULL</column>
            <column name="uralsib">NULL</column>
            <column name="rshb">NULL</column>
        </table>
        <table name="bank">
            <column name="id">3580</column>
            <column name="twitid">497740494185570000</column>
            <column name="date">1407505556</column>
            <column name="name">Triellijac</column>
            <column name="text">Греф не исключает, что скоро Сбербанк повысит ставки по вкладам</column>
            <column name="sberbank">1</column>
            <column name="vtb">NULL</column>
            <column name="gazprom">NULL</column>
            <column name="alfabank">NULL</column>
            <column name="bankmoskvy">NULL</column>
            <column name="raiffeisen">NULL</column>
            <column name="uralsib">NULL</column>
            <column name="rshb">NULL</column>
        </table>
        <table name="bank">
            <column name="id">3581</column>
            <column name="twitid">497741101965400000</column>
            <column name="date">1407505700</column>
            <column name="name">cinuqotyqal</column>
            <column name="text">ипотечный калькулятор в россельхозбанке http://t.co/hQp2CP1Ho1</column>
            <column name="sberbank">NULL</column>
            <column name="vtb">NULL</column>
            <column name="gazprom">NULL</column>
            <column name="alfabank">NULL</column>
            <column name="bankmoskvy">NULL</column>
            <column name="raiffeisen">NULL</column>
            <column name="uralsib">NULL</column>
            <column name="rshb">0</column>
        </table>
        <table name="bank">
            <column name="id">3582</column>
            <column name="twitid">497741102602920000</column>
            <column name="date">1407505701</column>
            <column name="name">lumenandrain</column>
            <column name="text">Банк «Москва-Минск» выставят на продажу: «Банк Москвы» планирует продать дочернюю структуру в Беларуси.</column>
            <column name="sberbank">NULL</column>
            <column name="vtb">NULL</column>
            <column name="gazprom">NULL</column>
            <column name="alfabank">NULL</column>
            <column name="bankmoskvy">0</column>
            <column name="raiffeisen">NULL</column>
            <column name="uralsib">NULL</column>
            <column name="rshb">NULL</column>
        </table>
        <table name="bank">
            <column name="id">3583</column>
            <column name="twitid">497741556061710000</column>
            <column name="date">1407505809</column>
            <column name="name">ToddEasley4</column>
            <column name="text">RT @BethCla10024662: Сбербанк начал выпуск карт на базе российской платежной системы ПРО100</column>
            <column name="sberbank">0</column>
            <column name="vtb">NULL</column>
            <column name="gazprom">NULL</column>
            <column name="alfabank">NULL</column>
            <column name="bankmoskvy">NULL</column>
            <column name="raiffeisen">NULL</column>
            <column name="uralsib">NULL</column>
            <column name="rshb">NULL</column>
        </table>
        <table name="bank">
            <column name="id">3584</column>
            <column name="twitid">497742197916440000</column>
            <column name="date">1407505962</column>
            <column name="name">llinsPowel</column>
            <column name="text">http://t.co/fyWUHdrF1s Взять потребительский кредит в россельхозбанке</column>
            <column name="sberbank">NULL</column>
            <column name="vtb">NULL</column>
            <column name="gazprom">NULL</column>
            <column name="alfabank">NULL</column>
            <column name="bankmoskvy">NULL</column>
            <column name="raiffeisen">NULL</column>
            <column name="uralsib">NULL</column>
            <column name="rshb">0</column>
        </table>
        <table name="bank">
            <column name="id">3585</column>
            <column name="twitid">497742836490840000</column>
            <column name="date">1407506114</column>
            <column name="name">SPetrova14</column>
            <column name="text">Сбербанк выпустил обновленную версию интернет-банка Сбербанк Онлайн с более простым и удобным интерфейсом.. Вологжанам доступна обновленная</column>
            <column name="sberbank">1</column>
            <column name="vtb">NULL</column>
            <column name="gazprom">NULL</column>
            <column name="alfabank">NULL</column>
            <column name="bankmoskvy">NULL</column>
            <column name="raiffeisen">NULL</column>
            <column name="uralsib">NULL</column>
            <column name="rshb">NULL</column>
        </table>
        <table name="bank">
            <column name="id">3586</column>
            <column name="twitid">497748300024780000</column>
            <column name="date">1407507417</column>
            <column name="name">news_mari_el</column>
            <column name="text">В июле Сбербанк в Марий Эл выдал более 2000 потребительских кредитов
По данным отделения Марий Эл Сбербанка России, в http://t.co/buJ9L69MqM</column>
            <column name="sberbank">0</column>
            <column name="vtb">NULL</column>
            <column name="gazprom">NULL</column>
            <column name="alfabank">NULL</column>
            <column name="bankmoskvy">NULL</column>
            <column name="raiffeisen">NULL</column>
            <column name="uralsib">NULL</column>
            <column name="rshb">NULL</column>
        </table>
        <table name="bank">
            <column name="id">3587</column>
            <column name="twitid">497748686974480000</column>
            <column name="date">1407507509</column>
            <column name="name">psibahGi</column>
            <column name="text">банк москвы калькулятор кредита автокредит http://t.co/OQb07lffuV</column>
            <column name="sberbank">NULL</column>
            <column name="vtb">NULL</column>
            <column name="gazprom">NULL</column>
            <column name="alfabank">NULL</column>
            <column name="bankmoskvy">0</column>
            <column name="raiffeisen">NULL</column>
            <column name="uralsib">NULL</column>
            <column name="rshb">NULL</column>
        </table>
        <table name="bank">
            <column name="id">3588</column>
            <column name="twitid">497749351847190000</column>
            <column name="date">1407507667</column>
            <column name="name">zunuhedutoc</column>
            <column name="text">беспроцентная кредитная карта сбербанк http://t.co/AqFOV0U4Mm</column>
            <column name="sberbank">0</column>
            <column name="vtb">NULL</column>
            <column name="gazprom">NULL</column>
            <column name="alfabank">NULL</column>
            <column name="bankmoskvy">NULL</column>
            <column name="raiffeisen">NULL</column>
            <column name="uralsib">NULL</column>
            <column name="rshb">NULL</column>
        </table>
        <table name="bank">
            <column name="id">3589</column>
            <column name="twitid">497750046465470000</column>
            <column name="date">1407507833</column>
            <column name="name">vadimbetman</column>
            <column name="text">100% #FollowBack,#RT Сбербанк заблокирует все банкоматы: В воскресенье прекратят работу терминалы и мобильные…</column>
            <column name="sberbank">-1</column>
            <column name="vtb">NULL</column>
            <column name="gazprom">NULL</column>
            <column name="alfabank">NULL</column>
            <column name="bankmoskvy">NULL</column>
            <column name="raiffeisen">NULL</column>
            <column name="uralsib">NULL</column>
            <column name="rshb">NULL</column>
        </table>
        <table name="bank">
            <column name="id">3590</column>
            <column name="twitid">497750094343850000</column>
            <column name="date">1407507844</column>
            <column name="name">gajacacebade</column>
            <column name="text">банк москвы и транскредитбанк http://t.co/KAPqCufAEC</column>
            <column name="sberbank">NULL</column>
            <column name="vtb">NULL</column>
            <column name="gazprom">NULL</column>
            <column name="alfabank">NULL</column>
            <column name="bankmoskvy">0</column>
            <column name="raiffeisen">NULL</column>
            <column name="uralsib">NULL</column>
            <column name="rshb">NULL</column>
        </table>
        <table name="bank">
            <column name="id">3591</column>
            <column name="twitid">497750968793330000</column>
            <column name="date">1407508053</column>
            <column name="name">qyggrumik</column>
            <column name="text">http://t.co/mK0dOeRRKC Сбербанк взять кредит при наличии одного документа</column>
            <column name="sberbank">0</column>
            <column name="vtb">NULL</column>
            <column name="gazprom">NULL</column>
            <column name="alfabank">NULL</column>
            <column name="bankmoskvy">NULL</column>
            <column name="raiffeisen">NULL</column>
            <column name="uralsib">NULL</column>
            <column name="rshb">NULL</column>
        </table>
        <table name="bank">
            <column name="id">3592</column>
            <column name="twitid">497751519140150000</column>
            <column name="date">1407508184</column>
            <column name="name">it_net_news</column>
            <column name="text">#runews Сбербанк заблокирует все банкоматы  #новости</column>
            <column name="sberbank">-1</column>
            <column name="vtb">NULL</column>
            <column name="gazprom">NULL</column>
            <column name="alfabank">NULL</column>
            <column name="bankmoskvy">NULL</column>
            <column name="raiffeisen">NULL</column>
            <column name="uralsib">NULL</column>
            <column name="rshb">NULL</column>
        </table>
        <table name="bank">
            <column name="id">3593</column>
            <column name="twitid">497751519605700000</column>
            <column name="date">1407508184</column>
            <column name="name">NatsuDragonFly</column>
            <column name="text">100% #FollowBack Сбербанк заблокирует все банкоматы  #RT</column>
            <column name="sberbank">-1</column>
            <column name="vtb">NULL</column>
            <column name="gazprom">NULL</column>
            <column name="alfabank">NULL</column>
            <column name="bankmoskvy">NULL</column>
            <column name="raiffeisen">NULL</column>
            <column name="uralsib">NULL</column>
            <column name="rshb">NULL</column>
        </table>
        <table name="bank">
            <column name="id">3594</column>
            <column name="twitid">497751519706350000</column>
            <column name="date">1407508184</column>
            <column name="name">KadyrovOlimjon</column>
            <column name="text">#seo #fyseo_ru Сбербанк заблокирует все банкоматы: В воскресенье прекратят работу терминалы и мобильные...  #новости #Яндекс</column>
            <column name="sberbank">-1</column>
            <column name="vtb">NULL</column>
            <column name="gazprom">NULL</column>
            <column name="alfabank">NULL</column>
            <column name="bankmoskvy">NULL</column>
            <column name="raiffeisen">NULL</column>
            <column name="uralsib">NULL</column>
            <column name="rshb">NULL</column>
        </table>
        <table name="bank">
            <column name="id">3595</column>
            <column name="twitid">497752445045730000</column>
            <column name="date">1407508405</column>
            <column name="name">mujasonyjuf</column>
            <column name="text">банк москвы сделать заявку на кредит наличными http://t.co/uEC281bT9O</column>
            <column name="sberbank">NULL</column>
            <column name="vtb">NULL</column>
            <column name="gazprom">NULL</column>
            <column name="alfabank">NULL</column>
            <column name="bankmoskvy">0</column>
            <column name="raiffeisen">NULL</column>
            <column name="uralsib">NULL</column>
            <column name="rshb">NULL</column>
        </table>
        <table name="bank">
            <column name="id">3596</column>
            <column name="twitid">497753044717560000</column>
            <column name="date">1407508548</column>
            <column name="name">regi__rina</column>
            <column name="text">#RT Сбербанк заблокирует все банкоматы  #FF_RU</column>
            <column name="sberbank">-1</column>
            <column name="vtb">NULL</column>
            <column name="gazprom">NULL</column>
            <column name="alfabank">NULL</column>
            <column name="bankmoskvy">NULL</column>
            <column name="raiffeisen">NULL</column>
            <column name="uralsib">NULL</column>
            <column name="rshb">NULL</column>
        </table>
        <table name="bank">
            <column name="id">3597</column>
            <column name="twitid">497753141690250000</column>
            <column name="date">1407508571</column>
            <column name="name">zaqelosiguve</column>
            <column name="text">взять кредит в краснодаре в альфа банке рассчитать http://t.co/LdI3muW1Ar</column>
            <column name="sberbank">NULL</column>
            <column name="vtb">NULL</column>
            <column name="gazprom">NULL</column>
            <column name="alfabank">0</column>
            <column name="bankmoskvy">NULL</column>
            <column name="raiffeisen">NULL</column>
            <column name="uralsib">NULL</column>
            <column name="rshb">NULL</column>
        </table>
        <table name="bank">
            <column name="id">3598</column>
            <column name="twitid">497754208201110000</column>
            <column name="date">1407508825</column>
            <column name="name">NBevar</column>
            <column name="text">банк втб 24 взять кредит с плохой графикой http://t.co/QomoPiShgj</column>
            <column name="sberbank">NULL</column>
            <column name="vtb">0</column>
            <column name="gazprom">NULL</column>
            <column name="alfabank">NULL</column>
            <column name="bankmoskvy">NULL</column>
            <column name="raiffeisen">NULL</column>
            <column name="uralsib">NULL</column>
            <column name="rshb">NULL</column>
        </table>
        <table name="bank">
            <column name="id">3599</column>
            <column name="twitid">497756014180320000</column>
            <column name="date">1407509256</column>
            <column name="name">AlexanderS_P</column>
            <column name="text">Зачем в ТК Кольцо столько Банкоматов @sberbank ... Если во всех cash-in не работает?????</column>
            <column name="sberbank">-1</column>
            <column name="vtb">NULL</column>
            <column name="gazprom">NULL</column>
            <column name="alfabank">NULL</column>
            <column name="bankmoskvy">NULL</column>
            <column name="raiffeisen">NULL</column>
            <column name="uralsib">NULL</column>
            <column name="rshb">NULL</column>
        </table>
        <table name="bank">
            <column name="id">3600</column>
            <column name="twitid">497757959410450000</column>
            <column name="date">1407509720</column>
            <column name="name">vukizaxypyg</column>
            <column name="text">взять кредит от альфа банк 100 дней http://t.co/46NwqLa9Fo</column>
            <column name="sberbank">NULL</column>
            <column name="vtb">NULL</column>
            <column name="gazprom">NULL</column>
            <column name="alfabank">0</column>
            <column name="bankmoskvy">NULL</column>
            <column name="raiffeisen">NULL</column>
            <column name="uralsib">NULL</column>
            <column name="rshb">NULL</column>
        </table>
    </database>
</pma_xml_export>