<?xml version="1.0" encoding="utf-8"?>
<!--
- phpMyAdmin XML Dump
- version 4.0.4.1
- http://www.phpmyadmin.net
-
- Хост: localhost
- Время создания: Окт 28 2014 г., 09:04
- Версия сервера: 5.6.12
- Версия PHP: 5.5.3
-->

<pma_xml_export version="1.0" xmlns:pma="http://www.phpmyadmin.net/some_doc_url/">
    <!--
    - Structure schemas
    -->
    <pma:structure_schemas>
        <pma:database name="Romip" collation="utf8_general_ci" charset="utf8">
            <pma:table name="bank">
                CREATE TABLE `bank` (
                  `id` int(11) NOT NULL AUTO_INCREMENT,
                  `twitid` bigint(32) NOT NULL DEFAULT '0',
                  `date` varchar(128) DEFAULT NULL,
                  `name` varchar(128) DEFAULT NULL,
                  `text` varchar(256) DEFAULT NULL,
                  `sberbank` int(11) DEFAULT NULL,
                  `vtb` int(11) DEFAULT NULL,
                  `gazprom` int(11) DEFAULT NULL,
                  `alfabank` int(11) DEFAULT NULL,
                  `bankmoskvy` int(11) DEFAULT NULL,
                  `raiffeisen` int(11) DEFAULT NULL,
                  `uralsib` int(11) DEFAULT NULL,
                  `rshb` int(11) DEFAULT NULL,
                  PRIMARY KEY (`id`),
                  UNIQUE KEY `id` (`twitid`)
                ) ENGINE=InnoDB AUTO_INCREMENT=7924 DEFAULT CHARSET=utf8;
            </pma:table>
        </pma:database>
    </pma:structure_schemas>

    <!--
    - База данных: 'Romip'
    -->
    <database name="Romip">
        <!-- Таблица bank -->
        <table name="bank">
            <column name="id">2701</column>
            <column name="twitid">495791521585990000</column>
            <column name="date">1407040884</column>
            <column name="name">VLeonova29</column>
            <column name="text">США ввели санкции против Банка Москвы, ВТБ, Россельхозбанка и ОСК.США ввели санкции против Банка Москвы, ВТБ, Россельхозбанка и ОСК</column>
            <column name="sberbank">NULL</column>
            <column name="vtb">-1</column>
            <column name="gazprom">NULL</column>
            <column name="alfabank">NULL</column>
            <column name="bankmoskvy">-1</column>
            <column name="raiffeisen">NULL</column>
            <column name="uralsib">NULL</column>
            <column name="rshb">-1</column>
        </table>
        <table name="bank">
            <column name="id">2702</column>
            <column name="twitid">495798422008760000</column>
            <column name="date">1407042529</column>
            <column name="name">puqivuxunab</column>
            <column name="text">Сбер банк москвы кредиты http://t.co/qpPEws0dqH</column>
            <column name="sberbank">0</column>
            <column name="vtb">NULL</column>
            <column name="gazprom">NULL</column>
            <column name="alfabank">NULL</column>
            <column name="bankmoskvy">0</column>
            <column name="raiffeisen">NULL</column>
            <column name="uralsib">NULL</column>
            <column name="rshb">NULL</column>
        </table>
        <table name="bank">
            <column name="id">2703</column>
            <column name="twitid">495808909102560000</column>
            <column name="date">1407045030</column>
            <column name="name">ocnckm9710</column>
            <column name="text">Даст ли сбербанк кредит 1700000 http://t.co/d59RKAhOcm</column>
            <column name="sberbank">0</column>
            <column name="vtb">NULL</column>
            <column name="gazprom">NULL</column>
            <column name="alfabank">NULL</column>
            <column name="bankmoskvy">NULL</column>
            <column name="raiffeisen">NULL</column>
            <column name="uralsib">NULL</column>
            <column name="rshb">NULL</column>
        </table>
        <table name="bank">
            <column name="id">2704</column>
            <column name="twitid">495810318132870000</column>
            <column name="date">1407045366</column>
            <column name="name">ubolv698pa</column>
            <column name="text">Банк втб 24 кредит коммерсант http://t.co/DazjFANjlA</column>
            <column name="sberbank">NULL</column>
            <column name="vtb">0</column>
            <column name="gazprom">NULL</column>
            <column name="alfabank">NULL</column>
            <column name="bankmoskvy">NULL</column>
            <column name="raiffeisen">NULL</column>
            <column name="uralsib">NULL</column>
            <column name="rshb">NULL</column>
        </table>
        <table name="bank">
            <column name="id">2705</column>
            <column name="twitid">495811522619540000</column>
            <column name="date">1407045653</column>
            <column name="name">ormilale</column>
            <column name="text">Автокредит втб 24 ростов на дону http://t.co/QGrSDHxLQ1</column>
            <column name="sberbank">NULL</column>
            <column name="vtb">0</column>
            <column name="gazprom">NULL</column>
            <column name="alfabank">NULL</column>
            <column name="bankmoskvy">NULL</column>
            <column name="raiffeisen">NULL</column>
            <column name="uralsib">NULL</column>
            <column name="rshb">NULL</column>
        </table>
        <table name="bank">
            <column name="id">2706</column>
            <column name="twitid">495813404813430000</column>
            <column name="date">1407046102</column>
            <column name="name">viniminarez</column>
            <column name="text">Потребительский кредит заявка через интернет втб 24 http://t.co/Pi6LON5Poc</column>
            <column name="sberbank">NULL</column>
            <column name="vtb">0</column>
            <column name="gazprom">NULL</column>
            <column name="alfabank">NULL</column>
            <column name="bankmoskvy">NULL</column>
            <column name="raiffeisen">NULL</column>
            <column name="uralsib">NULL</column>
            <column name="rshb">NULL</column>
        </table>
        <table name="bank">
            <column name="id">2707</column>
            <column name="twitid">495814780561940000</column>
            <column name="date">1407046430</column>
            <column name="name">BryanKodba4</column>
            <column name="text">В Тамбове Сбербанк выделит кредитные средства на строительство 236-квартирного дома</column>
            <column name="sberbank">0</column>
            <column name="vtb">NULL</column>
            <column name="gazprom">NULL</column>
            <column name="alfabank">NULL</column>
            <column name="bankmoskvy">NULL</column>
            <column name="raiffeisen">NULL</column>
            <column name="uralsib">NULL</column>
            <column name="rshb">NULL</column>
        </table>
        <table name="bank">
            <column name="id">2708</column>
            <column name="twitid">495815044236850000</column>
            <column name="date">1407046493</column>
            <column name="name">mitrosft</column>
            <column name="text">RT @GrishkaUrgant: Чтобы ввести санкции против @sberbank , странам Евросоюза пришлось отстоять часовую очередь.</column>
            <column name="sberbank">-1</column>
            <column name="vtb">NULL</column>
            <column name="gazprom">NULL</column>
            <column name="alfabank">NULL</column>
            <column name="bankmoskvy">NULL</column>
            <column name="raiffeisen">NULL</column>
            <column name="uralsib">NULL</column>
            <column name="rshb">NULL</column>
        </table>
        <table name="bank">
            <column name="id">2709</column>
            <column name="twitid">495817013659320000</column>
            <column name="date">1407046962</column>
            <column name="name">gyminozepom</column>
            <column name="text">RT @qupucafygysi: Сбербанк и ВТБ пообещали выполнить обязательства перед клиентами</column>
            <column name="sberbank">1</column>
            <column name="vtb">1</column>
            <column name="gazprom">NULL</column>
            <column name="alfabank">NULL</column>
            <column name="bankmoskvy">NULL</column>
            <column name="raiffeisen">NULL</column>
            <column name="uralsib">NULL</column>
            <column name="rshb">NULL</column>
        </table>
        <table name="bank">
            <column name="id">2710</column>
            <column name="twitid">495817576157430000</column>
            <column name="date">1407047096</column>
            <column name="name">vuqugobekadazu</column>
            <column name="text">RT @LaniganMicky: http://t.co/VBbMQRy7qh Сбербанк увидел в санкциях ЕС угрозу для глобальной финансовой&amp;amp;#8230;</column>
            <column name="sberbank">0</column>
            <column name="vtb">NULL</column>
            <column name="gazprom">NULL</column>
            <column name="alfabank">NULL</column>
            <column name="bankmoskvy">NULL</column>
            <column name="raiffeisen">NULL</column>
            <column name="uralsib">NULL</column>
            <column name="rshb">NULL</column>
        </table>
        <table name="bank">
            <column name="id">2711</column>
            <column name="twitid">495820220129240000</column>
            <column name="date">1407047727</column>
            <column name="name">ma1l_a</column>
            <column name="text">ЕС распространил санкции на Сбербанк, ВТБ, ВЭБ, Газпромбанк и Россельхозбанк Также Евросоюз ввел ограничения на поставки РФ</column>
            <column name="sberbank">-1</column>
            <column name="vtb">-1</column>
            <column name="gazprom">-1</column>
            <column name="alfabank">NULL</column>
            <column name="bankmoskvy">NULL</column>
            <column name="raiffeisen">NULL</column>
            <column name="uralsib">NULL</column>
            <column name="rshb">-1</column>
        </table>
        <table name="bank">
            <column name="id">2712</column>
            <column name="twitid">495822098972300000</column>
            <column name="date">1407048174</column>
            <column name="name">MKazakova23</column>
            <column name="text">61030166265.В связи с тем, что проводимые ранее торги на ЭТП - www.sberbank-ast. по продаже имущества ООО «Югстройсервис» по лоту №1 и лоту</column>
            <column name="sberbank">--</column>
            <column name="vtb">NULL</column>
            <column name="gazprom">NULL</column>
            <column name="alfabank">NULL</column>
            <column name="bankmoskvy">NULL</column>
            <column name="raiffeisen">NULL</column>
            <column name="uralsib">NULL</column>
            <column name="rshb">NULL</column>
        </table>
        <table name="bank">
            <column name="id">2713</column>
            <column name="twitid">495828816158540000</column>
            <column name="date">1407049776</column>
            <column name="name">IgorLukianchuk</column>
            <column name="text">RT @balamot: Посольство США остановило выдачу виз.Банки ВТБ и Сбербанк в предраковом состоянии.Сибирь не хочет кормить Москву...</column>
            <column name="sberbank">-1</column>
            <column name="vtb">-1</column>
            <column name="gazprom">NULL</column>
            <column name="alfabank">NULL</column>
            <column name="bankmoskvy">NULL</column>
            <column name="raiffeisen">NULL</column>
            <column name="uralsib">NULL</column>
            <column name="rshb">NULL</column>
        </table>
        <table name="bank">
            <column name="id">2714</column>
            <column name="twitid">495831494032910000</column>
            <column name="date">1407050414</column>
            <column name="name">moiweez</column>
            <column name="text">Кредиты для физических лиц сбербанк томск http://t.co/Si5hgnCvdQ</column>
            <column name="sberbank">0</column>
            <column name="vtb">NULL</column>
            <column name="gazprom">NULL</column>
            <column name="alfabank">NULL</column>
            <column name="bankmoskvy">NULL</column>
            <column name="raiffeisen">NULL</column>
            <column name="uralsib">NULL</column>
            <column name="rshb">NULL</column>
        </table>
        <table name="bank">
            <column name="id">2715</column>
            <column name="twitid">495841421224870000</column>
            <column name="date">1407052781</column>
            <column name="name">tedentibi1988</column>
            <column name="text">Житель Кубани пытался &quot;нагреть&quot; Россельхозбанк на 65 миллионов рублей</column>
            <column name="sberbank">NULL</column>
            <column name="vtb">NULL</column>
            <column name="gazprom">NULL</column>
            <column name="alfabank">NULL</column>
            <column name="bankmoskvy">NULL</column>
            <column name="raiffeisen">NULL</column>
            <column name="uralsib">NULL</column>
            <column name="rshb">--</column>
        </table>
        <table name="bank">
            <column name="id">2716</column>
            <column name="twitid">495841769003550000</column>
            <column name="date">1407052864</column>
            <column name="name">worldnewsday</column>
            <column name="text">Я.Новости | Финансы: Сбербанк с сожалением воспринимает введение санкций со стороны ЕС http://t.co/H8O0kVbX8h</column>
            <column name="sberbank">0</column>
            <column name="vtb">NULL</column>
            <column name="gazprom">NULL</column>
            <column name="alfabank">NULL</column>
            <column name="bankmoskvy">NULL</column>
            <column name="raiffeisen">NULL</column>
            <column name="uralsib">NULL</column>
            <column name="rshb">NULL</column>
        </table>
        <table name="bank">
            <column name="id">2717</column>
            <column name="twitid">495841966815730000</column>
            <column name="date">1407052911</column>
            <column name="name">Nuarimdisi</column>
            <column name="text">В Тамбове Сбербанк выделит кредитные средства на строительство&amp;amp;#8230;</column>
            <column name="sberbank">0</column>
            <column name="vtb">NULL</column>
            <column name="gazprom">NULL</column>
            <column name="alfabank">NULL</column>
            <column name="bankmoskvy">NULL</column>
            <column name="raiffeisen">NULL</column>
            <column name="uralsib">NULL</column>
            <column name="rshb">NULL</column>
        </table>
        <table name="bank">
            <column name="id">2718</column>
            <column name="twitid">495842122839230000</column>
            <column name="date">1407052949</column>
            <column name="name">twawesoni</column>
            <column name="text">ОАО ВНЕШТОРГБАНК // Комментарии</column>
            <column name="sberbank">NULL</column>
            <column name="vtb">0</column>
            <column name="gazprom">NULL</column>
            <column name="alfabank">NULL</column>
            <column name="bankmoskvy">NULL</column>
            <column name="raiffeisen">NULL</column>
            <column name="uralsib">NULL</column>
            <column name="rshb">NULL</column>
        </table>
        <table name="bank">
            <column name="id">2719</column>
            <column name="twitid">495844266300940000</column>
            <column name="date">1407053460</column>
            <column name="name">seoroee57u</column>
            <column name="text">Видновский сбербанк кредитный отдел http://t.co/C5zRjA2sc8</column>
            <column name="sberbank">0</column>
            <column name="vtb">NULL</column>
            <column name="gazprom">NULL</column>
            <column name="alfabank">NULL</column>
            <column name="bankmoskvy">NULL</column>
            <column name="raiffeisen">NULL</column>
            <column name="uralsib">NULL</column>
            <column name="rshb">NULL</column>
        </table>
        <table name="bank">
            <column name="id">2720</column>
            <column name="twitid">495847275718260000</column>
            <column name="date">1407054177</column>
            <column name="name">AUshakov33</column>
            <column name="text">Вообще, конечно, багрепорт надо было в сбер отправлять, а не публиковать – но со сбером это не особо поможет, хотя</column>
            <column name="sberbank">-1</column>
            <column name="vtb">NULL</column>
            <column name="gazprom">NULL</column>
            <column name="alfabank">NULL</column>
            <column name="bankmoskvy">NULL</column>
            <column name="raiffeisen">NULL</column>
            <column name="uralsib">NULL</column>
            <column name="rshb">NULL</column>
        </table>
        <table name="bank">
            <column name="id">2721</column>
            <column name="twitid">495848363745870000</column>
            <column name="date">1407054436</column>
            <column name="name">MLebedev29</column>
            <column name="text">На стабильную работу Россельхозбанка не повлияют санкции ЕС и США</column>
            <column name="sberbank">NULL</column>
            <column name="vtb">NULL</column>
            <column name="gazprom">NULL</column>
            <column name="alfabank">NULL</column>
            <column name="bankmoskvy">NULL</column>
            <column name="raiffeisen">NULL</column>
            <column name="uralsib">NULL</column>
            <column name="rshb">1</column>
        </table>
        <table name="bank">
            <column name="id">2722</column>
            <column name="twitid">495851778819520000</column>
            <column name="date">1407055251</column>
            <column name="name">vobodakudq</column>
            <column name="text">Кредит в альфа банке луганск http://t.co/o0c5dMZmho</column>
            <column name="sberbank">NULL</column>
            <column name="vtb">NULL</column>
            <column name="gazprom">NULL</column>
            <column name="alfabank">0</column>
            <column name="bankmoskvy">NULL</column>
            <column name="raiffeisen">NULL</column>
            <column name="uralsib">NULL</column>
            <column name="rshb">NULL</column>
        </table>
        <table name="bank">
            <column name="id">2723</column>
            <column name="twitid">495854707056070000</column>
            <column name="date">1407055949</column>
            <column name="name">ahuuu00raq</column>
            <column name="text">Кредит для физического лица внешторгбанк http://t.co/PDQHDCSN3J</column>
            <column name="sberbank">NULL</column>
            <column name="vtb">0</column>
            <column name="gazprom">NULL</column>
            <column name="alfabank">NULL</column>
            <column name="bankmoskvy">NULL</column>
            <column name="raiffeisen">NULL</column>
            <column name="uralsib">NULL</column>
            <column name="rshb">NULL</column>
        </table>
        <table name="bank">
            <column name="id">2724</column>
            <column name="twitid">495855962998440000</column>
            <column name="date">1407056248</column>
            <column name="name">maxustinov37</column>
            <column name="text">@GrishkaUrgant @radioutkin @sberbank предварительно взяв талончик, нажав на раздел - санкции.</column>
            <column name="sberbank">0</column>
            <column name="vtb">NULL</column>
            <column name="gazprom">NULL</column>
            <column name="alfabank">NULL</column>
            <column name="bankmoskvy">NULL</column>
            <column name="raiffeisen">NULL</column>
            <column name="uralsib">NULL</column>
            <column name="rshb">NULL</column>
        </table>
        <table name="bank">
            <column name="id">2725</column>
            <column name="twitid">495873750362240000</column>
            <column name="date">1407060489</column>
            <column name="name">mvuu03yk</column>
            <column name="text">Кредит на покупку автомобиля рубли сбербанк http://t.co/mxO3zcyT1E</column>
            <column name="sberbank">0</column>
            <column name="vtb">NULL</column>
            <column name="gazprom">NULL</column>
            <column name="alfabank">NULL</column>
            <column name="bankmoskvy">NULL</column>
            <column name="raiffeisen">NULL</column>
            <column name="uralsib">NULL</column>
            <column name="rshb">NULL</column>
        </table>
        <table name="bank">
            <column name="id">2726</column>
            <column name="twitid">495877151707900000</column>
            <column name="date">1407061300</column>
            <column name="name">SergeiTch_</column>
            <column name="text">@sberbank я достаточно мобилен; а недавно стал ещё мобильнее - пользуюсь лучшими мобильными приложениями от @tcsbank и @tinkoff_wallet</column>
            <column name="sberbank">--</column>
            <column name="vtb">NULL</column>
            <column name="gazprom">NULL</column>
            <column name="alfabank">NULL</column>
            <column name="bankmoskvy">NULL</column>
            <column name="raiffeisen">NULL</column>
            <column name="uralsib">NULL</column>
            <column name="rshb">NULL</column>
        </table>
        <table name="bank">
            <column name="id">2727</column>
            <column name="twitid">495882833282750000</column>
            <column name="date">1407062655</column>
            <column name="name">keithalzohare</column>
            <column name="text">Автокредиты через сбербанк рф http://t.co/9A5oRfYOyO</column>
            <column name="sberbank">0</column>
            <column name="vtb">NULL</column>
            <column name="gazprom">NULL</column>
            <column name="alfabank">NULL</column>
            <column name="bankmoskvy">NULL</column>
            <column name="raiffeisen">NULL</column>
            <column name="uralsib">NULL</column>
            <column name="rshb">NULL</column>
        </table>
        <table name="bank">
            <column name="id">2728</column>
            <column name="twitid">495883982274560000</column>
            <column name="date">1407062929</column>
            <column name="name">salleypqetillis</column>
            <column name="text">Кредиты в калининграде сбербанк http://t.co/nRQXjFGYIA</column>
            <column name="sberbank">0</column>
            <column name="vtb">NULL</column>
            <column name="gazprom">NULL</column>
            <column name="alfabank">NULL</column>
            <column name="bankmoskvy">NULL</column>
            <column name="raiffeisen">NULL</column>
            <column name="uralsib">NULL</column>
            <column name="rshb">NULL</column>
        </table>
        <table name="bank">
            <column name="id">2729</column>
            <column name="twitid">495897102203900000</column>
            <column name="date">1407066057</column>
            <column name="name">fukusozyryl</column>
            <column name="text">RT @harymazevyz: http://t.co/9TYgNFxJc2 Сбербанк застрахует имущество на полтриллиона рублей</column>
            <column name="sberbank">0</column>
            <column name="vtb">NULL</column>
            <column name="gazprom">NULL</column>
            <column name="alfabank">NULL</column>
            <column name="bankmoskvy">NULL</column>
            <column name="raiffeisen">NULL</column>
            <column name="uralsib">NULL</column>
            <column name="rshb">NULL</column>
        </table>
        <table name="bank">
            <column name="id">2730</column>
            <column name="twitid">495903529924840000</column>
            <column name="date">1407067589</column>
            <column name="name">tikhonovm</column>
            <column name="text">@adagamov @navalny как же теперь в Сбербанк и на Почту ходить?!</column>
            <column name="sberbank">0</column>
            <column name="vtb">NULL</column>
            <column name="gazprom">NULL</column>
            <column name="alfabank">NULL</column>
            <column name="bankmoskvy">NULL</column>
            <column name="raiffeisen">NULL</column>
            <column name="uralsib">NULL</column>
            <column name="rshb">NULL</column>
        </table>
        <table name="bank">
            <column name="id">2731</column>
            <column name="twitid">495910488732340000</column>
            <column name="date">1407069248</column>
            <column name="name">garrettnkhaudry</column>
            <column name="text">Как купить квартиру в кредит сбербанк http://t.co/ygjKPRJ6rZ</column>
            <column name="sberbank">0</column>
            <column name="vtb">NULL</column>
            <column name="gazprom">NULL</column>
            <column name="alfabank">NULL</column>
            <column name="bankmoskvy">NULL</column>
            <column name="raiffeisen">NULL</column>
            <column name="uralsib">NULL</column>
            <column name="rshb">NULL</column>
        </table>
        <table name="bank">
            <column name="id">2732</column>
            <column name="twitid">495918534246290000</column>
            <column name="date">1407071166</column>
            <column name="name">wyzyxetyqif</column>
            <column name="text">RT @wamibitymuw: США ввели санкции против Банка Москвы, ВТБ, Россельхозбанка и ОСК</column>
            <column name="sberbank">NULL</column>
            <column name="vtb">-1</column>
            <column name="gazprom">NULL</column>
            <column name="alfabank">NULL</column>
            <column name="bankmoskvy">-1</column>
            <column name="raiffeisen">NULL</column>
            <column name="uralsib">NULL</column>
            <column name="rshb">-1</column>
        </table>
        <table name="bank">
            <column name="id">2733</column>
            <column name="twitid">495920071248970000</column>
            <column name="date">1407071533</column>
            <column name="name">MUshakova50</column>
            <column name="text">Сбербанк и Газпромбанк подпали под секторальные санкции ЕС наряду с ВТБ, ВЭБом, РСХБ.</column>
            <column name="sberbank">-1</column>
            <column name="vtb">-1</column>
            <column name="gazprom">-1</column>
            <column name="alfabank">NULL</column>
            <column name="bankmoskvy">NULL</column>
            <column name="raiffeisen">NULL</column>
            <column name="uralsib">NULL</column>
            <column name="rshb">-1</column>
        </table>
        <table name="bank">
            <column name="id">2734</column>
            <column name="twitid">495921736664510000</column>
            <column name="date">1407071930</column>
            <column name="name">fdxeyyy9bu</column>
            <column name="text">Машина отечественная в кредит через сбербанк http://t.co/N9nVh6kSFv</column>
            <column name="sberbank">0</column>
            <column name="vtb">NULL</column>
            <column name="gazprom">NULL</column>
            <column name="alfabank">NULL</column>
            <column name="bankmoskvy">NULL</column>
            <column name="raiffeisen">NULL</column>
            <column name="uralsib">NULL</column>
            <column name="rshb">NULL</column>
        </table>
        <table name="bank">
            <column name="id">2735</column>
            <column name="twitid">495924668726270000</column>
            <column name="date">1407072629</column>
            <column name="name">stephanielamcgu</column>
            <column name="text">Потребительский кредит сбербанк россии ярославль http://t.co/SBJTptHxfB</column>
            <column name="sberbank">0</column>
            <column name="vtb">NULL</column>
            <column name="gazprom">NULL</column>
            <column name="alfabank">NULL</column>
            <column name="bankmoskvy">NULL</column>
            <column name="raiffeisen">NULL</column>
            <column name="uralsib">NULL</column>
            <column name="rshb">NULL</column>
        </table>
        <table name="bank">
            <column name="id">2736</column>
            <column name="twitid">495925692610400000</column>
            <column name="date">1407072873</column>
            <column name="name">kasyqabihuh</column>
            <column name="text">Кредит наличными нижний новгород втб 24 http://t.co/dOI85WKtRZ</column>
            <column name="sberbank">NULL</column>
            <column name="vtb">0</column>
            <column name="gazprom">NULL</column>
            <column name="alfabank">NULL</column>
            <column name="bankmoskvy">NULL</column>
            <column name="raiffeisen">NULL</column>
            <column name="uralsib">NULL</column>
            <column name="rshb">NULL</column>
        </table>
        <table name="bank">
            <column name="id">2737</column>
            <column name="twitid">495925694409760000</column>
            <column name="date">1407072874</column>
            <column name="name">zziespytzo</column>
            <column name="text">Банки ужгорода альфа банк кредит http://t.co/uPgqD1cgPS</column>
            <column name="sberbank">NULL</column>
            <column name="vtb">NULL</column>
            <column name="gazprom">NULL</column>
            <column name="alfabank">0</column>
            <column name="bankmoskvy">NULL</column>
            <column name="raiffeisen">NULL</column>
            <column name="uralsib">NULL</column>
            <column name="rshb">NULL</column>
        </table>
        <table name="bank">
            <column name="id">2738</column>
            <column name="twitid">495927723555320000</column>
            <column name="date">1407073357</column>
            <column name="name">MPetrakov53</column>
            <column name="text">Обеспечить баланс интересов государства в развитии регионов страны намерен Россельхозбанк</column>
            <column name="sberbank">NULL</column>
            <column name="vtb">NULL</column>
            <column name="gazprom">NULL</column>
            <column name="alfabank">NULL</column>
            <column name="bankmoskvy">NULL</column>
            <column name="raiffeisen">NULL</column>
            <column name="uralsib">NULL</column>
            <column name="rshb">1</column>
        </table>
        <table name="bank">
            <column name="id">2739</column>
            <column name="twitid">495927770326000000</column>
            <column name="date">1407073369</column>
            <column name="name">jidipurosid</column>
            <column name="text">Раньше возврат кредита сбербанк http://t.co/HlO7IwSQhz</column>
            <column name="sberbank">0</column>
            <column name="vtb">NULL</column>
            <column name="gazprom">NULL</column>
            <column name="alfabank">NULL</column>
            <column name="bankmoskvy">NULL</column>
            <column name="raiffeisen">NULL</column>
            <column name="uralsib">NULL</column>
            <column name="rshb">NULL</column>
        </table>
        <table name="bank">
            <column name="id">2740</column>
            <column name="twitid">495928189798350000</column>
            <column name="date">1407073469</column>
            <column name="name">fynekiwowav</column>
            <column name="text">Кредиты для строительства россельхозбанк http://t.co/Gvqt6DvBUP</column>
            <column name="sberbank">NULL</column>
            <column name="vtb">NULL</column>
            <column name="gazprom">NULL</column>
            <column name="alfabank">NULL</column>
            <column name="bankmoskvy">NULL</column>
            <column name="raiffeisen">NULL</column>
            <column name="uralsib">NULL</column>
            <column name="rshb">0</column>
        </table>
        <table name="bank">
            <column name="id">2741</column>
            <column name="twitid">495934818463800000</column>
            <column name="date">1407075049</column>
            <column name="name">ogishky</column>
            <column name="text">Штраф за просроченный кредит в альфа банке http://t.co/VKQz0c3KrJ</column>
            <column name="sberbank">NULL</column>
            <column name="vtb">NULL</column>
            <column name="gazprom">NULL</column>
            <column name="alfabank">0</column>
            <column name="bankmoskvy">NULL</column>
            <column name="raiffeisen">NULL</column>
            <column name="uralsib">NULL</column>
            <column name="rshb">NULL</column>
        </table>
        <table name="bank">
            <column name="id">2742</column>
            <column name="twitid">495937909183510000</column>
            <column name="date">1407075786</column>
            <column name="name">RVlasov36</column>
            <column name="text">«Ипотечная среда» в Россельхозбанке.</column>
            <column name="sberbank">NULL</column>
            <column name="vtb">NULL</column>
            <column name="gazprom">NULL</column>
            <column name="alfabank">NULL</column>
            <column name="bankmoskvy">NULL</column>
            <column name="raiffeisen">NULL</column>
            <column name="uralsib">NULL</column>
            <column name="rshb">0</column>
        </table>
        <table name="bank">
            <column name="id">2743</column>
            <column name="twitid">495943332061640000</column>
            <column name="date">1407077079</column>
            <column name="name">rukitutiduve</column>
            <column name="text">RT @kenusozuxac: http://t.co/VpejjH1HCx Сбербанк и ВТБ пообещали выполнить обязательства перед клиентами</column>
            <column name="sberbank">1</column>
            <column name="vtb">1</column>
            <column name="gazprom">NULL</column>
            <column name="alfabank">NULL</column>
            <column name="bankmoskvy">NULL</column>
            <column name="raiffeisen">NULL</column>
            <column name="uralsib">NULL</column>
            <column name="rshb">NULL</column>
        </table>
        <table name="bank">
            <column name="id">2744</column>
            <column name="twitid">495943489226810000</column>
            <column name="date">1407077116</column>
            <column name="name">banadevendras</column>
            <column name="text">заказать кредитную карту газпромбанка http://t.co/HvEFKVmKiY</column>
            <column name="sberbank">NULL</column>
            <column name="vtb">NULL</column>
            <column name="gazprom">0</column>
            <column name="alfabank">NULL</column>
            <column name="bankmoskvy">NULL</column>
            <column name="raiffeisen">NULL</column>
            <column name="uralsib">NULL</column>
            <column name="rshb">NULL</column>
        </table>
        <table name="bank">
            <column name="id">2745</column>
            <column name="twitid">495946424342040000</column>
            <column name="date">1407077816</column>
            <column name="name">essiefomtmoulto</column>
            <column name="text">Хочу взять кредит сбербанк http://t.co/kh13i4t91B</column>
            <column name="sberbank">0</column>
            <column name="vtb">NULL</column>
            <column name="gazprom">NULL</column>
            <column name="alfabank">NULL</column>
            <column name="bankmoskvy">NULL</column>
            <column name="raiffeisen">NULL</column>
            <column name="uralsib">NULL</column>
            <column name="rshb">NULL</column>
        </table>
        <table name="bank">
            <column name="id">2746</column>
            <column name="twitid">495948386689090000</column>
            <column name="date">1407078284</column>
            <column name="name">hihyxinup</column>
            <column name="text">Заплатить за кредит альфа банк http://t.co/L4eCPhWRrl</column>
            <column name="sberbank">NULL</column>
            <column name="vtb">NULL</column>
            <column name="gazprom">NULL</column>
            <column name="alfabank">0</column>
            <column name="bankmoskvy">NULL</column>
            <column name="raiffeisen">NULL</column>
            <column name="uralsib">NULL</column>
            <column name="rshb">NULL</column>
        </table>
        <table name="bank">
            <column name="id">2747</column>
            <column name="twitid">495957139202900000</column>
            <column name="date">1407080371</column>
            <column name="name">imaveriaV</column>
            <column name="text">инструкции по банк сбербанк http://t.co/GRPI07oZNG #инструкции #по</column>
            <column name="sberbank">0</column>
            <column name="vtb">NULL</column>
            <column name="gazprom">NULL</column>
            <column name="alfabank">NULL</column>
            <column name="bankmoskvy">NULL</column>
            <column name="raiffeisen">NULL</column>
            <column name="uralsib">NULL</column>
            <column name="rshb">NULL</column>
        </table>
        <table name="bank">
            <column name="id">2748</column>
            <column name="twitid">495967902286500000</column>
            <column name="date">1407082937</column>
            <column name="name">lyzuxadyjy</column>
            <column name="text">Райфайзен банк аваль кредити http://t.co/nhcemrtI8f</column>
            <column name="sberbank">NULL</column>
            <column name="vtb">NULL</column>
            <column name="gazprom">NULL</column>
            <column name="alfabank">NULL</column>
            <column name="bankmoskvy">NULL</column>
            <column name="raiffeisen">0</column>
            <column name="uralsib">NULL</column>
            <column name="rshb">NULL</column>
        </table>
        <table name="bank">
            <column name="id">2749</column>
            <column name="twitid">495968361311120000</column>
            <column name="date">1407083046</column>
            <column name="name">raecopudia1987</column>
            <column name="text">3 августа. FINMARKET.RU - Кредитный портфель ВТБ 24 в Курганской области в январе-июне 2014 года вырос на 17%, до 5,5 млрд рублей, сообщил</column>
            <column name="sberbank">NULL</column>
            <column name="vtb">0</column>
            <column name="gazprom">NULL</column>
            <column name="alfabank">NULL</column>
            <column name="bankmoskvy">NULL</column>
            <column name="raiffeisen">NULL</column>
            <column name="uralsib">NULL</column>
            <column name="rshb">NULL</column>
        </table>
        <table name="bank">
            <column name="id">2750</column>
            <column name="twitid">495971970685870000</column>
            <column name="date">1407083907</column>
            <column name="name">yldisgood</column>
            <column name="text">Кредитная револьверная карта сбербанк http://t.co/GbkLEdXpDN</column>
            <column name="sberbank">0</column>
            <column name="vtb">NULL</column>
            <column name="gazprom">NULL</column>
            <column name="alfabank">NULL</column>
            <column name="bankmoskvy">NULL</column>
            <column name="raiffeisen">NULL</column>
            <column name="uralsib">NULL</column>
            <column name="rshb">NULL</column>
        </table>
        <table name="bank">
            <column name="id">2751</column>
            <column name="twitid">495972233450650000</column>
            <column name="date">1407083969</column>
            <column name="name">_TanyaEvans</column>
            <column name="text">@QKsusha я подтверждала через Сбербанк Онлайн, там выписка есть, то есть через интернет приложение. Можно в банк позвонить</column>
            <column name="sberbank">0</column>
            <column name="vtb">NULL</column>
            <column name="gazprom">NULL</column>
            <column name="alfabank">NULL</column>
            <column name="bankmoskvy">NULL</column>
            <column name="raiffeisen">NULL</column>
            <column name="uralsib">NULL</column>
            <column name="rshb">NULL</column>
        </table>
        <table name="bank">
            <column name="id">2752</column>
            <column name="twitid">495976302768560000</column>
            <column name="date">1407084940</column>
            <column name="name">MTarasov59</column>
            <column name="text">@RBobrov37 Хочу&quot;Наши деяния в руках Бога&quot; оплата на сбер и нужен пересыл. )</column>
            <column name="sberbank">--</column>
            <column name="vtb">NULL</column>
            <column name="gazprom">NULL</column>
            <column name="alfabank">NULL</column>
            <column name="bankmoskvy">NULL</column>
            <column name="raiffeisen">NULL</column>
            <column name="uralsib">NULL</column>
            <column name="rshb">NULL</column>
        </table>
        <table name="bank">
            <column name="id">2753</column>
            <column name="twitid">495976415649870000</column>
            <column name="date">1407084966</column>
            <column name="name">judazizuq</column>
            <column name="text">Кредитные карты втб 24 в спб http://t.co/VNq3VDQtjV</column>
            <column name="sberbank">NULL</column>
            <column name="vtb">0</column>
            <column name="gazprom">NULL</column>
            <column name="alfabank">NULL</column>
            <column name="bankmoskvy">NULL</column>
            <column name="raiffeisen">NULL</column>
            <column name="uralsib">NULL</column>
            <column name="rshb">NULL</column>
        </table>
        <table name="bank">
            <column name="id">2754</column>
            <column name="twitid">495977553845560000</column>
            <column name="date">1407085238</column>
            <column name="name">d_crucian</column>
            <column name="text">RT @Margarita30a0: оформить кредитную карту райффайзен http://t.co/Er3SfBFIcc</column>
            <column name="sberbank">NULL</column>
            <column name="vtb">NULL</column>
            <column name="gazprom">NULL</column>
            <column name="alfabank">NULL</column>
            <column name="bankmoskvy">NULL</column>
            <column name="raiffeisen">0</column>
            <column name="uralsib">NULL</column>
            <column name="rshb">NULL</column>
        </table>
        <table name="bank">
            <column name="id">2755</column>
            <column name="twitid">495978484876190000</column>
            <column name="date">1407085460</column>
            <column name="name">xobiqicu</column>
            <column name="text">Кредит на месяц альфа банк http://t.co/rAzKuPtDkB</column>
            <column name="sberbank">NULL</column>
            <column name="vtb">NULL</column>
            <column name="gazprom">NULL</column>
            <column name="alfabank">0</column>
            <column name="bankmoskvy">NULL</column>
            <column name="raiffeisen">NULL</column>
            <column name="uralsib">NULL</column>
            <column name="rshb">NULL</column>
        </table>
        <table name="bank">
            <column name="id">2756</column>
            <column name="twitid">495978595224160000</column>
            <column name="date">1407085486</column>
            <column name="name">GRazgulov</column>
            <column name="text">Кредит сбер банк казань http://t.co/0j3mZ0cegx</column>
            <column name="sberbank">0</column>
            <column name="vtb">NULL</column>
            <column name="gazprom">NULL</column>
            <column name="alfabank">NULL</column>
            <column name="bankmoskvy">NULL</column>
            <column name="raiffeisen">NULL</column>
            <column name="uralsib">NULL</column>
            <column name="rshb">NULL</column>
        </table>
        <table name="bank">
            <column name="id">2757</column>
            <column name="twitid">495981533191480000</column>
            <column name="date">1407086187</column>
            <column name="name">musacegot</column>
            <column name="text">Кредиты в альфа банке в калининграде http://t.co/uhYh7eZyCq</column>
            <column name="sberbank">NULL</column>
            <column name="vtb">NULL</column>
            <column name="gazprom">NULL</column>
            <column name="alfabank">0</column>
            <column name="bankmoskvy">NULL</column>
            <column name="raiffeisen">NULL</column>
            <column name="uralsib">NULL</column>
            <column name="rshb">NULL</column>
        </table>
        <table name="bank">
            <column name="id">2758</column>
            <column name="twitid">495990012115420000</column>
            <column name="date">1407088208</column>
            <column name="name">kimynuno</column>
            <column name="text">Кредит сбербанк г челябинск http://t.co/rtKE4oTCPa</column>
            <column name="sberbank">0</column>
            <column name="vtb">NULL</column>
            <column name="gazprom">NULL</column>
            <column name="alfabank">NULL</column>
            <column name="bankmoskvy">NULL</column>
            <column name="raiffeisen">NULL</column>
            <column name="uralsib">NULL</column>
            <column name="rshb">NULL</column>
        </table>
        <table name="bank">
            <column name="id">2759</column>
            <column name="twitid">495994776894720000</column>
            <column name="date">1407089344</column>
            <column name="name">uvomugutyy</column>
            <column name="text">руководство альфа банка ставрополь http://t.co/CoxwM0Xa1C #банка #руководство</column>
            <column name="sberbank">NULL</column>
            <column name="vtb">NULL</column>
            <column name="gazprom">NULL</column>
            <column name="alfabank">0</column>
            <column name="bankmoskvy">NULL</column>
            <column name="raiffeisen">NULL</column>
            <column name="uralsib">NULL</column>
            <column name="rshb">NULL</column>
        </table>
        <table name="bank">
            <column name="id">2760</column>
            <column name="twitid">495995171507810000</column>
            <column name="date">1407089438</column>
            <column name="name">pytunyce</column>
            <column name="text">Ипотечный кредит в россельхозбанке http://t.co/X0wZdF3y0y</column>
            <column name="sberbank">NULL</column>
            <column name="vtb">NULL</column>
            <column name="gazprom">NULL</column>
            <column name="alfabank">NULL</column>
            <column name="bankmoskvy">NULL</column>
            <column name="raiffeisen">NULL</column>
            <column name="uralsib">NULL</column>
            <column name="rshb">0</column>
        </table>
        <table name="bank">
            <column name="id">2761</column>
            <column name="twitid">495995662929260000</column>
            <column name="date">1407089555</column>
            <column name="name">worldnewsday</column>
            <column name="text">Я.Новости | Блоги: В санкционный список попали Сбербанк, ВТБ, Газпромбанк, ВЭБ и РСХБ http://t.co/teF8cI8HQn</column>
            <column name="sberbank">-1</column>
            <column name="vtb">-1</column>
            <column name="gazprom">-1</column>
            <column name="alfabank">NULL</column>
            <column name="bankmoskvy">NULL</column>
            <column name="raiffeisen">NULL</column>
            <column name="uralsib">NULL</column>
            <column name="rshb">-1</column>
        </table>
        <table name="bank">
            <column name="id">2762</column>
            <column name="twitid">495996691334850000</column>
            <column name="date">1407089801</column>
            <column name="name">EKostyukova</column>
            <column name="text">Встреча со специалистами ОАО «Россельхозбанк»! http://t.co/VyckRh32zr</column>
            <column name="sberbank">NULL</column>
            <column name="vtb">NULL</column>
            <column name="gazprom">NULL</column>
            <column name="alfabank">NULL</column>
            <column name="bankmoskvy">NULL</column>
            <column name="raiffeisen">NULL</column>
            <column name="uralsib">NULL</column>
            <column name="rshb">0</column>
        </table>
        <table name="bank">
            <column name="id">2763</column>
            <column name="twitid">495997125051020000</column>
            <column name="date">1407089904</column>
            <column name="name">onklawy521</column>
            <column name="text">Кредитная карта онлайн альфа банк http://t.co/p4zjTvF235</column>
            <column name="sberbank">NULL</column>
            <column name="vtb">NULL</column>
            <column name="gazprom">NULL</column>
            <column name="alfabank">0</column>
            <column name="bankmoskvy">NULL</column>
            <column name="raiffeisen">NULL</column>
            <column name="uralsib">NULL</column>
            <column name="rshb">NULL</column>
        </table>
        <table name="bank">
            <column name="id">2764</column>
            <column name="twitid">495998543690490000</column>
            <column name="date">1407090242</column>
            <column name="name">postreli86</column>
            <column name="text">Евросоюз ввел новые санкции против Сбербанка, ВТБ, Газпромбанка и ВЭБа</column>
            <column name="sberbank">-1</column>
            <column name="vtb">-1</column>
            <column name="gazprom">-1</column>
            <column name="alfabank">NULL</column>
            <column name="bankmoskvy">NULL</column>
            <column name="raiffeisen">NULL</column>
            <column name="uralsib">NULL</column>
            <column name="rshb">NULL</column>
        </table>
        <table name="bank">
            <column name="id">2765</column>
            <column name="twitid">495998593594320000</column>
            <column name="date">1407090254</column>
            <column name="name">vuxezumesi</column>
            <column name="text">Кредитный калькулятор сбер банка http://t.co/QCWdrtUgvB</column>
            <column name="sberbank">0</column>
            <column name="vtb">NULL</column>
            <column name="gazprom">NULL</column>
            <column name="alfabank">NULL</column>
            <column name="bankmoskvy">NULL</column>
            <column name="raiffeisen">NULL</column>
            <column name="uralsib">NULL</column>
            <column name="rshb">NULL</column>
        </table>
        <table name="bank">
            <column name="id">2766</column>
            <column name="twitid">495999676186100000</column>
            <column name="date">1407090512</column>
            <column name="name">RNikonov39</column>
            <column name="text">Волго-Вятский банк Сбербанк стали еще ближе к клиентам.</column>
            <column name="sberbank">1</column>
            <column name="vtb">NULL</column>
            <column name="gazprom">NULL</column>
            <column name="alfabank">NULL</column>
            <column name="bankmoskvy">NULL</column>
            <column name="raiffeisen">NULL</column>
            <column name="uralsib">NULL</column>
            <column name="rshb">NULL</column>
        </table>
        <table name="bank">
            <column name="id">2767</column>
            <column name="twitid">496002164368890000</column>
            <column name="date">1407091105</column>
            <column name="name">tububakyt</column>
            <column name="text">Начальник отдела кредитования фл сбербанк http://t.co/pbBzj8OgtP</column>
            <column name="sberbank">0</column>
            <column name="vtb">NULL</column>
            <column name="gazprom">NULL</column>
            <column name="alfabank">NULL</column>
            <column name="bankmoskvy">NULL</column>
            <column name="raiffeisen">NULL</column>
            <column name="uralsib">NULL</column>
            <column name="rshb">NULL</column>
        </table>
        <table name="bank">
            <column name="id">2768</column>
            <column name="twitid">496008940467940000</column>
            <column name="date">1407092721</column>
            <column name="name">rchetSch</column>
            <column name="text">http://t.co/foJ2KIbUC1 взять потребительский кредит в банк москвы</column>
            <column name="sberbank">NULL</column>
            <column name="vtb">NULL</column>
            <column name="gazprom">NULL</column>
            <column name="alfabank">NULL</column>
            <column name="bankmoskvy">0</column>
            <column name="raiffeisen">NULL</column>
            <column name="uralsib">NULL</column>
            <column name="rshb">NULL</column>
        </table>
        <table name="bank">
            <column name="id">2769</column>
            <column name="twitid">496009294828280000</column>
            <column name="date">1407092805</column>
            <column name="name">siqinufag</column>
            <column name="text">Банк москвы кредит иногородним http://t.co/zhLGuyZaTE</column>
            <column name="sberbank">NULL</column>
            <column name="vtb">NULL</column>
            <column name="gazprom">NULL</column>
            <column name="alfabank">NULL</column>
            <column name="bankmoskvy">0</column>
            <column name="raiffeisen">NULL</column>
            <column name="uralsib">NULL</column>
            <column name="rshb">NULL</column>
        </table>
        <table name="bank">
            <column name="id">2770</column>
            <column name="twitid">496015455597780000</column>
            <column name="date">1407094274</column>
            <column name="name">ichi5u15</column>
            <column name="text">#RT Давно не был у старых друзей. (@ Райффайзен Банк</column>
            <column name="sberbank">NULL</column>
            <column name="vtb">NULL</column>
            <column name="gazprom">NULL</column>
            <column name="alfabank">NULL</column>
            <column name="bankmoskvy">NULL</column>
            <column name="raiffeisen">--</column>
            <column name="uralsib">NULL</column>
            <column name="rshb">NULL</column>
        </table>
        <table name="bank">
            <column name="id">2771</column>
            <column name="twitid">496018307137700000</column>
            <column name="date">1407094954</column>
            <column name="name">elmocpyves</column>
            <column name="text">Жилищный кредит сбербанк россии http://t.co/vVYpxH5Crl</column>
            <column name="sberbank">0</column>
            <column name="vtb">NULL</column>
            <column name="gazprom">NULL</column>
            <column name="alfabank">NULL</column>
            <column name="bankmoskvy">NULL</column>
            <column name="raiffeisen">NULL</column>
            <column name="uralsib">NULL</column>
            <column name="rshb">NULL</column>
        </table>
        <table name="bank">
            <column name="id">2772</column>
            <column name="twitid">496019753170110000</column>
            <column name="date">1407095299</column>
            <column name="name">qeduwovoraj</column>
            <column name="text">Уралсиб банк субсидированное автокредитование г краснодар http://t.co/gtwXPnIeoR</column>
            <column name="sberbank">NULL</column>
            <column name="vtb">NULL</column>
            <column name="gazprom">NULL</column>
            <column name="alfabank">NULL</column>
            <column name="bankmoskvy">NULL</column>
            <column name="raiffeisen">NULL</column>
            <column name="uralsib">0</column>
            <column name="rshb">NULL</column>
        </table>
        <table name="bank">
            <column name="id">2773</column>
            <column name="twitid">496022640889690000</column>
            <column name="date">1407095987</column>
            <column name="name">DPavlov50</column>
            <column name="text">Директор филиала Россельхозбанка приговорен к условному сроку.По результатам проверки Прокуратурой Ульяновской области, теперь уже бывший д</column>
            <column name="sberbank">NULL</column>
            <column name="vtb">NULL</column>
            <column name="gazprom">NULL</column>
            <column name="alfabank">NULL</column>
            <column name="bankmoskvy">NULL</column>
            <column name="raiffeisen">NULL</column>
            <column name="uralsib">NULL</column>
            <column name="rshb">-1</column>
        </table>
        <table name="bank">
            <column name="id">2774</column>
            <column name="twitid">496022847073320000</column>
            <column name="date">1407096037</column>
            <column name="name">bilogatuby</column>
            <column name="text">Кредит альфа банка онлайн заявка http://t.co/3uKpChABM9</column>
            <column name="sberbank">NULL</column>
            <column name="vtb">NULL</column>
            <column name="gazprom">NULL</column>
            <column name="alfabank">0</column>
            <column name="bankmoskvy">NULL</column>
            <column name="raiffeisen">NULL</column>
            <column name="uralsib">NULL</column>
            <column name="rshb">NULL</column>
        </table>
        <table name="bank">
            <column name="id">2775</column>
            <column name="twitid">496027924987150000</column>
            <column name="date">1407097247</column>
            <column name="name">tfpoidower</column>
            <column name="text">Снижаются ставки по кредитам россельхозбанк 2014 http://t.co/1d3bB71QBT</column>
            <column name="sberbank">NULL</column>
            <column name="vtb">NULL</column>
            <column name="gazprom">NULL</column>
            <column name="alfabank">NULL</column>
            <column name="bankmoskvy">NULL</column>
            <column name="raiffeisen">NULL</column>
            <column name="uralsib">NULL</column>
            <column name="rshb">1</column>
        </table>
        <table name="bank">
            <column name="id">2776</column>
            <column name="twitid">496027966510740000</column>
            <column name="date">1407097257</column>
            <column name="name">salasmcwanetta</column>
            <column name="text">Кредит альфа банк нижневартовск http://t.co/c9rkqwPFWQ</column>
            <column name="sberbank">NULL</column>
            <column name="vtb">NULL</column>
            <column name="gazprom">NULL</column>
            <column name="alfabank">0</column>
            <column name="bankmoskvy">NULL</column>
            <column name="raiffeisen">NULL</column>
            <column name="uralsib">NULL</column>
            <column name="rshb">NULL</column>
        </table>
        <table name="bank">
            <column name="id">2777</column>
            <column name="twitid">496029359581700000</column>
            <column name="date">1407097589</column>
            <column name="name">ciryzunetim</column>
            <column name="text">Кредиты для малого бизнеса пермь сбербанк http://t.co/IiXf3Nrb6Q</column>
            <column name="sberbank">0</column>
            <column name="vtb">NULL</column>
            <column name="gazprom">NULL</column>
            <column name="alfabank">NULL</column>
            <column name="bankmoskvy">NULL</column>
            <column name="raiffeisen">NULL</column>
            <column name="uralsib">NULL</column>
            <column name="rshb">NULL</column>
        </table>
        <table name="bank">
            <column name="id">2778</column>
            <column name="twitid">496032812152410000</column>
            <column name="date">1407098412</column>
            <column name="name">willenafngmmoor</column>
            <column name="text">Кредиты сбер банка россии http://t.co/CFgeObAUms</column>
            <column name="sberbank">0</column>
            <column name="vtb">NULL</column>
            <column name="gazprom">NULL</column>
            <column name="alfabank">NULL</column>
            <column name="bankmoskvy">NULL</column>
            <column name="raiffeisen">NULL</column>
            <column name="uralsib">NULL</column>
            <column name="rshb">NULL</column>
        </table>
        <table name="bank">
            <column name="id">2779</column>
            <column name="twitid">496043454154430000</column>
            <column name="date">1407100950</column>
            <column name="name">angulomwvelaine</column>
            <column name="text">Автокредит г тюмень сбербанк http://t.co/aGy8xedZIn</column>
            <column name="sberbank">0</column>
            <column name="vtb">NULL</column>
            <column name="gazprom">NULL</column>
            <column name="alfabank">NULL</column>
            <column name="bankmoskvy">NULL</column>
            <column name="raiffeisen">NULL</column>
            <column name="uralsib">NULL</column>
            <column name="rshb">NULL</column>
        </table>
        <table name="bank">
            <column name="id">2780</column>
            <column name="twitid">496050495711360000</column>
            <column name="date">1407102629</column>
            <column name="name">luzenavaw</column>
            <column name="text">Расчёт кредита сбербанк россии http://t.co/eIBDAhGB7M</column>
            <column name="sberbank">0</column>
            <column name="vtb">NULL</column>
            <column name="gazprom">NULL</column>
            <column name="alfabank">NULL</column>
            <column name="bankmoskvy">NULL</column>
            <column name="raiffeisen">NULL</column>
            <column name="uralsib">NULL</column>
            <column name="rshb">NULL</column>
        </table>
        <table name="bank">
            <column name="id">2781</column>
            <column name="twitid">496063982982430000</column>
            <column name="date">1407105844</column>
            <column name="name">nk891511993501</column>
            <column name="text">@KYevgeni некоторые мужины думают они до сих пор в детсаду и можно лазить как прежде в мой ОАО Банк Москвы Я Вас предпочла</column>
            <column name="sberbank">NULL</column>
            <column name="vtb">NULL</column>
            <column name="gazprom">NULL</column>
            <column name="alfabank">NULL</column>
            <column name="bankmoskvy">--</column>
            <column name="raiffeisen">NULL</column>
            <column name="uralsib">NULL</column>
            <column name="rshb">NULL</column>
        </table>
        <table name="bank">
            <column name="id">2782</column>
            <column name="twitid">496064285156870000</column>
            <column name="date">1407105916</column>
            <column name="name">DaniOrda</column>
            <column name="text">RT @dayanawrestling: оформить заявку на кредитную карту банк москвы http://t.co/5tIYPcgRqR</column>
            <column name="sberbank">NULL</column>
            <column name="vtb">NULL</column>
            <column name="gazprom">NULL</column>
            <column name="alfabank">NULL</column>
            <column name="bankmoskvy">0</column>
            <column name="raiffeisen">NULL</column>
            <column name="uralsib">NULL</column>
            <column name="rshb">NULL</column>
        </table>
        <table name="bank">
            <column name="id">2783</column>
            <column name="twitid">496067393861330000</column>
            <column name="date">1407106657</column>
            <column name="name">cebakidowih</column>
            <column name="text">RT @koqibumumove: Сбербанк в Марий Эл профинансирует строительство автомагистрали в центре Йошкар-Олы</column>
            <column name="sberbank">0</column>
            <column name="vtb">NULL</column>
            <column name="gazprom">NULL</column>
            <column name="alfabank">NULL</column>
            <column name="bankmoskvy">NULL</column>
            <column name="raiffeisen">NULL</column>
            <column name="uralsib">NULL</column>
            <column name="rshb">NULL</column>
        </table>
        <table name="bank">
            <column name="id">2784</column>
            <column name="twitid">496068766191870000</column>
            <column name="date">1407106985</column>
            <column name="name">LErshova35</column>
            <column name="text">Правительство отказалось от идеи разделить Россельхозбанк (РСХБ) на коммерческий банк и институт развития. Профильные ведомства, которым бы</column>
            <column name="sberbank">NULL</column>
            <column name="vtb">NULL</column>
            <column name="gazprom">NULL</column>
            <column name="alfabank">NULL</column>
            <column name="bankmoskvy">NULL</column>
            <column name="raiffeisen">NULL</column>
            <column name="uralsib">NULL</column>
            <column name="rshb">0</column>
        </table>
        <table name="bank">
            <column name="id">2785</column>
            <column name="twitid">496082004102750000</column>
            <column name="date">1407110141</column>
            <column name="name">evizowotnr</column>
            <column name="text">бланки заявлений в сбербанк http://t.co/3NJpobDfkG #в #заявлений</column>
            <column name="sberbank">0</column>
            <column name="vtb">NULL</column>
            <column name="gazprom">NULL</column>
            <column name="alfabank">NULL</column>
            <column name="bankmoskvy">NULL</column>
            <column name="raiffeisen">NULL</column>
            <column name="uralsib">NULL</column>
            <column name="rshb">NULL</column>
        </table>
        <table name="bank">
            <column name="id">2786</column>
            <column name="twitid">496082109489250000</column>
            <column name="date">1407110166</column>
            <column name="name">penopixyrom</column>
            <column name="text">Ставка по кредиту альфа банк http://t.co/TKGaWx5pYy</column>
            <column name="sberbank">NULL</column>
            <column name="vtb">NULL</column>
            <column name="gazprom">NULL</column>
            <column name="alfabank">0</column>
            <column name="bankmoskvy">NULL</column>
            <column name="raiffeisen">NULL</column>
            <column name="uralsib">NULL</column>
            <column name="rshb">NULL</column>
        </table>
        <table name="bank">
            <column name="id">2787</column>
            <column name="twitid">496082700357600000</column>
            <column name="date">1407110307</column>
            <column name="name">rivafikila</column>
            <column name="text">Срочные кредиты банк москвы http://t.co/qGaw0o9Y8L</column>
            <column name="sberbank">NULL</column>
            <column name="vtb">NULL</column>
            <column name="gazprom">NULL</column>
            <column name="alfabank">NULL</column>
            <column name="bankmoskvy">0</column>
            <column name="raiffeisen">NULL</column>
            <column name="uralsib">NULL</column>
            <column name="rshb">NULL</column>
        </table>
        <table name="bank">
            <column name="id">2788</column>
            <column name="twitid">496085150909090000</column>
            <column name="date">1407110891</column>
            <column name="name">Under_a_cloud</column>
            <column name="text">@mitrashius ЭТО ЖЕ АЛЬФА БАНК
я тоже её ненавижу</column>
            <column name="sberbank">NULL</column>
            <column name="vtb">NULL</column>
            <column name="gazprom">NULL</column>
            <column name="alfabank">-1</column>
            <column name="bankmoskvy">NULL</column>
            <column name="raiffeisen">NULL</column>
            <column name="uralsib">NULL</column>
            <column name="rshb">NULL</column>
        </table>
        <table name="bank">
            <column name="id">2789</column>
            <column name="twitid">496092196337350000</column>
            <column name="date">1407112571</column>
            <column name="name">wizowabuqaf</column>
            <column name="text">Кредит оформить онлайн альфа банк http://t.co/LUydjr3fKA</column>
            <column name="sberbank">NULL</column>
            <column name="vtb">NULL</column>
            <column name="gazprom">NULL</column>
            <column name="alfabank">0</column>
            <column name="bankmoskvy">NULL</column>
            <column name="raiffeisen">NULL</column>
            <column name="uralsib">NULL</column>
            <column name="rshb">NULL</column>
        </table>
        <table name="bank">
            <column name="id">2790</column>
            <column name="twitid">496092307381580000</column>
            <column name="date">1407112597</column>
            <column name="name">giselekigrye</column>
            <column name="text">Условие предоставления потребительских кредитов в россельхозбанке http://t.co/SjQZ16MZEb</column>
            <column name="sberbank">NULL</column>
            <column name="vtb">NULL</column>
            <column name="gazprom">NULL</column>
            <column name="alfabank">NULL</column>
            <column name="bankmoskvy">NULL</column>
            <column name="raiffeisen">NULL</column>
            <column name="uralsib">NULL</column>
            <column name="rshb">0</column>
        </table>
        <table name="bank">
            <column name="id">2791</column>
            <column name="twitid">496092418651870000</column>
            <column name="date">1407112624</column>
            <column name="name">hehumale</column>
            <column name="text">http://t.co/f4RjZVmTss Альфа Банк автокредит</column>
            <column name="sberbank">NULL</column>
            <column name="vtb">NULL</column>
            <column name="gazprom">NULL</column>
            <column name="alfabank">0</column>
            <column name="bankmoskvy">NULL</column>
            <column name="raiffeisen">NULL</column>
            <column name="uralsib">NULL</column>
            <column name="rshb">NULL</column>
        </table>
        <table name="bank">
            <column name="id">2792</column>
            <column name="twitid">496097815714870000</column>
            <column name="date">1407113910</column>
            <column name="name">xyhojosun</column>
            <column name="text">Банк москвы калькулятор потребительского кредита http://t.co/yaeKNFiaUg</column>
            <column name="sberbank">NULL</column>
            <column name="vtb">NULL</column>
            <column name="gazprom">NULL</column>
            <column name="alfabank">NULL</column>
            <column name="bankmoskvy">0</column>
            <column name="raiffeisen">NULL</column>
            <column name="uralsib">NULL</column>
            <column name="rshb">NULL</column>
        </table>
        <table name="bank">
            <column name="id">2793</column>
            <column name="twitid">496105561306730000</column>
            <column name="date">1407115757</column>
            <column name="name">jev0zu1971</column>
            <column name="text">В ноябре Сбербанк выдал вологжанам кредитов на сумму 1,75 млрд. рублей</column>
            <column name="sberbank">0</column>
            <column name="vtb">NULL</column>
            <column name="gazprom">NULL</column>
            <column name="alfabank">NULL</column>
            <column name="bankmoskvy">NULL</column>
            <column name="raiffeisen">NULL</column>
            <column name="uralsib">NULL</column>
            <column name="rshb">NULL</column>
        </table>
        <table name="bank">
            <column name="id">2794</column>
            <column name="twitid">496149819015320000</column>
            <column name="date">1407126309</column>
            <column name="name">AMinaev37</column>
            <column name="text">Кредитный портфель ВТБ 24 в Курганской области в январе-июне 2014 года вырос на 17%, до 5,5 млрд рублей</column>
            <column name="sberbank">NULL</column>
            <column name="vtb">0</column>
            <column name="gazprom">NULL</column>
            <column name="alfabank">NULL</column>
            <column name="bankmoskvy">NULL</column>
            <column name="raiffeisen">NULL</column>
            <column name="uralsib">NULL</column>
            <column name="rshb">NULL</column>
        </table>
        <table name="bank">
            <column name="id">2795</column>
            <column name="twitid">496154709821260000</column>
            <column name="date">1407127475</column>
            <column name="name">GoodWinRu</column>
            <column name="text">СМИ: российские власти отказались от идеи разделить Россельхозбанк http://t.co/3PSGuLK9Bv #экономика #RT #follow #followback #ru_ff</column>
            <column name="sberbank">NULL</column>
            <column name="vtb">NULL</column>
            <column name="gazprom">NULL</column>
            <column name="alfabank">NULL</column>
            <column name="bankmoskvy">NULL</column>
            <column name="raiffeisen">NULL</column>
            <column name="uralsib">NULL</column>
            <column name="rshb">0</column>
        </table>
        <table name="bank">
            <column name="id">2796</column>
            <column name="twitid">496155669310220000</column>
            <column name="date">1407127704</column>
            <column name="name">JZuev23</column>
            <column name="text">Под санкции ЕС попали Сбербанк, ВТБ, Газпромбанк, Внешэкономбанк и Россельхозбанк.Впрочем, эксперты утверждают, что данные кредитные органи</column>
            <column name="sberbank">-1</column>
            <column name="vtb">-1</column>
            <column name="gazprom">-1</column>
            <column name="alfabank">NULL</column>
            <column name="bankmoskvy">NULL</column>
            <column name="raiffeisen">NULL</column>
            <column name="uralsib">NULL</column>
            <column name="rshb">-1</column>
        </table>
        <table name="bank">
            <column name="id">2797</column>
            <column name="twitid">496156416860640000</column>
            <column name="date">1407127882</column>
            <column name="name">RuHrom</column>
            <column name="text">Власти отказались от деления Россельхозбанка на коммерческий банк и институт развития: Профильные ведомства со... http://t.co/DuVYQiFrrA</column>
            <column name="sberbank">NULL</column>
            <column name="vtb">NULL</column>
            <column name="gazprom">NULL</column>
            <column name="alfabank">NULL</column>
            <column name="bankmoskvy">NULL</column>
            <column name="raiffeisen">NULL</column>
            <column name="uralsib">NULL</column>
            <column name="rshb">0</column>
        </table>
        <table name="bank">
            <column name="id">2798</column>
            <column name="twitid">496157200151110000</column>
            <column name="date">1407128069</column>
            <column name="name">social_level</column>
            <column name="text">СМИ: российские власти отказались от идеи разделить Россельхозбанк  #Деньги</column>
            <column name="sberbank">NULL</column>
            <column name="vtb">NULL</column>
            <column name="gazprom">NULL</column>
            <column name="alfabank">NULL</column>
            <column name="bankmoskvy">NULL</column>
            <column name="raiffeisen">NULL</column>
            <column name="uralsib">NULL</column>
            <column name="rshb">0</column>
        </table>
        <table name="bank">
            <column name="id">2799</column>
            <column name="twitid">496157200289510000</column>
            <column name="date">1407128069</column>
            <column name="name">street_trends</column>
            <column name="text">@lysyh_da СМИ: российские власти отказались от идеи разделить Россельхозбанк</column>
            <column name="sberbank">NULL</column>
            <column name="vtb">NULL</column>
            <column name="gazprom">NULL</column>
            <column name="alfabank">NULL</column>
            <column name="bankmoskvy">NULL</column>
            <column name="raiffeisen">NULL</column>
            <column name="uralsib">NULL</column>
            <column name="rshb">0</column>
        </table>
        <table name="bank">
            <column name="id">2800</column>
            <column name="twitid">496163373562610000</column>
            <column name="date">1407129541</column>
            <column name="name">KatySun3</column>
            <column name="text">СМИ: российские власти отказались от идеи разделить Россельхозбанк</column>
            <column name="sberbank">NULL</column>
            <column name="vtb">NULL</column>
            <column name="gazprom">NULL</column>
            <column name="alfabank">NULL</column>
            <column name="bankmoskvy">NULL</column>
            <column name="raiffeisen">NULL</column>
            <column name="uralsib">NULL</column>
            <column name="rshb">0</column>
        </table>
    </database>
</pma_xml_export>