<?xml version="1.0" encoding="utf-8"?>
<!--
- phpMyAdmin XML Dump
- version 4.0.4.1
- http://www.phpmyadmin.net
-
- Хост: localhost
- Время создания: Окт 28 2014 г., 09:03
- Версия сервера: 5.6.12
- Версия PHP: 5.5.3
-->

<pma_xml_export version="1.0" xmlns:pma="http://www.phpmyadmin.net/some_doc_url/">
    <!--
    - Structure schemas
    -->
    <pma:structure_schemas>
        <pma:database name="Romip" collation="utf8_general_ci" charset="utf8">
            <pma:table name="bank">
                CREATE TABLE `bank` (
                  `id` int(11) NOT NULL AUTO_INCREMENT,
                  `twitid` bigint(32) NOT NULL DEFAULT '0',
                  `date` varchar(128) DEFAULT NULL,
                  `name` varchar(128) DEFAULT NULL,
                  `text` varchar(256) DEFAULT NULL,
                  `sberbank` int(11) DEFAULT NULL,
                  `vtb` int(11) DEFAULT NULL,
                  `gazprom` int(11) DEFAULT NULL,
                  `alfabank` int(11) DEFAULT NULL,
                  `bankmoskvy` int(11) DEFAULT NULL,
                  `raiffeisen` int(11) DEFAULT NULL,
                  `uralsib` int(11) DEFAULT NULL,
                  `rshb` int(11) DEFAULT NULL,
                  PRIMARY KEY (`id`),
                  UNIQUE KEY `id` (`twitid`)
                ) ENGINE=InnoDB AUTO_INCREMENT=7924 DEFAULT CHARSET=utf8;
            </pma:table>
        </pma:database>
    </pma:structure_schemas>

    <!--
    - База данных: 'Romip'
    -->
    <database name="Romip">
        <!-- Таблица bank -->
        <table name="bank">
            <column name="id">1301</column>
            <column name="twitid">494320119720340000</column>
            <column name="date">1406690075</column>
            <column name="name">esnicisukid</column>
            <column name="text">http://t.co/ufHXFLJ7lZ кредит россельхозбанк отзыв</column>
            <column name="sberbank">NULL</column>
            <column name="vtb">NULL</column>
            <column name="gazprom">NULL</column>
            <column name="alfabank">NULL</column>
            <column name="bankmoskvy">NULL</column>
            <column name="raiffeisen">NULL</column>
            <column name="uralsib">NULL</column>
            <column name="rshb">0</column>
        </table>
        <table name="bank">
            <column name="id">1302</column>
            <column name="twitid">494320822090490000</column>
            <column name="date">1406690242</column>
            <column name="name">nohtomanq</column>
            <column name="text">http://t.co/UJCnfSf3Zs Как взять кредит россельхозбанк</column>
            <column name="sberbank">NULL</column>
            <column name="vtb">NULL</column>
            <column name="gazprom">NULL</column>
            <column name="alfabank">NULL</column>
            <column name="bankmoskvy">NULL</column>
            <column name="raiffeisen">NULL</column>
            <column name="uralsib">NULL</column>
            <column name="rshb">0</column>
        </table>
        <table name="bank">
            <column name="id">1303</column>
            <column name="twitid">494321263750700000</column>
            <column name="date">1406690348</column>
            <column name="name">procop007</column>
            <column name="text">RT @vesti_fm: США ввели санкции против Банка Москвы, ВТБ и Россельхозбанка http://t.co/oqa0bh5s53</column>
            <column name="sberbank">NULL</column>
            <column name="vtb">-1</column>
            <column name="gazprom">NULL</column>
            <column name="alfabank">NULL</column>
            <column name="bankmoskvy">-1</column>
            <column name="raiffeisen">NULL</column>
            <column name="uralsib">NULL</column>
            <column name="rshb">-1</column>
        </table>
        <table name="bank">
            <column name="id">1304</column>
            <column name="twitid">494321394592000000</column>
            <column name="date">1406690379</column>
            <column name="name">irerywhfar</column>
            <column name="text">http://t.co/k9PGvHwh5S Взять кредит наличными в альфабанке</column>
            <column name="sberbank">NULL</column>
            <column name="vtb">NULL</column>
            <column name="gazprom">NULL</column>
            <column name="alfabank">0</column>
            <column name="bankmoskvy">NULL</column>
            <column name="raiffeisen">NULL</column>
            <column name="uralsib">NULL</column>
            <column name="rshb">NULL</column>
        </table>
        <table name="bank">
            <column name="id">1305</column>
            <column name="twitid">494321942988460000</column>
            <column name="date">1406690509</column>
            <column name="name">tiaqsipee</column>
            <column name="text">http://t.co/vyMhqTmtRW калькулятор автокредита россельхозбанка</column>
            <column name="sberbank">NULL</column>
            <column name="vtb">NULL</column>
            <column name="gazprom">NULL</column>
            <column name="alfabank">NULL</column>
            <column name="bankmoskvy">NULL</column>
            <column name="raiffeisen">NULL</column>
            <column name="uralsib">NULL</column>
            <column name="rshb">0</column>
        </table>
        <table name="bank">
            <column name="id">1306</column>
            <column name="twitid">494322200409670000</column>
            <column name="date">1406690571</column>
            <column name="name">nerssuzeroutig</column>
            <column name="text">http://t.co/mgIJmElbqU автокредит в втб 24 процентная ставка</column>
            <column name="sberbank">NULL</column>
            <column name="vtb">0</column>
            <column name="gazprom">NULL</column>
            <column name="alfabank">NULL</column>
            <column name="bankmoskvy">NULL</column>
            <column name="raiffeisen">NULL</column>
            <column name="uralsib">NULL</column>
            <column name="rshb">NULL</column>
        </table>
        <table name="bank">
            <column name="id">1307</column>
            <column name="twitid">494323675324110000</column>
            <column name="date">1406690922</column>
            <column name="name">alltodayru</column>
            <column name="text">В Красноярском филиале Россельхозбанка начался месяц продаж ипотечных кредитов: В Красноярском филиале ОАО «Ро... http://t.co/Zr3Ev9QY2k</column>
            <column name="sberbank">NULL</column>
            <column name="vtb">NULL</column>
            <column name="gazprom">NULL</column>
            <column name="alfabank">NULL</column>
            <column name="bankmoskvy">NULL</column>
            <column name="raiffeisen">NULL</column>
            <column name="uralsib">NULL</column>
            <column name="rshb">1</column>
        </table>
        <table name="bank">
            <column name="id">1308</column>
            <column name="twitid">494325390001730000</column>
            <column name="date">1406691331</column>
            <column name="name">odgrassL</column>
            <column name="text">http://t.co/vO5eGmRhn5 автокредиты райффайзенбанка</column>
            <column name="sberbank">NULL</column>
            <column name="vtb">NULL</column>
            <column name="gazprom">NULL</column>
            <column name="alfabank">NULL</column>
            <column name="bankmoskvy">NULL</column>
            <column name="raiffeisen">0</column>
            <column name="uralsib">NULL</column>
            <column name="rshb">NULL</column>
        </table>
        <table name="bank">
            <column name="id">1309</column>
            <column name="twitid">494325739085640000</column>
            <column name="date">1406691415</column>
            <column name="name">nevasb</column>
            <column name="text">RT @vesti_kpss: США ввели санкции против Банка Москвы, ВТБ, Россельхозбанка http://t.co/abA3ZNCoqj</column>
            <column name="sberbank">NULL</column>
            <column name="vtb">-1</column>
            <column name="gazprom">NULL</column>
            <column name="alfabank">NULL</column>
            <column name="bankmoskvy">-1</column>
            <column name="raiffeisen">NULL</column>
            <column name="uralsib">NULL</column>
            <column name="rshb">-1</column>
        </table>
        <table name="bank">
            <column name="id">1310</column>
            <column name="twitid">494325920006560000</column>
            <column name="date">1406691458</column>
            <column name="name">senthalHu</column>
            <column name="text">http://t.co/axNgxxbMvg сбербанк кредиты зарплатным клиентам</column>
            <column name="sberbank">0</column>
            <column name="vtb">NULL</column>
            <column name="gazprom">NULL</column>
            <column name="alfabank">NULL</column>
            <column name="bankmoskvy">NULL</column>
            <column name="raiffeisen">NULL</column>
            <column name="uralsib">NULL</column>
            <column name="rshb">NULL</column>
        </table>
        <table name="bank">
            <column name="id">1311</column>
            <column name="twitid">494325962226430000</column>
            <column name="date">1406691468</column>
            <column name="name">niscastketkeipo</column>
            <column name="text">http://t.co/1eLiSs1AxR сбербанк кредит на погашение другого кредита</column>
            <column name="sberbank">0</column>
            <column name="vtb">NULL</column>
            <column name="gazprom">NULL</column>
            <column name="alfabank">NULL</column>
            <column name="bankmoskvy">NULL</column>
            <column name="raiffeisen">NULL</column>
            <column name="uralsib">NULL</column>
            <column name="rshb">NULL</column>
        </table>
        <table name="bank">
            <column name="id">1312</column>
            <column name="twitid">494326147531170000</column>
            <column name="date">1406691512</column>
            <column name="name">bbaHawth</column>
            <column name="text">http://t.co/it7CsFG6Ar Взять кредит сбербанк санкт петербург</column>
            <column name="sberbank">0</column>
            <column name="vtb">NULL</column>
            <column name="gazprom">NULL</column>
            <column name="alfabank">NULL</column>
            <column name="bankmoskvy">NULL</column>
            <column name="raiffeisen">NULL</column>
            <column name="uralsib">NULL</column>
            <column name="rshb">NULL</column>
        </table>
        <table name="bank">
            <column name="id">1313</column>
            <column name="twitid">494326149443780000</column>
            <column name="date">1406691512</column>
            <column name="name">evofolanre</column>
            <column name="text">http://t.co/gk6faPNrXE | кредит в россельхозбанке отзывы&amp;lt;br&amp;gt;</column>
            <column name="sberbank">NULL</column>
            <column name="vtb">NULL</column>
            <column name="gazprom">NULL</column>
            <column name="alfabank">NULL</column>
            <column name="bankmoskvy">NULL</column>
            <column name="raiffeisen">NULL</column>
            <column name="uralsib">NULL</column>
            <column name="rshb">0</column>
        </table>
        <table name="bank">
            <column name="id">1314</column>
            <column name="twitid">494326325478690000</column>
            <column name="date">1406691554</column>
            <column name="name">TerritoryNews</column>
            <column name="text">RT @MngzRu: Сбербанк в Западной Сибири выдал более ста экспресс-гарантий. http://t.co/JBuDk7Xmt1</column>
            <column name="sberbank">1</column>
            <column name="vtb">NULL</column>
            <column name="gazprom">NULL</column>
            <column name="alfabank">NULL</column>
            <column name="bankmoskvy">NULL</column>
            <column name="raiffeisen">NULL</column>
            <column name="uralsib">NULL</column>
            <column name="rshb">NULL</column>
        </table>
        <table name="bank">
            <column name="id">1315</column>
            <column name="twitid">494326405216620000</column>
            <column name="date">1406691573</column>
            <column name="name">eronymusHi</column>
            <column name="text">http://t.co/Ssj4SkLdNb Газпром банк как получить кредит физическому лицу</column>
            <column name="sberbank">NULL</column>
            <column name="vtb">NULL</column>
            <column name="gazprom">0</column>
            <column name="alfabank">NULL</column>
            <column name="bankmoskvy">NULL</column>
            <column name="raiffeisen">NULL</column>
            <column name="uralsib">NULL</column>
            <column name="rshb">NULL</column>
        </table>
        <table name="bank">
            <column name="id">1316</column>
            <column name="twitid">494326769269240000</column>
            <column name="date">1406691660</column>
            <column name="name">gibbokiltida</column>
            <column name="text">http://t.co/VwfdLk3g03 банк москвы кредиты физическим лицам</column>
            <column name="sberbank">NULL</column>
            <column name="vtb">NULL</column>
            <column name="gazprom">NULL</column>
            <column name="alfabank">NULL</column>
            <column name="bankmoskvy">0</column>
            <column name="raiffeisen">NULL</column>
            <column name="uralsib">NULL</column>
            <column name="rshb">NULL</column>
        </table>
        <table name="bank">
            <column name="id">1317</column>
            <column name="twitid">494327597229410000</column>
            <column name="date">1406691858</column>
            <column name="name">gsl2k10</column>
            <column name="text">Грефу на этот раз подфартило. Сбер не в санкционных списках</column>
            <column name="sberbank">1</column>
            <column name="vtb">NULL</column>
            <column name="gazprom">NULL</column>
            <column name="alfabank">NULL</column>
            <column name="bankmoskvy">NULL</column>
            <column name="raiffeisen">NULL</column>
            <column name="uralsib">NULL</column>
            <column name="rshb">NULL</column>
        </table>
        <table name="bank">
            <column name="id">1318</column>
            <column name="twitid">494327964541420000</column>
            <column name="date">1406691945</column>
            <column name="name">56_region</column>
            <column name="text">Оренбургский филиал Россельхозбанка направил в экономику области с начала года более 6 млрд руб.   /  #Оренбург http://t.co/D58Zs1gUo0</column>
            <column name="sberbank">NULL</column>
            <column name="vtb">NULL</column>
            <column name="gazprom">NULL</column>
            <column name="alfabank">NULL</column>
            <column name="bankmoskvy">NULL</column>
            <column name="raiffeisen">NULL</column>
            <column name="uralsib">NULL</column>
            <column name="rshb">1</column>
        </table>
        <table name="bank">
            <column name="id">1319</column>
            <column name="twitid">494328678206410000</column>
            <column name="date">1406692115</column>
            <column name="name">yqleonisfe</column>
            <column name="text">http://t.co/1wL7ndCEAo Получить кредитную карту банк уралсиб</column>
            <column name="sberbank">NULL</column>
            <column name="vtb">NULL</column>
            <column name="gazprom">NULL</column>
            <column name="alfabank">NULL</column>
            <column name="bankmoskvy">NULL</column>
            <column name="raiffeisen">NULL</column>
            <column name="uralsib">0</column>
            <column name="rshb">NULL</column>
        </table>
        <table name="bank">
            <column name="id">1320</column>
            <column name="twitid">494328763786600000</column>
            <column name="date">1406692136</column>
            <column name="name">acdenisgeta</column>
            <column name="text">http://t.co/G71Jb4bD0z кредит банка втб 24 калькулятор</column>
            <column name="sberbank">NULL</column>
            <column name="vtb">0</column>
            <column name="gazprom">NULL</column>
            <column name="alfabank">NULL</column>
            <column name="bankmoskvy">NULL</column>
            <column name="raiffeisen">NULL</column>
            <column name="uralsib">NULL</column>
            <column name="rshb">NULL</column>
        </table>
        <table name="bank">
            <column name="id">1321</column>
            <column name="twitid">494328807600700000</column>
            <column name="date">1406692146</column>
            <column name="name">VoiceWallz</column>
            <column name="text">http://t.co/xfTHkDFbIN кредит банка втб 24 калькулятор</column>
            <column name="sberbank">NULL</column>
            <column name="vtb">0</column>
            <column name="gazprom">NULL</column>
            <column name="alfabank">NULL</column>
            <column name="bankmoskvy">NULL</column>
            <column name="raiffeisen">NULL</column>
            <column name="uralsib">NULL</column>
            <column name="rshb">NULL</column>
        </table>
        <table name="bank">
            <column name="id">1322</column>
            <column name="twitid">494329153706290000</column>
            <column name="date">1406692229</column>
            <column name="name">s_gusakov</column>
            <column name="text">“@vesti_kpss: США ввели санкции против Банка Москвы, ВТБ, Россельхозбанка http://t.co/ltFM6lZHYW”
Ну тогда продолжаем выпуск ядерных поездов</column>
            <column name="sberbank">NULL</column>
            <column name="vtb">-1</column>
            <column name="gazprom">NULL</column>
            <column name="alfabank">NULL</column>
            <column name="bankmoskvy">-1</column>
            <column name="raiffeisen">NULL</column>
            <column name="uralsib">NULL</column>
            <column name="rshb">-1</column>
        </table>
        <table name="bank">
            <column name="id">1323</column>
            <column name="twitid">494329557089280000</column>
            <column name="date">1406692325</column>
            <column name="name">nistnanana1978</column>
            <column name="text">В ночь на среду о введении в отношении России новых точечных санкций объявил Минфин США. На сей раз под санкции попали ВТБ, Банк Москвы и Р</column>
            <column name="sberbank">NULL</column>
            <column name="vtb">-1</column>
            <column name="gazprom">NULL</column>
            <column name="alfabank">NULL</column>
            <column name="bankmoskvy">-1</column>
            <column name="raiffeisen">NULL</column>
            <column name="uralsib">NULL</column>
            <column name="rshb">NULL</column>
        </table>
        <table name="bank">
            <column name="id">1324</column>
            <column name="twitid">494329830960150000</column>
            <column name="date">1406692390</column>
            <column name="name">santapiko</column>
            <column name="text">Власти США внесли три российских банка в черный список. Под санкции Соединенных Штатов попали ВТБ, &quot;Банк Москвы&quot; и &quot;Россельхозбанк&quot;</column>
            <column name="sberbank">NULL</column>
            <column name="vtb">-1</column>
            <column name="gazprom">NULL</column>
            <column name="alfabank">NULL</column>
            <column name="bankmoskvy">-1</column>
            <column name="raiffeisen">NULL</column>
            <column name="uralsib">NULL</column>
            <column name="rshb">-1</column>
        </table>
        <table name="bank">
            <column name="id">1325</column>
            <column name="twitid">494330252580380000</column>
            <column name="date">1406692491</column>
            <column name="name">bbaHawth</column>
            <column name="text">http://t.co/5USzvXz0V8 Оформить кредитную карту сбербанк без справок</column>
            <column name="sberbank">0</column>
            <column name="vtb">NULL</column>
            <column name="gazprom">NULL</column>
            <column name="alfabank">NULL</column>
            <column name="bankmoskvy">NULL</column>
            <column name="raiffeisen">NULL</column>
            <column name="uralsib">NULL</column>
            <column name="rshb">NULL</column>
        </table>
        <table name="bank">
            <column name="id">1326</column>
            <column name="twitid">494332280044020000</column>
            <column name="date">1406692974</column>
            <column name="name">YuKononenko58</column>
            <column name="text">Власти США ввели санкции против ВТБ, Банка Москвы и Россельхозбанка</column>
            <column name="sberbank">NULL</column>
            <column name="vtb">-1</column>
            <column name="gazprom">NULL</column>
            <column name="alfabank">NULL</column>
            <column name="bankmoskvy">-1</column>
            <column name="raiffeisen">NULL</column>
            <column name="uralsib">NULL</column>
            <column name="rshb">-1</column>
        </table>
        <table name="bank">
            <column name="id">1327</column>
            <column name="twitid">494332377796460000</column>
            <column name="date">1406692997</column>
            <column name="name">SStepanova17</column>
            <column name="text">США ввели санкции против ВТБ, Банка Москвы и Россельхозбанка.США ввели санкции против ВТБ, Банка Москвы и Россельхозбанка далее ..</column>
            <column name="sberbank">NULL</column>
            <column name="vtb">-1</column>
            <column name="gazprom">NULL</column>
            <column name="alfabank">NULL</column>
            <column name="bankmoskvy">-1</column>
            <column name="raiffeisen">NULL</column>
            <column name="uralsib">NULL</column>
            <column name="rshb">-1</column>
        </table>
        <table name="bank">
            <column name="id">1328</column>
            <column name="twitid">494333283011130000</column>
            <column name="date">1406693213</column>
            <column name="name">xicynidyriby</column>
            <column name="text">Райффайзен банк аваль николаев взять кредит до 10000</column>
            <column name="sberbank">NULL</column>
            <column name="vtb">NULL</column>
            <column name="gazprom">NULL</column>
            <column name="alfabank">NULL</column>
            <column name="bankmoskvy">NULL</column>
            <column name="raiffeisen">0</column>
            <column name="uralsib">NULL</column>
            <column name="rshb">NULL</column>
        </table>
        <table name="bank">
            <column name="id">1329</column>
            <column name="twitid">494333285351560000</column>
            <column name="date">1406693214</column>
            <column name="name">hlilSill</column>
            <column name="text">http://t.co/U2wrnn2stE Взять кредит в томске альфа банк</column>
            <column name="sberbank">NULL</column>
            <column name="vtb">NULL</column>
            <column name="gazprom">NULL</column>
            <column name="alfabank">0</column>
            <column name="bankmoskvy">NULL</column>
            <column name="raiffeisen">NULL</column>
            <column name="uralsib">NULL</column>
            <column name="rshb">NULL</column>
        </table>
        <table name="bank">
            <column name="id">1330</column>
            <column name="twitid">494333497918890000</column>
            <column name="date">1406693264</column>
            <column name="name">NKoroleva34</column>
            <column name="text">США ввели санкции против ВТБ, Россельхозбанка, Банка Москвы и Объединенной судостроительной корпорации</column>
            <column name="sberbank">NULL</column>
            <column name="vtb">-1</column>
            <column name="gazprom">NULL</column>
            <column name="alfabank">NULL</column>
            <column name="bankmoskvy">-1</column>
            <column name="raiffeisen">NULL</column>
            <column name="uralsib">NULL</column>
            <column name="rshb">-1</column>
        </table>
        <table name="bank">
            <column name="id">1331</column>
            <column name="twitid">494334118935930000</column>
            <column name="date">1406693412</column>
            <column name="name">rchetSch</column>
            <column name="text">http://t.co/VhliDdUXtP кредит райффайзенбанка физическим лицам</column>
            <column name="sberbank">NULL</column>
            <column name="vtb">NULL</column>
            <column name="gazprom">NULL</column>
            <column name="alfabank">NULL</column>
            <column name="bankmoskvy">NULL</column>
            <column name="raiffeisen">0</column>
            <column name="uralsib">NULL</column>
            <column name="rshb">NULL</column>
        </table>
        <table name="bank">
            <column name="id">1332</column>
            <column name="twitid">494334713767530000</column>
            <column name="date">1406693554</column>
            <column name="name">niscastketkeipo</column>
            <column name="text">http://t.co/HrtoWbpoLd как объединить кредиты в один банк москвы</column>
            <column name="sberbank">NULL</column>
            <column name="vtb">NULL</column>
            <column name="gazprom">NULL</column>
            <column name="alfabank">NULL</column>
            <column name="bankmoskvy">0</column>
            <column name="raiffeisen">NULL</column>
            <column name="uralsib">NULL</column>
            <column name="rshb">NULL</column>
        </table>
        <table name="bank">
            <column name="id">1333</column>
            <column name="twitid">494334985617540000</column>
            <column name="date">1406693619</column>
            <column name="name">EKalugina31</column>
            <column name="text">США ввели санкции против Банка Москвы, ВТБ, Россельхозбанка</column>
            <column name="sberbank">NULL</column>
            <column name="vtb">-1</column>
            <column name="gazprom">NULL</column>
            <column name="alfabank">NULL</column>
            <column name="bankmoskvy">-1</column>
            <column name="raiffeisen">NULL</column>
            <column name="uralsib">NULL</column>
            <column name="rshb">-1</column>
        </table>
        <table name="bank">
            <column name="id">1334</column>
            <column name="twitid">494335086288840000</column>
            <column name="date">1406693643</column>
            <column name="name">iOLGAOPe</column>
            <column name="text">Соединенные Штаты ввели санкции против Банка Москвы, ВТБ и Россельхозбанка, сообщает</column>
            <column name="sberbank">NULL</column>
            <column name="vtb">-1</column>
            <column name="gazprom">NULL</column>
            <column name="alfabank">NULL</column>
            <column name="bankmoskvy">-1</column>
            <column name="raiffeisen">NULL</column>
            <column name="uralsib">NULL</column>
            <column name="rshb">-1</column>
        </table>
        <table name="bank">
            <column name="id">1335</column>
            <column name="twitid">494335259249350000</column>
            <column name="date">1406693684</column>
            <column name="name">Tenerezza27</column>
            <column name="text">Новости банков: Сбербанк в Западной Сибири выдал более ста экспресс-гарантий  #банки #кредиты</column>
            <column name="sberbank">1</column>
            <column name="vtb">NULL</column>
            <column name="gazprom">NULL</column>
            <column name="alfabank">NULL</column>
            <column name="bankmoskvy">NULL</column>
            <column name="raiffeisen">NULL</column>
            <column name="uralsib">NULL</column>
            <column name="rshb">NULL</column>
        </table>
        <table name="bank">
            <column name="id">1336</column>
            <column name="twitid">494335261556230000</column>
            <column name="date">1406693685</column>
            <column name="name">Tenerezza27</column>
            <column name="text">Новости банков: Дальневосточный Сбербанк способствует развитию птицеводства в Магаданской области  #банки #кредиты</column>
            <column name="sberbank">1</column>
            <column name="vtb">NULL</column>
            <column name="gazprom">NULL</column>
            <column name="alfabank">NULL</column>
            <column name="bankmoskvy">NULL</column>
            <column name="raiffeisen">NULL</column>
            <column name="uralsib">NULL</column>
            <column name="rshb">NULL</column>
        </table>
        <table name="bank">
            <column name="id">1337</column>
            <column name="twitid">494335448844890000</column>
            <column name="date">1406693729</column>
            <column name="name">ISavina54</column>
            <column name="text">США расширили санкционный список против российских компаний.США ввели санкции против ВТБ, Россельхозбанка, Банка Москвы и Объединенной судо</column>
            <column name="sberbank">NULL</column>
            <column name="vtb">-1</column>
            <column name="gazprom">NULL</column>
            <column name="alfabank">NULL</column>
            <column name="bankmoskvy">-1</column>
            <column name="raiffeisen">NULL</column>
            <column name="uralsib">NULL</column>
            <column name="rshb">-1</column>
        </table>
        <table name="bank">
            <column name="id">1338</column>
            <column name="twitid">494335492885070000</column>
            <column name="date">1406693740</column>
            <column name="name">SKozlov12</column>
            <column name="text">США ввели санкции против Объединенной судостроительной корпорации (ОСК) РФ, а также против ВТБ, Банка Москвы и Россельхозбанка.</column>
            <column name="sberbank">NULL</column>
            <column name="vtb">-1</column>
            <column name="gazprom">NULL</column>
            <column name="alfabank">NULL</column>
            <column name="bankmoskvy">-1</column>
            <column name="raiffeisen">NULL</column>
            <column name="uralsib">NULL</column>
            <column name="rshb">-1</column>
        </table>
        <table name="bank">
            <column name="id">1339</column>
            <column name="twitid">494336441309470000</column>
            <column name="date">1406693966</column>
            <column name="name">MKrasnova50</column>
            <column name="text">30.07.2014 02:04 : США ввели санкции против российской Объединенной судостроительной корпорации.
Также в новом списке оказались Банк Москвы</column>
            <column name="sberbank">NULL</column>
            <column name="vtb">NULL</column>
            <column name="gazprom">NULL</column>
            <column name="alfabank">NULL</column>
            <column name="bankmoskvy">-1</column>
            <column name="raiffeisen">NULL</column>
            <column name="uralsib">NULL</column>
            <column name="rshb">NULL</column>
        </table>
        <table name="bank">
            <column name="id">1340</column>
            <column name="twitid">494336754510360000</column>
            <column name="date">1406694041</column>
            <column name="name">nerssuzeroutig</column>
            <column name="text">http://t.co/TFQgINBDzB калькулятор автокредита россельхозбанка</column>
            <column name="sberbank">NULL</column>
            <column name="vtb">NULL</column>
            <column name="gazprom">NULL</column>
            <column name="alfabank">NULL</column>
            <column name="bankmoskvy">NULL</column>
            <column name="raiffeisen">NULL</column>
            <column name="uralsib">NULL</column>
            <column name="rshb">0</column>
        </table>
        <table name="bank">
            <column name="id">1341</column>
            <column name="twitid">494337212251910000</column>
            <column name="date">1406694150</column>
            <column name="name">AZotova16</column>
            <column name="text">США ввели санкции против Банка Москвы, ВТБ и Россельхозбанка, сообщило Министерство финансов США. Гражданам и компаниям США запрещено приоб</column>
            <column name="sberbank">NULL</column>
            <column name="vtb">-1</column>
            <column name="gazprom">NULL</column>
            <column name="alfabank">NULL</column>
            <column name="bankmoskvy">-1</column>
            <column name="raiffeisen">NULL</column>
            <column name="uralsib">NULL</column>
            <column name="rshb">-1</column>
        </table>
        <table name="bank">
            <column name="id">1342</column>
            <column name="twitid">494337438815630000</column>
            <column name="date">1406694204</column>
            <column name="name">tioranveme1976</column>
            <column name="text">США в связи с ситуацией на Украине ввели санкции против «Банка Москвы», ВТБ и Россельхозбанка. Американцам запрещено выделять этим российск</column>
            <column name="sberbank">NULL</column>
            <column name="vtb">-1</column>
            <column name="gazprom">NULL</column>
            <column name="alfabank">NULL</column>
            <column name="bankmoskvy">-1</column>
            <column name="raiffeisen">NULL</column>
            <column name="uralsib">NULL</column>
            <column name="rshb">-1</column>
        </table>
        <table name="bank">
            <column name="id">1343</column>
            <column name="twitid">494337804290110000</column>
            <column name="date">1406694291</column>
            <column name="name">gudyhoravyf</column>
            <column name="text">США ввели санкции против ОСК, Банка Москвы, ВТБ, Россельхозбанка  #In...</column>
            <column name="sberbank">NULL</column>
            <column name="vtb">-1</column>
            <column name="gazprom">NULL</column>
            <column name="alfabank">NULL</column>
            <column name="bankmoskvy">-1</column>
            <column name="raiffeisen">NULL</column>
            <column name="uralsib">NULL</column>
            <column name="rshb">-1</column>
        </table>
        <table name="bank">
            <column name="id">1344</column>
            <column name="twitid">494338125330520000</column>
            <column name="date">1406694368</column>
            <column name="name">netbovalsase</column>
            <column name="text">http://t.co/UnDf60I9Hx кредит сбербанк страховка</column>
            <column name="sberbank">0</column>
            <column name="vtb">NULL</column>
            <column name="gazprom">NULL</column>
            <column name="alfabank">NULL</column>
            <column name="bankmoskvy">NULL</column>
            <column name="raiffeisen">NULL</column>
            <column name="uralsib">NULL</column>
            <column name="rshb">NULL</column>
        </table>
        <table name="bank">
            <column name="id">1345</column>
            <column name="twitid">494339208447000000</column>
            <column name="date">1406694626</column>
            <column name="name">LVinogradova32</column>
            <column name="text">&quot;Это не новая холодная война&quot;.Вашингтон ввел во вторник санкции против ВТБ, Банка Москвы, Россельхозбанка и &quot;Объединенной судостроительной</column>
            <column name="sberbank">NULL</column>
            <column name="vtb">-1</column>
            <column name="gazprom">NULL</column>
            <column name="alfabank">NULL</column>
            <column name="bankmoskvy">-1</column>
            <column name="raiffeisen">NULL</column>
            <column name="uralsib">NULL</column>
            <column name="rshb">-1</column>
        </table>
        <table name="bank">
            <column name="id">1346</column>
            <column name="twitid">494339470104080000</column>
            <column name="date">1406694688</column>
            <column name="name">giprapcxai</column>
            <column name="text">http://t.co/46PZtDsYf9 ставки по кредитам в россельхозбанке</column>
            <column name="sberbank">NULL</column>
            <column name="vtb">NULL</column>
            <column name="gazprom">NULL</column>
            <column name="alfabank">NULL</column>
            <column name="bankmoskvy">NULL</column>
            <column name="raiffeisen">NULL</column>
            <column name="uralsib">NULL</column>
            <column name="rshb">0</column>
        </table>
        <table name="bank">
            <column name="id">1347</column>
            <column name="twitid">494342283454450000</column>
            <column name="date">1406695359</column>
            <column name="name">bestwipehon0</column>
            <column name="text">#The #Wall #Street #Journal опровергла информацию о возможных санкциях против #Сбербанка и #ВТБ (63) https://t.co/WBiGfXWYDM #VIPFollow</column>
            <column name="sberbank">0</column>
            <column name="vtb">0</column>
            <column name="gazprom">NULL</column>
            <column name="alfabank">NULL</column>
            <column name="bankmoskvy">NULL</column>
            <column name="raiffeisen">NULL</column>
            <column name="uralsib">NULL</column>
            <column name="rshb">NULL</column>
        </table>
        <table name="bank">
            <column name="id">1348</column>
            <column name="twitid">494342426727700000</column>
            <column name="date">1406695393</column>
            <column name="name">sebonfuc</column>
            <column name="text">http://t.co/V4FBcnIYSJ сбербанк кредит иваново</column>
            <column name="sberbank">0</column>
            <column name="vtb">NULL</column>
            <column name="gazprom">NULL</column>
            <column name="alfabank">NULL</column>
            <column name="bankmoskvy">NULL</column>
            <column name="raiffeisen">NULL</column>
            <column name="uralsib">NULL</column>
            <column name="rshb">NULL</column>
        </table>
        <table name="bank">
            <column name="id">1349</column>
            <column name="twitid">494342563449430000</column>
            <column name="date">1406695426</column>
            <column name="name">antisdarsmens8</column>
            <column name="text">#Сбербанк и #ВТБ попадут под санкции ЕС (8)   #FF_RU</column>
            <column name="sberbank">-1</column>
            <column name="vtb">-1</column>
            <column name="gazprom">NULL</column>
            <column name="alfabank">NULL</column>
            <column name="bankmoskvy">NULL</column>
            <column name="raiffeisen">NULL</column>
            <column name="uralsib">NULL</column>
            <column name="rshb">NULL</column>
        </table>
        <table name="bank">
            <column name="id">1350</column>
            <column name="twitid">494343354218740000</column>
            <column name="date">1406695614</column>
            <column name="name">davocarsphy1</column>
            <column name="text">#The #Wall #Street #Journal: ЕС и #США введут санкции против #Сбербанка и #ВТБ    #autofollow</column>
            <column name="sberbank">-1</column>
            <column name="vtb">-1</column>
            <column name="gazprom">NULL</column>
            <column name="alfabank">NULL</column>
            <column name="bankmoskvy">NULL</column>
            <column name="raiffeisen">NULL</column>
            <column name="uralsib">NULL</column>
            <column name="rshb">NULL</column>
        </table>
        <table name="bank">
            <column name="id">1351</column>
            <column name="twitid">494344066805410000</column>
            <column name="date">1406695784</column>
            <column name="name">trantegambbahgk</column>
            <column name="text">http://t.co/NcNcKaxQPv автокредит альфабанка</column>
            <column name="sberbank">NULL</column>
            <column name="vtb">NULL</column>
            <column name="gazprom">NULL</column>
            <column name="alfabank">0</column>
            <column name="bankmoskvy">NULL</column>
            <column name="raiffeisen">NULL</column>
            <column name="uralsib">NULL</column>
            <column name="rshb">NULL</column>
        </table>
        <table name="bank">
            <column name="id">1352</column>
            <column name="twitid">494344390509210000</column>
            <column name="date">1406695861</column>
            <column name="name">latbitoo6</column>
            <column name="text">http://t.co/RqzRDTWW4G кредиты в россельхозбанке калькулятор</column>
            <column name="sberbank">NULL</column>
            <column name="vtb">NULL</column>
            <column name="gazprom">NULL</column>
            <column name="alfabank">NULL</column>
            <column name="bankmoskvy">NULL</column>
            <column name="raiffeisen">NULL</column>
            <column name="uralsib">NULL</column>
            <column name="rshb">0</column>
        </table>
        <table name="bank">
            <column name="id">1353</column>
            <column name="twitid">494344700476660000</column>
            <column name="date">1406695935</column>
            <column name="name">paskahismoinock</column>
            <column name="text">http://t.co/VWaJUNzw1e заявка на кредит наличными онлайн райффайзенбанк</column>
            <column name="sberbank">NULL</column>
            <column name="vtb">NULL</column>
            <column name="gazprom">NULL</column>
            <column name="alfabank">NULL</column>
            <column name="bankmoskvy">NULL</column>
            <column name="raiffeisen">0</column>
            <column name="uralsib">NULL</column>
            <column name="rshb">NULL</column>
        </table>
        <table name="bank">
            <column name="id">1354</column>
            <column name="twitid">494344739139770000</column>
            <column name="date">1406695944</column>
            <column name="name">selliKui</column>
            <column name="text">http://t.co/171VFSA4tu заявка на кредит наличными онлайн райффайзенбанк</column>
            <column name="sberbank">NULL</column>
            <column name="vtb">NULL</column>
            <column name="gazprom">NULL</column>
            <column name="alfabank">NULL</column>
            <column name="bankmoskvy">NULL</column>
            <column name="raiffeisen">0</column>
            <column name="uralsib">NULL</column>
            <column name="rshb">NULL</column>
        </table>
        <table name="bank">
            <column name="id">1355</column>
            <column name="twitid">494345628206400000</column>
            <column name="date">1406696156</column>
            <column name="name">justmedia_ru</column>
            <column name="text">Власти США ввели санкции в отношении Банка Москвы, ВТБ и Россельхозбанка: Американцам запрещается предоставлят... http://t.co/2BFO7PmpJ8</column>
            <column name="sberbank">NULL</column>
            <column name="vtb">-1</column>
            <column name="gazprom">NULL</column>
            <column name="alfabank">NULL</column>
            <column name="bankmoskvy">-1</column>
            <column name="raiffeisen">NULL</column>
            <column name="uralsib">NULL</column>
            <column name="rshb">-1</column>
        </table>
        <table name="bank">
            <column name="id">1356</column>
            <column name="twitid">494345941411840000</column>
            <column name="date">1406696231</column>
            <column name="name">odgrassL</column>
            <column name="text">http://t.co/zHG3h25Lup райффайзенбанк потребительские кредиты</column>
            <column name="sberbank">NULL</column>
            <column name="vtb">NULL</column>
            <column name="gazprom">NULL</column>
            <column name="alfabank">NULL</column>
            <column name="bankmoskvy">NULL</column>
            <column name="raiffeisen">0</column>
            <column name="uralsib">NULL</column>
            <column name="rshb">NULL</column>
        </table>
        <table name="bank">
            <column name="id">1357</column>
            <column name="twitid">494346926289320000</column>
            <column name="date">1406696466</column>
            <column name="name">sporxesecphaket</column>
            <column name="text">Взять кредит альфа банк http://t.co/fhHt5cGAIc</column>
            <column name="sberbank">NULL</column>
            <column name="vtb">NULL</column>
            <column name="gazprom">NULL</column>
            <column name="alfabank">0</column>
            <column name="bankmoskvy">NULL</column>
            <column name="raiffeisen">NULL</column>
            <column name="uralsib">NULL</column>
            <column name="rshb">NULL</column>
        </table>
        <table name="bank">
            <column name="id">1358</column>
            <column name="twitid">494347235841560000</column>
            <column name="date">1406696540</column>
            <column name="name">news_silver</column>
            <column name="text">США все-таки ввели санкции против крупных российских госбанков http://t.co/EEivVhj0y8 ВТБ и Банк Москвы детектед!</column>
            <column name="sberbank">NULL</column>
            <column name="vtb">-1</column>
            <column name="gazprom">NULL</column>
            <column name="alfabank">NULL</column>
            <column name="bankmoskvy">-1</column>
            <column name="raiffeisen">NULL</column>
            <column name="uralsib">NULL</column>
            <column name="rshb">NULL</column>
        </table>
        <table name="bank">
            <column name="id">1359</column>
            <column name="twitid">494347604202110000</column>
            <column name="date">1406696628</column>
            <column name="name">lena_lic23</column>
            <column name="text">RT @IA_REGNUM: США ввели санкции против ВТБ, Россельхозбанка и &quot;Банка Москвы&quot; http://t.co/pr01BV6YIw Подробности по ссылке.</column>
            <column name="sberbank">NULL</column>
            <column name="vtb">-1</column>
            <column name="gazprom">NULL</column>
            <column name="alfabank">NULL</column>
            <column name="bankmoskvy">-1</column>
            <column name="raiffeisen">NULL</column>
            <column name="uralsib">NULL</column>
            <column name="rshb">-1</column>
        </table>
        <table name="bank">
            <column name="id">1360</column>
            <column name="twitid">494347820431060000</column>
            <column name="date">1406696679</column>
            <column name="name">ABogachev28</column>
            <column name="text">США ввели санкции против Банка Москвы, ВТБ и Россельхозбанка, сообщает Министерство финансов США. Гражданам и компаниям Соединенных Штатов</column>
            <column name="sberbank">NULL</column>
            <column name="vtb">-1</column>
            <column name="gazprom">NULL</column>
            <column name="alfabank">NULL</column>
            <column name="bankmoskvy">-1</column>
            <column name="raiffeisen">NULL</column>
            <column name="uralsib">NULL</column>
            <column name="rshb">-1</column>
        </table>
        <table name="bank">
            <column name="id">1361</column>
            <column name="twitid">494348843019170000</column>
            <column name="date">1406696923</column>
            <column name="name">yqleonisfe</column>
            <column name="text">http://t.co/L9PhBP3IvM Взять кредит тюмень альфа банк</column>
            <column name="sberbank">NULL</column>
            <column name="vtb">NULL</column>
            <column name="gazprom">NULL</column>
            <column name="alfabank">0</column>
            <column name="bankmoskvy">NULL</column>
            <column name="raiffeisen">NULL</column>
            <column name="uralsib">NULL</column>
            <column name="rshb">NULL</column>
        </table>
        <table name="bank">
            <column name="id">1362</column>
            <column name="twitid">494349564032210000</column>
            <column name="date">1406697095</column>
            <column name="name">rawayHeal</column>
            <column name="text">госпошлина на загранпаспорт нового образца бланк сбербанк http://t.co/17TbM6nGFq #госпошлина</column>
            <column name="sberbank">0</column>
            <column name="vtb">NULL</column>
            <column name="gazprom">NULL</column>
            <column name="alfabank">NULL</column>
            <column name="bankmoskvy">NULL</column>
            <column name="raiffeisen">NULL</column>
            <column name="uralsib">NULL</column>
            <column name="rshb">NULL</column>
        </table>
        <table name="bank">
            <column name="id">1363</column>
            <column name="twitid">494349794023060000</column>
            <column name="date">1406697150</column>
            <column name="name">AV_Bashmakov</column>
            <column name="text">RT @banki_ru: США расширили свой санкционный список в связи с украинским кризисом. Досталось ВТБ, Банку Москвы и Россельхозбанку http://t.c…</column>
            <column name="sberbank">NULL</column>
            <column name="vtb">-1</column>
            <column name="gazprom">NULL</column>
            <column name="alfabank">NULL</column>
            <column name="bankmoskvy">-1</column>
            <column name="raiffeisen">NULL</column>
            <column name="uralsib">NULL</column>
            <column name="rshb">-1</column>
        </table>
        <table name="bank">
            <column name="id">1364</column>
            <column name="twitid">494349881050690000</column>
            <column name="date">1406697170</column>
            <column name="name">nohtomanq</column>
            <column name="text">http://t.co/GoQxVGrlt6 Можно ли взять кредит в россельхозбанке</column>
            <column name="sberbank">NULL</column>
            <column name="vtb">NULL</column>
            <column name="gazprom">NULL</column>
            <column name="alfabank">NULL</column>
            <column name="bankmoskvy">NULL</column>
            <column name="raiffeisen">NULL</column>
            <column name="uralsib">NULL</column>
            <column name="rshb">0</column>
        </table>
        <table name="bank">
            <column name="id">1365</column>
            <column name="twitid">494351412545870000</column>
            <column name="date">1406697536</column>
            <column name="name">Vinokurov12</column>
            <column name="text">США ввели санкции против ВТБ, Банка Москвы и Россельхозбанка http://t.co/y36SPG9Mqj</column>
            <column name="sberbank">NULL</column>
            <column name="vtb">-1</column>
            <column name="gazprom">NULL</column>
            <column name="alfabank">NULL</column>
            <column name="bankmoskvy">-1</column>
            <column name="raiffeisen">NULL</column>
            <column name="uralsib">NULL</column>
            <column name="rshb">-1</column>
        </table>
        <table name="bank">
            <column name="id">1366</column>
            <column name="twitid">494351506280150000</column>
            <column name="date">1406697558</column>
            <column name="name">selliKui</column>
            <column name="text">http://t.co/765fG5rZFs автокредит в райффайзенбанке калькулятор</column>
            <column name="sberbank">NULL</column>
            <column name="vtb">NULL</column>
            <column name="gazprom">NULL</column>
            <column name="alfabank">NULL</column>
            <column name="bankmoskvy">NULL</column>
            <column name="raiffeisen">0</column>
            <column name="uralsib">NULL</column>
            <column name="rshb">NULL</column>
        </table>
        <table name="bank">
            <column name="id">1367</column>
            <column name="twitid">494351545417630000</column>
            <column name="date">1406697567</column>
            <column name="name">elena_shea</column>
            <column name="text">RT @news_silver: США все-таки ввели санкции против крупных российских госбанков http://t.co/EEivVhj0y8 ВТБ и Банк Москвы детектед!</column>
            <column name="sberbank">NULL</column>
            <column name="vtb">-1</column>
            <column name="gazprom">NULL</column>
            <column name="alfabank">NULL</column>
            <column name="bankmoskvy">-1</column>
            <column name="raiffeisen">NULL</column>
            <column name="uralsib">NULL</column>
            <column name="rshb">NULL</column>
        </table>
        <table name="bank">
            <column name="id">1368</column>
            <column name="twitid">494351632281650000</column>
            <column name="date">1406697588</column>
            <column name="name">navigatorTSV</column>
            <column name="text">@varlamov амурских тигров, тк после санкций США к Россельхозбанку, кормить тигров будем всем миром.</column>
            <column name="sberbank">NULL</column>
            <column name="vtb">NULL</column>
            <column name="gazprom">NULL</column>
            <column name="alfabank">NULL</column>
            <column name="bankmoskvy">NULL</column>
            <column name="raiffeisen">NULL</column>
            <column name="uralsib">NULL</column>
            <column name="rshb">-1</column>
        </table>
        <table name="bank">
            <column name="id">1369</column>
            <column name="twitid">494351864935110000</column>
            <column name="date">1406697643</column>
            <column name="name">rumliconsterpga</column>
            <column name="text">http://t.co/36hchLEWmS сбербанк какие проценты на потребительский кредит</column>
            <column name="sberbank">0</column>
            <column name="vtb">NULL</column>
            <column name="gazprom">NULL</column>
            <column name="alfabank">NULL</column>
            <column name="bankmoskvy">NULL</column>
            <column name="raiffeisen">NULL</column>
            <column name="uralsib">NULL</column>
            <column name="rshb">NULL</column>
        </table>
        <table name="bank">
            <column name="id">1370</column>
            <column name="twitid">494352901184450000</column>
            <column name="date">1406697890</column>
            <column name="name">Martyasha</column>
            <column name="text">RT @Vinokurov12: США ввели санкции против ВТБ, Банка Москвы и Россельхозбанка http://t.co/y36SPG9Mqj</column>
            <column name="sberbank">NULL</column>
            <column name="vtb">-1</column>
            <column name="gazprom">NULL</column>
            <column name="alfabank">NULL</column>
            <column name="bankmoskvy">-1</column>
            <column name="raiffeisen">NULL</column>
            <column name="uralsib">NULL</column>
            <column name="rshb">-1</column>
        </table>
        <table name="bank">
            <column name="id">1371</column>
            <column name="twitid">494353131052860000</column>
            <column name="date">1406697945</column>
            <column name="name">yderxant5</column>
            <column name="text">руководство альфа банка ставрополь http://t.co/xThzLD76oN #руководство #банка</column>
            <column name="sberbank">NULL</column>
            <column name="vtb">NULL</column>
            <column name="gazprom">NULL</column>
            <column name="alfabank">0</column>
            <column name="bankmoskvy">NULL</column>
            <column name="raiffeisen">NULL</column>
            <column name="uralsib">NULL</column>
            <column name="rshb">NULL</column>
        </table>
        <table name="bank">
            <column name="id">1372</column>
            <column name="twitid">494353443608630000</column>
            <column name="date">1406698020</column>
            <column name="name">APushkin37</column>
            <column name="text">США ввели санкции в отношении Банка Москвы, ВТБ и Россельхозбанка</column>
            <column name="sberbank">NULL</column>
            <column name="vtb">-1</column>
            <column name="gazprom">NULL</column>
            <column name="alfabank">NULL</column>
            <column name="bankmoskvy">-1</column>
            <column name="raiffeisen">NULL</column>
            <column name="uralsib">NULL</column>
            <column name="rshb">-1</column>
        </table>
        <table name="bank">
            <column name="id">1373</column>
            <column name="twitid">494353848065340000</column>
            <column name="date">1406698116</column>
            <column name="name">terfmortrearate</column>
            <column name="text">http://t.co/7e65iwyrkA сбербанк отдел кредитования</column>
            <column name="sberbank">0</column>
            <column name="vtb">NULL</column>
            <column name="gazprom">NULL</column>
            <column name="alfabank">NULL</column>
            <column name="bankmoskvy">NULL</column>
            <column name="raiffeisen">NULL</column>
            <column name="uralsib">NULL</column>
            <column name="rshb">NULL</column>
        </table>
        <table name="bank">
            <column name="id">1374</column>
            <column name="twitid">494357035153370000</column>
            <column name="date">1406698876</column>
            <column name="name">upbaficq</column>
            <column name="text">http://t.co/yOKXEUYETE кредиты в россельхозбанке онлайн заявка</column>
            <column name="sberbank">NULL</column>
            <column name="vtb">NULL</column>
            <column name="gazprom">NULL</column>
            <column name="alfabank">NULL</column>
            <column name="bankmoskvy">NULL</column>
            <column name="raiffeisen">NULL</column>
            <column name="uralsib">NULL</column>
            <column name="rshb">0</column>
        </table>
        <table name="bank">
            <column name="id">1375</column>
            <column name="twitid">494358397652060000</column>
            <column name="date">1406699201</column>
            <column name="name">inpressua</column>
            <column name="text">США и Евросоюз ударили по России новыми санкциями http://t.co/z7LEIC07ev США ввели санкции против Банка Москвы, ВТБ и Россельхозбанка, ...</column>
            <column name="sberbank">NULL</column>
            <column name="vtb">-1</column>
            <column name="gazprom">NULL</column>
            <column name="alfabank">NULL</column>
            <column name="bankmoskvy">-1</column>
            <column name="raiffeisen">NULL</column>
            <column name="uralsib">NULL</column>
            <column name="rshb">-1</column>
        </table>
        <table name="bank">
            <column name="id">1376</column>
            <column name="twitid">494359057910600000</column>
            <column name="date">1406699358</column>
            <column name="name">gibbokiltida</column>
            <column name="text">http://t.co/pyPsEUaRRn автокредит в втб 24 отзывы</column>
            <column name="sberbank">NULL</column>
            <column name="vtb">0</column>
            <column name="gazprom">NULL</column>
            <column name="alfabank">NULL</column>
            <column name="bankmoskvy">NULL</column>
            <column name="raiffeisen">NULL</column>
            <column name="uralsib">NULL</column>
            <column name="rshb">NULL</column>
        </table>
        <table name="bank">
            <column name="id">1377</column>
            <column name="twitid">494361064528960000</column>
            <column name="date">1406699837</column>
            <column name="name">pnolevomp</column>
            <column name="text">http://t.co/HPQyeP3op7 как узнать задолженность по кредиту альфа банк</column>
            <column name="sberbank">NULL</column>
            <column name="vtb">NULL</column>
            <column name="gazprom">NULL</column>
            <column name="alfabank">0</column>
            <column name="bankmoskvy">NULL</column>
            <column name="raiffeisen">NULL</column>
            <column name="uralsib">NULL</column>
            <column name="rshb">NULL</column>
        </table>
        <table name="bank">
            <column name="id">1378</column>
            <column name="twitid">494361924218270000</column>
            <column name="date">1406700042</column>
            <column name="name">niscastketkeipo</column>
            <column name="text">http://t.co/LiT3VFgGLT втб 24 кредит заявка онлайн</column>
            <column name="sberbank">NULL</column>
            <column name="vtb">0</column>
            <column name="gazprom">NULL</column>
            <column name="alfabank">NULL</column>
            <column name="bankmoskvy">NULL</column>
            <column name="raiffeisen">NULL</column>
            <column name="uralsib">NULL</column>
            <column name="rshb">NULL</column>
        </table>
        <table name="bank">
            <column name="id">1379</column>
            <column name="twitid">494362580920840000</column>
            <column name="date">1406700198</column>
            <column name="name">ehorlakuq</column>
            <column name="text">http://t.co/sQLQVVHTGl Можно ли получить кредит в пскове в альфа банке</column>
            <column name="sberbank">NULL</column>
            <column name="vtb">NULL</column>
            <column name="gazprom">NULL</column>
            <column name="alfabank">0</column>
            <column name="bankmoskvy">NULL</column>
            <column name="raiffeisen">NULL</column>
            <column name="uralsib">NULL</column>
            <column name="rshb">NULL</column>
        </table>
        <table name="bank">
            <column name="id">1380</column>
            <column name="twitid">494362581478300000</column>
            <column name="date">1406700198</column>
            <column name="name">rchetSch</column>
            <column name="text">http://t.co/kzzSfEwqBc калькулятор автокредита альфа банк</column>
            <column name="sberbank">NULL</column>
            <column name="vtb">NULL</column>
            <column name="gazprom">NULL</column>
            <column name="alfabank">0</column>
            <column name="bankmoskvy">NULL</column>
            <column name="raiffeisen">NULL</column>
            <column name="uralsib">NULL</column>
            <column name="rshb">NULL</column>
        </table>
        <table name="bank">
            <column name="id">1381</column>
            <column name="twitid">494362628454510000</column>
            <column name="date">1406700210</column>
            <column name="name">pawnumeworldarn</column>
            <column name="text">http://t.co/NyD58FCwIK калькулятор автокредита альфа банк</column>
            <column name="sberbank">NULL</column>
            <column name="vtb">NULL</column>
            <column name="gazprom">NULL</column>
            <column name="alfabank">0</column>
            <column name="bankmoskvy">NULL</column>
            <column name="raiffeisen">NULL</column>
            <column name="uralsib">NULL</column>
            <column name="rshb">NULL</column>
        </table>
        <table name="bank">
            <column name="id">1382</column>
            <column name="twitid">494363203019620000</column>
            <column name="date">1406700347</column>
            <column name="name">terfmortrearate</column>
            <column name="text">http://t.co/IplkaCs7Fa альфа банк оформить кредит</column>
            <column name="sberbank">NULL</column>
            <column name="vtb">NULL</column>
            <column name="gazprom">NULL</column>
            <column name="alfabank">0</column>
            <column name="bankmoskvy">NULL</column>
            <column name="raiffeisen">NULL</column>
            <column name="uralsib">NULL</column>
            <column name="rshb">NULL</column>
        </table>
        <table name="bank">
            <column name="id">1383</column>
            <column name="twitid">494364631972870000</column>
            <column name="date">1406700687</column>
            <column name="name">Marketer1997</column>
            <column name="text">.

Оросын
- ВТБ
- Банк Москвы
- Россельхоз банкны
эсрэг м?н хориг нэмж тогтоолоо
#АНУ
.
.</column>
            <column name="sberbank">NULL</column>
            <column name="vtb">--</column>
            <column name="gazprom">NULL</column>
            <column name="alfabank">NULL</column>
            <column name="bankmoskvy">--</column>
            <column name="raiffeisen">NULL</column>
            <column name="uralsib">NULL</column>
            <column name="rshb">NULL</column>
        </table>
        <table name="bank">
            <column name="id">1384</column>
            <column name="twitid">494366935963150000</column>
            <column name="date">1406701237</column>
            <column name="name">yraqosho</column>
            <column name="text">http://t.co/XXnNmYwEZJ Взять кредит альфа банк город спасск дальний</column>
            <column name="sberbank">NULL</column>
            <column name="vtb">NULL</column>
            <column name="gazprom">NULL</column>
            <column name="alfabank">0</column>
            <column name="bankmoskvy">NULL</column>
            <column name="raiffeisen">NULL</column>
            <column name="uralsib">NULL</column>
            <column name="rshb">NULL</column>
        </table>
        <table name="bank">
            <column name="id">1385</column>
            <column name="twitid">494367432513820000</column>
            <column name="date">1406701355</column>
            <column name="name">osedis</column>
            <column name="text">Годовой отчет ИТ-монстра #КРОК: в прошлом #Сбербанк и ВТБ, впереди роботы и &quot;умные города&quot;:) http://t.co/lrsI1HwY8z</column>
            <column name="sberbank">-1</column>
            <column name="vtb">-1</column>
            <column name="gazprom">NULL</column>
            <column name="alfabank">NULL</column>
            <column name="bankmoskvy">NULL</column>
            <column name="raiffeisen">NULL</column>
            <column name="uralsib">NULL</column>
            <column name="rshb">NULL</column>
        </table>
        <table name="bank">
            <column name="id">1386</column>
            <column name="twitid">494367744318400000</column>
            <column name="date">1406701429</column>
            <column name="name">terfmortrearate</column>
            <column name="text">http://t.co/5KXFceMtyb онлайн заявка альфа банк кредит наличными</column>
            <column name="sberbank">NULL</column>
            <column name="vtb">NULL</column>
            <column name="gazprom">NULL</column>
            <column name="alfabank">0</column>
            <column name="bankmoskvy">NULL</column>
            <column name="raiffeisen">NULL</column>
            <column name="uralsib">NULL</column>
            <column name="rshb">NULL</column>
        </table>
        <table name="bank">
            <column name="id">1387</column>
            <column name="twitid">494368322687730000</column>
            <column name="date">1406701567</column>
            <column name="name">DeboraHayles</column>
            <column name="text">доверенность в сбербанк рф туризм. закон о турдеятельности</column>
            <column name="sberbank">0</column>
            <column name="vtb">NULL</column>
            <column name="gazprom">NULL</column>
            <column name="alfabank">NULL</column>
            <column name="bankmoskvy">NULL</column>
            <column name="raiffeisen">NULL</column>
            <column name="uralsib">NULL</column>
            <column name="rshb">NULL</column>
        </table>
        <table name="bank">
            <column name="id">1388</column>
            <column name="twitid">494369118397940000</column>
            <column name="date">1406701757</column>
            <column name="name">PetrAleksei</column>
            <column name="text">США закрыли доступ на свой рынок капитала для трех российских госбанков - ВТБ, Банка Москвы и Россельхозбанка</column>
            <column name="sberbank">NULL</column>
            <column name="vtb">-1</column>
            <column name="gazprom">NULL</column>
            <column name="alfabank">NULL</column>
            <column name="bankmoskvy">-1</column>
            <column name="raiffeisen">NULL</column>
            <column name="uralsib">NULL</column>
            <column name="rshb">-1</column>
        </table>
        <table name="bank">
            <column name="id">1389</column>
            <column name="twitid">494369605516010000</column>
            <column name="date">1406701873</column>
            <column name="name">upbaficq</column>
            <column name="text">http://t.co/GMZcSLD6bV как оформить кредит в россельхозбанке</column>
            <column name="sberbank">NULL</column>
            <column name="vtb">NULL</column>
            <column name="gazprom">NULL</column>
            <column name="alfabank">NULL</column>
            <column name="bankmoskvy">NULL</column>
            <column name="raiffeisen">NULL</column>
            <column name="uralsib">NULL</column>
            <column name="rshb">0</column>
        </table>
        <table name="bank">
            <column name="id">1390</column>
            <column name="twitid">494370633350770000</column>
            <column name="date">1406702118</column>
            <column name="name">creditsoc</column>
            <column name="text">Санкции США не окажет существенного влияния на деятельность Россельхозбанка (РСХБ). Об этом РБК сообщил член наблюдательного совета ...</column>
            <column name="sberbank">NULL</column>
            <column name="vtb">NULL</column>
            <column name="gazprom">NULL</column>
            <column name="alfabank">NULL</column>
            <column name="bankmoskvy">NULL</column>
            <column name="raiffeisen">NULL</column>
            <column name="uralsib">NULL</column>
            <column name="rshb">0</column>
        </table>
        <table name="bank">
            <column name="id">1391</column>
            <column name="twitid">494371620375770000</column>
            <column name="date">1406702353</column>
            <column name="name">eprimyr22</column>
            <column name="text">http://t.co/qRUL2oSBx0 Как взять кредит в банке сбербанк приозерск</column>
            <column name="sberbank">0</column>
            <column name="vtb">NULL</column>
            <column name="gazprom">NULL</column>
            <column name="alfabank">NULL</column>
            <column name="bankmoskvy">NULL</column>
            <column name="raiffeisen">NULL</column>
            <column name="uralsib">NULL</column>
            <column name="rshb">NULL</column>
        </table>
        <table name="bank">
            <column name="id">1392</column>
            <column name="twitid">494372337186130000</column>
            <column name="date">1406702524</column>
            <column name="name">bosssmix</column>
            <column name="text">ЦБ РФ готов поддержать ВТБ, РСХБ и Банк Москвы после введения против них санкций США</column>
            <column name="sberbank">NULL</column>
            <column name="vtb">+-</column>
            <column name="gazprom">NULL</column>
            <column name="alfabank">NULL</column>
            <column name="bankmoskvy">+-</column>
            <column name="raiffeisen">NULL</column>
            <column name="uralsib">NULL</column>
            <column name="rshb">+-</column>
        </table>
        <table name="bank">
            <column name="id">1393</column>
            <column name="twitid">494372337202890000</column>
            <column name="date">1406702524</column>
            <column name="name">sadshit666</column>
            <column name="text">Поволжский Сбербанк в Волгограде открывает набор в Школу клиентских менеджеров</column>
            <column name="sberbank">1</column>
            <column name="vtb">NULL</column>
            <column name="gazprom">NULL</column>
            <column name="alfabank">NULL</column>
            <column name="bankmoskvy">NULL</column>
            <column name="raiffeisen">NULL</column>
            <column name="uralsib">NULL</column>
            <column name="rshb">NULL</column>
        </table>
        <table name="bank">
            <column name="id">1394</column>
            <column name="twitid">494373644189970000</column>
            <column name="date">1406702836</column>
            <column name="name">MinfinComUa</column>
            <column name="text">#США ввели #санкции против «Банка Москвы», ВТБ (Россия) и Россельхозбанка
http://t.co/PmUPyFFaf6</column>
            <column name="sberbank">NULL</column>
            <column name="vtb">-1</column>
            <column name="gazprom">NULL</column>
            <column name="alfabank">NULL</column>
            <column name="bankmoskvy">-1</column>
            <column name="raiffeisen">NULL</column>
            <column name="uralsib">NULL</column>
            <column name="rshb">-1</column>
        </table>
        <table name="bank">
            <column name="id">1395</column>
            <column name="twitid">494373824482130000</column>
            <column name="date">1406702879</column>
            <column name="name">rbc_ukraine</column>
            <column name="text">Российский банк ВТБ подготовился к санкциям ЕС и США http://t.co/rGJNO86kB7 #новости #news</column>
            <column name="sberbank">NULL</column>
            <column name="vtb">1</column>
            <column name="gazprom">NULL</column>
            <column name="alfabank">NULL</column>
            <column name="bankmoskvy">NULL</column>
            <column name="raiffeisen">NULL</column>
            <column name="uralsib">NULL</column>
            <column name="rshb">NULL</column>
        </table>
        <table name="bank">
            <column name="id">1396</column>
            <column name="twitid">494374317678150000</column>
            <column name="date">1406702997</column>
            <column name="name">SarahTh56024482</column>
            <column name="text">ВТБ, Банк Москвы и Россельхозбанк попали под санкции США</column>
            <column name="sberbank">NULL</column>
            <column name="vtb">-1</column>
            <column name="gazprom">NULL</column>
            <column name="alfabank">NULL</column>
            <column name="bankmoskvy">-1</column>
            <column name="raiffeisen">NULL</column>
            <column name="uralsib">NULL</column>
            <column name="rshb">-1</column>
        </table>
        <table name="bank">
            <column name="id">1397</column>
            <column name="twitid">494375819591320000</column>
            <column name="date">1406703355</column>
            <column name="name">nohtomanq</column>
            <column name="text">http://t.co/yI3p37iP5F Как можно получить кредит в россельхозбанке</column>
            <column name="sberbank">NULL</column>
            <column name="vtb">NULL</column>
            <column name="gazprom">NULL</column>
            <column name="alfabank">NULL</column>
            <column name="bankmoskvy">NULL</column>
            <column name="raiffeisen">NULL</column>
            <column name="uralsib">NULL</column>
            <column name="rshb">0</column>
        </table>
        <table name="bank">
            <column name="id">1398</column>
            <column name="twitid">494375907386480000</column>
            <column name="date">1406703376</column>
            <column name="name">postan</column>
            <column name="text">@alfa_bank шлёт смс с зарубежного номера. Молодцы, уели наших опсосов. А то наживы лёгкой захотели.</column>
            <column name="sberbank">NULL</column>
            <column name="vtb">NULL</column>
            <column name="gazprom">NULL</column>
            <column name="alfabank">0</column>
            <column name="bankmoskvy">NULL</column>
            <column name="raiffeisen">NULL</column>
            <column name="uralsib">NULL</column>
            <column name="rshb">NULL</column>
        </table>
        <table name="bank">
            <column name="id">1399</column>
            <column name="twitid">494376000902670000</column>
            <column name="date">1406703398</column>
            <column name="name">doradoSu</column>
            <column name="text">http://t.co/m2TcXmNZOT Россельхозбанк как взять кредит в грозном</column>
            <column name="sberbank">NULL</column>
            <column name="vtb">NULL</column>
            <column name="gazprom">NULL</column>
            <column name="alfabank">NULL</column>
            <column name="bankmoskvy">NULL</column>
            <column name="raiffeisen">NULL</column>
            <column name="uralsib">NULL</column>
            <column name="rshb">0</column>
        </table>
        <table name="bank">
            <column name="id">1400</column>
            <column name="twitid">494376232512150000</column>
            <column name="date">1406703453</column>
            <column name="name">selliKui</column>
            <column name="text">http://t.co/mD61VGmv8U россельхозбанк калькулятор кредит</column>
            <column name="sberbank">NULL</column>
            <column name="vtb">NULL</column>
            <column name="gazprom">NULL</column>
            <column name="alfabank">NULL</column>
            <column name="bankmoskvy">NULL</column>
            <column name="raiffeisen">NULL</column>
            <column name="uralsib">NULL</column>
            <column name="rshb">0</column>
        </table>
    </database>
</pma_xml_export>