<?xml version="1.0" encoding="utf-8"?>
<!--
- phpMyAdmin XML Dump
- version 4.0.4.1
- http://www.phpmyadmin.net
-
- Хост: localhost
- Время создания: Окт 28 2014 г., 09:04
- Версия сервера: 5.6.12
- Версия PHP: 5.5.3
-->

<pma_xml_export version="1.0" xmlns:pma="http://www.phpmyadmin.net/some_doc_url/">
    <!--
    - Structure schemas
    -->
    <pma:structure_schemas>
        <pma:database name="Romip" collation="utf8_general_ci" charset="utf8">
            <pma:table name="bank">
                CREATE TABLE `bank` (
                  `id` int(11) NOT NULL AUTO_INCREMENT,
                  `twitid` bigint(32) NOT NULL DEFAULT '0',
                  `date` varchar(128) DEFAULT NULL,
                  `name` varchar(128) DEFAULT NULL,
                  `text` varchar(256) DEFAULT NULL,
                  `sberbank` int(11) DEFAULT NULL,
                  `vtb` int(11) DEFAULT NULL,
                  `gazprom` int(11) DEFAULT NULL,
                  `alfabank` int(11) DEFAULT NULL,
                  `bankmoskvy` int(11) DEFAULT NULL,
                  `raiffeisen` int(11) DEFAULT NULL,
                  `uralsib` int(11) DEFAULT NULL,
                  `rshb` int(11) DEFAULT NULL,
                  PRIMARY KEY (`id`),
                  UNIQUE KEY `id` (`twitid`)
                ) ENGINE=InnoDB AUTO_INCREMENT=7924 DEFAULT CHARSET=utf8;
            </pma:table>
        </pma:database>
    </pma:structure_schemas>

    <!--
    - База данных: 'Romip'
    -->
    <database name="Romip">
        <!-- Таблица bank -->
        <table name="bank">
            <column name="id">3201</column>
            <column name="twitid">497088758609870000</column>
            <column name="date">1407350170</column>
            <column name="name">bettinalqclack</column>
            <column name="text">Рассчитать автокредит втб 24 http://t.co/ZBzPST6jdu</column>
            <column name="sberbank">NULL</column>
            <column name="vtb">0</column>
            <column name="gazprom">NULL</column>
            <column name="alfabank">NULL</column>
            <column name="bankmoskvy">NULL</column>
            <column name="raiffeisen">NULL</column>
            <column name="uralsib">NULL</column>
            <column name="rshb">NULL</column>
        </table>
        <table name="bank">
            <column name="id">3202</column>
            <column name="twitid">497088807314130000</column>
            <column name="date">1407350181</column>
            <column name="name">AAndreev13</column>
            <column name="text">Россельхозбанк проводит совместную акцию с клубом «Астрон»</column>
            <column name="sberbank">NULL</column>
            <column name="vtb">NULL</column>
            <column name="gazprom">NULL</column>
            <column name="alfabank">NULL</column>
            <column name="bankmoskvy">NULL</column>
            <column name="raiffeisen">NULL</column>
            <column name="uralsib">NULL</column>
            <column name="rshb">0</column>
        </table>
        <table name="bank">
            <column name="id">3203</column>
            <column name="twitid">497091430582860000</column>
            <column name="date">1407350807</column>
            <column name="name">jonirumokew</column>
            <column name="text">Как открыть кредитную карту банк москвы http://t.co/A4oXD4kGgu</column>
            <column name="sberbank">NULL</column>
            <column name="vtb">NULL</column>
            <column name="gazprom">NULL</column>
            <column name="alfabank">NULL</column>
            <column name="bankmoskvy">0</column>
            <column name="raiffeisen">NULL</column>
            <column name="uralsib">NULL</column>
            <column name="rshb">NULL</column>
        </table>
        <table name="bank">
            <column name="id">3204</column>
            <column name="twitid">497100195717730000</column>
            <column name="date">1407352897</column>
            <column name="name">prudidficli1987</column>
            <column name="text">Банк ВТБ 24 приостановил прием консульского сбора за визу США. Об этом «Ленте.ру» сообщил сотрудник колл-центра кредитной организации. По е</column>
            <column name="sberbank">NULL</column>
            <column name="vtb">-1</column>
            <column name="gazprom">NULL</column>
            <column name="alfabank">NULL</column>
            <column name="bankmoskvy">NULL</column>
            <column name="raiffeisen">NULL</column>
            <column name="uralsib">NULL</column>
            <column name="rshb">NULL</column>
        </table>
        <table name="bank">
            <column name="id">3205</column>
            <column name="twitid">497100355931760000</column>
            <column name="date">1407352935</column>
            <column name="name">xyhojosun</column>
            <column name="text">Условия ипотечного кредита сбербанк http://t.co/g2nAtCvtGr</column>
            <column name="sberbank">0</column>
            <column name="vtb">NULL</column>
            <column name="gazprom">NULL</column>
            <column name="alfabank">NULL</column>
            <column name="bankmoskvy">NULL</column>
            <column name="raiffeisen">NULL</column>
            <column name="uralsib">NULL</column>
            <column name="rshb">NULL</column>
        </table>
        <table name="bank">
            <column name="id">3206</column>
            <column name="twitid">497101744867120000</column>
            <column name="date">1407353266</column>
            <column name="name">vijaafexr</column>
            <column name="text">http://t.co/pqg4nQjnXF Взять кредит в альфа банке под залог в находке</column>
            <column name="sberbank">NULL</column>
            <column name="vtb">NULL</column>
            <column name="gazprom">NULL</column>
            <column name="alfabank">0</column>
            <column name="bankmoskvy">NULL</column>
            <column name="raiffeisen">NULL</column>
            <column name="uralsib">NULL</column>
            <column name="rshb">NULL</column>
        </table>
        <table name="bank">
            <column name="id">3207</column>
            <column name="twitid">497105854035170000</column>
            <column name="date">1407354246</column>
            <column name="name">NNikolaeva20</column>
            <column name="text">ВТБ 24 перестал принимать консульский сбор за визу США.Банк ВТБ 24 приостановил прием консульского сбора за визу США. В банке сообщили, что</column>
            <column name="sberbank">NULL</column>
            <column name="vtb">-1</column>
            <column name="gazprom">NULL</column>
            <column name="alfabank">NULL</column>
            <column name="bankmoskvy">NULL</column>
            <column name="raiffeisen">NULL</column>
            <column name="uralsib">NULL</column>
            <column name="rshb">NULL</column>
        </table>
        <table name="bank">
            <column name="id">3208</column>
            <column name="twitid">497105899346200000</column>
            <column name="date">1407354256</column>
            <column name="name">umolai164b</column>
            <column name="text">Кредит наличными в втб 24 http://t.co/094ENG2tBY</column>
            <column name="sberbank">NULL</column>
            <column name="vtb">0</column>
            <column name="gazprom">NULL</column>
            <column name="alfabank">NULL</column>
            <column name="bankmoskvy">NULL</column>
            <column name="raiffeisen">NULL</column>
            <column name="uralsib">NULL</column>
            <column name="rshb">NULL</column>
        </table>
        <table name="bank">
            <column name="id">3209</column>
            <column name="twitid">497108971875220000</column>
            <column name="date">1407354989</column>
            <column name="name">LNekrasova23</column>
            <column name="text">Россельхозбанк снизил ставки по кредитам личным подсобным хозяйствам</column>
            <column name="sberbank">NULL</column>
            <column name="vtb">NULL</column>
            <column name="gazprom">NULL</column>
            <column name="alfabank">NULL</column>
            <column name="bankmoskvy">NULL</column>
            <column name="raiffeisen">NULL</column>
            <column name="uralsib">NULL</column>
            <column name="rshb">1</column>
        </table>
        <table name="bank">
            <column name="id">3210</column>
            <column name="twitid">497110986785300000</column>
            <column name="date">1407355469</column>
            <column name="name">AFrolov37</column>
            <column name="text">Сбербанк допустил повышение ставок по кредитам. Сбербанк может повысить ставки по кредитам из-за проблем с привлечением средств на рынке. З</column>
            <column name="sberbank">-1</column>
            <column name="vtb">NULL</column>
            <column name="gazprom">NULL</column>
            <column name="alfabank">NULL</column>
            <column name="bankmoskvy">NULL</column>
            <column name="raiffeisen">NULL</column>
            <column name="uralsib">NULL</column>
            <column name="rshb">NULL</column>
        </table>
        <table name="bank">
            <column name="id">3211</column>
            <column name="twitid">497113249574550000</column>
            <column name="date">1407356009</column>
            <column name="name">MVdovin12</column>
            <column name="text">Канадские власти ввели дополнительные санкции. В &amp;amp;quot;черный список&amp;amp;quot; попали ВТБ, &amp;amp;quot;Банк Москвы&amp;amp;quot; и &amp;amp;quot;Добролет&amp;amp;quot;</column>
            <column name="sberbank">NULL</column>
            <column name="vtb">-1</column>
            <column name="gazprom">NULL</column>
            <column name="alfabank">NULL</column>
            <column name="bankmoskvy">-1</column>
            <column name="raiffeisen">NULL</column>
            <column name="uralsib">NULL</column>
            <column name="rshb">NULL</column>
        </table>
        <table name="bank">
            <column name="id">3212</column>
            <column name="twitid">497122019235080000</column>
            <column name="date">1407358100</column>
            <column name="name">fikyfovulys</column>
            <column name="text">Кредит сбербанк г железнодорожный http://t.co/AOniuJsgvg</column>
            <column name="sberbank">0</column>
            <column name="vtb">NULL</column>
            <column name="gazprom">NULL</column>
            <column name="alfabank">NULL</column>
            <column name="bankmoskvy">NULL</column>
            <column name="raiffeisen">NULL</column>
            <column name="uralsib">NULL</column>
            <column name="rshb">NULL</column>
        </table>
        <table name="bank">
            <column name="id">3213</column>
            <column name="twitid">497124655917200000</column>
            <column name="date">1407358728</column>
            <column name="name">isadorajxsherer</column>
            <column name="text">Авто кредит от альфа банка http://t.co/V6I3W0vAPj</column>
            <column name="sberbank">NULL</column>
            <column name="vtb">NULL</column>
            <column name="gazprom">NULL</column>
            <column name="alfabank">0</column>
            <column name="bankmoskvy">NULL</column>
            <column name="raiffeisen">NULL</column>
            <column name="uralsib">NULL</column>
            <column name="rshb">NULL</column>
        </table>
        <table name="bank">
            <column name="id">3214</column>
            <column name="twitid">497125093458600000</column>
            <column name="date">1407358833</column>
            <column name="name">mevaqanutu</column>
            <column name="text">Кредиты в втб 24 банк http://t.co/4Z2WOKR4O1</column>
            <column name="sberbank">NULL</column>
            <column name="vtb">0</column>
            <column name="gazprom">NULL</column>
            <column name="alfabank">NULL</column>
            <column name="bankmoskvy">NULL</column>
            <column name="raiffeisen">NULL</column>
            <column name="uralsib">NULL</column>
            <column name="rshb">NULL</column>
        </table>
        <table name="bank">
            <column name="id">3215</column>
            <column name="twitid">497129801992670000</column>
            <column name="date">1407359955</column>
            <column name="name">ynacolesun</column>
            <column name="text">http://t.co/dYWgFDvQ4C Взять кредит наличными уралсиб банк</column>
            <column name="sberbank">NULL</column>
            <column name="vtb">NULL</column>
            <column name="gazprom">NULL</column>
            <column name="alfabank">NULL</column>
            <column name="bankmoskvy">NULL</column>
            <column name="raiffeisen">NULL</column>
            <column name="uralsib">0</column>
            <column name="rshb">NULL</column>
        </table>
        <table name="bank">
            <column name="id">3216</column>
            <column name="twitid">497136064448830000</column>
            <column name="date">1407361448</column>
            <column name="name">lexacom</column>
            <column name="text">Райффайзен банк ростов http://t.co/bxtAzFUULF</column>
            <column name="sberbank">NULL</column>
            <column name="vtb">NULL</column>
            <column name="gazprom">NULL</column>
            <column name="alfabank">NULL</column>
            <column name="bankmoskvy">NULL</column>
            <column name="raiffeisen">0</column>
            <column name="uralsib">NULL</column>
            <column name="rshb">NULL</column>
        </table>
        <table name="bank">
            <column name="id">3217</column>
            <column name="twitid">497137764216080000</column>
            <column name="date">1407361854</column>
            <column name="name">mejiaspualexand</column>
            <column name="text">Банк втб 24 кредиты на жилье http://t.co/2QzAdqAGzC</column>
            <column name="sberbank">NULL</column>
            <column name="vtb">0</column>
            <column name="gazprom">NULL</column>
            <column name="alfabank">NULL</column>
            <column name="bankmoskvy">NULL</column>
            <column name="raiffeisen">NULL</column>
            <column name="uralsib">NULL</column>
            <column name="rshb">NULL</column>
        </table>
        <table name="bank">
            <column name="id">3218</column>
            <column name="twitid">497138096497260000</column>
            <column name="date">1407361933</column>
            <column name="name">Sokolovalustrut</column>
            <column name="text">RT @DianaSolberg1: «Банк Москвы» открыл новую программу для работников бюджетной сферы в Северной Осетии</column>
            <column name="sberbank">NULL</column>
            <column name="vtb">NULL</column>
            <column name="gazprom">NULL</column>
            <column name="alfabank">NULL</column>
            <column name="bankmoskvy">1</column>
            <column name="raiffeisen">NULL</column>
            <column name="uralsib">NULL</column>
            <column name="rshb">NULL</column>
        </table>
        <table name="bank">
            <column name="id">3219</column>
            <column name="twitid">497138604242910000</column>
            <column name="date">1407362054</column>
            <column name="name">wdenPoppel</column>
            <column name="text">http://t.co/c5TiyyF6Wy Взять кредит 60000 грн альфа банке</column>
            <column name="sberbank">NULL</column>
            <column name="vtb">NULL</column>
            <column name="gazprom">NULL</column>
            <column name="alfabank">0</column>
            <column name="bankmoskvy">NULL</column>
            <column name="raiffeisen">NULL</column>
            <column name="uralsib">NULL</column>
            <column name="rshb">NULL</column>
        </table>
        <table name="bank">
            <column name="id">3220</column>
            <column name="twitid">497152504946510000</column>
            <column name="date">1407365368</column>
            <column name="name">YanaSuporovska</column>
            <column name="text">RT @dennydov: РТС - 2.5%, Аэрофлот -5%, ВТБ -4.8%, Сбер -6.4%</column>
            <column name="sberbank">-1</column>
            <column name="vtb">-1</column>
            <column name="gazprom">NULL</column>
            <column name="alfabank">NULL</column>
            <column name="bankmoskvy">NULL</column>
            <column name="raiffeisen">NULL</column>
            <column name="uralsib">NULL</column>
            <column name="rshb">NULL</column>
        </table>
        <table name="bank">
            <column name="id">3221</column>
            <column name="twitid">497154408950800000</column>
            <column name="date">1407365822</column>
            <column name="name">reikoflamcnamee</column>
            <column name="text">Райффайзенбанк принимает решение по кредиту http://t.co/IZ0JLsQXSA</column>
            <column name="sberbank">NULL</column>
            <column name="vtb">NULL</column>
            <column name="gazprom">NULL</column>
            <column name="alfabank">NULL</column>
            <column name="bankmoskvy">NULL</column>
            <column name="raiffeisen">0</column>
            <column name="uralsib">NULL</column>
            <column name="rshb">NULL</column>
        </table>
        <table name="bank">
            <column name="id">3222</column>
            <column name="twitid">497156223830330000</column>
            <column name="date">1407366255</column>
            <column name="name">tuxurozewif</column>
            <column name="text">Кредиты россельхозбанка юридическим лицам http://t.co/i6NJrEo9XU</column>
            <column name="sberbank">NULL</column>
            <column name="vtb">NULL</column>
            <column name="gazprom">NULL</column>
            <column name="alfabank">NULL</column>
            <column name="bankmoskvy">NULL</column>
            <column name="raiffeisen">NULL</column>
            <column name="uralsib">NULL</column>
            <column name="rshb">0</column>
        </table>
        <table name="bank">
            <column name="id">3223</column>
            <column name="twitid">497156225646490000</column>
            <column name="date">1407366255</column>
            <column name="name">wekynehut</column>
            <column name="text">Банк москвы г новокузнецк кредиты http://t.co/yfzPWSdS11</column>
            <column name="sberbank">NULL</column>
            <column name="vtb">NULL</column>
            <column name="gazprom">NULL</column>
            <column name="alfabank">NULL</column>
            <column name="bankmoskvy">0</column>
            <column name="raiffeisen">NULL</column>
            <column name="uralsib">NULL</column>
            <column name="rshb">NULL</column>
        </table>
        <table name="bank">
            <column name="id">3224</column>
            <column name="twitid">497164752859450000</column>
            <column name="date">1407368288</column>
            <column name="name">garrettnkhaudry</column>
            <column name="text">Процентная ставка по кредитам сбер банка http://t.co/8xRJKgUbkT</column>
            <column name="sberbank">0</column>
            <column name="vtb">NULL</column>
            <column name="gazprom">NULL</column>
            <column name="alfabank">NULL</column>
            <column name="bankmoskvy">NULL</column>
            <column name="raiffeisen">NULL</column>
            <column name="uralsib">NULL</column>
            <column name="rshb">NULL</column>
        </table>
        <table name="bank">
            <column name="id">3225</column>
            <column name="twitid">497164859801620000</column>
            <column name="date">1407368314</column>
            <column name="name">danielekvshuler</column>
            <column name="text">Юго западный сбербанк кредитный калькулятор http://t.co/3wUevJtbjJ</column>
            <column name="sberbank">0</column>
            <column name="vtb">NULL</column>
            <column name="gazprom">NULL</column>
            <column name="alfabank">NULL</column>
            <column name="bankmoskvy">NULL</column>
            <column name="raiffeisen">NULL</column>
            <column name="uralsib">NULL</column>
            <column name="rshb">NULL</column>
        </table>
        <table name="bank">
            <column name="id">3226</column>
            <column name="twitid">497164965678440000</column>
            <column name="date">1407368339</column>
            <column name="name">rozikizutuc</column>
            <column name="text">Нижний новгород сбербанк кредит http://t.co/68jT7KN56t</column>
            <column name="sberbank">0</column>
            <column name="vtb">NULL</column>
            <column name="gazprom">NULL</column>
            <column name="alfabank">NULL</column>
            <column name="bankmoskvy">NULL</column>
            <column name="raiffeisen">NULL</column>
            <column name="uralsib">NULL</column>
            <column name="rshb">NULL</column>
        </table>
        <table name="bank">
            <column name="id">3227</column>
            <column name="twitid">497166283449070000</column>
            <column name="date">1407368653</column>
            <column name="name">shauntaudcswart</column>
            <column name="text">Условия по кредиту сбер банк http://t.co/j2d582DHjm</column>
            <column name="sberbank">0</column>
            <column name="vtb">NULL</column>
            <column name="gazprom">NULL</column>
            <column name="alfabank">NULL</column>
            <column name="bankmoskvy">NULL</column>
            <column name="raiffeisen">NULL</column>
            <column name="uralsib">NULL</column>
            <column name="rshb">NULL</column>
        </table>
        <table name="bank">
            <column name="id">3228</column>
            <column name="twitid">497166385999790000</column>
            <column name="date">1407368677</column>
            <column name="name">xoctocysty</column>
            <column name="text">Северо западный сбербанк кредит http://t.co/P8fUlYYLaW</column>
            <column name="sberbank">0</column>
            <column name="vtb">NULL</column>
            <column name="gazprom">NULL</column>
            <column name="alfabank">NULL</column>
            <column name="bankmoskvy">NULL</column>
            <column name="raiffeisen">NULL</column>
            <column name="uralsib">NULL</column>
            <column name="rshb">NULL</column>
        </table>
        <table name="bank">
            <column name="id">3229</column>
            <column name="twitid">497167972545590000</column>
            <column name="date">1407369056</column>
            <column name="name">qyggrumik</column>
            <column name="text">http://t.co/cTeZDtdNtP Взять кредит в втб 24 новосибирск</column>
            <column name="sberbank">NULL</column>
            <column name="vtb">0</column>
            <column name="gazprom">NULL</column>
            <column name="alfabank">NULL</column>
            <column name="bankmoskvy">NULL</column>
            <column name="raiffeisen">NULL</column>
            <column name="uralsib">NULL</column>
            <column name="rshb">NULL</column>
        </table>
        <table name="bank">
            <column name="id">3230</column>
            <column name="twitid">497168283872030000</column>
            <column name="date">1407369130</column>
            <column name="name">georgineujbecht</column>
            <column name="text">Ипотечные кредиты сбер банк http://t.co/kqrvrEvZQE</column>
            <column name="sberbank">0</column>
            <column name="vtb">NULL</column>
            <column name="gazprom">NULL</column>
            <column name="alfabank">NULL</column>
            <column name="bankmoskvy">NULL</column>
            <column name="raiffeisen">NULL</column>
            <column name="uralsib">NULL</column>
            <column name="rshb">NULL</column>
        </table>
        <table name="bank">
            <column name="id">3231</column>
            <column name="twitid">497170597114560000</column>
            <column name="date">1407369682</column>
            <column name="name">tendconsposili</column>
            <column name="text">RT @deubugefedev: взять кредит наличными втб 24 http://t.co/wtyAYWQ3Sz</column>
            <column name="sberbank">NULL</column>
            <column name="vtb">0</column>
            <column name="gazprom">NULL</column>
            <column name="alfabank">NULL</column>
            <column name="bankmoskvy">NULL</column>
            <column name="raiffeisen">NULL</column>
            <column name="uralsib">NULL</column>
            <column name="rshb">NULL</column>
        </table>
        <table name="bank">
            <column name="id">3232</column>
            <column name="twitid">497170799179360000</column>
            <column name="date">1407369730</column>
            <column name="name">rirylihocor</column>
            <column name="text">Кредитные карты альфа банк отзывы http://t.co/MhKPmBjbDt</column>
            <column name="sberbank">NULL</column>
            <column name="vtb">NULL</column>
            <column name="gazprom">NULL</column>
            <column name="alfabank">0</column>
            <column name="bankmoskvy">NULL</column>
            <column name="raiffeisen">NULL</column>
            <column name="uralsib">NULL</column>
            <column name="rshb">NULL</column>
        </table>
        <table name="bank">
            <column name="id">3233</column>
            <column name="twitid">497171957595800000</column>
            <column name="date">1407370006</column>
            <column name="name">eenbkorts</column>
            <column name="text">Кредитный отдел сбербанк иркутск ленина http://t.co/NRDqANseaM</column>
            <column name="sberbank">0</column>
            <column name="vtb">NULL</column>
            <column name="gazprom">NULL</column>
            <column name="alfabank">NULL</column>
            <column name="bankmoskvy">NULL</column>
            <column name="raiffeisen">NULL</column>
            <column name="uralsib">NULL</column>
            <column name="rshb">NULL</column>
        </table>
        <table name="bank">
            <column name="id">3234</column>
            <column name="twitid">497174422533730000</column>
            <column name="date">1407370594</column>
            <column name="name">riscre</column>
            <column name="text">Экспресс кредит сбербанк г чебоксары http://t.co/7fPrbP5QkV</column>
            <column name="sberbank">0</column>
            <column name="vtb">NULL</column>
            <column name="gazprom">NULL</column>
            <column name="alfabank">NULL</column>
            <column name="bankmoskvy">NULL</column>
            <column name="raiffeisen">NULL</column>
            <column name="uralsib">NULL</column>
            <column name="rshb">NULL</column>
        </table>
        <table name="bank">
            <column name="id">3235</column>
            <column name="twitid">497179184829980000</column>
            <column name="date">1407371729</column>
            <column name="name">erdreStor</column>
            <column name="text">http://t.co/8bpdGMAO6z Россельхозбанк взять кредит наличными</column>
            <column name="sberbank">NULL</column>
            <column name="vtb">NULL</column>
            <column name="gazprom">NULL</column>
            <column name="alfabank">NULL</column>
            <column name="bankmoskvy">NULL</column>
            <column name="raiffeisen">NULL</column>
            <column name="uralsib">NULL</column>
            <column name="rshb">0</column>
        </table>
        <table name="bank">
            <column name="id">3236</column>
            <column name="twitid">497183366798900000</column>
            <column name="date">1407372726</column>
            <column name="name">be_native</column>
            <column name="text">Россельхозбанк и Газпромбанк попросили о господдержке из-за санкций http://t.co/bDDe7osUHB http://t.co/ckfL0AcChe</column>
            <column name="sberbank">NULL</column>
            <column name="vtb">NULL</column>
            <column name="gazprom">-1</column>
            <column name="alfabank">NULL</column>
            <column name="bankmoskvy">NULL</column>
            <column name="raiffeisen">NULL</column>
            <column name="uralsib">NULL</column>
            <column name="rshb">-1</column>
        </table>
        <table name="bank">
            <column name="id">3237</column>
            <column name="twitid">497183521106970000</column>
            <column name="date">1407372763</column>
            <column name="name">lexacom</column>
            <column name="text">Банк москвы отзывы http://t.co/NJVb49ANWo</column>
            <column name="sberbank">NULL</column>
            <column name="vtb">NULL</column>
            <column name="gazprom">NULL</column>
            <column name="alfabank">NULL</column>
            <column name="bankmoskvy">0</column>
            <column name="raiffeisen">NULL</column>
            <column name="uralsib">NULL</column>
            <column name="rshb">NULL</column>
        </table>
        <table name="bank">
            <column name="id">3238</column>
            <column name="twitid">497185476181490000</column>
            <column name="date">1407373229</column>
            <column name="name">mukovenkovartem</column>
            <column name="text">Новости экономики: Банк ВТБ 24 прекратил оплату сборов за визу США
http://t.co/FeAi8dFsxH http://t.co/bfhbCqds8w</column>
            <column name="sberbank">NULL</column>
            <column name="vtb">-1</column>
            <column name="gazprom">NULL</column>
            <column name="alfabank">NULL</column>
            <column name="bankmoskvy">NULL</column>
            <column name="raiffeisen">NULL</column>
            <column name="uralsib">NULL</column>
            <column name="rshb">NULL</column>
        </table>
        <table name="bank">
            <column name="id">3239</column>
            <column name="twitid">497187030573800000</column>
            <column name="date">1407373600</column>
            <column name="name">ajh766n</column>
            <column name="text">Кредит наличными без справок сбербанк краснодар http://t.co/LzgBReadsO</column>
            <column name="sberbank">0</column>
            <column name="vtb">NULL</column>
            <column name="gazprom">NULL</column>
            <column name="alfabank">NULL</column>
            <column name="bankmoskvy">NULL</column>
            <column name="raiffeisen">NULL</column>
            <column name="uralsib">NULL</column>
            <column name="rshb">NULL</column>
        </table>
        <table name="bank">
            <column name="id">3240</column>
            <column name="twitid">497188434415730000</column>
            <column name="date">1407373934</column>
            <column name="name">ywiqinkole</column>
            <column name="text">Кредиты ипотеки сбербанк россии http://t.co/mIkqLZb6LV</column>
            <column name="sberbank">0</column>
            <column name="vtb">NULL</column>
            <column name="gazprom">NULL</column>
            <column name="alfabank">NULL</column>
            <column name="bankmoskvy">NULL</column>
            <column name="raiffeisen">NULL</column>
            <column name="uralsib">NULL</column>
            <column name="rshb">NULL</column>
        </table>
        <table name="bank">
            <column name="id">3241</column>
            <column name="twitid">497190800166380000</column>
            <column name="date">1407374498</column>
            <column name="name">dashutka44</column>
            <column name="text">Новости экономики: Банк ВТБ 24 прекратил оплату сборов за визу США: Новости экономики:  российский... http://t.co/Y4KZPd2ie1 #вмире</column>
            <column name="sberbank">NULL</column>
            <column name="vtb">-1</column>
            <column name="gazprom">NULL</column>
            <column name="alfabank">NULL</column>
            <column name="bankmoskvy">NULL</column>
            <column name="raiffeisen">NULL</column>
            <column name="uralsib">NULL</column>
            <column name="rshb">NULL</column>
        </table>
        <table name="bank">
            <column name="id">3242</column>
            <column name="twitid">497190806487170000</column>
            <column name="date">1407374500</column>
            <column name="name">Nikollo_M</column>
            <column name="text">Новости экономики: Банк ВТБ 24 прекратил оплату сборов за визу США: Новости экономики:  российский бан... http://t.co/QZQ0Zw2uF3 #мир</column>
            <column name="sberbank">NULL</column>
            <column name="vtb">-1</column>
            <column name="gazprom">NULL</column>
            <column name="alfabank">NULL</column>
            <column name="bankmoskvy">NULL</column>
            <column name="raiffeisen">NULL</column>
            <column name="uralsib">NULL</column>
            <column name="rshb">NULL</column>
        </table>
        <table name="bank">
            <column name="id">3243</column>
            <column name="twitid">497192541817940000</column>
            <column name="date">1407374914</column>
            <column name="name">xmveneradbik</column>
            <column name="text">Восстановил Сбер 96,8...Гомик 5685 (шорт естессственнно:)</column>
            <column name="sberbank">--</column>
            <column name="vtb">NULL</column>
            <column name="gazprom">NULL</column>
            <column name="alfabank">NULL</column>
            <column name="bankmoskvy">NULL</column>
            <column name="raiffeisen">NULL</column>
            <column name="uralsib">NULL</column>
            <column name="rshb">NULL</column>
        </table>
        <table name="bank">
            <column name="id">3244</column>
            <column name="twitid">497193108472600000</column>
            <column name="date">1407375049</column>
            <column name="name">irghubnonx</column>
            <column name="text">Кредиты в райффайзен банке http://t.co/Syl8RUETWy</column>
            <column name="sberbank">NULL</column>
            <column name="vtb">NULL</column>
            <column name="gazprom">NULL</column>
            <column name="alfabank">NULL</column>
            <column name="bankmoskvy">NULL</column>
            <column name="raiffeisen">0</column>
            <column name="uralsib">NULL</column>
            <column name="rshb">NULL</column>
        </table>
        <table name="bank">
            <column name="id">3245</column>
            <column name="twitid">497195054986180000</column>
            <column name="date">1407375513</column>
            <column name="name">cakirakigow</column>
            <column name="text">Кредит райфайзен банк казань http://t.co/uYpyiYf6zr</column>
            <column name="sberbank">NULL</column>
            <column name="vtb">NULL</column>
            <column name="gazprom">NULL</column>
            <column name="alfabank">NULL</column>
            <column name="bankmoskvy">NULL</column>
            <column name="raiffeisen">0</column>
            <column name="uralsib">NULL</column>
            <column name="rshb">NULL</column>
        </table>
        <table name="bank">
            <column name="id">3246</column>
            <column name="twitid">497195152650560000</column>
            <column name="date">1407375536</column>
            <column name="name">vickykmjstacy</column>
            <column name="text">Кредит втб 24 в москве http://t.co/fYFIuYsRzl</column>
            <column name="sberbank">NULL</column>
            <column name="vtb">0</column>
            <column name="gazprom">NULL</column>
            <column name="alfabank">NULL</column>
            <column name="bankmoskvy">NULL</column>
            <column name="raiffeisen">NULL</column>
            <column name="uralsib">NULL</column>
            <column name="rshb">NULL</column>
        </table>
        <table name="bank">
            <column name="id">3247</column>
            <column name="twitid">497195155410400000</column>
            <column name="date">1407375537</column>
            <column name="name">gykyfinico</column>
            <column name="text">Кредит молодая семья сбербанк ростов на дону http://t.co/fMLvBHVErg</column>
            <column name="sberbank">0</column>
            <column name="vtb">NULL</column>
            <column name="gazprom">NULL</column>
            <column name="alfabank">NULL</column>
            <column name="bankmoskvy">NULL</column>
            <column name="raiffeisen">NULL</column>
            <column name="uralsib">NULL</column>
            <column name="rshb">NULL</column>
        </table>
        <table name="bank">
            <column name="id">3248</column>
            <column name="twitid">497197022349640000</column>
            <column name="date">1407375982</column>
            <column name="name">kahowigiq</column>
            <column name="text">Потребительский кредит сбербанк санкт петербурга http://t.co/nfwlvGjK3q</column>
            <column name="sberbank">0</column>
            <column name="vtb">NULL</column>
            <column name="gazprom">NULL</column>
            <column name="alfabank">NULL</column>
            <column name="bankmoskvy">NULL</column>
            <column name="raiffeisen">NULL</column>
            <column name="uralsib">NULL</column>
            <column name="rshb">NULL</column>
        </table>
        <table name="bank">
            <column name="id">3249</column>
            <column name="twitid">497197883574090000</column>
            <column name="date">1407376187</column>
            <column name="name">HIMIC754metu</column>
            <column name="text">Россельхозбанк и Газпромбанк попросили о господдержке из-за санкций</column>
            <column name="sberbank">NULL</column>
            <column name="vtb">NULL</column>
            <column name="gazprom">-1</column>
            <column name="alfabank">NULL</column>
            <column name="bankmoskvy">NULL</column>
            <column name="raiffeisen">NULL</column>
            <column name="uralsib">NULL</column>
            <column name="rshb">-1</column>
        </table>
        <table name="bank">
            <column name="id">3250</column>
            <column name="twitid">497198481283750000</column>
            <column name="date">1407376330</column>
            <column name="name">emopuu88</column>
            <column name="text">Кредит сбербанк организация график платежа http://t.co/xOg8Ue3lQm</column>
            <column name="sberbank">0</column>
            <column name="vtb">NULL</column>
            <column name="gazprom">NULL</column>
            <column name="alfabank">NULL</column>
            <column name="bankmoskvy">NULL</column>
            <column name="raiffeisen">NULL</column>
            <column name="uralsib">NULL</column>
            <column name="rshb">NULL</column>
        </table>
        <table name="bank">
            <column name="id">3251</column>
            <column name="twitid">497198640545680000</column>
            <column name="date">1407376368</column>
            <column name="name">janellekowages</column>
            <column name="text">Отзыв автокредит сбербанк сроки оформление http://t.co/L5XRjP5tqD</column>
            <column name="sberbank">0</column>
            <column name="vtb">NULL</column>
            <column name="gazprom">NULL</column>
            <column name="alfabank">NULL</column>
            <column name="bankmoskvy">NULL</column>
            <column name="raiffeisen">NULL</column>
            <column name="uralsib">NULL</column>
            <column name="rshb">NULL</column>
        </table>
        <table name="bank">
            <column name="id">3252</column>
            <column name="twitid">497199016371680000</column>
            <column name="date">1407376457</column>
            <column name="name">isserBell</column>
            <column name="text">http://t.co/rK2qtCZFZt Взять кредит в кстовском сбер банке</column>
            <column name="sberbank">0</column>
            <column name="vtb">NULL</column>
            <column name="gazprom">NULL</column>
            <column name="alfabank">NULL</column>
            <column name="bankmoskvy">NULL</column>
            <column name="raiffeisen">NULL</column>
            <column name="uralsib">NULL</column>
            <column name="rshb">NULL</column>
        </table>
        <table name="bank">
            <column name="id">3253</column>
            <column name="twitid">497199018402120000</column>
            <column name="date">1407376458</column>
            <column name="name">Anavy77</column>
            <column name="text">RT @SashaFuckYeah: Альфа банк образец платежного поручения http://t.co/ewzvNmkKR4</column>
            <column name="sberbank">NULL</column>
            <column name="vtb">NULL</column>
            <column name="gazprom">NULL</column>
            <column name="alfabank">0</column>
            <column name="bankmoskvy">NULL</column>
            <column name="raiffeisen">NULL</column>
            <column name="uralsib">NULL</column>
            <column name="rshb">NULL</column>
        </table>
        <table name="bank">
            <column name="id">3254</column>
            <column name="twitid">497199990146860000</column>
            <column name="date">1407376689</column>
            <column name="name">liadynkopb</column>
            <column name="text">Активация кредитной карты альфа банка http://t.co/s8cTQpQpBr</column>
            <column name="sberbank">NULL</column>
            <column name="vtb">NULL</column>
            <column name="gazprom">NULL</column>
            <column name="alfabank">0</column>
            <column name="bankmoskvy">NULL</column>
            <column name="raiffeisen">NULL</column>
            <column name="uralsib">NULL</column>
            <column name="rshb">NULL</column>
        </table>
        <table name="bank">
            <column name="id">3255</column>
            <column name="twitid">497200150608360000</column>
            <column name="date">1407376728</column>
            <column name="name">karenaggcbrazie</column>
            <column name="text">Кредит наличными за один день сбербанк http://t.co/w9j7a7BCdi</column>
            <column name="sberbank">0</column>
            <column name="vtb">NULL</column>
            <column name="gazprom">NULL</column>
            <column name="alfabank">NULL</column>
            <column name="bankmoskvy">NULL</column>
            <column name="raiffeisen">NULL</column>
            <column name="uralsib">NULL</column>
            <column name="rshb">NULL</column>
        </table>
        <table name="bank">
            <column name="id">3256</column>
            <column name="twitid">497205642248360000</column>
            <column name="date">1407378037</column>
            <column name="name">antonettajvhabo</column>
            <column name="text">На сколько взять кредит сбербанк http://t.co/IDSWofMxtc</column>
            <column name="sberbank">0</column>
            <column name="vtb">NULL</column>
            <column name="gazprom">NULL</column>
            <column name="alfabank">NULL</column>
            <column name="bankmoskvy">NULL</column>
            <column name="raiffeisen">NULL</column>
            <column name="uralsib">NULL</column>
            <column name="rshb">NULL</column>
        </table>
        <table name="bank">
            <column name="id">3257</column>
            <column name="twitid">497205756995700000</column>
            <column name="date">1407378064</column>
            <column name="name">Rezeptu</column>
            <column name="text">Россельхозбанк и Газпромбанк, попавшие под западные санкции, попросили у государства о финансовой поддержке. Об этом сообщают «Ведомости»...</column>
            <column name="sberbank">NULL</column>
            <column name="vtb">NULL</column>
            <column name="gazprom">-1</column>
            <column name="alfabank">NULL</column>
            <column name="bankmoskvy">NULL</column>
            <column name="raiffeisen">NULL</column>
            <column name="uralsib">NULL</column>
            <column name="rshb">-1</column>
        </table>
        <table name="bank">
            <column name="id">3258</column>
            <column name="twitid">497206042011240000</column>
            <column name="date">1407378132</column>
            <column name="name">7plus1is8</column>
            <column name="text">Россельхозбанк и Газпромбанк, попавшие под западные санкции, попросили у государства о финансовой поддержке. Об... http://t.co/queAT6tMdC</column>
            <column name="sberbank">NULL</column>
            <column name="vtb">NULL</column>
            <column name="gazprom">-1</column>
            <column name="alfabank">NULL</column>
            <column name="bankmoskvy">NULL</column>
            <column name="raiffeisen">NULL</column>
            <column name="uralsib">NULL</column>
            <column name="rshb">-1</column>
        </table>
        <table name="bank">
            <column name="id">3259</column>
            <column name="twitid">497207662199980000</column>
            <column name="date">1407378519</column>
            <column name="name">arenbilpse</column>
            <column name="text">Изменение кредитной ставки сбербанк http://t.co/nTUukkSmwK</column>
            <column name="sberbank">0</column>
            <column name="vtb">NULL</column>
            <column name="gazprom">NULL</column>
            <column name="alfabank">NULL</column>
            <column name="bankmoskvy">NULL</column>
            <column name="raiffeisen">NULL</column>
            <column name="uralsib">NULL</column>
            <column name="rshb">NULL</column>
        </table>
        <table name="bank">
            <column name="id">3260</column>
            <column name="twitid">497209658785140000</column>
            <column name="date">1407378995</column>
            <column name="name">gewixofe</column>
            <column name="text">Беспроцентный кредит втб 24 http://t.co/s5NyvQ1HO1</column>
            <column name="sberbank">NULL</column>
            <column name="vtb">0</column>
            <column name="gazprom">NULL</column>
            <column name="alfabank">NULL</column>
            <column name="bankmoskvy">NULL</column>
            <column name="raiffeisen">NULL</column>
            <column name="uralsib">NULL</column>
            <column name="rshb">NULL</column>
        </table>
        <table name="bank">
            <column name="id">3261</column>
            <column name="twitid">497213258328470000</column>
            <column name="date">1407379853</column>
            <column name="name">ynacolesun</column>
            <column name="text">http://t.co/J3msoF3YKI Стерлитамак сбербанк артема оформить кредит 500 тысяч</column>
            <column name="sberbank">0</column>
            <column name="vtb">NULL</column>
            <column name="gazprom">NULL</column>
            <column name="alfabank">NULL</column>
            <column name="bankmoskvy">NULL</column>
            <column name="raiffeisen">NULL</column>
            <column name="uralsib">NULL</column>
            <column name="rshb">NULL</column>
        </table>
        <table name="bank">
            <column name="id">3262</column>
            <column name="twitid">497215092971550000</column>
            <column name="date">1407380290</column>
            <column name="name">urjcasrin</column>
            <column name="text">http://t.co/fG3TCFobbD Банки в ейске взять кредит россельхозбанк адрес</column>
            <column name="sberbank">NULL</column>
            <column name="vtb">NULL</column>
            <column name="gazprom">NULL</column>
            <column name="alfabank">NULL</column>
            <column name="bankmoskvy">NULL</column>
            <column name="raiffeisen">NULL</column>
            <column name="uralsib">NULL</column>
            <column name="rshb">0</column>
        </table>
        <table name="bank">
            <column name="id">3263</column>
            <column name="twitid">497215324081500000</column>
            <column name="date">1407380345</column>
            <column name="name">riyaDesha</column>
            <column name="text">http://t.co/fOGxOr8iJe Сбербанк получить кредит краснодар</column>
            <column name="sberbank">0</column>
            <column name="vtb">NULL</column>
            <column name="gazprom">NULL</column>
            <column name="alfabank">NULL</column>
            <column name="bankmoskvy">NULL</column>
            <column name="raiffeisen">NULL</column>
            <column name="uralsib">NULL</column>
            <column name="rshb">NULL</column>
        </table>
        <table name="bank">
            <column name="id">3264</column>
            <column name="twitid">497217306356090000</column>
            <column name="date">1407380818</column>
            <column name="name">Janny_Crecker</column>
            <column name="text">Попавшие под санкции банки попросили денег у государства - Газпромбанк и Россельхозбанк, на которые были наложены ограничения со стороны...</column>
            <column name="sberbank">NULL</column>
            <column name="vtb">NULL</column>
            <column name="gazprom">-1</column>
            <column name="alfabank">NULL</column>
            <column name="bankmoskvy">NULL</column>
            <column name="raiffeisen">NULL</column>
            <column name="uralsib">NULL</column>
            <column name="rshb">-1</column>
        </table>
        <table name="bank">
            <column name="id">3265</column>
            <column name="twitid">497217411523690000</column>
            <column name="date">1407380843</column>
            <column name="name">sireahTi</column>
            <column name="text">http://t.co/8GKKK1KIj7 Оформить кредит в альфа банке в сочи</column>
            <column name="sberbank">NULL</column>
            <column name="vtb">NULL</column>
            <column name="gazprom">NULL</column>
            <column name="alfabank">0</column>
            <column name="bankmoskvy">NULL</column>
            <column name="raiffeisen">NULL</column>
            <column name="uralsib">NULL</column>
            <column name="rshb">NULL</column>
        </table>
        <table name="bank">
            <column name="id">3266</column>
            <column name="twitid">497217643674610000</column>
            <column name="date">1407380898</column>
            <column name="name">shenitahrkipp</column>
            <column name="text">Кто брал ипотечный кредит в газпромбанке http://t.co/YTC5J0WOYn</column>
            <column name="sberbank">NULL</column>
            <column name="vtb">NULL</column>
            <column name="gazprom">0</column>
            <column name="alfabank">NULL</column>
            <column name="bankmoskvy">NULL</column>
            <column name="raiffeisen">NULL</column>
            <column name="uralsib">NULL</column>
            <column name="rshb">NULL</column>
        </table>
        <table name="bank">
            <column name="id">3267</column>
            <column name="twitid">497218420849800000</column>
            <column name="date">1407381084</column>
            <column name="name">vodipytevopa</column>
            <column name="text">УК «Райффайзен Капитал»: В среду российский фондовый рынок продолжил падение</column>
            <column name="sberbank">NULL</column>
            <column name="vtb">NULL</column>
            <column name="gazprom">NULL</column>
            <column name="alfabank">NULL</column>
            <column name="bankmoskvy">NULL</column>
            <column name="raiffeisen">0</column>
            <column name="uralsib">NULL</column>
            <column name="rshb">NULL</column>
        </table>
        <table name="bank">
            <column name="id">3268</column>
            <column name="twitid">497219302521460000</column>
            <column name="date">1407381294</column>
            <column name="name">newsrwcom</column>
            <column name="text">#новости. Газпромбанк и Россельхозбанк попросили помощи у государства из-за санкций - Русская планета  #Россия.</column>
            <column name="sberbank">NULL</column>
            <column name="vtb">NULL</column>
            <column name="gazprom">-1</column>
            <column name="alfabank">NULL</column>
            <column name="bankmoskvy">NULL</column>
            <column name="raiffeisen">NULL</column>
            <column name="uralsib">NULL</column>
            <column name="rshb">-1</column>
        </table>
        <table name="bank">
            <column name="id">3269</column>
            <column name="twitid">497219755468950000</column>
            <column name="date">1407381402</column>
            <column name="name">kalaxazyw</column>
            <column name="text">Кредит на развитие бизнеса в россельхозбанке http://t.co/1xMljiXomS</column>
            <column name="sberbank">NULL</column>
            <column name="vtb">NULL</column>
            <column name="gazprom">NULL</column>
            <column name="alfabank">NULL</column>
            <column name="bankmoskvy">NULL</column>
            <column name="raiffeisen">NULL</column>
            <column name="uralsib">NULL</column>
            <column name="rshb">0</column>
        </table>
        <table name="bank">
            <column name="id">3270</column>
            <column name="twitid">497220932566380000</column>
            <column name="date">1407381682</column>
            <column name="name">vputi265i</column>
            <column name="text">Попавшие под санкции банки попросили денег у государства: Газпромбанк и Россельхозбанк, попавшие под санкции с... http://t.co/6jl2yb44Eg</column>
            <column name="sberbank">NULL</column>
            <column name="vtb">NULL</column>
            <column name="gazprom">-1</column>
            <column name="alfabank">NULL</column>
            <column name="bankmoskvy">NULL</column>
            <column name="raiffeisen">NULL</column>
            <column name="uralsib">NULL</column>
            <column name="rshb">-1</column>
        </table>
        <table name="bank">
            <column name="id">3271</column>
            <column name="twitid">497221675633890000</column>
            <column name="date">1407381860</column>
            <column name="name">DaleSomers1</column>
            <column name="text">Попавшие под санкции российские банки просят господдержки:   Россельхозбанк просит о предоставлении ему 100 мл... http://t.co/cHRa8KLzXm</column>
            <column name="sberbank">NULL</column>
            <column name="vtb">NULL</column>
            <column name="gazprom">NULL</column>
            <column name="alfabank">NULL</column>
            <column name="bankmoskvy">NULL</column>
            <column name="raiffeisen">NULL</column>
            <column name="uralsib">NULL</column>
            <column name="rshb">-1</column>
        </table>
        <table name="bank">
            <column name="id">3272</column>
            <column name="twitid">497223702975890000</column>
            <column name="date">1407382343</column>
            <column name="name">VainahsVeras</column>
            <column name="text">Попавшие под санкции банки попросили денег у государства. /  / Газпромбанк и Россельхозбанк, попавшие под санкции.. http://t.co/bX4QL2qLvO</column>
            <column name="sberbank">NULL</column>
            <column name="vtb">NULL</column>
            <column name="gazprom">-1</column>
            <column name="alfabank">NULL</column>
            <column name="bankmoskvy">NULL</column>
            <column name="raiffeisen">NULL</column>
            <column name="uralsib">NULL</column>
            <column name="rshb">-1</column>
        </table>
        <table name="bank">
            <column name="id">3273</column>
            <column name="twitid">497226317805680000</column>
            <column name="date">1407382966</column>
            <column name="name">rivafikila</column>
            <column name="text">Ипотечный кредит в зао втб 24 http://t.co/RJ5wjKb01p</column>
            <column name="sberbank">NULL</column>
            <column name="vtb">0</column>
            <column name="gazprom">NULL</column>
            <column name="alfabank">NULL</column>
            <column name="bankmoskvy">NULL</column>
            <column name="raiffeisen">NULL</column>
            <column name="uralsib">NULL</column>
            <column name="rshb">NULL</column>
        </table>
        <table name="bank">
            <column name="id">3274</column>
            <column name="twitid">497226322507480000</column>
            <column name="date">1407382967</column>
            <column name="name">ianlipo</column>
            <column name="text">Потребительский кредит в газпромбанк http://t.co/ldKG92jBZu</column>
            <column name="sberbank">NULL</column>
            <column name="vtb">NULL</column>
            <column name="gazprom">0</column>
            <column name="alfabank">NULL</column>
            <column name="bankmoskvy">NULL</column>
            <column name="raiffeisen">NULL</column>
            <column name="uralsib">NULL</column>
            <column name="rshb">NULL</column>
        </table>
        <table name="bank">
            <column name="id">3275</column>
            <column name="twitid">497227713170930000</column>
            <column name="date">1407383299</column>
            <column name="name">loutskiy</column>
            <column name="text">RT @GirkinGirkin: Газпромбанк и РСХБ просят господдержки из-за санкций - Ведомости | 07.08.14 | finanz.ru http://t.co/6ckLDSPUqO</column>
            <column name="sberbank">NULL</column>
            <column name="vtb">NULL</column>
            <column name="gazprom">-1</column>
            <column name="alfabank">NULL</column>
            <column name="bankmoskvy">NULL</column>
            <column name="raiffeisen">NULL</column>
            <column name="uralsib">NULL</column>
            <column name="rshb">-1</column>
        </table>
        <table name="bank">
            <column name="id">3276</column>
            <column name="twitid">497227792765820000</column>
            <column name="date">1407383318</column>
            <column name="name">BankiOrenburga</column>
            <column name="text">Россельхозбанк снизил ставки по кредитам личным подсобным хозяйствам http://t.co/yr47VR45Uk</column>
            <column name="sberbank">NULL</column>
            <column name="vtb">NULL</column>
            <column name="gazprom">NULL</column>
            <column name="alfabank">NULL</column>
            <column name="bankmoskvy">NULL</column>
            <column name="raiffeisen">NULL</column>
            <column name="uralsib">NULL</column>
            <column name="rshb">1</column>
        </table>
        <table name="bank">
            <column name="id">3277</column>
            <column name="twitid">497227908772300000</column>
            <column name="date">1407383346</column>
            <column name="name">topaqlasui</column>
            <column name="text">http://t.co/IphP2eDOl9 Сбербанк как взять кредит с ребенком</column>
            <column name="sberbank">0</column>
            <column name="vtb">NULL</column>
            <column name="gazprom">NULL</column>
            <column name="alfabank">NULL</column>
            <column name="bankmoskvy">NULL</column>
            <column name="raiffeisen">NULL</column>
            <column name="uralsib">NULL</column>
            <column name="rshb">NULL</column>
        </table>
        <table name="bank">
            <column name="id">3278</column>
            <column name="twitid">497228249106510000</column>
            <column name="date">1407383427</column>
            <column name="name">mutebone</column>
            <column name="text">Расчетный калькулятор по кредиту сбербанк http://t.co/UQtUSDWvzu</column>
            <column name="sberbank">0</column>
            <column name="vtb">NULL</column>
            <column name="gazprom">NULL</column>
            <column name="alfabank">NULL</column>
            <column name="bankmoskvy">NULL</column>
            <column name="raiffeisen">NULL</column>
            <column name="uralsib">NULL</column>
            <column name="rshb">NULL</column>
        </table>
        <table name="bank">
            <column name="id">3279</column>
            <column name="twitid">497229917596430000</column>
            <column name="date">1407383825</column>
            <column name="name">ysorpmey</column>
            <column name="text">http://t.co/DGO3lRhK03 Как взять кредит в банке втб 24 г липецка</column>
            <column name="sberbank">NULL</column>
            <column name="vtb">0</column>
            <column name="gazprom">NULL</column>
            <column name="alfabank">NULL</column>
            <column name="bankmoskvy">NULL</column>
            <column name="raiffeisen">NULL</column>
            <column name="uralsib">NULL</column>
            <column name="rshb">NULL</column>
        </table>
        <table name="bank">
            <column name="id">3280</column>
            <column name="twitid">497230100275160000</column>
            <column name="date">1407383868</column>
            <column name="name">activgrp</column>
            <column name="text">RT @gudkovd: Народ, скинемся?) RT @Vinokurov12: Россельхозбанк и Газпромбанк попросили о господдержке из-за введенных санкций http://t.co/g…</column>
            <column name="sberbank">NULL</column>
            <column name="vtb">NULL</column>
            <column name="gazprom">-1</column>
            <column name="alfabank">NULL</column>
            <column name="bankmoskvy">NULL</column>
            <column name="raiffeisen">NULL</column>
            <column name="uralsib">NULL</column>
            <column name="rshb">-1</column>
        </table>
        <table name="bank">
            <column name="id">3281</column>
            <column name="twitid">497230922035770000</column>
            <column name="date">1407384064</column>
            <column name="name">toitopktherftel</column>
            <column name="text">RT @mostsinterebu: автокредитование альфабанк http://t.co/ftRtNBKAOE</column>
            <column name="sberbank">NULL</column>
            <column name="vtb">NULL</column>
            <column name="gazprom">NULL</column>
            <column name="alfabank">0</column>
            <column name="bankmoskvy">NULL</column>
            <column name="raiffeisen">NULL</column>
            <column name="uralsib">NULL</column>
            <column name="rshb">NULL</column>
        </table>
        <table name="bank">
            <column name="id">3282</column>
            <column name="twitid">497231469757360000</column>
            <column name="date">1407384195</column>
            <column name="name">Ilia4499</column>
            <column name="text">RT @Vinokurov12: Россельхозбанк (РСХБ) и Газпромбанк попросили о господдержке из-за введенных в отношении их санкций http://t.co/MC0oU95kG7</column>
            <column name="sberbank">NULL</column>
            <column name="vtb">NULL</column>
            <column name="gazprom">-1</column>
            <column name="alfabank">NULL</column>
            <column name="bankmoskvy">NULL</column>
            <column name="raiffeisen">NULL</column>
            <column name="uralsib">NULL</column>
            <column name="rshb">-1</column>
        </table>
        <table name="bank">
            <column name="id">3283</column>
            <column name="twitid">497231803200340000</column>
            <column name="date">1407384274</column>
            <column name="name">autreyzjakizzie</column>
            <column name="text">Авто кредит сбербанк поддержка автопрома http://t.co/kKMs4EgEUf</column>
            <column name="sberbank">0</column>
            <column name="vtb">NULL</column>
            <column name="gazprom">NULL</column>
            <column name="alfabank">NULL</column>
            <column name="bankmoskvy">NULL</column>
            <column name="raiffeisen">NULL</column>
            <column name="uralsib">NULL</column>
            <column name="rshb">NULL</column>
        </table>
        <table name="bank">
            <column name="id">3284</column>
            <column name="twitid">497233013156380000</column>
            <column name="date">1407384563</column>
            <column name="name">unfilled</column>
            <column name="text">@fd00ch @Reveroff @AlexEnlee понятно, ищут, но даже наш завод не просто на другую платформу перевести, а сбер вообще не представляю как</column>
            <column name="sberbank">0</column>
            <column name="vtb">NULL</column>
            <column name="gazprom">NULL</column>
            <column name="alfabank">NULL</column>
            <column name="bankmoskvy">NULL</column>
            <column name="raiffeisen">NULL</column>
            <column name="uralsib">NULL</column>
            <column name="rshb">NULL</column>
        </table>
        <table name="bank">
            <column name="id">3285</column>
            <column name="twitid">497233674945850000</column>
            <column name="date">1407384720</column>
            <column name="name">Pravda_Economic</column>
            <column name="text">#Novosti #Economic Сбербанк может повысить ставки по кредитам:  http://t.co/Nf9q22vDpe</column>
            <column name="sberbank">-1</column>
            <column name="vtb">NULL</column>
            <column name="gazprom">NULL</column>
            <column name="alfabank">NULL</column>
            <column name="bankmoskvy">NULL</column>
            <column name="raiffeisen">NULL</column>
            <column name="uralsib">NULL</column>
            <column name="rshb">NULL</column>
        </table>
        <table name="bank">
            <column name="id">3286</column>
            <column name="twitid">497235280676800000</column>
            <column name="date">1407385103</column>
            <column name="name">vywynarep</column>
            <column name="text">Где оформить кредитную карту банк москвы http://t.co/w9Rk42Oj40</column>
            <column name="sberbank">NULL</column>
            <column name="vtb">NULL</column>
            <column name="gazprom">NULL</column>
            <column name="alfabank">NULL</column>
            <column name="bankmoskvy">0</column>
            <column name="raiffeisen">NULL</column>
            <column name="uralsib">NULL</column>
            <column name="rshb">NULL</column>
        </table>
        <table name="bank">
            <column name="id">3287</column>
            <column name="twitid">497235437912470000</column>
            <column name="date">1407385141</column>
            <column name="name">investorgreen</column>
            <column name="text">#vk BizNews: Газпромбанк и Россельхозбанк, попавшие под санкции со стороны США и Евросоюза, обратились за подд... http://t.co/A1hz5BMENo</column>
            <column name="sberbank">NULL</column>
            <column name="vtb">NULL</column>
            <column name="gazprom">-1</column>
            <column name="alfabank">NULL</column>
            <column name="bankmoskvy">NULL</column>
            <column name="raiffeisen">NULL</column>
            <column name="uralsib">NULL</column>
            <column name="rshb">-1</column>
        </table>
        <table name="bank">
            <column name="id">3288</column>
            <column name="twitid">497236477995020000</column>
            <column name="date">1407385389</column>
            <column name="name">ovestiru</column>
            <column name="text">Газпромбанк и Россельхозбанк попросили денег у государства http://t.co/YckBZwndal</column>
            <column name="sberbank">NULL</column>
            <column name="vtb">NULL</column>
            <column name="gazprom">-1</column>
            <column name="alfabank">NULL</column>
            <column name="bankmoskvy">NULL</column>
            <column name="raiffeisen">NULL</column>
            <column name="uralsib">NULL</column>
            <column name="rshb">-1</column>
        </table>
        <table name="bank">
            <column name="id">3289</column>
            <column name="twitid">497237090250530000</column>
            <column name="date">1407385535</column>
            <column name="name">ovestiru</column>
            <column name="text">Газпромбанк и Россельхозбанк попросили денег у государства http://t.co/e4dweivYGB</column>
            <column name="sberbank">NULL</column>
            <column name="vtb">NULL</column>
            <column name="gazprom">-1</column>
            <column name="alfabank">NULL</column>
            <column name="bankmoskvy">NULL</column>
            <column name="raiffeisen">NULL</column>
            <column name="uralsib">NULL</column>
            <column name="rshb">-1</column>
        </table>
        <table name="bank">
            <column name="id">3290</column>
            <column name="twitid">497238790784950000</column>
            <column name="date">1407385940</column>
            <column name="name">jaromehehoc</column>
            <column name="text">Наличный в кредит райффайзенбанк http://t.co/wWjs58Taxw</column>
            <column name="sberbank">NULL</column>
            <column name="vtb">NULL</column>
            <column name="gazprom">NULL</column>
            <column name="alfabank">NULL</column>
            <column name="bankmoskvy">NULL</column>
            <column name="raiffeisen">0</column>
            <column name="uralsib">NULL</column>
            <column name="rshb">NULL</column>
        </table>
        <table name="bank">
            <column name="id">3291</column>
            <column name="twitid">497238973337440000</column>
            <column name="date">1407385984</column>
            <column name="name">walldemar123</column>
            <column name="text">Россельхозбанк и Газпромбанк попросили о господдержке из-за санкций http://t.co/FUtDjQBh0D</column>
            <column name="sberbank">NULL</column>
            <column name="vtb">NULL</column>
            <column name="gazprom">-1</column>
            <column name="alfabank">NULL</column>
            <column name="bankmoskvy">NULL</column>
            <column name="raiffeisen">NULL</column>
            <column name="uralsib">NULL</column>
            <column name="rshb">-1</column>
        </table>
        <table name="bank">
            <column name="id">3292</column>
            <column name="twitid">497243312957710000</column>
            <column name="date">1407387018</column>
            <column name="name">smutesoc87</column>
            <column name="text">RT @linkcasa85: ВТБ 24 приостановил прием консульского сбора за визу США из-за санкций...</column>
            <column name="sberbank">NULL</column>
            <column name="vtb">-1</column>
            <column name="gazprom">NULL</column>
            <column name="alfabank">NULL</column>
            <column name="bankmoskvy">NULL</column>
            <column name="raiffeisen">NULL</column>
            <column name="uralsib">NULL</column>
            <column name="rshb">NULL</column>
        </table>
        <table name="bank">
            <column name="id">3293</column>
            <column name="twitid">497243839870940000</column>
            <column name="date">1407387144</column>
            <column name="name">StolicaFM</column>
            <column name="text">Газпромбанк и Россельхозбанк намерены получить господдержку http://t.co/13qpgQpiYR</column>
            <column name="sberbank">NULL</column>
            <column name="vtb">NULL</column>
            <column name="gazprom">0</column>
            <column name="alfabank">NULL</column>
            <column name="bankmoskvy">NULL</column>
            <column name="raiffeisen">NULL</column>
            <column name="uralsib">NULL</column>
            <column name="rshb">0</column>
        </table>
        <table name="bank">
            <column name="id">3294</column>
            <column name="twitid">497243886361010000</column>
            <column name="date">1407387155</column>
            <column name="name">carolayomunday</column>
            <column name="text">Банк москвы г тюмень кредиты http://t.co/TGBUtkaJ79</column>
            <column name="sberbank">NULL</column>
            <column name="vtb">NULL</column>
            <column name="gazprom">NULL</column>
            <column name="alfabank">NULL</column>
            <column name="bankmoskvy">0</column>
            <column name="raiffeisen">NULL</column>
            <column name="uralsib">NULL</column>
            <column name="rshb">NULL</column>
        </table>
        <table name="bank">
            <column name="id">3295</column>
            <column name="twitid">497244813830660000</column>
            <column name="date">1407387376</column>
            <column name="name">oksi5</column>
            <column name="text">RT @V0LGA_SUN: Кому надо помогать, когда пустеют полки магазинов? Правильно - россельхозбанку и газпрому..</column>
            <column name="sberbank">NULL</column>
            <column name="vtb">NULL</column>
            <column name="gazprom">NULL</column>
            <column name="alfabank">NULL</column>
            <column name="bankmoskvy">NULL</column>
            <column name="raiffeisen">NULL</column>
            <column name="uralsib">NULL</column>
            <column name="rshb">-1</column>
        </table>
        <table name="bank">
            <column name="id">3296</column>
            <column name="twitid">497245310838910000</column>
            <column name="date">1407387495</column>
            <column name="name">rebulezaty</column>
            <column name="text">Автокредит втб 24 в 2014 году http://t.co/Ih870IAGDv</column>
            <column name="sberbank">NULL</column>
            <column name="vtb">0</column>
            <column name="gazprom">NULL</column>
            <column name="alfabank">NULL</column>
            <column name="bankmoskvy">NULL</column>
            <column name="raiffeisen">NULL</column>
            <column name="uralsib">NULL</column>
            <column name="rshb">NULL</column>
        </table>
        <table name="bank">
            <column name="id">3297</column>
            <column name="twitid">497246050898710000</column>
            <column name="date">1407387671</column>
            <column name="name">Segozavr</column>
            <column name="text">Газпромбанк и Россельхозбанк попросили помощи у государства http://t.co/SPolneCiLu</column>
            <column name="sberbank">NULL</column>
            <column name="vtb">NULL</column>
            <column name="gazprom">-1</column>
            <column name="alfabank">NULL</column>
            <column name="bankmoskvy">NULL</column>
            <column name="raiffeisen">NULL</column>
            <column name="uralsib">NULL</column>
            <column name="rshb">-1</column>
        </table>
        <table name="bank">
            <column name="id">3298</column>
            <column name="twitid">497246052001390000</column>
            <column name="date">1407387671</column>
            <column name="name">rubak35</column>
            <column name="text">Россельхозбанк и Газпромбанк просят помощи у государства</column>
            <column name="sberbank">NULL</column>
            <column name="vtb">NULL</column>
            <column name="gazprom">-1</column>
            <column name="alfabank">NULL</column>
            <column name="bankmoskvy">NULL</column>
            <column name="raiffeisen">NULL</column>
            <column name="uralsib">NULL</column>
            <column name="rshb">-1</column>
        </table>
        <table name="bank">
            <column name="id">3299</column>
            <column name="twitid">497247034844270000</column>
            <column name="date">1407387906</column>
            <column name="name">hashtagrussia</column>
            <column name="text">Газпромбанк и Россельхозбанк попросили помощи у государства http://t.co/VTzDWChHEq</column>
            <column name="sberbank">NULL</column>
            <column name="vtb">NULL</column>
            <column name="gazprom">-1</column>
            <column name="alfabank">NULL</column>
            <column name="bankmoskvy">NULL</column>
            <column name="raiffeisen">NULL</column>
            <column name="uralsib">NULL</column>
            <column name="rshb">-1</column>
        </table>
        <table name="bank">
            <column name="id">3300</column>
            <column name="twitid">497247489456890000</column>
            <column name="date">1407388014</column>
            <column name="name">stephanielamcgu</column>
            <column name="text">Россельхозбанк условия кредитования сельского http://t.co/st9jBl5vVz</column>
            <column name="sberbank">NULL</column>
            <column name="vtb">NULL</column>
            <column name="gazprom">NULL</column>
            <column name="alfabank">NULL</column>
            <column name="bankmoskvy">NULL</column>
            <column name="raiffeisen">NULL</column>
            <column name="uralsib">NULL</column>
            <column name="rshb">0</column>
        </table>
    </database>
</pma_xml_export>