<?xml version="1.0" encoding="utf-8"?>
<!--
- phpMyAdmin XML Dump
- version 4.0.4.1
- http://www.phpmyadmin.net
-
- Хост: localhost
- Время создания: Окт 28 2014 г., 09:04
- Версия сервера: 5.6.12
- Версия PHP: 5.5.3
-->

<pma_xml_export version="1.0" xmlns:pma="http://www.phpmyadmin.net/some_doc_url/">
    <!--
    - Structure schemas
    -->
    <pma:structure_schemas>
        <pma:database name="Romip" collation="utf8_general_ci" charset="utf8">
            <pma:table name="bank">
                CREATE TABLE `bank` (
                  `id` int(11) NOT NULL AUTO_INCREMENT,
                  `twitid` bigint(32) NOT NULL DEFAULT '0',
                  `date` varchar(128) DEFAULT NULL,
                  `name` varchar(128) DEFAULT NULL,
                  `text` varchar(256) DEFAULT NULL,
                  `sberbank` int(11) DEFAULT NULL,
                  `vtb` int(11) DEFAULT NULL,
                  `gazprom` int(11) DEFAULT NULL,
                  `alfabank` int(11) DEFAULT NULL,
                  `bankmoskvy` int(11) DEFAULT NULL,
                  `raiffeisen` int(11) DEFAULT NULL,
                  `uralsib` int(11) DEFAULT NULL,
                  `rshb` int(11) DEFAULT NULL,
                  PRIMARY KEY (`id`),
                  UNIQUE KEY `id` (`twitid`)
                ) ENGINE=InnoDB AUTO_INCREMENT=7924 DEFAULT CHARSET=utf8;
            </pma:table>
        </pma:database>
    </pma:structure_schemas>

    <!--
    - База данных: 'Romip'
    -->
    <database name="Romip">
        <!-- Таблица bank -->
        <table name="bank">
            <column name="id">4501</column>
            <column name="twitid">498671872540560000</column>
            <column name="date">1407727613</column>
            <column name="name">lunrdtbro</column>
            <column name="text">бланк квитанции по оплате госпошлины на загранпаспорт по г хабаровск сбербанк http://t.co/JL3O3K4pym #сбербанк #хабаровск</column>
            <column name="sberbank">0</column>
            <column name="vtb">NULL</column>
            <column name="gazprom">NULL</column>
            <column name="alfabank">NULL</column>
            <column name="bankmoskvy">NULL</column>
            <column name="raiffeisen">NULL</column>
            <column name="uralsib">NULL</column>
            <column name="rshb">NULL</column>
        </table>
        <table name="bank">
            <column name="id">4502</column>
            <column name="twitid">498672236317110000</column>
            <column name="date">1407727700</column>
            <column name="name">mpaklok1</column>
            <column name="text">Получение кредита в альфа банке http://t.co/NM9LxFol7D</column>
            <column name="sberbank">NULL</column>
            <column name="vtb">NULL</column>
            <column name="gazprom">NULL</column>
            <column name="alfabank">0</column>
            <column name="bankmoskvy">NULL</column>
            <column name="raiffeisen">NULL</column>
            <column name="uralsib">NULL</column>
            <column name="rshb">NULL</column>
        </table>
        <table name="bank">
            <column name="id">4503</column>
            <column name="twitid">498672276578250000</column>
            <column name="date">1407727710</column>
            <column name="name">norelizewak</column>
            <column name="text">Опель в кредит сбербанк http://t.co/0Svw7B5aQ0</column>
            <column name="sberbank">0</column>
            <column name="vtb">NULL</column>
            <column name="gazprom">NULL</column>
            <column name="alfabank">NULL</column>
            <column name="bankmoskvy">NULL</column>
            <column name="raiffeisen">NULL</column>
            <column name="uralsib">NULL</column>
            <column name="rshb">NULL</column>
        </table>
        <table name="bank">
            <column name="id">4504</column>
            <column name="twitid">498672611438900000</column>
            <column name="date">1407727790</column>
            <column name="name">vearehsyega</column>
            <column name="text">минимальный процент по потребительскому кредиту сбербанк http://t.co/iZ9xbNAO4R</column>
            <column name="sberbank">0</column>
            <column name="vtb">NULL</column>
            <column name="gazprom">NULL</column>
            <column name="alfabank">NULL</column>
            <column name="bankmoskvy">NULL</column>
            <column name="raiffeisen">NULL</column>
            <column name="uralsib">NULL</column>
            <column name="rshb">NULL</column>
        </table>
        <table name="bank">
            <column name="id">4505</column>
            <column name="twitid">498672612491670000</column>
            <column name="date">1407727790</column>
            <column name="name">kloukadnvi</column>
            <column name="text">RT @NelsonUhn: минимальный процент по кредиту сбербанк http://t.co/n94NiUcHQ6</column>
            <column name="sberbank">0</column>
            <column name="vtb">NULL</column>
            <column name="gazprom">NULL</column>
            <column name="alfabank">NULL</column>
            <column name="bankmoskvy">NULL</column>
            <column name="raiffeisen">NULL</column>
            <column name="uralsib">NULL</column>
            <column name="rshb">NULL</column>
        </table>
        <table name="bank">
            <column name="id">4506</column>
            <column name="twitid">498672796101520000</column>
            <column name="date">1407727834</column>
            <column name="name">umolai164b</column>
            <column name="text">Заявка на кредит райффайзен http://t.co/elwJltI1io</column>
            <column name="sberbank">NULL</column>
            <column name="vtb">NULL</column>
            <column name="gazprom">NULL</column>
            <column name="alfabank">NULL</column>
            <column name="bankmoskvy">NULL</column>
            <column name="raiffeisen">0</column>
            <column name="uralsib">NULL</column>
            <column name="rshb">NULL</column>
        </table>
        <table name="bank">
            <column name="id">4507</column>
            <column name="twitid">498673756395820000</column>
            <column name="date">1407728063</column>
            <column name="name">safalydabad</column>
            <column name="text">Срок выдачи кредита по заявлению сбербанк http://t.co/7HOvi1Yp7d</column>
            <column name="sberbank">0</column>
            <column name="vtb">NULL</column>
            <column name="gazprom">NULL</column>
            <column name="alfabank">NULL</column>
            <column name="bankmoskvy">NULL</column>
            <column name="raiffeisen">NULL</column>
            <column name="uralsib">NULL</column>
            <column name="rshb">NULL</column>
        </table>
        <table name="bank">
            <column name="id">4508</column>
            <column name="twitid">498674200501300000</column>
            <column name="date">1407728168</column>
            <column name="name">jetinuqaqihe</column>
            <column name="text">RT @lazaxitifate: Сбербанк начал выпуск карт на базе платежной системы ПРО100.</column>
            <column name="sberbank">0</column>
            <column name="vtb">NULL</column>
            <column name="gazprom">NULL</column>
            <column name="alfabank">NULL</column>
            <column name="bankmoskvy">NULL</column>
            <column name="raiffeisen">NULL</column>
            <column name="uralsib">NULL</column>
            <column name="rshb">NULL</column>
        </table>
        <table name="bank">
            <column name="id">4509</column>
            <column name="twitid">498674378553690000</column>
            <column name="date">1407728211</column>
            <column name="name">margueritafibin</column>
            <column name="text">Условия автокредитование в россельхозбанке http://t.co/7lbBGAGzL0</column>
            <column name="sberbank">NULL</column>
            <column name="vtb">NULL</column>
            <column name="gazprom">NULL</column>
            <column name="alfabank">NULL</column>
            <column name="bankmoskvy">NULL</column>
            <column name="raiffeisen">NULL</column>
            <column name="uralsib">NULL</column>
            <column name="rshb">0</column>
        </table>
        <table name="bank">
            <column name="id">4510</column>
            <column name="twitid">498675401045330000</column>
            <column name="date">1407728455</column>
            <column name="name">qibebejufy</column>
            <column name="text">Кредиты от втб 24 http://t.co/l04llzbJPH</column>
            <column name="sberbank">NULL</column>
            <column name="vtb">0</column>
            <column name="gazprom">NULL</column>
            <column name="alfabank">NULL</column>
            <column name="bankmoskvy">NULL</column>
            <column name="raiffeisen">NULL</column>
            <column name="uralsib">NULL</column>
            <column name="rshb">NULL</column>
        </table>
        <table name="bank">
            <column name="id">4511</column>
            <column name="twitid">498675789781810000</column>
            <column name="date">1407728547</column>
            <column name="name">titydecim</column>
            <column name="text">Оставить заявку на потребительский кредит сбербанк http://t.co/GfNSaNIjOv</column>
            <column name="sberbank">0</column>
            <column name="vtb">NULL</column>
            <column name="gazprom">NULL</column>
            <column name="alfabank">NULL</column>
            <column name="bankmoskvy">NULL</column>
            <column name="raiffeisen">NULL</column>
            <column name="uralsib">NULL</column>
            <column name="rshb">NULL</column>
        </table>
        <table name="bank">
            <column name="id">4512</column>
            <column name="twitid">498675838444110000</column>
            <column name="date">1407728559</column>
            <column name="name">buhunyxod</column>
            <column name="text">Кредиты в кирове сбербанк http://t.co/NYDCIrrsRu</column>
            <column name="sberbank">0</column>
            <column name="vtb">NULL</column>
            <column name="gazprom">NULL</column>
            <column name="alfabank">NULL</column>
            <column name="bankmoskvy">NULL</column>
            <column name="raiffeisen">NULL</column>
            <column name="uralsib">NULL</column>
            <column name="rshb">NULL</column>
        </table>
        <table name="bank">
            <column name="id">4513</column>
            <column name="twitid">498675889857910000</column>
            <column name="date">1407728571</column>
            <column name="name">qucewiga</column>
            <column name="text">Кредитная карта альфа банк космо http://t.co/iG1lAljWma</column>
            <column name="sberbank">NULL</column>
            <column name="vtb">NULL</column>
            <column name="gazprom">NULL</column>
            <column name="alfabank">0</column>
            <column name="bankmoskvy">NULL</column>
            <column name="raiffeisen">NULL</column>
            <column name="uralsib">NULL</column>
            <column name="rshb">NULL</column>
        </table>
        <table name="bank">
            <column name="id">4514</column>
            <column name="twitid">498676571398730000</column>
            <column name="date">1407728734</column>
            <column name="name">besufufuqowu</column>
            <column name="text">RT @sejuruhukas: автокредит в альфа банке условия http://t.co/YdEhA6iCg2</column>
            <column name="sberbank">NULL</column>
            <column name="vtb">NULL</column>
            <column name="gazprom">NULL</column>
            <column name="alfabank">0</column>
            <column name="bankmoskvy">NULL</column>
            <column name="raiffeisen">NULL</column>
            <column name="uralsib">NULL</column>
            <column name="rshb">NULL</column>
        </table>
        <table name="bank">
            <column name="id">4515</column>
            <column name="twitid">498677630607330000</column>
            <column name="date">1407728986</column>
            <column name="name">namreknyehsal</column>
            <column name="text">вывод с webmoney в сбербанк http://t.co/Hzx1OvPeaP</column>
            <column name="sberbank">0</column>
            <column name="vtb">NULL</column>
            <column name="gazprom">NULL</column>
            <column name="alfabank">NULL</column>
            <column name="bankmoskvy">NULL</column>
            <column name="raiffeisen">NULL</column>
            <column name="uralsib">NULL</column>
            <column name="rshb">NULL</column>
        </table>
        <table name="bank">
            <column name="id">4516</column>
            <column name="twitid">498677809272090000</column>
            <column name="date">1407729029</column>
            <column name="name">pubority</column>
            <column name="text">Банк москвы кредит поручитель http://t.co/1DFepwuJ4q</column>
            <column name="sberbank">NULL</column>
            <column name="vtb">NULL</column>
            <column name="gazprom">NULL</column>
            <column name="alfabank">NULL</column>
            <column name="bankmoskvy">0</column>
            <column name="raiffeisen">NULL</column>
            <column name="uralsib">NULL</column>
            <column name="rshb">NULL</column>
        </table>
        <table name="bank">
            <column name="id">4517</column>
            <column name="twitid">498677942009230000</column>
            <column name="date">1407729061</column>
            <column name="name">oytescrmpq</column>
            <column name="text">Автокредит сбербанк россии выгодные условия http://t.co/AyffTp0LZy</column>
            <column name="sberbank">0</column>
            <column name="vtb">NULL</column>
            <column name="gazprom">NULL</column>
            <column name="alfabank">NULL</column>
            <column name="bankmoskvy">NULL</column>
            <column name="raiffeisen">NULL</column>
            <column name="uralsib">NULL</column>
            <column name="rshb">NULL</column>
        </table>
        <table name="bank">
            <column name="id">4518</column>
            <column name="twitid">498679380076670000</column>
            <column name="date">1407729403</column>
            <column name="name">nliseedit</column>
            <column name="text">Райффайзенбанк заявки на кредит http://t.co/xaRHZBeS5i</column>
            <column name="sberbank">NULL</column>
            <column name="vtb">NULL</column>
            <column name="gazprom">NULL</column>
            <column name="alfabank">NULL</column>
            <column name="bankmoskvy">NULL</column>
            <column name="raiffeisen">0</column>
            <column name="uralsib">NULL</column>
            <column name="rshb">NULL</column>
        </table>
        <table name="bank">
            <column name="id">4519</column>
            <column name="twitid">498680564548140000</column>
            <column name="date">1407729686</column>
            <column name="name">worldnewsday</column>
            <column name="text">Я.Новости | Финансы: Сбербанк выдал «Вымпелкому» кредиты на 40 млрд. рублей http://t.co/6EKBEq13Er</column>
            <column name="sberbank">0</column>
            <column name="vtb">NULL</column>
            <column name="gazprom">NULL</column>
            <column name="alfabank">NULL</column>
            <column name="bankmoskvy">NULL</column>
            <column name="raiffeisen">NULL</column>
            <column name="uralsib">NULL</column>
            <column name="rshb">NULL</column>
        </table>
        <table name="bank">
            <column name="id">4520</column>
            <column name="twitid">498680981587770000</column>
            <column name="date">1407729785</column>
            <column name="name">umerivaxan</column>
            <column name="text">Кредит ипотечный стандарт сбербанк http://t.co/vYAsv9muXW</column>
            <column name="sberbank">0</column>
            <column name="vtb">NULL</column>
            <column name="gazprom">NULL</column>
            <column name="alfabank">NULL</column>
            <column name="bankmoskvy">NULL</column>
            <column name="raiffeisen">NULL</column>
            <column name="uralsib">NULL</column>
            <column name="rshb">NULL</column>
        </table>
        <table name="bank">
            <column name="id">4521</column>
            <column name="twitid">498682300348240000</column>
            <column name="date">1407730100</column>
            <column name="name">zakadisa</column>
            <column name="text">Процентные ставки по кредитам прогнозы сбербанк http://t.co/nSoB4AxaUM</column>
            <column name="sberbank">0</column>
            <column name="vtb">NULL</column>
            <column name="gazprom">NULL</column>
            <column name="alfabank">NULL</column>
            <column name="bankmoskvy">NULL</column>
            <column name="raiffeisen">NULL</column>
            <column name="uralsib">NULL</column>
            <column name="rshb">NULL</column>
        </table>
        <table name="bank">
            <column name="id">4522</column>
            <column name="twitid">498682442820370000</column>
            <column name="date">1407730134</column>
            <column name="name">ashurov_georgij</column>
            <column name="text">Потребительский кредит газпромбанк краснодар http://t.co/wu2aOPe48k</column>
            <column name="sberbank">NULL</column>
            <column name="vtb">NULL</column>
            <column name="gazprom">0</column>
            <column name="alfabank">NULL</column>
            <column name="bankmoskvy">NULL</column>
            <column name="raiffeisen">NULL</column>
            <column name="uralsib">NULL</column>
            <column name="rshb">NULL</column>
        </table>
        <table name="bank">
            <column name="id">4523</column>
            <column name="twitid">498683295191020000</column>
            <column name="date">1407730337</column>
            <column name="name">nidutaceguj</column>
            <column name="text">Кредитование потребительское сбербанк россии http://t.co/Jo3pxglxdl</column>
            <column name="sberbank">0</column>
            <column name="vtb">NULL</column>
            <column name="gazprom">NULL</column>
            <column name="alfabank">NULL</column>
            <column name="bankmoskvy">NULL</column>
            <column name="raiffeisen">NULL</column>
            <column name="uralsib">NULL</column>
            <column name="rshb">NULL</column>
        </table>
        <table name="bank">
            <column name="id">4524</column>
            <column name="twitid">498683348345030000</column>
            <column name="date">1407730349</column>
            <column name="name">teishavwtmlilli</column>
            <column name="text">Оформление потребительского кредита банк москвы http://t.co/KxrwWXgqzC</column>
            <column name="sberbank">NULL</column>
            <column name="vtb">NULL</column>
            <column name="gazprom">NULL</column>
            <column name="alfabank">NULL</column>
            <column name="bankmoskvy">0</column>
            <column name="raiffeisen">NULL</column>
            <column name="uralsib">NULL</column>
            <column name="rshb">NULL</column>
        </table>
        <table name="bank">
            <column name="id">4525</column>
            <column name="twitid">498683839888520000</column>
            <column name="date">1407730467</column>
            <column name="name">suzannaspnrschn</column>
            <column name="text">Банк втб 24 казань кредит http://t.co/bTFO28JGZF</column>
            <column name="sberbank">NULL</column>
            <column name="vtb">0</column>
            <column name="gazprom">NULL</column>
            <column name="alfabank">NULL</column>
            <column name="bankmoskvy">NULL</column>
            <column name="raiffeisen">NULL</column>
            <column name="uralsib">NULL</column>
            <column name="rshb">NULL</column>
        </table>
        <table name="bank">
            <column name="id">4526</column>
            <column name="twitid">498685510857290000</column>
            <column name="date">1407730865</column>
            <column name="name">barberawynewlan</column>
            <column name="text">Уралсиб банк ипотечный кредит http://t.co/vkxgVkPsAu</column>
            <column name="sberbank">NULL</column>
            <column name="vtb">NULL</column>
            <column name="gazprom">NULL</column>
            <column name="alfabank">NULL</column>
            <column name="bankmoskvy">NULL</column>
            <column name="raiffeisen">NULL</column>
            <column name="uralsib">0</column>
            <column name="rshb">NULL</column>
        </table>
        <table name="bank">
            <column name="id">4527</column>
            <column name="twitid">498689978017510000</column>
            <column name="date">1407731930</column>
            <column name="name">gyjowysew</column>
            <column name="text">Заявление анкета на получение кредита в россельхозбанке http://t.co/uWIHPpTV2s</column>
            <column name="sberbank">NULL</column>
            <column name="vtb">NULL</column>
            <column name="gazprom">NULL</column>
            <column name="alfabank">NULL</column>
            <column name="bankmoskvy">NULL</column>
            <column name="raiffeisen">NULL</column>
            <column name="uralsib">NULL</column>
            <column name="rshb">0</column>
        </table>
        <table name="bank">
            <column name="id">4528</column>
            <column name="twitid">498690431891570000</column>
            <column name="date">1407732038</column>
            <column name="name">hikuheral</column>
            <column name="text">Кредиты малому бизнесу в перми сбербанк http://t.co/uyWiEVnDKR</column>
            <column name="sberbank">0</column>
            <column name="vtb">NULL</column>
            <column name="gazprom">NULL</column>
            <column name="alfabank">NULL</column>
            <column name="bankmoskvy">NULL</column>
            <column name="raiffeisen">NULL</column>
            <column name="uralsib">NULL</column>
            <column name="rshb">NULL</column>
        </table>
        <table name="bank">
            <column name="id">4529</column>
            <column name="twitid">498690467320840000</column>
            <column name="date">1407732047</column>
            <column name="name">manajideguzman</column>
            <column name="text">Россельхозбанк йошкар ола кредит http://t.co/oGARqgxCVH</column>
            <column name="sberbank">NULL</column>
            <column name="vtb">NULL</column>
            <column name="gazprom">NULL</column>
            <column name="alfabank">NULL</column>
            <column name="bankmoskvy">NULL</column>
            <column name="raiffeisen">NULL</column>
            <column name="uralsib">NULL</column>
            <column name="rshb">0</column>
        </table>
        <table name="bank">
            <column name="id">4530</column>
            <column name="twitid">498690474908340000</column>
            <column name="date">1407732049</column>
            <column name="name">jennetterwtcarr</column>
            <column name="text">Кредитный калькулятор альфа банк http://t.co/ry0cCjrOec</column>
            <column name="sberbank">NULL</column>
            <column name="vtb">NULL</column>
            <column name="gazprom">NULL</column>
            <column name="alfabank">0</column>
            <column name="bankmoskvy">NULL</column>
            <column name="raiffeisen">NULL</column>
            <column name="uralsib">NULL</column>
            <column name="rshb">NULL</column>
        </table>
        <table name="bank">
            <column name="id">4531</column>
            <column name="twitid">498691569118350000</column>
            <column name="date">1407732310</column>
            <column name="name">suxoroqakax</column>
            <column name="text">RT @tohizecahary: заполнить заявку на кредит в альфа банке рассчитать http://t.co/bCCo6IOR2y</column>
            <column name="sberbank">NULL</column>
            <column name="vtb">NULL</column>
            <column name="gazprom">NULL</column>
            <column name="alfabank">0</column>
            <column name="bankmoskvy">NULL</column>
            <column name="raiffeisen">NULL</column>
            <column name="uralsib">NULL</column>
            <column name="rshb">NULL</column>
        </table>
        <table name="bank">
            <column name="id">4532</column>
            <column name="twitid">498692498643230000</column>
            <column name="date">1407732531</column>
            <column name="name">samathawnpvjacq</column>
            <column name="text">Кредит банке втб 24 ростов на дону http://t.co/mYkKSZX6Pw</column>
            <column name="sberbank">NULL</column>
            <column name="vtb">0</column>
            <column name="gazprom">NULL</column>
            <column name="alfabank">NULL</column>
            <column name="bankmoskvy">NULL</column>
            <column name="raiffeisen">NULL</column>
            <column name="uralsib">NULL</column>
            <column name="rshb">NULL</column>
        </table>
        <table name="bank">
            <column name="id">4533</column>
            <column name="twitid">498693878514720000</column>
            <column name="date">1407732860</column>
            <column name="name">fepywivotiq</column>
            <column name="text">Взять кредит наличными в альфа банкечелябинска http://t.co/LaePcu5AZe</column>
            <column name="sberbank">NULL</column>
            <column name="vtb">NULL</column>
            <column name="gazprom">NULL</column>
            <column name="alfabank">0</column>
            <column name="bankmoskvy">NULL</column>
            <column name="raiffeisen">NULL</column>
            <column name="uralsib">NULL</column>
            <column name="rshb">NULL</column>
        </table>
        <table name="bank">
            <column name="id">4534</column>
            <column name="twitid">498693918306090000</column>
            <column name="date">1407732870</column>
            <column name="name">marleenyukkelle</column>
            <column name="text">Ипотечные кредиты сбербанка и втб 24 http://t.co/6i76oo6If1</column>
            <column name="sberbank">0</column>
            <column name="vtb">0</column>
            <column name="gazprom">NULL</column>
            <column name="alfabank">NULL</column>
            <column name="bankmoskvy">NULL</column>
            <column name="raiffeisen">NULL</column>
            <column name="uralsib">NULL</column>
            <column name="rshb">NULL</column>
        </table>
        <table name="bank">
            <column name="id">4535</column>
            <column name="twitid">498695830988400000</column>
            <column name="date">1407733326</column>
            <column name="name">RUSLAND2004</column>
            <column name="text">@Vedomosti #Морганы- известные манипуляторы,не раз садившиеся публично в лужу со своими прогнозами,из #Сбербанка и #ВТБ - уже многие вышли</column>
            <column name="sberbank">-1</column>
            <column name="vtb">-1</column>
            <column name="gazprom">NULL</column>
            <column name="alfabank">NULL</column>
            <column name="bankmoskvy">NULL</column>
            <column name="raiffeisen">NULL</column>
            <column name="uralsib">NULL</column>
            <column name="rshb">NULL</column>
        </table>
        <table name="bank">
            <column name="id">4536</column>
            <column name="twitid">498699054717870000</column>
            <column name="date">1407734094</column>
            <column name="name">pldavig</column>
            <column name="text">Кредитная карта альфа банка виза классик http://t.co/yyNSR0F6Ei</column>
            <column name="sberbank">NULL</column>
            <column name="vtb">NULL</column>
            <column name="gazprom">NULL</column>
            <column name="alfabank">0</column>
            <column name="bankmoskvy">NULL</column>
            <column name="raiffeisen">NULL</column>
            <column name="uralsib">NULL</column>
            <column name="rshb">NULL</column>
        </table>
        <table name="bank">
            <column name="id">4537</column>
            <column name="twitid">498699549410870000</column>
            <column name="date">1407734212</column>
            <column name="name">ryvekalekun</column>
            <column name="text">Райффайзенбанк аваль донецк кредит http://t.co/gvT3RtXFbI</column>
            <column name="sberbank">NULL</column>
            <column name="vtb">NULL</column>
            <column name="gazprom">NULL</column>
            <column name="alfabank">NULL</column>
            <column name="bankmoskvy">NULL</column>
            <column name="raiffeisen">0</column>
            <column name="uralsib">NULL</column>
            <column name="rshb">NULL</column>
        </table>
        <table name="bank">
            <column name="id">4538</column>
            <column name="twitid">498699604033270000</column>
            <column name="date">1407734225</column>
            <column name="name">zuqojode</column>
            <column name="text">Потребительское кредитование сбербанк россии краснодарский край http://t.co/Ox8BHSWk0z</column>
            <column name="sberbank">0</column>
            <column name="vtb">NULL</column>
            <column name="gazprom">NULL</column>
            <column name="alfabank">NULL</column>
            <column name="bankmoskvy">NULL</column>
            <column name="raiffeisen">NULL</column>
            <column name="uralsib">NULL</column>
            <column name="rshb">NULL</column>
        </table>
        <table name="bank">
            <column name="id">4539</column>
            <column name="twitid">498700234399430000</column>
            <column name="date">1407734375</column>
            <column name="name">julia_kur</column>
            <column name="text">Это надо было видеть как я заходиоа в сбер и аптеку</column>
            <column name="sberbank">0</column>
            <column name="vtb">NULL</column>
            <column name="gazprom">NULL</column>
            <column name="alfabank">NULL</column>
            <column name="bankmoskvy">NULL</column>
            <column name="raiffeisen">NULL</column>
            <column name="uralsib">NULL</column>
            <column name="rshb">NULL</column>
        </table>
        <table name="bank">
            <column name="id">4540</column>
            <column name="twitid">498702336370290000</column>
            <column name="date">1407734877</column>
            <column name="name">sprovorov69</column>
            <column name="text">http://t.co/0jHmXLsCfe Сбербанк выступил генеральным партнером хакатона мобильных финансовых сервисов http://t.co/ros2VxNDlo</column>
            <column name="sberbank">0</column>
            <column name="vtb">NULL</column>
            <column name="gazprom">NULL</column>
            <column name="alfabank">NULL</column>
            <column name="bankmoskvy">NULL</column>
            <column name="raiffeisen">NULL</column>
            <column name="uralsib">NULL</column>
            <column name="rshb">NULL</column>
        </table>
        <table name="bank">
            <column name="id">4541</column>
            <column name="twitid">498702426460140000</column>
            <column name="date">1407734898</column>
            <column name="name">jacquelynnxzfre</column>
            <column name="text">Кредиты альфа банк в воронеже http://t.co/hRXT5Tutst</column>
            <column name="sberbank">NULL</column>
            <column name="vtb">NULL</column>
            <column name="gazprom">NULL</column>
            <column name="alfabank">0</column>
            <column name="bankmoskvy">NULL</column>
            <column name="raiffeisen">NULL</column>
            <column name="uralsib">NULL</column>
            <column name="rshb">NULL</column>
        </table>
        <table name="bank">
            <column name="id">4542</column>
            <column name="twitid">498702914744220000</column>
            <column name="date">1407735014</column>
            <column name="name">_7537085689023</column>
            <column name="text">СМИ: Россельхозбанк и Газпромбанк просят помощи у государства</column>
            <column name="sberbank">NULL</column>
            <column name="vtb">NULL</column>
            <column name="gazprom">-1</column>
            <column name="alfabank">NULL</column>
            <column name="bankmoskvy">NULL</column>
            <column name="raiffeisen">NULL</column>
            <column name="uralsib">NULL</column>
            <column name="rshb">-1</column>
        </table>
        <table name="bank">
            <column name="id">4543</column>
            <column name="twitid">498705038546860000</column>
            <column name="date">1407735521</column>
            <column name="name">ThirtiethStacy</column>
            <column name="text">Присылать смс через несколько часов после покупки
Привет, сбербанк о/</column>
            <column name="sberbank">--</column>
            <column name="vtb">NULL</column>
            <column name="gazprom">NULL</column>
            <column name="alfabank">NULL</column>
            <column name="bankmoskvy">NULL</column>
            <column name="raiffeisen">NULL</column>
            <column name="uralsib">NULL</column>
            <column name="rshb">NULL</column>
        </table>
        <table name="bank">
            <column name="id">4544</column>
            <column name="twitid">498707417111470000</column>
            <column name="date">1407736088</column>
            <column name="name">habudakoqoq</column>
            <column name="text">RT @hobogipyweny: альфа банк тюмень кредит наличными http://t.co/wOQgUkfahi</column>
            <column name="sberbank">NULL</column>
            <column name="vtb">NULL</column>
            <column name="gazprom">NULL</column>
            <column name="alfabank">0</column>
            <column name="bankmoskvy">NULL</column>
            <column name="raiffeisen">NULL</column>
            <column name="uralsib">NULL</column>
            <column name="rshb">NULL</column>
        </table>
        <table name="bank">
            <column name="id">4545</column>
            <column name="twitid">498707417988080000</column>
            <column name="date">1407736088</column>
            <column name="name">WilmaBaldarelli</column>
            <column name="text">RT @tteCortez: банк москвы в красноярске кредиты потребительские форматы http://t.co/hX9u3Zg4Tn</column>
            <column name="sberbank">NULL</column>
            <column name="vtb">NULL</column>
            <column name="gazprom">NULL</column>
            <column name="alfabank">NULL</column>
            <column name="bankmoskvy">0</column>
            <column name="raiffeisen">NULL</column>
            <column name="uralsib">NULL</column>
            <column name="rshb">NULL</column>
        </table>
        <table name="bank">
            <column name="id">4546</column>
            <column name="twitid">498708017278220000</column>
            <column name="date">1407736231</column>
            <column name="name">Telecom_bardak</column>
            <column name="text">Расширенная и облагороженная версия злоключений #Крок в последние годы - http://t.co/ac0gfEPcvf Проделки со #Сбербанк его сильно подкосили</column>
            <column name="sberbank">--</column>
            <column name="vtb">NULL</column>
            <column name="gazprom">NULL</column>
            <column name="alfabank">NULL</column>
            <column name="bankmoskvy">NULL</column>
            <column name="raiffeisen">NULL</column>
            <column name="uralsib">NULL</column>
            <column name="rshb">NULL</column>
        </table>
        <table name="bank">
            <column name="id">4547</column>
            <column name="twitid">498709030710550000</column>
            <column name="date">1407736473</column>
            <column name="name">inevofita45</column>
            <column name="text">Автокредит втб 24 в 2014 году http://t.co/tPcFl5GKY3</column>
            <column name="sberbank">NULL</column>
            <column name="vtb">0</column>
            <column name="gazprom">NULL</column>
            <column name="alfabank">NULL</column>
            <column name="bankmoskvy">NULL</column>
            <column name="raiffeisen">NULL</column>
            <column name="uralsib">NULL</column>
            <column name="rshb">NULL</column>
        </table>
        <table name="bank">
            <column name="id">4548</column>
            <column name="twitid">498710636072030000</column>
            <column name="date">1407736855</column>
            <column name="name">penopixyrom</column>
            <column name="text">Проценты по кредиту выданному россельхозбанк http://t.co/DrLLg5nNBI</column>
            <column name="sberbank">NULL</column>
            <column name="vtb">NULL</column>
            <column name="gazprom">NULL</column>
            <column name="alfabank">NULL</column>
            <column name="bankmoskvy">NULL</column>
            <column name="raiffeisen">NULL</column>
            <column name="uralsib">NULL</column>
            <column name="rshb">0</column>
        </table>
        <table name="bank">
            <column name="id">4549</column>
            <column name="twitid">498710678757460000</column>
            <column name="date">1407736866</column>
            <column name="name">senclboutkaedan</column>
            <column name="text">потребительский кредит сбербанк липецк http://t.co/ev35Gm23fi</column>
            <column name="sberbank">0</column>
            <column name="vtb">NULL</column>
            <column name="gazprom">NULL</column>
            <column name="alfabank">NULL</column>
            <column name="bankmoskvy">NULL</column>
            <column name="raiffeisen">NULL</column>
            <column name="uralsib">NULL</column>
            <column name="rshb">NULL</column>
        </table>
        <table name="bank">
            <column name="id">4550</column>
            <column name="twitid">498710719823880000</column>
            <column name="date">1407736875</column>
            <column name="name">fulriqufupe</column>
            <column name="text">RT @switrupurtusi: кредит наличными харьков альфа банк http://t.co/CVB8yimE3E</column>
            <column name="sberbank">NULL</column>
            <column name="vtb">NULL</column>
            <column name="gazprom">NULL</column>
            <column name="alfabank">0</column>
            <column name="bankmoskvy">NULL</column>
            <column name="raiffeisen">NULL</column>
            <column name="uralsib">NULL</column>
            <column name="rshb">NULL</column>
        </table>
        <table name="bank">
            <column name="id">4551</column>
            <column name="twitid">498710723615150000</column>
            <column name="date">1407736876</column>
            <column name="name">Kaurus7</column>
            <column name="text">Goldman Sachs повысил свой прогноз роста цен до 8%,в &quot;Ренессансе&quot; ожидают инфляцию в 7,5%,&quot;Райффайзен&quot; предсказывает рост цен от 7 до 7,5%.</column>
            <column name="sberbank">NULL</column>
            <column name="vtb">NULL</column>
            <column name="gazprom">NULL</column>
            <column name="alfabank">NULL</column>
            <column name="bankmoskvy">NULL</column>
            <column name="raiffeisen">0</column>
            <column name="uralsib">NULL</column>
            <column name="rshb">NULL</column>
        </table>
        <table name="bank">
            <column name="id">4552</column>
            <column name="twitid">498712164694500000</column>
            <column name="date">1407737220</column>
            <column name="name">carcin0ma</column>
            <column name="text">@sberbank, если это вы звоните мне с номера +74955102933 и бросаете трубку, перестаньте это делать, пожалуйста. Это новый вид спама?</column>
            <column name="sberbank">-1</column>
            <column name="vtb">NULL</column>
            <column name="gazprom">NULL</column>
            <column name="alfabank">NULL</column>
            <column name="bankmoskvy">NULL</column>
            <column name="raiffeisen">NULL</column>
            <column name="uralsib">NULL</column>
            <column name="rshb">NULL</column>
        </table>
        <table name="bank">
            <column name="id">4553</column>
            <column name="twitid">498712167622140000</column>
            <column name="date">1407737221</column>
            <column name="name">babuw1</column>
            <column name="text">«Банк Москвы» выделил АПК «МаВР» 1 млрд руб.</column>
            <column name="sberbank">NULL</column>
            <column name="vtb">NULL</column>
            <column name="gazprom">NULL</column>
            <column name="alfabank">NULL</column>
            <column name="bankmoskvy">0</column>
            <column name="raiffeisen">NULL</column>
            <column name="uralsib">NULL</column>
            <column name="rshb">NULL</column>
        </table>
        <table name="bank">
            <column name="id">4554</column>
            <column name="twitid">498712214883530000</column>
            <column name="date">1407737232</column>
            <column name="name">vmakeev</column>
            <column name="text">@alfa_bank, сделайте велопарковки.</column>
            <column name="sberbank">NULL</column>
            <column name="vtb">NULL</column>
            <column name="gazprom">NULL</column>
            <column name="alfabank">0</column>
            <column name="bankmoskvy">NULL</column>
            <column name="raiffeisen">NULL</column>
            <column name="uralsib">NULL</column>
            <column name="rshb">NULL</column>
        </table>
        <table name="bank">
            <column name="id">4555</column>
            <column name="twitid">498712555796570000</column>
            <column name="date">1407737313</column>
            <column name="name">ifiedycpro</column>
            <column name="text">Условия кредитования физ лиц втб 24 http://t.co/4Tcw0lDbED</column>
            <column name="sberbank">NULL</column>
            <column name="vtb">0</column>
            <column name="gazprom">NULL</column>
            <column name="alfabank">NULL</column>
            <column name="bankmoskvy">NULL</column>
            <column name="raiffeisen">NULL</column>
            <column name="uralsib">NULL</column>
            <column name="rshb">NULL</column>
        </table>
        <table name="bank">
            <column name="id">4556</column>
            <column name="twitid">498712556937430000</column>
            <column name="date">1407737313</column>
            <column name="name">kijanojyx</column>
            <column name="text">Коммунальные платежи кредитной картой райфайзен банк http://t.co/RnsMUalZYE</column>
            <column name="sberbank">NULL</column>
            <column name="vtb">NULL</column>
            <column name="gazprom">NULL</column>
            <column name="alfabank">NULL</column>
            <column name="bankmoskvy">NULL</column>
            <column name="raiffeisen">0</column>
            <column name="uralsib">NULL</column>
            <column name="rshb">NULL</column>
        </table>
        <table name="bank">
            <column name="id">4557</column>
            <column name="twitid">498712648780120000</column>
            <column name="date">1407737335</column>
            <column name="name">goqikypop</column>
            <column name="text">Райффайзен банк проценты по кредитам http://t.co/6CYe2p9Akt</column>
            <column name="sberbank">NULL</column>
            <column name="vtb">NULL</column>
            <column name="gazprom">NULL</column>
            <column name="alfabank">NULL</column>
            <column name="bankmoskvy">NULL</column>
            <column name="raiffeisen">0</column>
            <column name="uralsib">NULL</column>
            <column name="rshb">NULL</column>
        </table>
        <table name="bank">
            <column name="id">4558</column>
            <column name="twitid">498712695236210000</column>
            <column name="date">1407737346</column>
            <column name="name">shauntaudcswart</column>
            <column name="text">Выданные ипотечные кредиты банк уралсиб http://t.co/uQmD8k3FUS</column>
            <column name="sberbank">NULL</column>
            <column name="vtb">NULL</column>
            <column name="gazprom">NULL</column>
            <column name="alfabank">NULL</column>
            <column name="bankmoskvy">NULL</column>
            <column name="raiffeisen">NULL</column>
            <column name="uralsib">0</column>
            <column name="rshb">NULL</column>
        </table>
        <table name="bank">
            <column name="id">4559</column>
            <column name="twitid">498714099099130000</column>
            <column name="date">1407737681</column>
            <column name="name">irillee90g</column>
            <column name="text">Эльдорадо альфа банк кредит http://t.co/FLahAbHoNj</column>
            <column name="sberbank">NULL</column>
            <column name="vtb">NULL</column>
            <column name="gazprom">NULL</column>
            <column name="alfabank">0</column>
            <column name="bankmoskvy">NULL</column>
            <column name="raiffeisen">NULL</column>
            <column name="uralsib">NULL</column>
            <column name="rshb">NULL</column>
        </table>
        <table name="bank">
            <column name="id">4560</column>
            <column name="twitid">498715660772710000</column>
            <column name="date">1407738053</column>
            <column name="name">Piane_Ramso</column>
            <column name="text">@AlekseySotnikov @mtreskin не знаю) я в сбер пёрся</column>
            <column name="sberbank">--</column>
            <column name="vtb">NULL</column>
            <column name="gazprom">NULL</column>
            <column name="alfabank">NULL</column>
            <column name="bankmoskvy">NULL</column>
            <column name="raiffeisen">NULL</column>
            <column name="uralsib">NULL</column>
            <column name="rshb">NULL</column>
        </table>
        <table name="bank">
            <column name="id">4561</column>
            <column name="twitid">498718430631970000</column>
            <column name="date">1407738714</column>
            <column name="name">finamalert</column>
            <column name="text">10:16:33 В стратегии &quot;Полёт орла&quot; (http://t.co/sXOkgL3RoR): Исполнена заявка Сбербанк покупка цена: 73.09000 количество: 24.57%</column>
            <column name="sberbank">0</column>
            <column name="vtb">NULL</column>
            <column name="gazprom">NULL</column>
            <column name="alfabank">NULL</column>
            <column name="bankmoskvy">NULL</column>
            <column name="raiffeisen">NULL</column>
            <column name="uralsib">NULL</column>
            <column name="rshb">NULL</column>
        </table>
        <table name="bank">
            <column name="id">4562</column>
            <column name="twitid">498719600595720000</column>
            <column name="date">1407738993</column>
            <column name="name">roniwysu</column>
            <column name="text">Воронеж сбербанк кредитный калькулятор http://t.co/T6lvEogHnI</column>
            <column name="sberbank">0</column>
            <column name="vtb">NULL</column>
            <column name="gazprom">NULL</column>
            <column name="alfabank">NULL</column>
            <column name="bankmoskvy">NULL</column>
            <column name="raiffeisen">NULL</column>
            <column name="uralsib">NULL</column>
            <column name="rshb">NULL</column>
        </table>
        <table name="bank">
            <column name="id">4563</column>
            <column name="twitid">498719681684180000</column>
            <column name="date">1407739012</column>
            <column name="name">pipacujiro</column>
            <column name="text">Кредит юридические лица сбербанк рф http://t.co/3RWp3TtsGs</column>
            <column name="sberbank">0</column>
            <column name="vtb">NULL</column>
            <column name="gazprom">NULL</column>
            <column name="alfabank">NULL</column>
            <column name="bankmoskvy">NULL</column>
            <column name="raiffeisen">NULL</column>
            <column name="uralsib">NULL</column>
            <column name="rshb">NULL</column>
        </table>
        <table name="bank">
            <column name="id">4564</column>
            <column name="twitid">498720465956120000</column>
            <column name="date">1407739199</column>
            <column name="name">nuorimaa</column>
            <column name="text">@alfa_bank в подробностях не помню; знаю, что не подключал альфа-чек, но отключал точно</column>
            <column name="sberbank">NULL</column>
            <column name="vtb">NULL</column>
            <column name="gazprom">NULL</column>
            <column name="alfabank">0</column>
            <column name="bankmoskvy">NULL</column>
            <column name="raiffeisen">NULL</column>
            <column name="uralsib">NULL</column>
            <column name="rshb">NULL</column>
        </table>
        <table name="bank">
            <column name="id">4565</column>
            <column name="twitid">498720645249660000</column>
            <column name="date">1407739242</column>
            <column name="name">safalydabad</column>
            <column name="text">Кредит молодая семья сбербанк ub27 http://t.co/tZiE9Jfkx0</column>
            <column name="sberbank">0</column>
            <column name="vtb">NULL</column>
            <column name="gazprom">NULL</column>
            <column name="alfabank">NULL</column>
            <column name="bankmoskvy">NULL</column>
            <column name="raiffeisen">NULL</column>
            <column name="uralsib">NULL</column>
            <column name="rshb">NULL</column>
        </table>
        <table name="bank">
            <column name="id">4566</column>
            <column name="twitid">498721408608780000</column>
            <column name="date">1407739424</column>
            <column name="name">reuters_russia</column>
            <column name="text">Акции РФ выросли в начале торгов после решения MSCI оставить Сбербанк в индексе http://t.co/90jfUHUBUD http://t.co/xZt4gWytgK</column>
            <column name="sberbank">1</column>
            <column name="vtb">NULL</column>
            <column name="gazprom">NULL</column>
            <column name="alfabank">NULL</column>
            <column name="bankmoskvy">NULL</column>
            <column name="raiffeisen">NULL</column>
            <column name="uralsib">NULL</column>
            <column name="rshb">NULL</column>
        </table>
        <table name="bank">
            <column name="id">4567</column>
            <column name="twitid">498722439686540000</column>
            <column name="date">1407739670</column>
            <column name="name">Tim_ObukhoFF</column>
            <column name="text">RT @FastSlon: Сбербанк и ВТБ умудрились остаться в фондовых индексах http://t.co/rTIOUJpZOU после чего их  ?п?р?а?в?о?с?л?а?в?н?ы?е?  акции…</column>
            <column name="sberbank">1</column>
            <column name="vtb">1</column>
            <column name="gazprom">NULL</column>
            <column name="alfabank">NULL</column>
            <column name="bankmoskvy">NULL</column>
            <column name="raiffeisen">NULL</column>
            <column name="uralsib">NULL</column>
            <column name="rshb">NULL</column>
        </table>
        <table name="bank">
            <column name="id">4568</column>
            <column name="twitid">498723150235190000</column>
            <column name="date">1407739839</column>
            <column name="name">rusov1</column>
            <column name="text">RT @Fenring: @navalny голос номер 6 молодец, спохватился и вспомнил что Газпром, сбер и РЖД в Крым напрямую не идут и предложил через админ…</column>
            <column name="sberbank">0</column>
            <column name="vtb">NULL</column>
            <column name="gazprom">NULL</column>
            <column name="alfabank">NULL</column>
            <column name="bankmoskvy">NULL</column>
            <column name="raiffeisen">NULL</column>
            <column name="uralsib">NULL</column>
            <column name="rshb">NULL</column>
        </table>
        <table name="bank">
            <column name="id">4569</column>
            <column name="twitid">498723674040840000</column>
            <column name="date">1407739964</column>
            <column name="name">maglov</column>
            <column name="text">Александр Дюков: Политическое решение уже принято — Крым в составе РФ. Но тем не менее «Газпром», «Роснефть», РЖД, Сбербанк в Крым не идут,</column>
            <column name="sberbank">0</column>
            <column name="vtb">NULL</column>
            <column name="gazprom">NULL</column>
            <column name="alfabank">NULL</column>
            <column name="bankmoskvy">NULL</column>
            <column name="raiffeisen">NULL</column>
            <column name="uralsib">NULL</column>
            <column name="rshb">NULL</column>
        </table>
        <table name="bank">
            <column name="id">4570</column>
            <column name="twitid">498723761613310000</column>
            <column name="date">1407739985</column>
            <column name="name">PiterAddress</column>
            <column name="text">Банк ВТБ 24 Банкомат, ЗАО, филиал в г. Сестрорецке Санкт-Петербург http://t.co/PcAATqPG82</column>
            <column name="sberbank">NULL</column>
            <column name="vtb">0</column>
            <column name="gazprom">NULL</column>
            <column name="alfabank">NULL</column>
            <column name="bankmoskvy">NULL</column>
            <column name="raiffeisen">NULL</column>
            <column name="uralsib">NULL</column>
            <column name="rshb">NULL</column>
        </table>
        <table name="bank">
            <column name="id">4571</column>
            <column name="twitid">498724096189150000</column>
            <column name="date">1407740065</column>
            <column name="name">menoirdieu</column>
            <column name="text">RT @Afyan4ik: А никто не говорил как я должна носить этот платок) @ Сбербанк http://t.co/aovv0GmUBo</column>
            <column name="sberbank">0</column>
            <column name="vtb">NULL</column>
            <column name="gazprom">NULL</column>
            <column name="alfabank">NULL</column>
            <column name="bankmoskvy">NULL</column>
            <column name="raiffeisen">NULL</column>
            <column name="uralsib">NULL</column>
            <column name="rshb">NULL</column>
        </table>
        <table name="bank">
            <column name="id">4572</column>
            <column name="twitid">498724639288620000</column>
            <column name="date">1407740194</column>
            <column name="name">naqiroca</column>
            <column name="text">Финансирование кредитования в альфа банке http://t.co/IW3bP0q3IJ</column>
            <column name="sberbank">NULL</column>
            <column name="vtb">NULL</column>
            <column name="gazprom">NULL</column>
            <column name="alfabank">0</column>
            <column name="bankmoskvy">NULL</column>
            <column name="raiffeisen">NULL</column>
            <column name="uralsib">NULL</column>
            <column name="rshb">NULL</column>
        </table>
        <table name="bank">
            <column name="id">4573</column>
            <column name="twitid">498725576380020000</column>
            <column name="date">1407740417</column>
            <column name="name">RuRyabkoff</column>
            <column name="text">RT @maglov: Александр Дюков: Политическое решение уже принято — Крым в составе РФ. Но тем не менее «Газпром», «Роснефть», РЖД, Сбербанк в К…</column>
            <column name="sberbank">0</column>
            <column name="vtb">NULL</column>
            <column name="gazprom">NULL</column>
            <column name="alfabank">NULL</column>
            <column name="bankmoskvy">NULL</column>
            <column name="raiffeisen">NULL</column>
            <column name="uralsib">NULL</column>
            <column name="rshb">NULL</column>
        </table>
        <table name="bank">
            <column name="id">4574</column>
            <column name="twitid">498726121979280000</column>
            <column name="date">1407740548</column>
            <column name="name">eldemoni1</column>
            <column name="text">Процентные ставки по кредитам на жилье сбербанк http://t.co/2xezuQxkwI</column>
            <column name="sberbank">0</column>
            <column name="vtb">NULL</column>
            <column name="gazprom">NULL</column>
            <column name="alfabank">NULL</column>
            <column name="bankmoskvy">NULL</column>
            <column name="raiffeisen">NULL</column>
            <column name="uralsib">NULL</column>
            <column name="rshb">NULL</column>
        </table>
        <table name="bank">
            <column name="id">4575</column>
            <column name="twitid">498726744644680000</column>
            <column name="date">1407740696</column>
            <column name="name">ditstarn</column>
            <column name="text">RT @kucheramat: Сбербанк России - 170 лет на рынке очередей! http://t.co/DDX2sNbHds</column>
            <column name="sberbank">-1</column>
            <column name="vtb">NULL</column>
            <column name="gazprom">NULL</column>
            <column name="alfabank">NULL</column>
            <column name="bankmoskvy">NULL</column>
            <column name="raiffeisen">NULL</column>
            <column name="uralsib">NULL</column>
            <column name="rshb">NULL</column>
        </table>
        <table name="bank">
            <column name="id">4576</column>
            <column name="twitid">498727720109760000</column>
            <column name="date">1407740929</column>
            <column name="name">rozikizutuc</column>
            <column name="text">Санкт петербург сбербанк кредиты физическим лицам http://t.co/lpCoMIeiuz</column>
            <column name="sberbank">0</column>
            <column name="vtb">NULL</column>
            <column name="gazprom">NULL</column>
            <column name="alfabank">NULL</column>
            <column name="bankmoskvy">NULL</column>
            <column name="raiffeisen">NULL</column>
            <column name="uralsib">NULL</column>
            <column name="rshb">NULL</column>
        </table>
        <table name="bank">
            <column name="id">4577</column>
            <column name="twitid">498731174261300000</column>
            <column name="date">1407741752</column>
            <column name="name">Possessor1980</column>
            <column name="text">RT @alfa_bank: Альфа-Банк в партнерстве с Visa представляет программу развития финтех-стартапов Alfa Camp: http://t.co/O4i5tYEoFE http://t.…</column>
            <column name="sberbank">NULL</column>
            <column name="vtb">NULL</column>
            <column name="gazprom">NULL</column>
            <column name="alfabank">0</column>
            <column name="bankmoskvy">NULL</column>
            <column name="raiffeisen">NULL</column>
            <column name="uralsib">NULL</column>
            <column name="rshb">NULL</column>
        </table>
        <table name="bank">
            <column name="id">4578</column>
            <column name="twitid">498732956161430000</column>
            <column name="date">1407742177</column>
            <column name="name">vesti48</column>
            <column name="text">В Липецке Сбербанк подписал соглашение о сотрудничестве с Ассоциацией молодых предпринимателей http://t.co/DXOGW7bplz</column>
            <column name="sberbank">0</column>
            <column name="vtb">NULL</column>
            <column name="gazprom">NULL</column>
            <column name="alfabank">NULL</column>
            <column name="bankmoskvy">NULL</column>
            <column name="raiffeisen">NULL</column>
            <column name="uralsib">NULL</column>
            <column name="rshb">NULL</column>
        </table>
        <table name="bank">
            <column name="id">4579</column>
            <column name="twitid">498734168277540000</column>
            <column name="date">1407742466</column>
            <column name="name">kasyqabihuh</column>
            <column name="text">Кредитный банк москвы адреса http://t.co/OPuilTiMpq</column>
            <column name="sberbank">NULL</column>
            <column name="vtb">NULL</column>
            <column name="gazprom">NULL</column>
            <column name="alfabank">NULL</column>
            <column name="bankmoskvy">0</column>
            <column name="raiffeisen">NULL</column>
            <column name="uralsib">NULL</column>
            <column name="rshb">NULL</column>
        </table>
        <table name="bank">
            <column name="id">4580</column>
            <column name="twitid">498734215458870000</column>
            <column name="date">1407742477</column>
            <column name="name">umabtech</column>
            <column name="text">Кто брал автокредит в райффайзенбанк http://t.co/w2o7PDI7sL</column>
            <column name="sberbank">NULL</column>
            <column name="vtb">NULL</column>
            <column name="gazprom">NULL</column>
            <column name="alfabank">NULL</column>
            <column name="bankmoskvy">NULL</column>
            <column name="raiffeisen">0</column>
            <column name="uralsib">NULL</column>
            <column name="rshb">NULL</column>
        </table>
        <table name="bank">
            <column name="id">4581</column>
            <column name="twitid">498735547310170000</column>
            <column name="date">1407742795</column>
            <column name="name">stnkvd</column>
            <column name="text">Долбаните мне по голове, чтоб я наконец-то перешла через себя, поехала в сбербанк и сделала эту долбаную карточку</column>
            <column name="sberbank">0</column>
            <column name="vtb">NULL</column>
            <column name="gazprom">NULL</column>
            <column name="alfabank">NULL</column>
            <column name="bankmoskvy">NULL</column>
            <column name="raiffeisen">NULL</column>
            <column name="uralsib">NULL</column>
            <column name="rshb">NULL</column>
        </table>
        <table name="bank">
            <column name="id">4582</column>
            <column name="twitid">498736124719010000</column>
            <column name="date">1407742932</column>
            <column name="name">ranedoqatuza</column>
            <column name="text">RT @gypujifedyhy: взять кредит в банке райффайзен центральбанк http://t.co/0PL7TIyphY</column>
            <column name="sberbank">NULL</column>
            <column name="vtb">NULL</column>
            <column name="gazprom">NULL</column>
            <column name="alfabank">NULL</column>
            <column name="bankmoskvy">NULL</column>
            <column name="raiffeisen">0</column>
            <column name="uralsib">NULL</column>
            <column name="rshb">NULL</column>
        </table>
        <table name="bank">
            <column name="id">4583</column>
            <column name="twitid">498737243776120000</column>
            <column name="date">1407743199</column>
            <column name="name">darth_inca</column>
            <column name="text">@VovanATC Это испытание для новых сотрудников @sberbank. Необходимо дико троллить клиента, но делать это так, чтобы он не звал управляющего.</column>
            <column name="sberbank">-1</column>
            <column name="vtb">NULL</column>
            <column name="gazprom">NULL</column>
            <column name="alfabank">NULL</column>
            <column name="bankmoskvy">NULL</column>
            <column name="raiffeisen">NULL</column>
            <column name="uralsib">NULL</column>
            <column name="rshb">NULL</column>
        </table>
        <table name="bank">
            <column name="id">4584</column>
            <column name="twitid">498738059203320000</column>
            <column name="date">1407743394</column>
            <column name="name">1795100</column>
            <column name="text">RT @sberbank: Сбербанк запускает программу потребительских кредитов для военнослужащих. Подробности: http://t.co/L8KIyw2w8I</column>
            <column name="sberbank">1</column>
            <column name="vtb">NULL</column>
            <column name="gazprom">NULL</column>
            <column name="alfabank">NULL</column>
            <column name="bankmoskvy">NULL</column>
            <column name="raiffeisen">NULL</column>
            <column name="uralsib">NULL</column>
            <column name="rshb">NULL</column>
        </table>
        <table name="bank">
            <column name="id">4585</column>
            <column name="twitid">498740818631750000</column>
            <column name="date">1407744051</column>
            <column name="name">MissNadejda1001</column>
            <column name="text">Кредит физическому лицу сбербанк иркутск http://t.co/UhlOU80zbK</column>
            <column name="sberbank">0</column>
            <column name="vtb">NULL</column>
            <column name="gazprom">NULL</column>
            <column name="alfabank">NULL</column>
            <column name="bankmoskvy">NULL</column>
            <column name="raiffeisen">NULL</column>
            <column name="uralsib">NULL</column>
            <column name="rshb">NULL</column>
        </table>
        <table name="bank">
            <column name="id">4586</column>
            <column name="twitid">498740913745970000</column>
            <column name="date">1407744074</column>
            <column name="name">nasonovkirill</column>
            <column name="text">@sberbank подскажите, пожалуйста, сколько максимум денег можно снять в банкомате СБ с фамильной карточки Visa (за 1 раз, за 1 сутки) ?</column>
            <column name="sberbank">0</column>
            <column name="vtb">NULL</column>
            <column name="gazprom">NULL</column>
            <column name="alfabank">NULL</column>
            <column name="bankmoskvy">NULL</column>
            <column name="raiffeisen">NULL</column>
            <column name="uralsib">NULL</column>
            <column name="rshb">NULL</column>
        </table>
        <table name="bank">
            <column name="id">4587</column>
            <column name="twitid">498741186815740000</column>
            <column name="date">1407744139</column>
            <column name="name">JennaEllet2</column>
            <column name="text">#жизненное На всём постсоветском пространстве Сбербанк России считается одним из самых крупных... http://t.co/KgzMNIOBe3 #новостиДня</column>
            <column name="sberbank">1</column>
            <column name="vtb">NULL</column>
            <column name="gazprom">NULL</column>
            <column name="alfabank">NULL</column>
            <column name="bankmoskvy">NULL</column>
            <column name="raiffeisen">NULL</column>
            <column name="uralsib">NULL</column>
            <column name="rshb">NULL</column>
        </table>
        <table name="bank">
            <column name="id">4588</column>
            <column name="twitid">498741187251930000</column>
            <column name="date">1407744139</column>
            <column name="name">MarianaBrownell</column>
            <column name="text">#мир Сбербанк России – лидер финансового рынка: На всём постсоветском пространстве Сбербанк России... http://t.co/q01BJyTiis #факты</column>
            <column name="sberbank">1</column>
            <column name="vtb">NULL</column>
            <column name="gazprom">NULL</column>
            <column name="alfabank">NULL</column>
            <column name="bankmoskvy">NULL</column>
            <column name="raiffeisen">NULL</column>
            <column name="uralsib">NULL</column>
            <column name="rshb">NULL</column>
        </table>
        <table name="bank">
            <column name="id">4589</column>
            <column name="twitid">498741233360310000</column>
            <column name="date">1407744150</column>
            <column name="name">brianneritrstic</column>
            <column name="text">Потребительский кредит в россельхозбанке http://t.co/uJd9yBvP4c</column>
            <column name="sberbank">NULL</column>
            <column name="vtb">NULL</column>
            <column name="gazprom">NULL</column>
            <column name="alfabank">NULL</column>
            <column name="bankmoskvy">NULL</column>
            <column name="raiffeisen">NULL</column>
            <column name="uralsib">NULL</column>
            <column name="rshb">0</column>
        </table>
        <table name="bank">
            <column name="id">4590</column>
            <column name="twitid">498745302690850000</column>
            <column name="date">1407745121</column>
            <column name="name">AloneSystems</column>
            <column name="text">RT @KabanMadan: Испытываю чистую, яркую, незамутненную ненависть к @sberbank вообще и его ОнЛайн в частности, и собираюсь ее разжигать и ны…</column>
            <column name="sberbank">-1</column>
            <column name="vtb">NULL</column>
            <column name="gazprom">NULL</column>
            <column name="alfabank">NULL</column>
            <column name="bankmoskvy">NULL</column>
            <column name="raiffeisen">NULL</column>
            <column name="uralsib">NULL</column>
            <column name="rshb">NULL</column>
        </table>
        <table name="bank">
            <column name="id">4591</column>
            <column name="twitid">498745721324330000</column>
            <column name="date">1407745220</column>
            <column name="name">nynahafuq</column>
            <column name="text">Кредитные калькуляторы втб 24 в уфе http://t.co/w1GKWymV9S</column>
            <column name="sberbank">NULL</column>
            <column name="vtb">0</column>
            <column name="gazprom">NULL</column>
            <column name="alfabank">NULL</column>
            <column name="bankmoskvy">NULL</column>
            <column name="raiffeisen">NULL</column>
            <column name="uralsib">NULL</column>
            <column name="rshb">NULL</column>
        </table>
        <table name="bank">
            <column name="id">4592</column>
            <column name="twitid">498745753616270000</column>
            <column name="date">1407745228</column>
            <column name="name">ximehedet</column>
            <column name="text">Потребительские кредиты в альфа банке нижнего новгорода http://t.co/cuI4WhszzU</column>
            <column name="sberbank">NULL</column>
            <column name="vtb">NULL</column>
            <column name="gazprom">NULL</column>
            <column name="alfabank">0</column>
            <column name="bankmoskvy">NULL</column>
            <column name="raiffeisen">NULL</column>
            <column name="uralsib">NULL</column>
            <column name="rshb">NULL</column>
        </table>
        <table name="bank">
            <column name="id">4593</column>
            <column name="twitid">498747359384600000</column>
            <column name="date">1407745611</column>
            <column name="name">holladaylgshiel</column>
            <column name="text">Кредитный отдел сбербанк энгельс http://t.co/hUBLehHkFk</column>
            <column name="sberbank">0</column>
            <column name="vtb">NULL</column>
            <column name="gazprom">NULL</column>
            <column name="alfabank">NULL</column>
            <column name="bankmoskvy">NULL</column>
            <column name="raiffeisen">NULL</column>
            <column name="uralsib">NULL</column>
            <column name="rshb">NULL</column>
        </table>
        <table name="bank">
            <column name="id">4594</column>
            <column name="twitid">498747362303830000</column>
            <column name="date">1407745612</column>
            <column name="name">CodCole22</column>
            <column name="text">Ростовский филиал Россельхозбанка увеличил портфель кредитов в сегменте малого бизнеса до 6,4 млрд рублей</column>
            <column name="sberbank">NULL</column>
            <column name="vtb">NULL</column>
            <column name="gazprom">NULL</column>
            <column name="alfabank">NULL</column>
            <column name="bankmoskvy">NULL</column>
            <column name="raiffeisen">NULL</column>
            <column name="uralsib">NULL</column>
            <column name="rshb">1</column>
        </table>
        <table name="bank">
            <column name="id">4595</column>
            <column name="twitid">498747827473110000</column>
            <column name="date">1407745723</column>
            <column name="name">wydonixe</column>
            <column name="text">Выдает ли кредиты сбербанк россии http://t.co/eTTLWT4sWF</column>
            <column name="sberbank">0</column>
            <column name="vtb">NULL</column>
            <column name="gazprom">NULL</column>
            <column name="alfabank">NULL</column>
            <column name="bankmoskvy">NULL</column>
            <column name="raiffeisen">NULL</column>
            <column name="uralsib">NULL</column>
            <column name="rshb">NULL</column>
        </table>
        <table name="bank">
            <column name="id">4596</column>
            <column name="twitid">498748088212010000</column>
            <column name="date">1407745785</column>
            <column name="name">elenatrendy</column>
            <column name="text">Акции ВТБ и Сбербанка растут почти на 4% на новостях по MSCI Финансы.рф http://t.co/93RwkFCEP0 #финансы #ВТБ #Сбербанк #MSCI #банки #банкиру</column>
            <column name="sberbank">1</column>
            <column name="vtb">1</column>
            <column name="gazprom">NULL</column>
            <column name="alfabank">NULL</column>
            <column name="bankmoskvy">NULL</column>
            <column name="raiffeisen">NULL</column>
            <column name="uralsib">NULL</column>
            <column name="rshb">NULL</column>
        </table>
        <table name="bank">
            <column name="id">4597</column>
            <column name="twitid">498749304941860000</column>
            <column name="date">1407746075</column>
            <column name="name">rrunchymer</column>
            <column name="text">Авто кредитование альфа банка http://t.co/Km6A4GcUng</column>
            <column name="sberbank">NULL</column>
            <column name="vtb">NULL</column>
            <column name="gazprom">NULL</column>
            <column name="alfabank">0</column>
            <column name="bankmoskvy">NULL</column>
            <column name="raiffeisen">NULL</column>
            <column name="uralsib">NULL</column>
            <column name="rshb">NULL</column>
        </table>
        <table name="bank">
            <column name="id">4598</column>
            <column name="twitid">498749568620960000</column>
            <column name="date">1407746138</column>
            <column name="name">SquirrelZiggy</column>
            <column name="text">Терминал сломан. К обеду не ждите (((( #пц #сбертакойсбер #апокалипсис (at @sberbank) https://t.co/amcjPYhcRK http://t.co/vvoENKRsJQ</column>
            <column name="sberbank">-1</column>
            <column name="vtb">NULL</column>
            <column name="gazprom">NULL</column>
            <column name="alfabank">NULL</column>
            <column name="bankmoskvy">NULL</column>
            <column name="raiffeisen">NULL</column>
            <column name="uralsib">NULL</column>
            <column name="rshb">NULL</column>
        </table>
        <table name="bank">
            <column name="id">4599</column>
            <column name="twitid">498750402037580000</column>
            <column name="date">1407746336</column>
            <column name="name">D_Olegovich34</column>
            <column name="text">вот когда подадут такую-жа жалобу на сбербанк россии (и т.д.), я, пожалуй, задумаюсь: вступаться ли за права зенщин иле нед</column>
            <column name="sberbank">-1</column>
            <column name="vtb">NULL</column>
            <column name="gazprom">NULL</column>
            <column name="alfabank">NULL</column>
            <column name="bankmoskvy">NULL</column>
            <column name="raiffeisen">NULL</column>
            <column name="uralsib">NULL</column>
            <column name="rshb">NULL</column>
        </table>
        <table name="bank">
            <column name="id">4600</column>
            <column name="twitid">498752923154000000</column>
            <column name="date">1407746937</column>
            <column name="name">tabethaspdvaca</column>
            <column name="text">Кредитные карты альфа банка заявка http://t.co/hVc6WCiRmL</column>
            <column name="sberbank">NULL</column>
            <column name="vtb">NULL</column>
            <column name="gazprom">NULL</column>
            <column name="alfabank">0</column>
            <column name="bankmoskvy">NULL</column>
            <column name="raiffeisen">NULL</column>
            <column name="uralsib">NULL</column>
            <column name="rshb">NULL</column>
        </table>
    </database>
</pma_xml_export>