проведенного;3.9109545279884177
вложить;3.169925001442312
База;3.169925001442312
популярные;3.9109545279884177
представ;3.169925001442312
ВТБ;-2.9030365570808563
По;1.597258271519932
Взять;3.169925001442312
стороны;0.14030295181193184
Мой;3.169925001442312
через;-0.1732914799675951
размещение;4.400456767588777
Волжская;3.169925001442312
условиях;2.9812012236954004
Вологде;3.169925001442312
Санкции;1.9880648648801393
новости;0.28239973070072494
сохранит;3.169925001442312
журнал;-0.005436445588502418
потребительских;4.767113804496728
банковской;3.9109545279884177
розничного;3.9109545279884177
Внешэкономбанк;-2.941509765930584
личных;3.9109545279884177
л;3.169925001442312
руб;1.0995356735509143
первые;3.169925001442312
представители;3.169925001442312
всей;1.583609128163288
июня;4.767113804496728
Госбанки;2.3246386547093936
работников;3.169925001442312
любом;3.9109545279884177
аваль;3.169925001442312
Открытого;3.169925001442312
августа;-1.2968073300432958
спрос;3.169925001442312
люди;3.169925001442312
нарушат;3.169925001442312
нет;-0.5386540615087962
пунктов;3.169925001442312
шесть;3.169925001442312
несмотря;2.3246386547093936
видит;1.583609128163288
Западный;3.169925001442312
Специальное;3.169925001442312
устойчивость;6.38938946368594
Москвы;-2.5883534364134047
платежные;1.583609128163288
бизнеса;6.149688306009326
получилась;3.169925001442312
еда;3.169925001442312
более;3.376480134946848
конкурентов;3.169925001442312
процент;3.169925001442312
ЕС;-2.0101948460673578
Банки;2.889697391284985
решения;3.169925001442312
магазинах;3.169925001442312
заявку;3.169925001442312
наращивает;3.169925001442312
Приберегли;3.169925001442312
Инвест;3.169925001442312
премию;3.169925001442312
К;1.2251106417183193
вашим;1.583609128163288
корпоративные;3.169925001442312
из;-3.11877732188801
работать;1.2251106417183193
счет;2.3246386547093936
Поволжский;5.865726596173287
Соглашайтесь;3.169925001442312
ВЭБ;-1.835652789919156
решить;3.9109545279884177
ближе;3.169925001442312
фолловинг;3.9109545279884177
Ну;0.3585061470048089
второй;1.583609128163288
Снижаются;3.169925001442312
—;0.5221996468549049
Вопреки;3.169925001442312
подсобным;4.767113804496728
процентные;2.8141408943097526
займа;3.9109545279884177
платежей;0.6918777046376682
ста;3.9109545279884177
цели;3.169925001442312
средств;1.583609128163288
отделении;1.586318417212778
проходит;1.583609128163288
клиенты;3.169925001442312
за;-1.9114484236791607
рос;0.8452888906666723
и;-2.0889071931374215
открытыми;3.9109545279884177
акции;1.2251106417183193
льготным;3.169925001442312
Крыму;-0.005421124428145075
филиал;4.400456767588777
получил;0.8452888906666723
можете;3.169925001442312
втему;3.169925001442312
Оренбург;3.169925001442312
выросло;3.169925001442312
банков;0.6783351466133934
стороне;3.169925001442312
трех;0.6687882669134064
денежный;3.169925001442312
списка;0.8452888906666723
без;2.3410640747031963
способствует;4.767113804496728
вкладчиками;3.169925001442312
крупных;0.3585061470048089
действия;1.583609128163288
выдачу;2.3246386547093936
интернет;2.757901183074474
р;1.0995356735509143
карты;0.2285944614462995
информирование;3.9109545279884177
дню;3.169925001442312
одним;3.169925001442312
собираюсь;1.583609128163288
блокировать;4.400456767588777
безналичную;3.169925001442312
бизнес;1.0995356735509143
Северного;3.169925001442312
столичном;3.169925001442312
новостиДня;1.583609128163288
Турбаза;3.169925001442312
приема;0.8452888906666723
кредита;2.075820656813137
проценты;0.8452888906666723
правительством;3.169925001442312
фильмы;3.169925001442312
хотите;3.9109545279884177
госбанков;-0.005421124428145075
ряда;3.1807979312177035
пополнить;3.169925001442312
положил;3.169925001442312
партнерами;3.169925001442312
раза;0.8452888906666723
вы;1.300902591424237
что;-1.3510744405468789
устойч;3.169925001442312
разместит;3.169925001442312
внезапно;3.169925001442312
коды;4.767113804496728
мост;5.305837334471041
Евросою;2.3246386547093936
мин;3.9109545279884177
Будь;3.169925001442312
начнет;3.9109545279884177
пользуется;1.583609128163288
машук;3.169925001442312
нашими;3.9109545279884177
проблемы;0.8452888906666723
топ;1.583609128163288
формата;3.169925001442312
нсо;3.169925001442312
получать;3.169925001442312
эффективное;3.9109545279884177
российских;-1.552014908013811
торговая;3.169925001442312
где;-0.005421124428145075
два;0.3585061470048089
побоялись;3.169925001442312
типа;3.169925001442312
ресурсами;5.865726596173287
системы;3.474403116626309
У;1.0995356735509143
подавятся;3.169925001442312
банкиру;3.169925001442312
сегментов;3.169925001442312
клиентам;4.767113804496728
клиент;3.169925001442312
Центр;3.169925001442312
ресурсную;3.169925001442312
страт;3.169925001442312
отдела;3.169925001442312
увеличит;3.9109545279884177
банки;0.6258620085175041
ним;2.3246386547093936
делает;1.583609128163288
заморозили;3.169925001442312
США;-3.209616687141233
главные;3.169925001442312
европейским;0.3585061470048089
Ведомости;-0.746465972134608
Снижены;3.169925001442312
пожалуйста;0.8452888906666723
Онлайн;4.606663388958576
первом;3.9109545279884177
Вятский;3.9109545279884177
январе;3.169925001442312
подключили;3.169925001442312
представил;3.9109545279884177
регистрации;3.169925001442312
партнера;3.9109545279884177
возвращать;1.583609128163288
возглавил;3.169925001442312
используют;2.3246386547093936
приступил;3.169925001442312
сеть;4.767113804496728
овердрафтный;3.169925001442312
брендов;4.400456767588777
помогал;3.169925001442312
малому;3.169925001442312
процентных;2.3246386547093936
а;-0.6388564402382791
том;-0.5386540615087962
жильем;3.169925001442312
ипотеку;4.400456767588777
перед;6.865109592394524
На;1.3894463608941203
января;3.169925001442312
помогает;3.169925001442312
российского;1.0995356735509143
оставить;4.400456767588777
нам;1.583609128163288
мае;3.169925001442312
выручит;3.169925001442312
простым;3.169925001442312
платежн;3.169925001442312
пока;1.586318417212778
автопроверку;3.169925001442312
обслуживания;3.169925001442312
ЛПХ;3.169925001442312
открылся;3.169925001442312
Газпром;1.583609128163288
казну;3.9109545279884177
Партнер;3.169925001442312
подсобных;3.169925001442312
РФ;-1.1214678020143611
новосибирске;3.169925001442312
онлайн;3.541090485397647
место;3.169925001442312
полюбому;3.169925001442312
думаю;1.583609128163288
сотрудничать;0.8452888906666723
стартовал;3.169925001442312
возобновляет;3.169925001442312
показателям;3.169925001442312
Зато;3.169925001442312
ЭБ;3.9109545279884177
Пресс;3.9109545279884177
дал;3.169925001442312
инвестировать;3.169925001442312
чтоб;1.583609128163288
стало;0.3585061470048089
Евросоюза;-1.9945435735278179
россельхозбанке;3.9109545279884177
БЕРИ;3.169925001442312
олимпийской;3.169925001442312
Венская;3.169925001442312
еще;-0.3942366685477569
вдруг;3.169925001442312
переживет;1.583609128163288
свою;3.9109545279884177
выпиской;3.169925001442312
недвижимость;3.9109545279884177
году;3.474403116626309
миллион;4.400456767588777
союзом;4.767113804496728
Электронная;3.169925001442312
Ребят;3.169925001442312
если;-0.5386540615087962
платежную;3.169925001442312
открыть;3.169925001442312
Ро;0.8452888906666723
форуме;3.169925001442312
птицеводства;4.767113804496728
РСХБ;-2.285030657010778
·;3.169925001442312
н;1.583609128163288
город;3.169925001442312
Они;0.7356084021179605
Республики;3.169925001442312
украинских;3.169925001442312
кредитку;3.169925001442312
запрет;0.8452888906666723
версию;3.169925001442312
СБЕРБ;3.169925001442312
активов;1.583609128163288
коммунальных;3.169925001442312
введённых;4.400456767588777
рабо;3.169925001442312
Больше;3.169925001442312
ВМоскве;3.169925001442312
финансовую;6.38938946368594
сожалением;3.474403116626309
ли;-0.746465972134608
выдавал;3.169925001442312
Оренбургской;3.169925001442312
догоняй;3.169925001442312
ЗАО;3.169925001442312
месяц;2.3246386547093936
товары;4.400456767588777
хозяйств;3.169925001442312
Внимание;3.169925001442312
корпоративных;3.169925001442312
Олы;4.400456767588777
учё;3.169925001442312
Онл;4.400456767588777
отказалась;3.169925001442312
эти;-0.005421124428145075
отсрочка;3.169925001442312
зарплатной;3.169925001442312
газпромбанка;3.169925001442312
чем;-1.368594341608116
уровень;3.169925001442312
развивать;3.169925001442312
службе;3.169925001442312
инвест;3.169925001442312
увеличил;4.767113804496728
россий;1.583609128163288
рубля;3.169925001442312
Между;3.169925001442312
чистую;1.583609128163288
но;0.28813783621859945
компания;3.169925001442312
правления;1.583609128163288
Эм;3.169925001442312
стали;3.9109545279884177
удобнее;3.9109545279884177
санкционных;-0.2962862116301788
хорошие;3.169925001442312
вернулись;3.169925001442312
сегменте;3.169925001442312
решила;3.169925001442312
Если;-0.9284005361410093
жилищных;3.169925001442312
санкции;-3.918746621368069
кредитный;3.9109545279884177
увели;3.169925001442312
негативно;3.9109545279884177
выдали;3.169925001442312
кредитами;4.767113804496728
потребительского;3.169925001442312
число;-0.005421124428145075
Провайдер;1.583609128163288
альфа;2.889697391284985
Керченского;4.400456767588777
С;0.8999287132866494
Сбер;0.856229140252049
ноября;3.9109545279884177
вернуть;3.169925001442312
картой;1.583609128163288
сентября;3.169925001442312
полгода;0.8452888906666723
начала;2.3246386547093936
попадет;-0.9284005361410093
поддержит;4.767113804496728
вечером;1.583609128163288
экономики;1.5890379131512735
вот;-0.2962862116301788
размере;3.169925001442312
работает;-0.49495409319597344
кого;1.583609128163288
заморозку;3.169925001442312
активно;5.305837334471041
па;3.9109545279884177
стабильно;3.9109545279884177
Утверждена;3.9109545279884177
начале;1.583609128163288
Рефинансирование;3.169925001442312
активных;3.169925001442312
физических;3.169925001442312
открывает;3.169925001442312
Дождь;3.169925001442312
Иоффе;3.169925001442312
предоставил;4.400456767588777
нормально;0.8452888906666723
е;0.3585061470048089
рельефные;3.169925001442312
поисков;3.169925001442312
Журнал;6.38938946368594
выпуск;3.1807979312177035
периодом;3.169925001442312
аккредитовал;3.169925001442312
сегодня;0.4447433149159268
крупнейших;-0.005436445588502418
крупный;1.583609128163288
индексе;4.767113804496728
свои;0.3585061470048089
когда;0.7356084021179605
санкциям;0.4447433149159268
СО;3.169925001442312
совместно;4.400456767588777
Что;1.583609128163288
продуктов;1.583609128163288
номинациях;4.767113804496728
Россельхозбанке;0.8452888906666723
Филиал;3.169925001442312
услугу;4.400456767588777
ТЦ;3.169925001442312
Грузия;3.169925001442312
стал;4.400456767588777
ЕБРР;3.169925001442312
отлично;3.9109545279884177
Как;0.36120518331233653
почти;-0.9284005361410093
Работа;3.169925001442312
закончились;3.169925001442312
сроки;3.169925001442312
сервисных;3.169925001442312
подведены;3.169925001442312
военнослужащих;3.9109545279884177
любые;3.169925001442312
услугами;3.1807979312177035
трем;3.169925001442312
Ростовский;3.169925001442312
Внешпромбанк;3.9109545279884177
Правления;3.169925001442312
ласковее;3.169925001442312
парились;3.169925001442312
рейтинге;3.9109545279884177
Подмосковье;3.9109545279884177
Воложине;3.169925001442312
была;1.586318417212778
общества;3.169925001442312
раз;0.2285944614462995
удобным;3.169925001442312
подфартило;3.169925001442312
стоимости;1.583609128163288
СМИ;-3.673221381015836
Несмотря;3.169925001442312
повышают;3.169925001442312
лицам;3.169925001442312
просты;3.169925001442312
хорошо;3.9109545279884177
построить;5.305837334471041
гарантий;4.400456767588777
биржа;3.169925001442312
не;0.4536859451970339
Россети;3.9109545279884177
кировчан;3.169925001442312
помеха;3.169925001442312
условия;4.400456767588777
то;-1.8962769215836668
бан;2.3246386547093936
ясно;3.169925001442312
угрозы;3.9109545279884177
программе;3.9109545279884177
позволят;4.767113804496728
всеми;5.7011162457224875
иди;3.169925001442312
интерфейсом;3.169925001442312
каждый;3.169925001442312
пройдет;3.169925001442312
улучшенка;3.169925001442312
филиалы;1.583609128163288
свое;3.169925001442312
Пользуюсь;3.169925001442312
микробиз;3.169925001442312
проводит;5.305837334471041
кредитование;3.9109545279884177
никак;3.169925001442312
увеличивает;3.9109545279884177
торгово;3.169925001442312
пилотный;3.169925001442312
легендарный;3.169925001442312
территории;3.9109545279884177
погасил;5.516410200573653
За;2.442477693721088
шоке;3.169925001442312
префов;3.9109545279884177
же;-0.49495409319597344
сбербанк;1.1723483702617226
кредитная;3.169925001442312
Северном;3.169925001442312
выбрала;3.169925001442312
поддержку;2.3246386547093936
июле;-0.746465972134608
дробина;3.169925001442312
Саратов;3.9109545279884177
копьё;3.169925001442312
самых;3.169925001442312
Перекреститесь;3.169925001442312
самостоятельной;3.169925001442312
услуг;2.3246386547093936
привилегированных;3.169925001442312
залог;3.169925001442312
санкциях;-0.2962862116301788
освоение;3.9109545279884177
первое;3.169925001442312
своих;1.0585347415456192
займов;3.169925001442312
провели;3.169925001442312
сотрудничество;2.3246386547093936
постсоветском;3.9109545279884177
накопительно;3.169925001442312
организаций;3.169925001442312
автомобили;3.169925001442312
результатам;2.3246386547093936
обеспечения;3.169925001442312
регионах;3.169925001442312
Кипре;3.169925001442312
снижает;4.400456767588777
Газпромбанка;0.5308046589283397
жил;3.169925001442312
принципа;3.169925001442312
банке;2.9812012236954004
регионе;3.169925001442312
состоянию;1.583609128163288
про;0.7356084021179605
переоценке;3.169925001442312
Мы;3.9109545279884177
РИА;-0.2962862116301788
стезе;3.169925001442312
устроил;3.169925001442312
итогам;3.169925001442312
Мобильный;3.169925001442312
копеек;3.169925001442312
остались;3.9109545279884177
наш;0.3585061470048089
остаться;3.169925001442312
берет;0.8452888906666723
вэба;3.169925001442312
со;-0.1732914799675951
выгодный;4.400456767588777
ней;1.583609128163288
карточках;1.583609128163288
полтора;3.169925001442312
общество;3.169925001442312
безработному;3.169925001442312
филиалов;3.169925001442312
пришел;0.8452888906666723
тех;0.8452888906666723
программу;4.767113804496728
цель;3.169925001442312
доходах;1.583609128163288
Краснодарский;3.169925001442312
Банк;-0.27781011583808596
кредитам;1.0931454424865532
открыл;4.400456767588777
выпущенные;3.169925001442312
Европейским;4.767113804496728
многоэтажки;3.169925001442312
означают;3.169925001442312
заявок;3.169925001442312
пермяков;3.169925001442312
которому;3.169925001442312
экономику;3.169925001442312
Перекресток;3.169925001442312
только;0.10693274417512329
картами;3.169925001442312
Сложили;3.169925001442312
Я;-1.852572927180018
своим;0.3585061470048089
введенных;0.8452888906666723
расскажут;3.169925001442312
лиц;-2.0640854684306165
банк;-0.0056272915456345145
победил;3.9109545279884177
И;0.5221996468549049
запу;3.169925001442312
проще;1.583609128163288
менеджеров;3.169925001442312
Вологжанам;3.169925001442312
Дополнительный;2.8141408943097526
против;-6.115498222820774
Бурятии;3.9109545279884177
Рейтинги;3.169925001442312
пользуетесь;3.9109545279884177
предложение;3.169925001442312
достаточным;3.9109545279884177
есть;3.9109545279884177
личным;4.767113804496728
мы;2.3246386547093936
быстро;4.767113804496728
проект;3.169925001442312
платежи;4.767113804496728
экономить;3.169925001442312
Взаимныйфолловинг;-1.6026561522444218
обновленная;3.169925001442312
Рейтинг;3.169925001442312
НОВАТЭК;2.3246386547093936
поручителей;3.169925001442312
втором;3.169925001442312
пользуются;3.169925001442312
Дальневосточный;5.060718989905333
еврооблигации;4.400456767588777
Для;1.583609128163288
В;-0.9120654274579234
участников;3.169925001442312
площадка;3.169925001442312
Маяковская;3.169925001442312
энную;3.169925001442312
пожалели;3.169925001442312
теперь;-0.6275648150620107
видам;3.9109545279884177
посетители;3.169925001442312
Во;0.3585061470048089
Платежная;3.169925001442312
фиг;1.583609128163288
почте;1.583609128163288
новатека;3.169925001442312
Скоро;3.169925001442312
закупок;3.169925001442312
банкомат;0.4447433149159268
заработал;3.169925001442312
обещает;3.169925001442312
Москва;0.8452888906666723
просто;0.4447433149159268
клиентских;3.169925001442312
кредит;3.0360137482903826
строительство;3.9109545279884177
ПРИМЕР;3.169925001442312
Тула;3.169925001442312
сентябре;3.169925001442312
работаю;1.583609128163288
новой;3.9109545279884177
оплате;3.169925001442312
Юникорбанка;3.9109545279884177
рекорды;3.169925001442312
к;-0.9367634703288965
их;-1.4902560588792924
платежа;3.169925001442312
Волгограде;3.169925001442312
Роснефть;2.442477693721088
аккредитова;3.169925001442312
улучшили;3.169925001442312
изменения;3.169925001442312
ранее;1.583609128163288
амурских;1.583609128163288
тусэ;3.169925001442312
физическим;3.169925001442312
ошибок;4.767113804496728
Удачно;3.169925001442312
ипотечный;4.400456767588777
всём;3.9109545279884177
фондовом;3.169925001442312
Набсовет;3.9109545279884177
потребительский;3.169925001442312
я;-0.6177498542062183
Райффайзенбанка;3.9109545279884177
интересов;3.169925001442312
миллиона;3.9109545279884177
ставки;2.8885437294862477
Месяц;3.9109545279884177
процентной;3.169925001442312
улучшил;3.9109545279884177
финансирования;3.169925001442312
Автокредит;3.169925001442312
карту;0.2023754650373091
Подробности;1.583609128163288
над;0.8452888906666723
начал;4.767113804496728
МТС;1.583609128163288
Не;0.6687882669134064
избежать;3.9109545279884177
обновленную;3.169925001442312
ипотеке;2.442477693721088
экспресс;3.9109545279884177
торгов;0.3585061470048089
для;2.611328777281933
февраля;4.400456767588777
сумму;3.9109545279884177
сторо;3.169925001442312
пользуюсь;4.400456767588777
устойчивой;1.583609128163288
банка;0.6252332481779374
депозитам;3.169925001442312
Греф;1.583609128163288
случае;2.3246386547093936
быть;-0.005421124428145075
час;3.474403116626309
лет;0.30213123000545533
инвестиционный;3.169925001442312
Беларусь;3.169925001442312
России;0.9276916707928321
недвижимости;4.767113804496728
черного;3.169925001442312
принимаются;3.169925001442312
перестаю;3.169925001442312
этом;-0.8189284123616458
инструментарием;3.9109545279884177
Чистая;3.169925001442312
лучший;3.9109545279884177
Новатэк;3.169925001442312
банко;1.583609128163288
повторять;3.169925001442312
жилье;3.169925001442312
бы;-0.005436445588502418
розничным;6.780683503040806
развитию;4.767113804496728
очень;1.0995356735509143
пользователей;3.9109545279884177
путешествия;3.169925001442312
Алтайэнергосбыт;3.169925001442312
микробизнеса;3.169925001442312
опыт;3.169925001442312
Легко;3.169925001442312
вырос;4.400456767588777
Россия;-1.6026561522444218
поможет;3.6896380202064782
Его;3.169925001442312
Россельхозбанка;-2.177448466576583
договору;3.169925001442312
работы;4.114800372443463
выполнить;6.865109592394524
месяцев;3.169925001442312
клиенту;3.169925001442312
июне;3.169925001442312
Отсрочка;3.169925001442312
месяца;1.583609128163288
обрушили;3.169925001442312
Среднерусского;3.9109545279884177
ценных;3.169925001442312
размещенных;3.169925001442312
специальные;3.169925001442312
выиграл;3.9109545279884177
доступна;3.169925001442312
курса;3.169925001442312
сбера;1.583609128163288
должно;3.169925001442312
некоммерческим;3.9109545279884177
список;-4.973239585579805
Эл;3.169925001442312
взаимный;0.8452888906666723
неустоек;3.9109545279884177
приятное;3.169925001442312
сбер;0.6456562741494359
москвы;2.075820656813137
Однако;1.583609128163288
Татфондбанк;3.169925001442312
втб;1.0585347415456192
Объем;3.9109545279884177
часа;1.583609128163288
бумаг;3.169925001442312
оао;3.169925001442312
префы;3.169925001442312
меньший;3.169925001442312
партнеров;4.400456767588777
радует;3.169925001442312
попросил;3.169925001442312
с;-0.3486176129397346
Наибольшие;3.169925001442312
конкурса;4.400456767588777
зарегистрированную;3.9109545279884177
Кредит;3.169925001442312
Райффайзенбанк;1.583609128163288
грамотно;3.169925001442312
тысяч;2.8141408943097526
Центра;3.169925001442312
этой;3.169925001442312
согласно;3.169925001442312
дороге;3.169925001442312
канал;3.169925001442312
сбербанка;3.169925001442312
санкц;2.9812012236954004
баланс;3.169925001442312
Даж;3.169925001442312
СБЕРБАНК;0.8452888906666723
мобильным;3.169925001442312
клиентами;4.540473481618885
оставляет;3.169925001442312
все;0.559318472529028
Сейчас;3.9109545279884177
должнику;5.305837334471041
Роснефти;0.8452888906666723
ко;3.9109545279884177
прописку;3.169925001442312
Спасибо;0.3585061470048089
Новости;0.029334150153228076
тому;3.169925001442312
центр;3.169925001442312
признан;2.075820656813137
считается;3.169925001442312
платежных;4.400456767588777
покупках;3.169925001442312
время;0.8452888906666723
рисковать;3.169925001442312
Евр;3.169925001442312
простить;3.169925001442312
реа;3.169925001442312
появятся;3.169925001442312
нравятся;3.169925001442312
кредиту;2.8141408943097526
Европейс;3.169925001442312
отдельным;3.9109545279884177
Конечно;3.169925001442312
Кроме;1.586318417212778
Национальную;3.169925001442312
последнее;3.169925001442312
Взаимный;3.169925001442312
Йошкар;4.400456767588777
рамках;2.8141408943097526
пространстве;3.9109545279884177
сво;3.169925001442312
факты;3.169925001442312
тигров;1.583609128163288
воспользоваться;3.9109545279884177
при;1.0995356735509143
подсобн;3.169925001442312
слону;3.169925001442312
Инновационные;3.169925001442312
могут;-1.918671944921762
промсвязь;3.169925001442312
четверг;-0.005421124428145075
пробился;3.169925001442312
продолжает;2.8141408943097526
услуги;5.060718989905333
НОВОСТИ;1.583609128163288
банковским;3.169925001442312
управлять;3.169925001442312
вкладчикам;3.9109545279884177
велосипедов;3.169925001442312
города;1.9556949500592244
Северной;3.169925001442312
здесь;0.8452888906666723
метро;3.169925001442312
Сбербанка;0.2965510405703595
всё;0.8452888906666723
около;0.8452888906666723
УРАЛСИБ;3.9109545279884177
кредитования;5.305837334471041
тыс;2.3246386547093936
обслуживание;1.583609128163288
расслабиться;3.169925001442312
можно;1.300902591424237
жизненное;3.169925001442312
восполь;3.169925001442312
от;1.083486382983347
победителем;4.400456767588777
Более;3.1807979312177035
повысил;2.8141408943097526
завоевывать;3.169925001442312
провед;3.169925001442312
призванная;3.169925001442312
Сотрудники;3.169925001442312
продавайте;3.169925001442312
другие;-0.5386540615087962
по;1.3666824393410972
потянутся;3.169925001442312
ипотечных;5.516410200573653
фоне;1.583609128163288
пресс;0.3585061470048089
выступает;3.169925001442312
КОМПАНИЙ;3.169925001442312
швейцарских;3.9109545279884177
деятельность;1.583609128163288
МО;3.169925001442312
Владимире;3.169925001442312
приобретает;3.169925001442312
факт;3.474403116626309
государства;-2.536721466829108
вкладам;5.305837334471041
рубль;3.169925001442312
присутствие;5.060718989905333
потом;0.7356084021179605
самый;3.169925001442312
сказали;1.583609128163288
пользоваться;0.8452888906666723
позволяет;1.583609128163288
фондовых;3.169925001442312
рублях;3.169925001442312
реш;3.169925001442312
российской;1.0585347415456192
Граффити;3.169925001442312
Райффайзен;-1.0636768980072495
молодая;3.169925001442312
Программу;3.9109545279884177
Российские;0.3585061470048089
процентов;3.169925001442312
коснулись;1.583609128163288
понятны;3.169925001442312
А;-1.0636768980072495
Марий;3.169925001442312
вносить;3.9109545279884177
этот;-0.005421124428145075
намерен;1.0585347415456192
бум;3.169925001442312
ваще;1.583609128163288
бьем;3.169925001442312
Только;0.8452888906666723
наличные;3.169925001442312
часов;0.3585061470048089
надо;-0.005421124428145075
реально;1.583609128163288
ЦБ;1.5890379131512735
о;-2.1576193014567453
Об;-1.1214678020143611
аналогичного;3.169925001442312
сертификатам;3.169925001442312
Банка;-3.4567091218580135
легко;1.583609128163288
вошли;-1.6026561522444218
совершили;3.169925001442312
УЭК;3.169925001442312
отразятся;1.583609128163288
вас;0.9342455545162857
состоялось;3.169925001442312
других;3.169925001442312
Хорватии;3.169925001442312
лидер;4.400456767588777
Правлением;3.9109545279884177
обязательств;3.9109545279884177
ОнЛайн;1.583609128163288
Ауэрбанка;3.9109545279884177
индексах;5.060718989905333
хозяйствам;4.767113804496728
сни;3.169925001442312
Зампред;3.169925001442312
набор;3.169925001442312
там;0.2023754650373091
Керченский;5.305837334471041
Выгодные;3.169925001442312
закроем;3.169925001442312
Программа;4.767113804496728
Обеспечить;4.400456767588777
поручительства;3.169925001442312
года;2.758750324844394
кот;3.169925001442312
сфоткаться;3.169925001442312
проката;3.169925001442312
или;2.1304912086005836
мне;0.5221996468549049
дочернюю;3.9109545279884177
офисов;3.169925001442312
Летний;3.169925001442312
заседание;3.169925001442312
индекса;0.8452888906666723
заявление;3.169925001442312
объектов;3.169925001442312
готова;3.169925001442312
банком;4.840022835253145
Сбербанк;0.23098204328435465
карта;2.8141408943097526
установили;3.169925001442312
уровн;3.169925001442312
Лесная;3.169925001442312
Агентство;3.169925001442312
синдицированный;5.516410200573653
догоняют;3.9109545279884177
можем;3.169925001442312
Трест;3.169925001442312
владельцев;3.9109545279884177
точно;0.8452888906666723
МПС;3.169925001442312
того;1.352139926954225
спасибо;2.442477693721088
Вологодского;3.169925001442312
возьмите;3.169925001442312
Благовещенске;3.169925001442312
сбером;1.583609128163288
всех;2.24930013546783
Долго;3.169925001442312
своему;5.305837334471041
отношении;-0.3853510114966557
пять;0.2023754650373091
большое;3.169925001442312
йн;4.767113804496728
Введенные;3.1807979312177035
кирп;3.169925001442312
проведут;3.9109545279884177
заявил;0.8452888906666723
корпоративным;2.3246386547093936
времени;3.169925001442312
кубанцам;3.169925001442312
дни;3.169925001442312
американская;3.169925001442312
секторальные;-1.0636768980072495
действует;3.169925001442312
рублей;2.838928005111661
Экономика;-0.5386540615087962
другой;1.583609128163288
подготовился;3.169925001442312
вв;2.3246386547093936
страны;1.0995356735509143
повышения;4.400456767588777
квартиры;3.169925001442312
футбольный;3.169925001442312
кредиты;1.2416929772953842
Международные;1.583609128163288
украине;3.169925001442312
генерального;3.169925001442312
оплату;-0.746465972134608
акционерного;3.169925001442312
сети;5.305837334471041
соглашение;3.9109545279884177
совершать;4.767113804496728
Альфа;0.9623934523220119
Потратить;3.169925001442312
кредитов;4.563372432730302
станет;1.583609128163288
Внедрение;3.169925001442312
Специалисты;3.169925001442312
выдавать;3.9109545279884177
пугают;3.169925001442312
мира;1.0995356735509143
ЭТП;3.169925001442312
Эхе;3.169925001442312
ж;3.169925001442312
Настроил;3.169925001442312
сразу;1.5890379131512735
осуществлять;3.169925001442312
признал;6.865109592394524
его;-0.3491992877884272
три;-1.368594341608116
киви;3.169925001442312
турнир;3.169925001442312
Сбербанке;-0.005421124428145075
справки;1.583609128163288
выросла;3.169925001442312
малого;5.865726596173287
ипотечного;3.9109545279884177
выполнение;3.169925001442312
Путевка;3.169925001442312
выи;3.169925001442312
Олимпиады;3.169925001442312
кръедит;3.169925001442312
снизил;5.060718989905333
долго;1.583609128163288
долгих;3.169925001442312
Чебоксарах;3.169925001442312
Льготное;3.169925001442312
больше;0.10693274417512329
растут;3.169925001442312
заключили;3.169925001442312
текущего;3.169925001442312
мини;3.169925001442312
запускает;3.9109545279884177
работу;-1.552014908013811
устраивает;3.169925001442312
сходили;3.169925001442312
потенциал;3.169925001442312
ЧитаюВзаимно;3.9109545279884177
пусть;3.9109545279884177
прав;3.169925001442312
ощутил;3.169925001442312
Москве;4.767113804496728
Форуме;3.169925001442312
до;1.6111689629588974
риск;3.169925001442312
отделение;-0.2962862116301788
исключает;1.583609128163288
Оренбургский;3.169925001442312
Согласен;3.169925001442312
общался;3.169925001442312
однако;3.169925001442312
после;1.5917676786262707
Финансы;-0.746465972134608
Штрих;4.767113804496728
развитии;3.169925001442312
кре;3.169925001442312
новую;4.400456767588777
понедельник;0.4447433149159268
Осетии;3.169925001442312
Дагестан;3.169925001442312
хорош;3.169925001442312
жилищные;3.169925001442312
услугам;3.169925001442312
увидел;3.169925001442312
сферы;3.169925001442312
полугодии;3.9109545279884177
расплачиваться;3.169925001442312
отделениях;3.169925001442312
поддержкой;1.583609128163288
исследования;3.9109545279884177
Клик;3.169925001442312
расширяет;3.9109545279884177
Ивахинов;3.169925001442312
наша;3.169925001442312
г;0.7356084021179605
приложением;3.169925001442312
месяце;3.169925001442312
уютной;3.169925001442312
конца;3.9109545279884177
выросли;3.169925001442312
объём;3.169925001442312
Скидки;3.169925001442312
видов;3.169925001442312
одной;1.583609128163288
млн;1.5917676786262707
остальные;3.9109545279884177
ипотечной;3.169925001442312
Сб;1.583609128163288
россельхозбанк;3.169925001442312
земель;3.169925001442312
кредитных;3.9109545279884177
подтверждены;3.169925001442312
Заявление;3.169925001442312
красноярских;3.169925001442312
референдума;3.169925001442312
акцию;5.060718989905333
оставила;3.169925001442312
взять;1.300902591424237
утра;3.169925001442312
нечем;3.169925001442312
тысячи;3.169925001442312
новый;-1.5219589109919867
Волго;3.9109545279884177
тебе;3.169925001442312
БАНК;2.3246386547093936
решение;1.586318417212778
помощи;-1.235983619742079
стабильную;4.400456767588777
смешная;3.169925001442312
Особенно;1.583609128163288
Первый;1.583609128163288
лучшим;7.0217575603483375
вкладов;2.3246386547093936
исполнения;3.169925001442312
год;1.583609128163288
смогут;0.4447433149159268
отдых;3.169925001442312
предлагает;5.060718989905333
система;1.583609128163288
смогли;1.583609128163288
новостях;3.169925001442312
обладает;5.865726596173287
любимый;3.169925001442312
Люксембурге;3.9109545279884177
введенные;3.169925001442312
Мне;3.169925001442312
большее;3.169925001442312
банковскую;3.169925001442312
везёт;3.169925001442312
умудрились;3.169925001442312
операцион;3.169925001442312
Красноярском;3.9109545279884177
ЖКХ;3.169925001442312
Сегодня;-0.005421124428145075
финансы;1.0995356735509143
благодаря;3.169925001442312
Россельхозбанк;-0.9945670326116564
работе;3.169925001442312
обязательства;5.2787937191155
сайта;3.169925001442312
Владивосток;3.169925001442312
квартале;3.169925001442312
книжку;3.169925001442312
быстрый;3.169925001442312
пошаманьте;3.169925001442312
Общество;1.583609128163288
эт;3.169925001442312
во;-0.13806257546165165
смотреть;3.169925001442312
бизнесу;3.169925001442312
годовых;0.3585061470048089
разместил;4.400456767588777
моста;4.400456767588777
помогают;3.169925001442312
вологжане;3.9109545279884177
продукт;3.169925001442312
товаров;1.583609128163288
Общая;3.169925001442312
Снижение;4.400456767588777
быстрее;1.583609128163288
сохранят;3.169925001442312
долгосрочными;4.767113804496728
также;-0.5386540615087962
бюджетной;3.169925001442312
Зампре;3.169925001442312
акций;0.8452888906666723
пообещали;6.780683503040806
будут;-1.334281351211261
рискуете;3.169925001442312
июля;-0.9108791730273291
строительстве;4.400456767588777
карте;1.583609128163288
базу;3.169925001442312
деньги;0.28813783621859945
Уменьшение;3.169925001442312
Да;0.8452888906666723
продукты;4.400456767588777
предоставлять;0.8452888906666723
реализацию;3.9109545279884177
скоро;0.8452888906666723
повлияют;4.767113804496728
оплаты;3.169925001442312
последствий;3.169925001442312
Торбахов;3.169925001442312
АО;3.169925001442312
Патриот;3.9109545279884177
карт;2.5257701198520306
отдел;3.169925001442312
сообщает;-0.746465972134608
Цифра;3.169925001442312
банкомата;1.583609128163288
клиентов;2.442477693721088
списках;-0.2962862116301788
Растет;3.169925001442312
рейтинг;1.2251106417183193
будто;3.169925001442312
семья;3.169925001442312
потребкредит;3.9109545279884177
Карты;1.583609128163288
направил;4.400456767588777
расширять;3.9109545279884177
книги;3.169925001442312
Ресурсная;3.169925001442312
нарастил;3.169925001442312
сообщили;-0.005436445588502418
Банком;1.0995356735509143
лимит;3.169925001442312
покупку;3.9109545279884177
портфель;3.169925001442312
нарушили;6.274164267411004
американец;3.169925001442312
детям;3.169925001442312
Кировское;3.169925001442312
альфабанк;0.8452888906666723
Г;3.169925001442312
синдицирован;3.169925001442312
получить;1.583609128163288
базе;4.767113804496728
Рок;3.169925001442312
Самый;3.169925001442312
кред;2.736082879129693
выплаты;4.767113804496728
Акции;1.9556949500592244
СБЕР;1.583609128163288
новостроек;3.169925001442312
ином;3.169925001442312
развивает;3.9109545279884177
Кредиты;3.169925001442312
полугодие;3.169925001442312
найти;3.169925001442312
х;3.169925001442312
госпрограмм;3.169925001442312
всегда;2.8141408943097526
воспользуются;4.400456767588777
Ростехом;3.9109545279884177
новые;-3.4328415929735714
Пскове;3.169925001442312
сборной;3.169925001442312
возможность;4.767113804496728
станут;1.583609128163288
Лучшие;4.400456767588777
утвердил;3.9109545279884177
Байкал;3.169925001442312
отделения;1.583609128163288
стр;3.169925001442312
парюсь;3.169925001442312
выпустил;5.060718989905333
Уралавтострой;3.169925001442312
десятку;3.169925001442312
мир;0.8452888906666723
хочет;0.8452888906666723
концу;3.9109545279884177
спас;3.169925001442312
итоги;3.169925001442312
кладите;3.169925001442312
работ;3.169925001442312
Теперь;1.2251106417183193
развития;4.279410722894263
семей;3.169925001442312
новых;0.9342455545162857
банковских;4.767113804496728
Почта;3.169925001442312
исключил;3.169925001442312
накоплений;3.169925001442312
расчетному;3.9109545279884177
они;0.4447433149159268
свой;0.9342455545162857
происходит;3.169925001442312
Росс;0.8452888906666723
Это;-1.6026561522444218
комиссию;0.8452888906666723
Коммуна;3.169925001442312
вероятно;2.3246386547093936
попавшие;1.4895072456877212
введение;4.400456767588777
Или;1.583609128163288
дальневосточникам;4.400456767588777
После;1.583609128163288
продолжения;5.060718989905333
выпуску;3.169925001442312
офис;2.24930013546783
команда;1.583609128163288
ипотека;3.9109545279884177
рф;1.583609128163288
платежной;4.400456767588777
Всё;2.075820656813137
экскурсию;3.169925001442312
счету;3.9109545279884177
Россельхозбанком;2.24930013546783
своевременно;3.474403116626309
ставок;0.7673179914206122
Сумма;3.9109545279884177
ценности;3.169925001442312
которые;1.586318417212778
располагает;3.9109545279884177
автокредит;3.169925001442312
текущий;3.169925001442312
Сибири;3.9109545279884177
Вот;-0.005421124428145075
нужны;3.169925001442312
филиала;-0.005421124428145075
брокерские;3.169925001442312
выданных;3.169925001442312
компании;0.4447433149159268
подписано;3.169925001442312
совет;3.169925001442312
запустили;3.169925001442312
числе;-1.235983619742079
Росне;3.169925001442312
подать;3.9109545279884177
исправляются;3.169925001442312
Главное;3.9109545279884177
компаний;-1.4902560588792924
Западной;3.9109545279884177
должны;3.169925001442312
режиме;3.9109545279884177
внедрению;3.169925001442312
россии;1.586318417212778
прекрасный;3.169925001442312
Грефу;1.583609128163288
воспринимает;3.474403116626309
российские;-1.7071197260720732
МСК;3.169925001442312
владимирцы;3.169925001442312
продолжат;3.169925001442312
франков;3.9109545279884177
той;1.583609128163288
удовольствием;3.169925001442312
Финанс;3.169925001442312
санкций;-1.4963466032149426
систему;3.169925001442312
перечисляется;3.9109545279884177
оставшиеся;3.169925001442312
две;-1.090228814334533
финансового;1.583609128163288
тот;3.169925001442312
рынок;2.442477693721088
офисах;3.169925001442312
квартиру;3.169925001442312
первую;3.169925001442312
оценили;3.9109545279884177
Поволжском;3.169925001442312
Их;1.583609128163288
на;0.4570940854682053
трлн;4.400456767588777
утверждена;3.9109545279884177
выдуманные;3.169925001442312
выдал;5.305837334471041
Российский;-0.005421124428145075
ОАО;2.683477092936835
несколько;-0.2962862116301788
введения;0.8452888906666723
как;-0.7520080484046069
ОнЛ;3.169925001442312
вошел;1.0995356735509143
революции;3.169925001442312
необходимыми;3.169925001442312
купить;1.583609128163288
дарит;3.169925001442312
раскрыть;3.169925001442312
начался;3.169925001442312
у;-1.8992370230650832
повысит;3.169925001442312
общей;3.169925001442312
компанию;3.169925001442312
области;2.24930013546783
ДавайЗачитаемДругДруга;3.169925001442312
допустил;0.30213123000545533
региональной;5.305837334471041
запомни;3.169925001442312
п;-0.5386540615087962
увеличиться;3.169925001442312
мобильники;3.169925001442312
санкционный;-3.9747815389124646
Александр;3.9109545279884177
дня;-0.746465972134608
ок;3.169925001442312
одобрил;4.400456767588777
млрд;3.2253401686144625
продвинулся;3.169925001442312
рынка;1.583609128163288
приняла;3.169925001442312
всеновости;3.169925001442312
в;0.603410271017491
Наблюдательный;3.169925001442312
сотрудничестве;3.169925001442312
регионов;3.169925001442312
филиале;3.9109545279884177
Магаданской;4.767113804496728
наверное;3.169925001442312
опциями;3.169925001442312
впервые;3.9109545279884177
Госпрограммы;3.169925001442312
АЗС;3.169925001442312
РСБУ;3.169925001442312
корпоративный;3.169925001442312
адекватные;3.169925001442312
будет;-1.0636768980072495
стояла;3.169925001442312
Госпрограмм;3.169925001442312
нынешнего;3.169925001442312
АПК;4.400456767588777
проиндексировали;3.169925001442312
картам;3.169925001442312
Введённые;3.169925001442312
прибыль;4.400456767588777
запустил;3.9109545279884177
чего;1.583609128163288
голосуют;3.169925001442312
Селигер;3.169925001442312
большой;1.583609128163288
ы;3.9109545279884177
сделала;3.9109545279884177
нового;3.169925001442312
страх;3.169925001442312
скором;3.169925001442312
релиз;3.9109545279884177
Байкальском;3.169925001442312
своего;1.583609128163288
РЖД;3.169925001442312
регистрирует;3.169925001442312
слабовидящим;3.169925001442312
этого;0.3585061470048089
купино;3.169925001442312
обычном;3.169925001442312
гарантирует;3.169925001442312
сберегательным;3.169925001442312
зашла;3.9109545279884177
продаж;5.060718989905333
выдает;1.5890379131512735
фотке;3.169925001442312
уже;-1.6026561522444218
минимальный;3.169925001442312
под;-1.3663561541404012
Газпромбанк;-1.6694054683015258
лучших;3.9109545279884177
Школу;3.169925001442312

C;-3.3477346011738947
