Сибири;6.033593855075644
факт;3.722372739737885
кре;5.292564328529538
платежную;5.292564328529538
безработному;2.9700148510371616
организаций;5.292564328529538
земель;5.292564328529538
большее;5.292564328529538
инвестиционный;4.4483206965064115
пользуетесь;6.033593855075644
сотрудничество;2.124527248434856
помогают;3.7072911699603064
спрос;5.292564328529538
Госпрограмм;3.7072911699603064
сроки;3.7072911699603064
помеха;5.292564328529538
воспользуются;4.200546617183626
сохранит;3.7072911699603064
онлайндепозитам;5.292564328529538
госбанков;2.1213962941264164
Благовещенске;5.292564328529538
трех;2.7998031524851967
Вот;1.5902596590902167
ли;-1.4924919876105696
отделения;2.1213962941264164
расслабиться;5.292564328529538
согласно;3.7072911699603064
Финанс»;3.7072911699603064
Поволжский;3.48932495178145
квартале;5.292564328529538
вошли;0.5336330471917405
специальные;5.292564328529538
розничного;3.2253067587183963
Госбанки;5.292564328529538
часов;1.8315787512748642
Евр;5.292564328529538
работу;-0.11863482861316459
платежной;0.7870767154509796
микробизнеса;5.292564328529538
увеличит;6.033593855075644
Александр;3.711044377583267
заморозку;5.292564328529538
«Новатэк»;5.292564328529538
РСБУ;5.292564328529538
полтора;3.7072911699603064
выпиской;5.292564328529538
для;1.6284038556992195
самых;5.292564328529538
экономить;5.292564328529538
Вологде;5.292564328529538
Коммуна;5.292564328529538
вв;6.033593855075644
сделала;4.4483206965064115
банка;0.1874423410538046
совет;5.292564328529538
выполнить;8.987748919481751
Сбербанк;2.18098892199373
АльфаКлик;3.7072911699603064
у;-0.5022678165475551
украине;2.484277232172291
Провайдер;3.7072911699603064
уровн;5.292564328529538
раз;1.8403804414152984
конкурса;6.523096094676003
должно;5.292564328529538
ценных;3.7072911699603064
экскурсию;5.292564328529538
Венская;5.292564328529538
сохранят;5.292564328529538
Сбер;1.8368140132290518
концу;4.4483206965064115
базу;5.292564328529538
выдуманные;5.292564328529538
Газпромбанка;2.2606719453155057
расскажут;3.7072911699603064
личных;6.033593855075644
префов;3.7072911699603064
появятся;3.7072911699603064
риск;5.292564328529538
Об;0.14191445734070587
База;5.292564328529538
ошибок;6.889753131583954
простить;5.292564328529538
отлично;6.033593855075644
улучшенка;5.292564328529538
корпоративный;0.8971373129079607
сбер;0.10942145318840865
адекватные;5.292564328529538
пугают;5.292564328529538
Филиал;3.7072911699603064
Обеспечить;6.523096094676003
новой;6.033593855075644
государства;-0.4972067165531184
СО;5.292564328529538
снизил;4.620189565201019
рисковать;5.292564328529538
филиалов;5.292564328529538
ЗАО;2.484277232172291
во;1.4737234045073475
введенные;2.9700148510371616
мин;4.4483206965064115
списках;1.5902596590902167
тебе;2.9700148510371616
клиентам;3.7185850971808323
вернулись;5.292564328529538
начался;5.292564328529538
неустоек;6.033593855075644
кредиты;-0.7783833638656238
Российские;1.8315787512748642
кредитов»;5.292564328529538
раза;2.1213962941264164
Байкальском;5.292564328529538
отразятся;2.9700148510371616
потребительский;-2.730108616227774
рискуете;5.292564328529538
Как;-1.5776716118116476
После;3.7072911699603064
машук;5.292564328529538
реализацию;3.2253067587183963
префы;5.292564328529538
скором;3.7072911699603064
бизнес;0.14191445734070587
автокредит;-1.9098848842771146
рамках;2.2723702494568028
числе;0.6449758222416442
взаимный;2.484277232172291
позволяет;3.7072911699603064
карте;0.15799100891471055
пошаманьте;5.292564328529538
отделение;0.6449758222416442
Рефинансирование;3.7072911699603064
инструментарием;6.033593855075644
комиссию;2.9700148510371616
остались;6.033593855075644
«информирование;6.033593855075644
своевременно;5.598085158423327
выросло;5.292564328529538
К;3.351928060272881
Роснефть;2.424427035654762
Рейтинг;3.7072911699603064
сеть;6.889753131583954
введенных;1.5902596590902167
ОнЛайн;3.7072911699603064
Красноярском;6.523096094676003
нарушили;8.39680359449823
заявил;0.8971373129079607
сегменте;5.292564328529538
Татфондбанк;5.292564328529538
одним;3.7072911699603064
выиграл;4.4483206965064115
еврооблигации;6.523096094676003
одной;2.9700148510371616
Это;0.24319163836088287
Легко;5.292564328529538
вологжане;6.033593855075644
долгих;5.292564328529538
картам;2.484277232172291
Дополнительный;3.062110517421329
году;3.481053647553238
сумму;2.124527248434856
открылся;3.7072911699603064
Взаимныйфолловинг;0.5336330471917405
решение;1.3860053487877497
па;6.033593855075644
открытыми;6.033593855075644
платежных;3.062110517421329
Зампре;5.292564328529538
проиндексировали;5.292564328529538
сообщили;1.9436438759768864
Программу;6.033593855075644
онлайн;0.055738217216268704
тысяч;1.4737234045073475
Общество;2.9700148510371616
выбрала;5.292564328529538
обязательств;6.033593855075644
изменения;3.7072911699603064
Олимпиады;5.292564328529538
развивает;6.033593855075644
потребкредит;6.033593855075644
Кировское;5.292564328529538
услугами;5.304479973014722
дал;3.7072911699603064
всём;6.033593855075644
копеек;5.292564328529538
ок;5.292564328529538
тысячи;5.292564328529538
пользоваться;2.1213962941264164
банковпартнеров;3.351928060272881
стороны;1.7641648133382053
продолжения;7.1833583169925594
выпустил;3.2742917103517715
всех;4.375071220635312
на;0.7597706221315386
кого;5.292564328529538
Греф;2.1213962941264164
мне;1.5611741591316108
допустил;2.433146115577246
показателям;5.292564328529538
возьмите;5.292564328529538
Альфа;1.0999820865012975
том;0.8971373129079607
новатека;5.292564328529538
ЕБРР;5.292564328529538
найти;5.292564328529538
футбольный;5.292564328529538
сво;5.292564328529538
российского;2.8624258206725224
оставшиеся;5.292564328529538
ипотеке;3.42876755432928
Или;3.7072911699603064
действия;3.7072911699603064
пробился;5.292564328529538
хозяйствам;4.9378229361067705
была;3.2253067587183963
решить;6.033593855075644
любимый;5.292564328529538
недвижимости;3.187448462144632
банк;-2.1244139394801627
Внешпромбанк;4.4483206965064115
Онлайн;5.259021015648632
книжку;5.292564328529538
представил;4.4483206965064115
выпуску;0.6449758222416442
Более;4.5672036540915775
«Алтайэнергосбыт»;5.292564328529538
выступает;5.292564328529538
Россельхозбанке;1.202614349430781
СБЕР;2.484277232172291
индексе;6.889753131583954
десятку;5.292564328529538
прописку;5.292564328529538
новостроек;5.292564328529538
скоро;2.9700148510371616
предоставил;4.200546617183626
За;2.9806865249431658
последствий;5.292564328529538
ласковее;5.292564328529538
Россия;0.4302280243104495
обязательства;7.402475760912519
конкурентов;3.7072911699603064
другой;3.7072911699603064
Сумма;6.033593855075644
тех;2.9700148510371616
курса;5.292564328529538
интернетбанком;7.402475760912519
рублях;5.292564328529538
Вопреки;5.292564328529538
выросла;5.292564328529538
этот;1.3834977218887503
состоялось;3.7072911699603064
режиме;3.711044377583267
синдицированный;8.272327633096552
дороге;5.292564328529538
ресурсами;7.988365923260513
россий;2.484277232172291
кирп;5.292564328529538
дни;2.484277232172291
купино;5.292564328529538
тому;5.292564328529538
Роктусэ;5.292564328529538
открыл;3.351928060272881
мобильным;5.292564328529538
действует;5.292564328529538
малому;1.0418384833103382
устойчивость;8.512028790773165
Подробности;3.7072911699603064
работе;2.484277232172291
нарастил;5.292564328529538
наверное;5.292564328529538
амурских;3.7072911699603064
Внимание;5.292564328529538
работ;3.7072911699603064
моста;4.9378229361067705
первое;2.9700148510371616
рос;1.8315787512748642
меньший;5.292564328529538
Зампред;5.292564328529538
возобновляет;5.292564328529538
сразу;3.351928060272881
Ребят;5.292564328529538
всё;1.5902596590902167
банкомат;1.9436438759768864
исключает;1.8315787512748642
области;1.8920421295949552
ста;6.033593855075644
сферы;5.292564328529538
карточках;2.9700148510371616
новых;2.8207914252366812
Теперь;3.062110517421329
Электронная;3.7072911699603064
проведенного;4.4483206965064115
что;-0.23600727385434664
признал;7.402475760912519
набор;5.292564328529538
быстрее;3.7072911699603064
принципа;3.7072911699603064
МТС;3.7072911699603064
потянутся;5.292564328529538
Для;2.484277232172291
улучшил;6.033593855075644
повлияют;2.7998031524851967
мир;2.9700148510371616
банк»;5.292564328529538
подписано;5.292564328529538
Новости;2.6323868351268187
нет;0.5336330471917405
сбером;3.7072911699603064
того;2.5357698107046653
СМИ;-1.889531649945744
революции;5.292564328529538
Взаимный;5.292564328529538
нынешнего;5.292564328529538
клиентами;6.665199441989373
команда;3.7072911699603064
ним;4.4483206965064115
выдавать;6.033593855075644
будто;5.292564328529538
баланс;2.484277232172291
Республики;5.292564328529538
подфартило;5.292564328529538
оценили;6.033593855075644
не;1.2063597547344416
референдума;5.292564328529538
прав;5.292564328529538
Москве;2.9806865249431658
вечером;2.9700148510371616
Ресурсная;5.292564328529538
стороне;5.292564328529538
продолжает;4.200546617183626
Даж;5.292564328529538
подведены;3.7072911699603064
фондовом;5.292564328529538
россельхозбанке;-2.1236642130460948
победителем;6.523096094676003
филиалы;2.1213962941264164
остальные;3.711044377583267
карт;1.1499286649502356
Тула;3.7072911699603064
санкциям;2.5726082778209696
менеджеров;5.292564328529538
выдали;5.292564328529538
выручит;5.292564328529538
стр;5.292564328529538
шоке;5.292564328529538
получить;-2.0815463871027564
надо;0.7655814513935219
Западный;5.292564328529538
умудрились;5.292564328529538
счету»;6.033593855075644
процентные;2.362770254447937
ипотечный;0.1707673024249316
получилась;5.292564328529538
Я;1.9436438759768864
но;1.341744496709169
Сбербанка;1.876568576271712
июля;0.6314166969410648
Европейским;6.889753131583954
МСК;5.292564328529538
рельефные;5.292564328529538
р;1.202614349430781
православные;5.292564328529538
регионах;5.292564328529538
По…;5.292564328529538
фотке;5.292564328529538
сбербанк;-1.7644623120491991
Между;5.292564328529538
готова;5.292564328529538
Санкции;3.4457819464909036
Россельхозбанком;2.1308218502461562
Школу;5.292564328529538
филиала;0.24319163836088287
помогал;5.292564328529538
Онлйн;6.033593855075644
Национальную;5.292564328529538
Летний;5.292564328529538
мира;3.2253067587183963
запустил;4.4483206965064115
ЛПХ;5.292564328529538
кръедит;5.292564328529538
погасил;6.811530435928999
Введённые;3.7072911699603064
миниофис;5.292564328529538
побоялись;5.292564328529538
ставок;2.5661403573391777
Скидки;5.292564328529538
некоммерческим;6.033593855075644
пилотный;5.292564328529538
подключили;5.292564328529538
Онл;5.292564328529538
обещает;5.292564328529538
заявление;1.5902596590902167
Центр;1.8315787512748642
кредитов;1.8582746376436758
РСХБ;-1.3223360658184076
Чистая;5.292564328529538
Больше;5.292564328529538
заседание;5.292564328529538
Керченского;4.9378229361067705
«Россельхозбанк»;2.206246868835416
работаю;2.1213962941264164
кладите;5.292564328529538
Селигер;5.292564328529538
вот;0.8971373129079607
при;1.3860053487877497
февраля;6.523096094676003
ВЭБ;0.24509505702703774
энную;5.292564328529538
просто;1.6381668394540663
втором;5.292564328529538
сети;5.843203502989034
РЖД;0.4302280243104495
подсобных;5.292564328529538
Что;1.8315787512748642
Акции;4.081466035226706
свое;5.292564328529538
вы;2.9806865249431658
первые;3.7072911699603064
увели;5.292564328529538
г;-1.1485021233996384
приложением;5.292564328529538
новые;-1.352093746027378
европейским;2.484277232172291
нового;2.484277232172291
сбербанка;2.484277232172291
«Месяц;6.033593855075644
франков;6.033593855075644
попавшие;2.3322413371829884
карта;-0.5962146004125091
Банк;-0.2602315633089216
программе;4.4483206965064115
партнерами;5.292564328529538
с;0.6998752297080727
НОВОСТИ;3.7072911699603064
«Трест;5.292564328529538
Эл;2.1213962941264164
центр;1.8315787512748642
гарантий;3.7072911699603064
Ростехом;3.7072911699603064
Взять;-3.2768594488618144
услугам…;5.292564328529538
финансового;3.7072911699603064
американская;5.292564328529538
размере;3.7072911699603064
долгосрочными;5.304479973014722
каждый;5.292564328529538
догоняй;5.292564328529538
филиал;1.9961132175399863
недвижимость;1.6381668394540663
Москвы;-0.8404380705280076
пользуюсь;4.9378229361067705
после;1.930889914903295
Бурятии;6.033593855075644
гарантирует;5.292564328529538
способствует;5.304479973014722
Приберегли;5.292564328529538
млн;2.1308218502461562
альфабанк;0.07750886099871865
везёт;5.292564328529538
пять;2.3312891856363223
Первый;2.484277232172291
ВМоскве;5.292564328529538
также;1.202614349430781
Москвы»;-0.98607449189613
поручительства;2.9700148510371616
ресурсную;5.292564328529538
торговая;3.7072911699603064
ЧитаюВзаимно;4.4483206965064115
проходит;3.7072911699603064
Объем;2.3312891856363223
Мы;2.124527248434856
правления;1.3834977218887503
банкомата;3.7072911699603064
Снижены;5.292564328529538
Сейчас;6.033593855075644
детям;5.292564328529538
до;2.3322413371829884
кредита;-1.522846538499839
почти;1.0418384833103382
реш;5.292564328529538
Внедрение;5.292564328529538
трем;5.292564328529538
запу;5.292564328529538
июня;6.523096094676003
компанию;3.7072911699603064
аккредитовал;2.484277232172291
нравятся;5.292564328529538
одобрил;6.523096094676003
аккредитова;5.292564328529538
намерен;2.362770254447937
признан;4.5672036540915775
поддержит;1.3280021702390266
спас;5.292564328529538
Оренбургской;5.292564328529538
пользуются;5.292564328529538
поддержкой;2.1213962941264164
всей;1.202614349430781
соглашение;4.4483206965064115
региональной;7.428476661558267
овердрафтный;5.292564328529538
оплату;0.8971373129079607
получил;2.484277232172291
покупках;5.292564328529538
факты;5.292564328529538
платежн;5.292564328529538
Журнал;6.926755632203934
«Газпром»;2.9700148510371616
Наблюдательный;5.292564328529538
через;-0.172625019314103
располагает;4.4483206965064115
собираюсь;2.9700148510371616
по;1.0851481599181696
интересов;5.292564328529538
семья;1.0418384833103382
СБЕРБАНК;1.8315787512748642
Оренбург;2.9700148510371616
миллион;3.351928060272881
Дождь;5.292564328529538
развитию;5.304479973014722
начал;0.7706285987260637
кредитования;0.9066357665619985
ипотека;0.1919800347922535
года;2.971352024399076
РФ;-0.3145835528876239
быстрый;2.484277232172291
цель;5.292564328529538
подсобн;5.292564328529538
Внешэкономбанк;-0.8265602043283521
услуг;3.711044377583267
размещенных;3.7072911699603064
Мой;3.7072911699603064
смогут;2.3312891856363223
займа;6.033593855075644
хотите;6.033593855075644
сожалением;2.3210220127734704
отдых;5.292564328529538
приобретает;3.7072911699603064
подсобным;5.304479973014722
банковским;2.9700148510371616
По;1.8195804097750097
совершили;5.292564328529538
сегментов;5.292564328529538
регионов;5.292564328529538
решила;5.292564328529538
Банка;-1.2974529527254774
накоплений;5.292564328529538
без;0.9652226198014014
простым;3.7072911699603064
Конечно;2.9700148510371616
отдел;-0.20613874093637588
введение;2.614029488035215
розничным;7.3180496715588
Правления;5.292564328529538
канал;5.292564328529538
платежа;2.9700148510371616
КОМПАНИЙ;5.292564328529538
оставила;5.292564328529538
можете;5.292564328529538
работы;3.064824291471916
перечисляется;6.033593855075644
Кипре;5.292564328529538
российской;0.9496668356703908
наличные;1.8315787512748642
союзом;6.889753131583954
должны;2.9700148510371616
большой;2.9700148510371616
интернетбанка;1.7828680098564438
сберегательным;5.292564328529538
фоне;3.7072911699603064
повысит;5.292564328529538
Центра;5.292564328529538
СБЕРБ;5.292564328529538
о;-1.3775800851712936
хозяйствамРоссельхозбанк;5.292564328529538
Прессрелиз;3.711044377583267
мае;3.7072911699603064
выдачу;3.2253067587183963
Несмотря;3.7072911699603064
направил;4.200546617183626
жильем;5.292564328529538
стезе;5.292564328529538
сотрудничать;2.484277232172291
«Россети»;2.9700148510371616
чем;0.4302280243104495
вкладчикам;3.711044377583267
попросил;5.292564328529538
минимальный;2.484277232172291
поручителей;0.7655814513935219
несмотря;3.711044377583267
Беларусь;2.9700148510371616
будет;0.8185383875448241
парюсь;5.292564328529538
Они;2.8624258206725224
счет;2.3312891856363223
запомни;5.292564328529538
слабовидящим;5.292564328529538
Уменьшение;5.292564328529538
делает;3.7072911699603064
«ПартнерИнвест»;5.292564328529538
казну;6.033593855075644
месяц;2.124527248434856
берет;2.9700148510371616
люди;5.292564328529538
пожалуйста;2.1213962941264164
заморозили;5.292564328529538
МПС;5.292564328529538
новости;1.2165530203326491
переживет;2.484277232172291
Москва;0.7655814513935219
операцион;5.292564328529538
акции;1.7828680098564438
Штрихкоды;6.889753131583954
Европейс;5.292564328529538
…;0.9124352175489092
кредитная;-1.129932178798692
Перекреститесь;5.292564328529538
«Россельхозбанком»;2.9700148510371616
выдавал;5.292564328529538
сборной;5.292564328529538
вкладов;2.124527248434856
Пскове;5.292564328529538
списка;2.9700148510371616
Цифра;2.1213962941264164
турнир;2.9700148510371616
формата;5.292564328529538
две;0.7655814513935219
запускает;6.033593855075644
Снижение;4.9378229361067705
ко;2.484277232172291
Финансырф;5.292564328529538
Турбаза;5.292564328529538
ноября;2.8624258206725224
швейцарских;6.033593855075644
полгода;2.1213962941264164
заявок;5.292564328529538
снижает;6.889753131583954
своему;5.843203502989034
средств;1.3834977218887503
прибыль;5.304479973014722
млрд;2.9725768884907895
Патриот;4.4483206965064115
ипотеку;2.8207914252366812
месяцев;2.484277232172291
кот;3.7072911699603064
получать;5.292564328529538
х;3.7072911699603064
пришел;2.484277232172291
месяце;5.292564328529538
Северном;5.292564328529538
рубля;3.7072911699603064
Райффайзен;-0.042782530297992824
Магаданской;5.304479973014722
наращивает;5.292564328529538
проката;2.9700148510371616
велосипедовБанк;3.7072911699603064
оставляет;5.292564328529538
активов;3.7072911699603064
всеми;6.238482414240482
Ведомости;1.5902596590902167
же;1.0747306383949848
клиент;1.5902596590902167
внедрению;5.292564328529538
от;0.8107352882754801
конца;6.033593855075644
своим;2.1213962941264164
отдельным;6.033593855075644
грамотно;3.7072911699603064
активных;5.292564328529538
Снижаются;5.292564328529538
«Дагестан»;5.292564328529538
номинациях;6.889753131583954
смогли;3.7072911699603064
ранее;2.1213962941264164
общался;5.292564328529538
Мне;3.7072911699603064
Экономика;1.0418384833103382
возглавил;5.292564328529538
программу;2.6390272863647537
поисков;5.292564328529538
Кредит;-3.268609276301719
уровень;5.292564328529538
первую;3.7072911699603064
состоянию;1.202614349430781
приема;2.9700148510371616
кредиту;-0.17933389658890567
рубль;3.7072911699603064
популярные;6.033593855075644
раскрыть»;5.292564328529538
хочет;1.8315787512748642
квартиры;2.1213962941264164
обрушили;5.292564328529538
восполь;5.292564328529538
Потратить;5.292564328529538
России»;3.7072911699603064
самый;0.7655814513935219
ЦБ;0.6314166969410648
выпущенные;2.9700148510371616
продукты;4.9378229361067705
начале;3.7072911699603064
обслуживания;5.292564328529538
И;2.3210220127734704
мобильники;5.292564328529538
последнее;5.292564328529538
устраивает;3.7072911699603064
исследования;4.4483206965064115
часа;3.7072911699603064
лучший;6.033593855075644
стартовал;5.292564328529538
однако;5.292564328529538
удобнее;4.4483206965064115
возможность;3.42876755432928
объектов;3.7072911699603064
квартиру;1.0418384833103382
угрозы;3.711044377583267
новостиДня;3.7072911699603064
воспринимает;2.656375439856543
продуктов;3.7072911699603064
времени;2.9700148510371616
учё;5.292564328529538
аваль;0.24319163836088287
вкладчиками;5.292564328529538
время;1.5902596590902167
два;3.2253067587183963
Да;1.8315787512748642
хорошо;6.033593855075644
сайта;3.7072911699603064
обычном;3.7072911699603064
про;1.6381668394540663
повышают;5.292564328529538
карту;-1.7204952247500354
строительство;0.7422776676780394
БЕРИ;5.292564328529538
типа;5.292564328529538
Его;5.292564328529538
ценности;5.292564328529538
подавятся;5.292564328529538
парились;5.292564328529538
интернет;1.5031463896202322
бизнесу;1.0418384833103382
этом;0.7706285987260637
развитии;5.292564328529538
новостях;5.292564328529538
проще;3.7072911699603064
биржа;3.7072911699603064
ы;5.292564328529538
журнал;1.7828680098564438
физических;0.0012481411319339281
Оренбургский;5.292564328529538
США;-1.1240587995426967
версию;3.7072911699603064
увидел;1.8315787512748642
чего;2.484277232172291
удобным;3.7072911699603064
Ну;1.8315787512748642
интерфейсом;3.7072911699603064
подтверждены;5.292564328529538
работников;2.484277232172291
Хорватии;5.292564328529538
платежи;4.5672036540915775
акции…;5.292564328529538
всеновости;5.292564328529538
автопроверку;5.292564328529538
Сб;3.7072911699603064
станет;2.484277232172291
поможет;4.965745423666222
Российский;1.5902596590902167
видам;6.033593855075644
сходили;5.292564328529538
этого;2.484277232172291
многоэтажки;5.292564328529538
российских;0.6111143111582857
зашла;4.4483206965064115
отказалась;5.292564328529538
красноярских;5.292564328529538
фиг;3.7072911699603064
устойчивой;3.7072911699603064
Только;2.484277232172291
покупку;1.0747306383949848
Сбербанке;1.5902596590902167
офисах;5.292564328529538
число;1.8315787512748642
вносить;6.033593855075644
лицам;-0.2691866328153893
Платежная;5.292564328529538
любом;6.033593855075644
Ауэрбанка;4.4483206965064115
АПК;3.7148089983187553
Заявление;0.8971373129079607
процентной;3.7072911699603064
систему;2.9700148510371616
еда;5.292564328529538
открывает;3.7072911699603064
над;2.9700148510371616
банкиру;5.292564328529538
Их;3.7072911699603064
блокировать;1.4737234045073475
общей;5.292564328529538
безналичную;5.292564328529538
семей;2.9700148510371616
проводит;3.9674910843035924
и;0.7656127345955008
текущего;2.484277232172291
в;0.45504332089996397
Грефу;3.7072911699603064
бы;1.7641648133382053
стабильную;3.351928060272881
строительстве;6.523096094676003
ВТБ;0.11636921941553878
итогам;2.484277232172291
«Роснефть»;2.9700148510371616
обладает;7.988365923260513
результатам;3.711044377583267
пространстве;6.033593855075644
решения;5.292564328529538
наш;1.3834977218887503
ЭТП;3.2253067587183963
льготным;5.292564328529538
Отсрочка;1.8315787512748642
нужны;2.484277232172291
Согласен;5.292564328529538
если;0.24319163836088287
развития;3.4613830461244968
повышения;4.200546617183626
компаний;0.5336330471917405
банки;2.0225627343671464
птицеводства;5.304479973014722
против;-4.003901569618631
увеличивает;3.711044377583267
столичном;5.292564328529538
города;3.42876755432928
Пользуюсь;5.292564328529538
работать;2.614029488035215
сертификатам;5.292564328529538
российские;-0.2691866328153893
Россельхозбанк;0.34444972398780777
быть;1.0418384833103382
В;0.7488812698476869
Особенно;3.7072911699603064
ином;5.292564328529538
экспрессгарантий;6.033593855075644
потом;2.3312891856363223
введения;1.202614349430781
клиентов;2.7998031524851967
заключили;5.292564328529538
Среднерусского;6.033593855075644
выпуск;0.9980737338490161
будут;0.4528692278973511
проценты;-0.6943772310511238
четверг;2.1213962941264164
чистую;4.4483206965064115
бум;5.292564328529538
интернетбанк;4.4483206965064115
А;0.3533819277033166
стояла;5.292564328529538
за;0.39662528079140874
из;-0.2349286389047939
рынок;3.7185850971808323
положил;5.292564328529538
бумаг;5.292564328529538
Во;2.484277232172291
брокерские;5.292564328529538
АЗС;5.292564328529538
вошел;3.351928060272881
стал;3.351928060272881
свою;2.5726082778209696
Соглашайтесь;5.292564328529538
платежей;2.2723702494568028
Уралавтострой»;5.292564328529538
точно;2.484277232172291
августа;0.1074276112809553
экономики;3.062110517421329
взять;-2.3097678409467752
необходимыми;5.292564328529538
пользователей;6.033593855075644
Всё;3.351928060272881
сфоткаться;5.292564328529538
автомобили;1.5902596590902167
достаточным;6.033593855075644
финансовую;6.189479313280789
дню;5.292564328529538
провели;3.7072911699603064
аналогичного;5.292564328529538
России;2.0718635052492758
магазинах;5.292564328529538
владимирцы;5.292564328529538
топ;5.292564328529538
участников;5.292564328529538
Сложили;5.292564328529538
несколько;1.5902596590902167
·;5.292564328529538
Агентство;5.292564328529538
совершать;5.304479973014722
денежный;2.484277232172291
олимпийской;5.292564328529538
оплаты;2.9700148510371616
эти;1.3834977218887503
годовых;2.1213962941264164
Специальное;5.292564328529538
никак;2.9700148510371616
процент;1.202614349430781
санкционных;1.5902596590902167
Поволжском;5.292564328529538
его;0.1919800347922535
Краснодарский;3.7072911699603064
ставки;2.2296613823147347
реа;5.292564328529538
здесь;2.484277232172291
вернуть;5.292564328529538
заработал;2.1213962941264164
посетители;5.292564328529538
Долго;5.292564328529538
полугодии;3.711044377583267
территории;2.5726082778209696
можем;5.292564328529538
крупный;2.484277232172291
своих;2.494326115962376
пунктов;3.7072911699603064
избежать;6.033593855075644
отделении;3.2253067587183963
сказаличто;5.292564328529538
банков;1.5985007252370735
Утверждена;6.033593855075644
микробиз;5.292564328529538
Ивахинов;5.292564328529538
отдела;2.1213962941264164
Осетии;5.292564328529538
которые;1.9436438759768864
справки;1.0418384833103382
индекса;2.9700148510371616
Рейтинги;5.292564328529538
сегодня;1.1712575508565548
банке;-1.72033453383712
означают;5.292564328529538
отделениях;5.292564328529538
сотрудничестве;3.7072911699603064
продвинулся;5.292564328529538
или;2.6695453802204687
удовольствием;5.292564328529538
рублей;1.5320033631646361
эт;5.292564328529538
зарплатной;1.5902596590902167
расширяет;6.033593855075644
Лесная;5.292564328529538
пользуется;3.7072911699603064
эффективное;6.033593855075644
«Сбербанк;1.8315787512748642
товаров;3.7072911699603064
Эм;5.292564328529538
корпоративные;5.292564328529538
развивать;2.484277232172291
картой;1.202614349430781
своего;2.9700148510371616
система;1.8315787512748642
РИА;2.484277232172291
сни;5.292564328529538
принимаются;5.292564328529538
лучших;4.4483206965064115
свой;2.1276690790544253
периодом;5.292564328529538
Иоффе;5.292564328529538
присутствие;7.1833583169925594
россии;-2.0238519796236054
смешная;5.292564328529538
свои;1.8315787512748642
пока;3.2253067587183963
потребительских;4.081466035226706
продукт;3.7072911699603064
помогает;2.9700148510371616
используют;4.4483206965064115
введённых;4.9378229361067705
Люксембурге;6.033593855075644
которому;5.292564328529538
Банки;3.9146889661689257
то;0.07750886099871865
отношении;1.39105006211804
кредитам;1.3788887244885473
той;3.7072911699603064
промсвязь;5.292564328529538
около;2.484277232172291
стало;1.8315787512748642
физическим;0.24319163836088287
выдает;2.8207914252366812
личным;5.304479973014722
ко…;5.292564328529538
догоняют;6.033593855075644
базе;1.45695047275849
мост;5.843203502989034
Правлением;6.033593855075644
ВолгоВятский;6.523096094676003
банко;3.7072911699603064
страт;5.292564328529538
чтоб;2.484277232172291
копьё;5.292564328529538
купить;1.8315787512748642
залог;0.07750886099871865
где;0.6449758222416442
дочернюю;3.711044377583267
Подмосковье;4.4483206965064115
малого;3.029502706579854
выполнение;5.292564328529538
оао;0.07750886099871865
устроил;5.292564328529538
выросли;5.292564328529538
в…;5.292564328529538
мы;3.2253067587183963
Специалисты;5.292564328529538
улучшили;5.292564328529538
иди;5.292564328529538
портфель;1.3834977218887503
ваще;5.292564328529538
торговосервисных;5.292564328529538
услугу;6.523096094676003
хозяйств;5.292564328529538
Кредиты;-1.738681130475101
договору;5.292564328529538
исправляются;5.292564328529538
доступна;5.292564328529538
год;1.3834977218887503
там;1.5066109779396275
объём;3.7072911699603064
индексах;4.860808839500183
выдал;2.6695453802204687
город;0.7655814513935219
Введенные;5.304479973014722
фолловинг;6.033593855075644
Чебоксарах;6.033593855075644
фондовых;5.292564328529538
Торбахов;5.292564328529538
тигров;2.9700148510371616
картами;1.8315787512748642
торгов;1.8315787512748642
офисов;3.7072911699603064
перестаю;5.292564328529538
владельцев;6.033593855075644
позволят;6.889753131583954
«У;5.292564328529538
БАНК;3.7072911699603064
финансы;1.9436438759768864
со;0.9430004995869566
дальневосточникам;6.523096094676003
«Спасибо»;5.292564328529538
газпромбанка;-0.3296198293314103
доходах;0.7655814513935219
оставить;4.9378229361067705
книги;5.292564328529538
Грузия;5.292564328529538
когда;1.6381668394540663
«Банк;0.15799100891471055
крупных;2.484277232172291
первом;4.4483206965064115
полугодие;3.7072911699603064
закончились;5.292564328529538
вероятно;4.4483206965064115
повысил;4.200546617183626
должнику;5.843203502989034
кредитный;-0.20676396232995917
происходит;3.7072911699603064
расширять;6.033593855075644
клиенты;2.1213962941264164
коммунальных;5.292564328529538
только;1.5984369441863495
можно;0.902811572003292
втб;-3.118175126838677
жил;5.292564328529538
рынка;1.8315787512748642
американец;5.292564328529538
активно;5.843203502989034
Растет;5.292564328529538
Не;2.2421646252960596
обновленная;5.292564328529538
кредит;-2.3361745077172213
кировчан;3.7072911699603064
продаж;4.0121902825894376
прессслужбе;3.7072911699603064
вложить;3.7072911699603064
новую;4.200546617183626
Волжская;5.292564328529538
общество;5.292564328529538
видов;5.292564328529538
растут;5.292564328529538
теперь;1.2746625737378463
постсоветском;6.033593855075644
акцию;4.375071220635312
Юникорбанка;6.033593855075644
Наибольшие;5.292564328529538
бан;3.711044377583267
работает;1.1712575508565548
перед;7.402475760912519
банковских;2.494326115962376
быстро;3.7185850971808323
регионе;5.292564328529538
товары;6.523096094676003
увеличил;3.42876755432928
Если;0.4302280243104495
кредитных;2.5726082778209696
три;0.5336330471917405
ОнЛйн;5.292564328529538
регистрирует;5.292564328529538
Удачно;5.292564328529538
привилегированных;5.292564328529538
Марий;2.1213962941264164
молодая;1.0418384833103382
Автокредит;-0.7397778660915931
Вологодского;5.292564328529538
генерального;5.292564328529538
вас;2.362770254447937
Роснефти;2.9700148510371616
коснулись;2.484277232172291
понятны;5.292564328529538
открыть;2.9700148510371616
больше;2.0274168273648647
хорош;5.292564328529538
У;2.1213962941264164
ясно;2.9700148510371616
Общая;5.292564328529538
ЖКХ;5.292564328529538
предоставлять;2.9700148510371616
Саратов;4.4483206965064115
хорошие;5.292564328529538
Форуме;3.7072911699603064
системы;0.9047194965668911
Зато;5.292564328529538
клиенту;3.7072911699603064
москвы;-2.1651414356617376
кредитку;2.1213962941264164
«БАНК;5.292564328529538
вырос;4.081466035226706
нарушат;5.292564328529538
воспользоваться;4.4483206965064115
сторо;5.292564328529538
санкций;0.40930399492344
фильмы;5.292564328529538
альфа;-2.0213880825901778
уже;-0.5991150692053996
путешествия;5.292564328529538
РоссииСбербанк;5.292564328529538
форуме;5.292564328529538
спасибо;4.081466035226706
ипотечных;3.936744858221558
совместно;4.200546617183626
Льготное;2.9700148510371616
Инновационные;3.7072911699603064
нечем;5.292564328529538
кредитами;5.304479973014722
ощутил;5.292564328529538
Газпромбанк;0.9224674242671738
военнослужащих;4.4483206965064115
повторять;5.292564328529538
карты;-0.7174909905342652
проект;5.292564328529538
список;-2.7651278375911668
вдруг;5.292564328529538
представители;5.292564328529538
сбера;3.7072911699603064
обслуживание;2.9700148510371616
С;2.379103971389611
увеличиться;5.292564328529538
других;2.484277232172291
рейтинге;4.4483206965064115
Банком;2.124527248434856
россельхозбанк;-2.299176313939566
самостоятельной;5.292564328529538
этой;5.292564328529538
Росс;2.9700148510371616
Скоро;5.292564328529538
итоги;2.1213962941264164
расплачиваться;5.292564328529538
стали;3.2253067587183963
РоссельхозбанкаОб;5.292564328529538
продавайте;5.292564328529538
МО;3.7072911699603064
жилищных;5.292564328529538
понедельник;2.5726082778209696
реально;2.9700148510371616
«Байкал;3.7072911699603064
инвест;3.7072911699603064
клиентских;5.292564328529538
вкладам;5.598085158423327
видит;1.5902596590902167
другие;0.5336330471917405
бюджетной;5.292564328529538
главные;5.292564328529538
продолжат;3.7072911699603064
–;-0.38764759884278904
партнера;6.033593855075644
платежные;1.3834977218887503
приступил;0.5336330471917405
представ;5.292564328529538
Сотрудники;5.292564328529538
размещение;6.523096094676003
регистрации;2.1213962941264164
бизнеса;2.9810114456989476
освоение;6.033593855075644
проведут;4.4483206965064115
рейтинг;3.187448462144632
закупок;3.7072911699603064
УРАЛСИБ;5.292564328529538
метро;5.292564328529538
АО;5.292564328529538
выгодный;4.200546617183626
к;0.5608377860964299
Россети;3.7072911699603064
утвердил;6.033593855075644
утра;3.7072911699603064
более;3.296772695673697
Главное;6.033593855075644
все;2.347142412986688
госпрограмм;5.292564328529538
вэба;5.292564328529538
завоевывать;5.292564328529538
Выгодные;3.7072911699603064
Госпрограммы;3.7072911699603064
«Ростехом»;2.9700148510371616
дробина;3.7072911699603064
исключил;5.292564328529538
остаться;5.292564328529538
долго;3.7072911699603064
сообщает;0.7655814513935219
условиях;3.5194100549174783
кред;4.860808839500183
Кроме;2.9700148510371616
услуги;4.860808839500183
Карты;3.7072911699603064
«Мобильный;5.292564328529538
синдицирован;5.292564328529538
кредитование;0.24382280999298728
акций…;5.292564328529538
рублейВ;5.292564328529538
возвращать;3.7072911699603064
место;3.7072911699603064
лидер;6.523096094676003
санкциях;-0.2691866328153893
разместил;6.523096094676003
РоссииКроме;5.292564328529538
Волгограде;5.292564328529538
впервые;4.4483206965064115
санкционный;-1.9170604043489001
деньги;0.982307716065353
их;-0.1402383302959255
пополнить;5.292564328529538
они;1.9436438759768864
Маяковская;5.292564328529538
инвестировать;3.7072911699603064
ОАО;1.8844960555094707
рекорды;5.292564328529538
а;0.59079701399464
почте;2.1213962941264164
предлагает;2.9326324717733594
благодаря;3.7072911699603064
поддержку;2.124527248434856
пермяков;5.292564328529538
слону;3.7072911699603064
обеспечения;5.292564328529538
вашим;5.292564328529538
УРАЛСИБ»;5.292564328529538
еще;1.2916789192576217
накопительноипотечной;5.292564328529538
акционерного;2.484277232172291
осуществлять;5.292564328529538
второй;1.3834977218887503
ЕС;0.17761943518189108
стабильно;6.033593855075644
офис;2.2421646252960596
миллиона;3.711044377583267
новосибирске;0.8971373129079607
«Перекресток»;5.292564328529538
утверждена;6.033593855075644
жизненное;5.292564328529538
пообещали;8.903322830128031
уютной…;5.292564328529538
черного;5.292564328529538
площадка;3.7072911699603064
предложение;3.7072911699603064
ПРИМЕР;5.292564328529538
ТЦ;5.292564328529538
киви;5.292564328529538
любые;3.7072911699603064
корпоративным;3.711044377583267
Воложине;5.292564328529538
расчетному;6.033593855075644
Северной;5.292564328529538
велосипедов;2.9700148510371616
ряда;5.304479973014722
начнет;4.4483206965064115
санкц;5.10592718406589
потенциал;5.292564328529538
легко;2.484277232172291
думаю;2.9700148510371616
станут;2.484277232172291
Крыму;1.8315787512748642
помощи;0.7655814513935219
наша;3.7072911699603064
выи;5.292564328529538
ЭБ;6.033593855075644
Райффайзенбанк;-0.7397778660915931
Северного;3.7072911699603064
деятельность;2.1213962941264164
секторальные;1.3885227750611753
построить;5.10592718406589
негативно;6.033593855075644
я;0.18732314031904537
смотреть;5.292564328529538
выплаты;4.5672036540915775
большое;5.292564328529538
правительством;5.292564328529538
жилищные;5.292564328529538
Владимире;5.292564328529538
лет;0.5361545350953407
Росне;5.292564328529538
Однако;3.7072911699603064
Граффити;5.292564328529538
внезапно;5.292564328529538
УЭК;3.7072911699603064
—;2.064698754340717
На;1.995674002732803
Керченский;5.843203502989034
сентября;2.9700148510371616
корпоративных;5.292564328529538
финансирования;2.9700148510371616
Россельхозбанка;-0.2682205566113307
«Лучшие;6.523096094676003
голосуют;5.292564328529538
призванная;5.292564328529538
заявку;-1.1969017278764813
лимит;2.9700148510371616
ДавайЗачитаемДругДруга;5.292564328529538
проблемы;2.9700148510371616
нормально;2.484277232172291
случае;3.2253067587183963
пусть;6.033593855075644
Международные;1.3834977218887503
Почта;5.292564328529538
трлн;3.7148089983187553
исполнения;5.292564328529538
банком;4.0121902825894376
Будь;5.292564328529538
приятное;5.292564328529538
отсрочка;2.9700148510371616
Сегодня;1.3834977218887503
нсо;5.292564328529538
под;0.18820071913425265
январеиюле;6.033593855075644
пожалели;5.292564328529538
ней;2.9700148510371616
Г;2.9700148510371616
дарит;5.292564328529538
Программа;5.304479973014722
прекрасный;5.292564328529538
устойч;5.292564328529538
Вологжанам;5.292564328529538
январяиюня;5.292564328529538
запустили;5.292564328529538
Эхе;5.292564328529538
кубанцам;5.292564328529538
опциями;5.292564328529538
выданных;2.484277232172291
есть;1.2746625737378463
условия;0.06673353458012578
считается;5.292564328529538
месяца;2.484277232172291
тыс;1.7828680098564438
нашими;6.033593855075644
победил;6.033593855075644
украинских;5.292564328529538
экономику;5.292564328529538
зарегистрированную;6.033593855075644
процентных;4.4483206965064115
йн;5.292564328529538
час;5.598085158423327
запрет;2.484277232172291
легендарный;5.292564328529538
страны;2.8624258206725224
страх;5.292564328529538
попадет;0.8971373129079607
вкладамГосбанки;5.292564328529538
«префов»;5.292564328529538
новый;0.44671970930236604
провед;5.292564328529538
ипотечного;0.8185383875448241
компания;5.292564328529538
лучшим;7.63213021736048
подготовился;5.292564328529538
рабо;5.292564328529538
полюбому;5.292564328529538
ж;2.9700148510371616
потребительского;0.4302280243104495
могут;0.2071498459590675
Самый;5.292564328529538
июне;5.292564328529538
ЙошкарОлы»;6.523096094676003
компании;2.3312891856363223
НОВАТЭК;4.4483206965064115
текущий;5.292564328529538
Западной;6.033593855075644
Евросоюза;0.13526451708892148
общества;5.292564328529538
подать;2.8624258206725224
«Ро;5.292564328529538
нам;2.484277232172291
установили;5.292564328529538
сентябре;2.9700148510371616
пройдет;5.292564328529538
начала;3.711044377583267
Набсовет;6.033593855075644
втему;5.292564328529538
Владивосток;5.292564328529538
Райффайзенбанка;1.7828680098564438
всегда;4.200546617183626
опыт;5.292564328529538
лиц;-1.22927656646673
Работа;6.033593855075644
премию;5.292564328529538
управлять;5.292564328529538
Открытого;5.292564328529538
шесть;3.7072911699603064
радует;5.292564328529538
санкции;-1.493931905546886
займов;5.292564328529538
филиале;2.433146115577246
закроем;3.7072911699603064
стоимости;2.484277232172291
оплате;2.484277232172291
приняла;5.292564328529538
обновленную;3.7072911699603064
как;-1.1446128206176542
Настроил;5.292564328529538
тот;5.292564328529538
брендов;6.523096094676003
ближе;5.292564328529538
банковскую;5.292564328529538
жилье;0.7655814513935219
руб;1.2746625737378463
Ростовский;5.292564328529538
Путевка;3.7072911699603064
процентов;1.3834977218887503
дня;0.5336330471917405
переоценке;5.292564328529538
бьем;5.292564328529538
Дальневосточный;3.481053647553238
Евросою;4.4483206965064115
крупнейших;2.614029488035215
разместит;5.292564328529538
просты;5.292564328529538
очень;2.3312891856363223
банковской;3.711044377583267
цели;3.7072911699603064

C;-9.140827218569159
