Воложине;1.8735968773390117
Эм.;1.8735968773390117
2014;1.1575794137674158
сегодня.;1.8735968773390117
IT-Форуме;1.8735968773390117
годовых;1.8735968773390117
нам;0.7747121833300729
помогал.;1.8735968773390117
ЕБРР;1.8735968773390117
малого;3.1752474269433506
устойчивость;4.077941033843647
рынок;0.26361407999836367
Внешэкономбанк,;-1.7422357209656054
выгодный;2.385013867177825
вкладам:;2.385013867177825
Скоро;1.8735968773390117
представ;1.8735968773390117
олимпийской;1.8735968773390117
СО;1.8735968773390117
http://t.co/VxOHAjuawj;1.8735968773390117
заморозку;1.8735968773390117
Финансы.рф;1.8735968773390117
«Перекресток»;1.8735968773390117
акции;0.4382862793848953
покупку;2.385013867177825
лучших;2.385013867177825
ЕС.;-1.6863921971216207
доступна;1.8735968773390117
Санкции;1.170033076417011
собираюсь;0.7747121833300729
РЖД;1.8735968773390117
провели;1.8735968773390117
http://t.co/BljIurDdIT;1.8735968773390117
заявку;1.8735968773390117
увидел;1.8735968773390117
квартиру;1.8735968773390117
картами;1.8735968773390117
почте;0.7747121833300729
при;0.7750310698371767
http://t.co/QK7pBYbKfJ;1.8735968773390117
банк;-0.20267021576651612
Хорватии;1.8735968773390117
бизнеса:;1.8735968773390117
всегда;1.623193125783695
млрд.;0.7747121833300729
@TracyErnst4:;1.8735968773390117
там;-0.18157103651173578
http://t.co/X6P8EFYYsc;1.8735968773390117
млн;1.364001517061614
заявление;1.8735968773390117
Банки,;3.612344858101274
без;1.1445796356407492
http://t.co/K7ke48pPCL;1.8735968773390117
месяце;1.8735968773390117
завоевывать;1.8735968773390117
402;1.8735968773390117
#MSCI;2.385013867177825
«Банк;-0.6929880263505489
Владимире.;1.8735968773390117
выдавал;1.8735968773390117
размещенных;1.8735968773390117
Wiener;2.973984314402262
24;-0.6879682278486711
х);1.8735968773390117
года;2.0536571668017762
ПРИМЕР;1.8735968773390117
ошибок;2.385013867177825
вас.;1.8735968773390117
19;1.8735968773390117
«Новатэк»;1.8735968773390117
воспользоваться;2.385013867177825
http://t.co/kFOzI2uEv5;1.8735968773390117
бум;1.8735968773390117
инвестировать;1.8735968773390117
31;0.26361407999836367
РФ;-0.6622359689361388
меньший;1.8735968773390117
Будь;1.8735968773390117
http://t.co/h43uHz0gOw;1.8735968773390117
банковскую;1.8735968773390117
http://t.co/APieH7LZAJ;1.8735968773390117
отдых;1.8735968773390117
запрет;0.26361407999836367
банка;0.11146988147649882
сбербанк;0.5395718219055813
@qupucafygysi:;1.8735968773390117
физическим;1.8735968773390117
подать;2.385013867177825
платежные;0.7747121833300729
премию;1.8735968773390117
вкладчикам;2.385013867177825
иди;1.8735968773390117
(@;0.4382862793848953
Россельхозбанка.;-1.7422357209656054
проще;0.7747121833300729
Ну;0.26361407999836367
корпоративных;1.8735968773390117
помогают,;1.8735968773390117
Газпромбанка";1.8735968773390117
закроем;1.8735968773390117
Онлайн";2.722077819792634
Вологодского;1.8735968773390117
копьё;1.8735968773390117
залог;1.8735968773390117
нарастил;1.8735968773390117
@tacyqobuhar:;1.8735968773390117
"Банк;-1.2648978863951057
европейским;-0.07313071045391785
АО;1.8735968773390117
НОВОСТИ;0.7747121833300729
пользуются;1.8735968773390117
выи;1.8735968773390117
кредитования..;1.8735968773390117
http://t.co/tnRnrXcbUx;1.8735968773390117
трех;0.1385896470543995
спасибо;1.286129173168886
Райффайзен;0.18669922296707708
Санкции!;1.8735968773390117
Сбербанке.&amp;nbsp;;1.8735968773390117
Благовещенске;1.8735968773390117
пользуюсь,;1.8735968773390117
купино;1.8735968773390117
признал;4.396003597301631
дороге;1.8735968773390117
61%.;1.8735968773390117
революции;1.8735968773390117
пользуетесь;2.385013867177825
февраля:;1.8735968773390117
регистрирует;1.8735968773390117
Льготное;1.8735968773390117
грамотно;1.8735968773390117
@ladv707;1.8735968773390117
,нужны;1.8735968773390117
работает,;0.7747121833300729
счет;1.286129173168886
смогли;0.7747121833300729
прописку;1.8735968773390117
введенных;0.26361407999836367
отразятся;0.7747121833300729
проценты;0.7747121833300729
http://t.co/VPFVx4u70P;1.8735968773390117
услугу;2.722077819792634
стр;1.8735968773390117
Акции;1.1120950224519857
рекорды;1.8735968773390117
системы&amp;#8230;;2.722077819792634
ЭТП;1.8735968773390117
отлично,;1.8735968773390117
займа;2.385013867177825
к;-0.9755260087444383
МО!;1.8735968773390117
инвестиционный;1.8735968773390117
3-.;1.8735968773390117
сторо...;1.8735968773390117
кредиты;-0.11331684755522892
Северном;1.8735968773390117
промсвязь;1.8735968773390117
Газпромбанка;0.10833171915235935
банком;1.364001517061614
Почта;1.8735968773390117
оставить;2.722077819792634
приложением;1.8735968773390117
http://t.co/eHyuqMAlro;1.8735968773390117
общества;1.8735968773390117
санкциям;0.18669922296707708
Центра;1.8735968773390117
Эхе;1.8735968773390117
обеспечения;1.8735968773390117
http://t.co/FGVK5euQ3P;1.8735968773390117
индексе;2.973984314402262
60;1.8735968773390117
100;0.7747121833300729
"Росне...;1.8735968773390117
они;-0.014244174978356632
Агентство;1.8735968773390117
их;-1.3485527193795723
радует!;1.8735968773390117
дочернюю;2.385013867177825
http://t.co/ime2EHzPWO;1.8735968773390117
строительстве;2.722077819792634
российские;-1.4257870592328978
полугодии;2.385013867177825
ТЦ;1.8735968773390117
мы;1.286129173168886
ощутил;1.8735968773390117
наверное;1.8735968773390117
компании;-0.014244174978356632
@Raiffeisen_Ru;0.26361407999836367
выполнение;1.8735968773390117
млрд:;3.1752474269433506
втором;1.8735968773390117
дню;1.8735968773390117
+;1.8735968773390117
http://t.co/wLIiQAr8Lj;1.8735968773390117
онлайн-депозитам;1.8735968773390117
рублей;0.7747121833300729
второй;1.8735968773390117
Европейс...;1.8735968773390117
текущего;1.8735968773390117
зарегистрированную;2.385013867177825
России;0.28134305849314134
бумаг;1.8735968773390117
экономики:;0.7753502319997043
предложение;1.8735968773390117
набор;1.8735968773390117
автокредит;1.8735968773390117
СБЕР;0.7747121833300729
развитию;2.973984314402262
любом;2.385013867177825
же,;0.7747121833300729
карты,;1.8735968773390117
тех;0.7747121833300729
@FastSlon:;-0.07313071045391785
Дождь;1.8735968773390117
увели...;1.8735968773390117
ы;1.8735968773390117
негативно;2.385013867177825
надо;-0.07313071045391785
http://t.co/RONISGwDh1;1.8735968773390117
3.;1.8735968773390117
десятку;1.8735968773390117
ли;-0.6929880263505489
клиентам;2.722077819792634
лимит...;1.8735968773390117
http://t.co/T00zXaNvtk;1.8735968773390117
решения;1.8735968773390117
@rianru:;0.26361407999836367
июня;2.722077819792634
сфоткаться;1.8735968773390117
уровн...;1.8735968773390117
футбольный;1.8735968773390117
#финансы;0.4382862793848953
час);1.8735968773390117
представил;1.8735968773390117
@reuters_russia:;-0.07313071045391785
ипотеку;2.722077819792634
http://t.co/c8hpLcfV9l;1.8735968773390117
сумму;2.385013867177825
Мы;2.385013867177825
конкурентов;1.8735968773390117
вологжане;2.385013867177825
легко;0.7747121833300729
«БАНК;1.8735968773390117
Онлайн;2.9841570075245256
велосипедов,;1.8735968773390117
Роснефти;1.8735968773390117
Как;-0.07326552171170143
акции…;1.8735968773390117
управлять;1.8735968773390117
http://t.co/Klz3saIwe3;1.8735968773390117
@alfa_bank;-1.11586110944695
крупных...;1.8735968773390117
банка,...;1.8735968773390117
другие;-0.6929880263505489
ЗАО;1.8735968773390117
Самый;1.8735968773390117
http://t.co/rGJNO86kB7;1.8735968773390117
понедельник;-0.014244174978356632
Вологде;1.8735968773390117
нарушили;4.000384754594705
время.;1.8735968773390117
мин;2.385013867177825
Ребят,;1.8735968773390117
января-июня;1.8735968773390117
кредитование;2.385013867177825
#ВТБ;-1.0530672294879806
предлагает;3.1752474269433506
Да,;0.7747121833300729
банка:;0.4382862793848953
Волжская;1.8735968773390117
многоэтажки.;1.8735968773390117
санкции;-3.151904035811211
@EchoMskNews:;0.26361407999836367
г;0.7747121833300729
Открытого;1.8735968773390117
лиц;0.7747121833300729
http://t.co/vcRG2BfFsN;1.8735968773390117
«Байкал;1.8735968773390117
работы;2.387703549310821
Грефу;0.7747121833300729
выдачу;1.286129173168886
отделения;0.7747121833300729
можете;1.8735968773390117
ближе;1.8735968773390117
Г;1.8735968773390117
удобным;1.8735968773390117
его;-1.0732964253937711
http://t.co/R900lWxLUf;1.8735968773390117
Только;0.26361407999836367
минимальный;1.8735968773390117
часов;0.26361407999836367
Росс;0.26361407999836367
#новостиДня;0.7747121833300729
адекватные;1.8735968773390117
новый;-1.363389662935391
http://t.co/zUy8V6Gmgg;1.8735968773390117
@kenyon_sachio:;1.8735968773390117
считается;1.8735968773390117
продолжения;3.1752474269433506
http://t.co/fNV8PDloSg;1.8735968773390117
все;0.3867608564303998
работает;-0.5256611648171698
Зампред;1.8735968773390117
исключает,;1.8735968773390117
около;0.26361407999836367
перестаю;1.8735968773390117
новосибирске;1.8735968773390117
американец;1.8735968773390117
запустили;1.8735968773390117
возглавил;1.8735968773390117
NAlexandrowa;1.8735968773390117
Северной;1.8735968773390117
сотрудничество;1.8735968773390117
«Алтайэнергосбыт»;1.8735968773390117
форуме,;1.8735968773390117
аккредитовал;1.8735968773390117
банке;1.732911482510849
Рок-тусэ;1.8735968773390117
@Gorbunovapalmes:;1.8735968773390117
прибыль;2.385013867177825
@desinform:;2.385013867177825
работать:;1.8735968773390117
СМИ;-0.6929880263505489
#жилье;1.8735968773390117
оставляет;1.8735968773390117
реш...;1.8735968773390117
клиентами;2.6252796234480376
тому;1.8735968773390117
берет?;1.8735968773390117
разместил;2.722077819792634
40%;1.8735968773390117
http://t.co/sWLhMXgH7i;1.8735968773390117
земель;1.8735968773390117
http://t.co/q01BJyTiis;1.8735968773390117
почти;-0.9617977900088509
случае;1.286129173168886
#Что;1.8735968773390117
рос...;1.8735968773390117
продолжат;1.8735968773390117
http://t.co/pwqnnWoWza;1.8735968773390117
Не;0.26402571577429196
запускает;2.385013867177825
Специальное;1.8735968773390117
USD;1.8735968773390117
позволят;2.973984314402262
тыс.;0.7747121833300729
Сбербанка;1.5073243139030044
нормально;0.7747121833300729
банкомат;0.4382862793848953
оао;1.8735968773390117
происходит;1.8735968773390117
российских;-1.353632547101023
кредитная.;1.8735968773390117
@s_nik;3.3428942798514973
своевременно;2.076362732934412
расскажут,;1.8735968773390117
сеть;1.8735968773390117
|;-2.1411174239628568
процентные;1.623193125783695
нравятся;1.8735968773390117
@ArhangelMisha:;1.8735968773390117
«Роснефть»;1.8735968773390117
http://t.co/CDWjAvbcXK;1.8735968773390117
http://t.co/AMyaRAiqnZ;1.8735968773390117
продвинулся;1.8735968773390117
открыл;2.722077819792634
банко...;1.8735968773390117
номинациях;2.385013867177825
@sberbank:;2.076362732934412
ипотечный;2.385013867177825
улучшенка;1.8735968773390117
@sberbank;-0.4112085998627949
синдицирован...;1.8735968773390117
клиентами:;3.7241643174569767
Заявление;1.8735968773390117
согласно;1.8735968773390117
платежей;-0.18157103651173578
5;-0.11331684755522892
страны.;0.7747121833300729
..;-0.8363617212889586
кредитный;2.385013867177825
дни;1.8735968773390117
возобновляет;1.8735968773390117
http://t.co/tYSSwDTC92;1.8735968773390117
#Новости:;0.7747121833300729
чистую;1.8735968773390117
#бизнес;0.4382862793848953
банков-партнеров;2.722077819792634
Санкции?;1.8735968773390117
каждый;1.8735968773390117
клиентских;1.8735968773390117
http://t.co/fEHyCTYaxj;1.8735968773390117
Объем;2.385013867177825
реально;0.7747121833300729
http://t.co/JBuDk7Xmt1;1.8735968773390117
&amp;nbsp;В;1.8735968773390117
рублей,;1.8735968773390117
от;0.22328934083220164
@alexi_grey:;1.8735968773390117
164.Электронная;1.8735968773390117
со;-0.3847416475172816
http://t.co/viFDi…;1.8735968773390117
сбербанка));1.8735968773390117
·;1.8735968773390117
ошибок:;2.385013867177825
условия;2.385013867177825
Уменьшение;1.8735968773390117
Зато;1.8735968773390117
@D_Babich;1.8735968773390117
банком!;1.8735968773390117
БЕРИ;1.8735968773390117
йн;1.8735968773390117
чего;0.7747121833300729
недвижимости&amp;#8230;;1.8735968773390117
http://t.co/PGG6S4wBYe;1.8735968773390117
Волгограде;1.8735968773390117
http://t.co/ig98iEFG7V;1.8735968773390117
Уралавтострой»;1.8735968773390117
Евросою...;1.286129173168886
5,5;1.8735968773390117
услуг;2.385013867177825
под;-1.2115718332144243
трем;1.8735968773390117
@GazetaRu:;-0.07313071045391785
которые;0.7750310698371767
решить;1.8735968773390117
партнерами;1.8735968773390117
ипотечного;2.385013867177825
проиндексировали;1.8735968773390117
Сб;1.8735968773390117
нарушат;1.8735968773390117
выбрала;1.8735968773390117
сентябре;1.8735968773390117
скоро;0.26361407999836367
льготным;1.8735968773390117
расслабиться;1.8735968773390117
«Сбербанк;0.7747121833300729
мини-офис;1.8735968773390117
рисковать;1.8735968773390117
кирп...;1.8735968773390117
банков;-0.8386883013680357
rostovskaya_ya:;1.8735968773390117
списках;-0.07313071045391785
торгово-сервисных;1.8735968773390117
http://t.co/h6r6GdBe4H;1.8735968773390117
http://t.co/htsbjDnMD9;1.8735968773390117
?п?р?а?в?о?с?л?а?в?н?ы?е?;1.8735968773390117
http://t.co/FzEr6ugQbU;1.8735968773390117
приобретает;1.8735968773390117
"черного;1.8735968773390117
копеек,;1.8735968773390117
http://t.co/tjSS0png8D;1.8735968773390117
23;2.385013867177825
Журнал;4.077941033843647
воспользуются;2.722077819792634
обновленная;1.8735968773390117
всё;0.26361407999836367
http://t.co/44aVfQvlFE;1.8735968773390117
ипотеке;1.1120950224519857
дробина:;1.8735968773390117
офис;1.364001517061614
#sb;1.8735968773390117
о;-2.321151133437345
недвижимость;1.8735968773390117
прав!;1.8735968773390117
общался;1.8735968773390117
повышают;1.8735968773390117
http://t.co/VS1ImlsoEh;1.8735968773390117
полтора;1.8735968773390117
ж;1.8735968773390117
Российские;-0.07313071045391785
оценили;2.385013867177825
Дополнительный;1.623193125783695
@AlfabankBY;0.7747121833300729
);2.385013867177825
про...;1.8735968773390117
новости!;1.8735968773390117
магазинах;1.8735968773390117
сво...;1.8735968773390117
последнее;1.8735968773390117
типа;1.8735968773390117
москвы;1.1120950224519857
быстрый;1.8735968773390117
два;-0.07313071045391785
http://t.co/NPt1CabAql;1.8735968773390117
стезе.;1.8735968773390117
филиалы;0.7747121833300729
http://t.co/EqHA6GONzv;1.8735968773390117
поисков;1.8735968773390117
http://t.co/BXoxTg3XEJ;1.8735968773390117
просто;-0.014244174978356632
России.;-0.2248154829401492
число;-0.32471776687173615
вкладам.Госбанки;1.8735968773390117
%.;1.8735968773390117
номинациях...;1.8735968773390117
торгов;-0.07313071045391785
Подробности:;1.8735968773390117
рельефные;1.8735968773390117
провед;1.8735968773390117
России."Сбербанк;1.8735968773390117
http://t.co/c6TXbV5oR7;1.8735968773390117
Мне;1.8735968773390117
аваль;1.8735968773390117
Кировское;1.8735968773390117
Пользуюсь;1.8735968773390117
—;0.12799759082938708
способствует;2.973984314402262
менеджеров;1.8735968773390117
пугают;1.8735968773390117
бьем;1.8735968773390117
того,;0.976932782732603
три.;1.8735968773390117
Штрих-коды;2.973984314402262
итоги;1.8735968773390117
первое;1.8735968773390117
http://t.co/1cJshTzRDa;1.8735968773390117
хорошо(;1.8735968773390117
@ramilnigma;1.8735968773390117
выдавать;2.385013867177825
дал;1.8735968773390117
отсрочка;1.8735968773390117
наличные;1.8735968773390117
http://t.co/fTQ5IyfUvZ;1.8735968773390117
повышения;2.722077819792634
За;1.623193125783695
раза.;1.8735968773390117
клиент;1.8735968773390117
можно;0.7756696701915143
ноября;2.385013867177825
http://t.co/F7BooAUng5;1.8735968773390117
сразу;0.4382862793848953
Их;0.7747121833300729
30;-1.0732964253937711
Европейским;2.973984314402262
продавайте;1.8735968773390117
попавшие;0.6942586649219065
:);-0.32471776687173615
купить;1.8735968773390117
14;2.385013867177825
осуществлять;1.8735968773390117
периодом;1.8735968773390117
Оренбургской;1.8735968773390117
компанию;1.8735968773390117
лидер,;1.8735968773390117
Пресс-релиз;2.385013867177825
референдума;1.8735968773390117
http://t.co/rL9pjeShzW;1.8735968773390117
партнера;1.8735968773390117
MasterCard;1.623193125783695
США-http://t.co/ciNMTKiesm];1.8735968773390117
2013;3.1752474269433506
По…;1.8735968773390117
http://t.co/LUuoy4qPM7;1.8735968773390117
поручительства;1.8735968773390117
клиентам.;1.8735968773390117
сеть.;2.385013867177825
фондовом;1.8735968773390117
августа;-1.8583963028313517
бизнеса;3.3428942798514973
Онл@йн;2.385013867177825
http://t.co/KgzMNIOBe3;1.8735968773390117
города;1.8735968773390117
финансового;0.7747121833300729
Татфондбанк;1.8735968773390117
остались;1.8735968773390117
ОнЛ@йн;1.8735968773390117
ВТБ,;-2.859021601859517
лидер.;1.8735968773390117
обслуживание.;1.8735968773390117
киви;1.8735968773390117
Банка;-2.703247942974172
#iPhone;0.26361407999836367
РСХБ;-1.0732964253937711
http://t.co/f6N7azWCLz;1.8735968773390117
Крыму,;1.8735968773390117
Банком;0.4382862793848953
введенные;1.8735968773390117
#R;2.385013867177825
экономить;1.8735968773390117
кредитами;2.722077819792634
удовольствием;1.8735968773390117
прекрасный;1.8735968773390117
Сейчас;2.385013867177825
#Сбербанка;-0.32471776687173615
Они;0.18669922296707708
Finance;4.396003597301631
четверг,;0.7747121833300729
уже;-1.3485527193795723
найти;1.8735968773390117
карты;-0.2248154829401492
казну;2.385013867177825
@Chumikov;1.8735968773390117
несмотря;2.385013867177825
вкладов;1.286129173168886
http://t.co/REkPVmc4NU;1.8735968773390117
Visa;2.244009585842558
работаю;0.7747121833300729
MSCI;1.2285198391504213
#spasibo;1.8735968773390117
УРАЛСИБ»;1.8735968773390117
http://t.co/PitVGgdJcV;1.8735968773390117
Газпромбанка,;-1.2648978863951057
Евросоюза:;2.385013867177825
&amp;quot;Введенные;1.8735968773390117
http://t.co/6u8hhwsyji;1.8735968773390117
Москва);1.8735968773390117
#спасибо;1.8735968773390117
сбера;0.7747121833300729
продолжает;1.623193125783695
специальные;1.8735968773390117
процентных;1.286129173168886
БАНК;0.7747121833300729
Москвы,;-3.36098711794708
Автокредит;1.8735968773390117
@oleasufe:;1.8735968773390117
тысячи;1.8735968773390117
главные;1.8735968773390117
была;1.286129173168886
ласковее;1.8735968773390117
запомни:;1.8735968773390117
выручит;1.8735968773390117
зарплатной;1.8735968773390117
Маяковская;1.8735968773390117
Магаданской;2.973984314402262
свои;0.26361407999836367
конца;2.385013867177825
Граффити;1.8735968773390117
Сумма;2.385013867177825
еще;-0.5437868955924579
http://t.co/DgprKu076n;1.8735968773390117
Москвы:;0.26361407999836367
России»;1.8735968773390117
рынок.;1.8735968773390117
лучший;2.385013867177825
Райффайзенбанк;1.8735968773390117
уютной…;1.8735968773390117
будет;-1.4257870592328978
#ДавайЗачитаемДругДруга;1.8735968773390117
процент!;1.8735968773390117
ЕС:;-1.090594795977664
Конечно;1.8735968773390117
Евросоюза.;-0.07313071045391785
совершать;2.973984314402262
правления;0.7747121833300729
система;1.8735968773390117
санкциях;-0.5256611648171698
доходах;0.7747121833300729
http://t.co/VpejjH1HCx;1.8735968773390117
вырос;2.722077819792634
проведенного;2.385013867177825
безработному;1.8735968773390117
http://t.co/RT30sbolED;1.8735968773390117
перед;4.339836731203714
год;0.7747121833300729
страх;1.8735968773390117
#Акции;0.7747121833300729
санкции:;0.26361407999836367
АЗС,;1.8735968773390117
ВТБ24;1.8735968773390117
покупках;1.8735968773390117
открыть;1.8735968773390117
#и;1.8735968773390117
http://t.co/I85MOExXse;1.8735968773390117
@vawavadeduku:;1.8735968773390117
#Новости;0.7747121833300729
России:;1.1120950224519857
лучшим;4.499852851593589
Или;0.7747121833300729
ясно,;1.8735968773390117
угрозы;2.385013867177825
ценных;1.8735968773390117
#сбербанк;0.3228197776364522
#Взаимный;1.8735968773390117
13;1.8735968773390117
свою;2.385013867177825
пробился;1.8735968773390117
па...;2.385013867177825
базе;2.973984314402262
Онлайн:;1.8735968773390117
#Взаимныйфолловинг;-1.4257870592328978
вы;0.7753502319997043
ставок;0.20439951611737958
@Alex_01777:;1.8735968773390117
вашим;1.8735968773390117
решила;1.8735968773390117
https://t.co/5sU0tGdas8;1.8735968773390117
стали;2.385013867177825
Альфа;1.0272567266093326
#жизненное;1.8735968773390117
результатам;2.385013867177825
рамках;1.286129173168886
генерального;1.8735968773390117
проводит;3.1752474269433506
фоне;0.7747121833300729
которому;1.8735968773390117
ранее;0.7747121833300729
http://t.co/QtSqdSe62S;1.8735968773390117
подведены;1.8735968773390117
город;1.8735968773390117
развивает;2.385013867177825
ко…;1.8735968773390117
систему;1.8735968773390117
банк»;1.8735968773390117
http://t.co/rfuRDqccHZ;1.8735968773390117
зашла;2.385013867177825
Поволжский;3.7241643174569767
@pro100card;1.8735968773390117
дня:;0.7747121833300729
как;-0.5773061167792758
База;1.8735968773390117
пользуюсь;2.385013867177825
онлайн.;1.8735968773390117
области;1.364001517061614
сбер;0.12074468313291296
отказалась;1.8735968773390117
http://t.co/qkG27J19zh;1.8735968773390117
Внимание;1.8735968773390117
вернуть.;1.8735968773390117
улучшил;2.385013867177825
о...;1.8735968773390117
Поволжском;1.8735968773390117
утра;1.8735968773390117
жил.;1.8735968773390117
сберегательным;1.8735968773390117
самых;1.8735968773390117
пермяков;1.8735968773390117
попадет;-0.8363617212889586
догоняй;1.8735968773390117
http://t.co/7nrsuubbmK;1.8735968773390117
поддержкой;0.7747121833300729
картам;1.8735968773390117
газпромбанка;1.8735968773390117
ВЭБ,;-0.7450500081335464
положил;1.8735968773390117
думаю,;1.8735968773390117
вас;0.3228197776364522
http://t.co/zy3pcCnZzg;1.8735968773390117
35;1.8735968773390117
Путевка;1.8735968773390117
http://t.co/eF4IIbQpxa;1.8735968773390117
неустоек.;1.8735968773390117
@desufagkun;1.8735968773390117
помеха,;1.8735968773390117
соглашение,;1.8735968773390117
некоммерческим;2.385013867177825
@vtb;0.7750310698371767
ста;2.385013867177825
большее;1.8735968773390117
Главное;2.385013867177825
украине;1.8735968773390117
пришел;1.8735968773390117
топ-100;1.8735968773390117
@MinistryEconomy:;1.8735968773390117
видам;2.385013867177825
http://t.co/WU0s8lMWQA;1.8735968773390117
ряда;2.973984314402262
обязательств;1.8735968773390117
рейтинге;2.385013867177825
http://t.co/AZF5nNfSz4;1.8735968773390117
владимирцы;1.8735968773390117
растут;1.8735968773390117
объектов;1.8735968773390117
пользователей;2.385013867177825
http://t.co/CDJ5P40x7g;1.8735968773390117
http://t.co/dFuHt1ZYrV;1.8735968773390117
10;-0.2248154829401492
экспресс-гарантий;1.8735968773390117
оставшиеся;1.8735968773390117
интерфейсом..;1.8735968773390117
сообщает,;1.8735968773390117
#всеновости;1.8735968773390117
отлично;1.8735968773390117
мост;3.3428942798514973
введения;0.26361407999836367
последствий;1.8735968773390117
большое!;1.8735968773390117
помогает;1.8735968773390117
@R_Zlata;1.8735968773390117
россии.;0.7747121833300729
стало;-0.07313071045391785
что;-1.2380355485949042
Внедрение;1.8735968773390117
кредитов;2.244009585842558
Работа,;1.8735968773390117
кръедит,;1.8735968773390117
http://t.co/mORmtLJvxK;1.8735968773390117
отдела;1.8735968773390117
запу;1.8735968773390117
овердрафтный;1.8735968773390117
том;0.26361407999836367
всех;-0.07313071045391785
банки!!!;1.8735968773390117
поможет!);1.8735968773390117
фондовых;1.8735968773390117
http://t.co/dHB…;1.8735968773390117
акцию;3.1752474269433506
Центр;1.8735968773390117
1.;1.8735968773390117
нечем;1.8735968773390117
гарантирует;1.8735968773390117
смешная;1.8735968773390117
#банки;2.387703549310821
госбанков;-0.32471776687173615
Западный.;1.8735968773390117
http://t.co/Ac9VEY17Ll;1.8735968773390117
полугодие;1.8735968773390117
Карты;0.7747121833300729
можем;1.8735968773390117
или;1.1445796356407492
быть;-0.07313071045391785
подтверждены;1.8735968773390117
рынка:;1.8735968773390117
книги;1.8735968773390117
финансирования;1.8735968773390117
представители;1.8735968773390117
#Экономика;1.8735968773390117
#Общество;1.8735968773390117
@miss_dashanel;1.8735968773390117
Введённые;1.8735968773390117
сказали,что;1.8735968773390117
своему;3.3428942798514973
новостроек:;1.8735968773390117
ресурсами;3.612344858101274
сбером;0.7747121833300729
платежей.;1.8735968773390117
Однако,;0.7747121833300729
обрушили;1.8735968773390117
той;0.7747121833300729
сожалением;2.076362732934412
есть;2.385013867177825
тебе;1.8735968773390117
http://t.co/qthuxeKrPZ;1.8735968773390117
пожалели.;1.8735968773390117
Александр;1.8735968773390117
стоимости;0.7747121833300729
#news;0.7759893847871692
интернет-банка;-0.3249447314501454
то;-0.6929880263505489
деньги,;0.7747121833300729
стояла;1.8735968773390117
Сотрудники;1.8735968773390117
Олимпиады;1.8735968773390117
ценности;1.8735968773390117
сентября;1.8735968773390117
своим;-0.07313071045391785
stragnicw;0.7747121833300729
Банк;-0.3454919250211611
канал;1.8735968773390117
означают;1.8735968773390117
жильем;1.8735968773390117
финансовую;4.077941033843647
программу,;2.385013867177825
@IlyaNovo:;1.8735968773390117
http://t.co/qc8ND0pYQQ;1.8735968773390117
ваще;1.8735968773390117
втб;0.5747262722460806
партнера.;1.8735968773390117
времени;1.8735968773390117
70%;-0.07313071045391785
отношении;-0.5860047600583703
http://t.co/SN5qqQm2g5;1.8735968773390117
Рейтинг;1.8735968773390117
проведут;2.385013867177825
после;1.0272567266093326
http://t.co/6cPwNlNFVE;1.8735968773390117
Снижены;1.8735968773390117
Сбер;0.3480934795856424
#Сбербанк;-0.46409678226354334
Госбанки;1.8735968773390117
Легко;1.8735968773390117
активно;3.1752474269433506
"Сбербанк;1.623193125783695
";0.7747121833300729
http://t.co/IsEP3U0NXw;1.8735968773390117
http://t.co/rTIOUJpZOU;1.8735968773390117
350;2.722077819792634
подписано;1.8735968773390117
@sberbank,;0.7747121833300729
http://t.co/f7OPp1ddca;1.8735968773390117
подготовился;1.8735968773390117
Снижение;2.722077819792634
интернет-банком;4.339836731203714
лицам;1.8735968773390117
Райффайзенбанка;2.385013867177825
5,5%;1.8735968773390117
Кредит;1.8735968773390117
номинациях.;1.8735968773390117
Юникорбанка;2.385013867177825
введённых;2.722077819792634
Сибири;2.385013867177825
КОМПАНИЙ.;1.8735968773390117
Национальную;1.8735968773390117
списка";1.8735968773390117
@korobkov;1.8735968773390117
США;-2.9738418493027603
участников;1.8735968773390117
ОАО;0.4382862793848953
http://t.…;0.26361407999836367
http://t.co/sQyAUcCXCN;1.8735968773390117
http://t.co/iPTvfk7JLM;1.8735968773390117
банковской;2.385013867177825
свой;0.3228197776364522
санкционный;-3.0055742999549073
Если;-0.8363617212889586
выпуск;1.8750996203933235
ЭБ,;2.385013867177825
получилась;1.8735968773390117
через;-0.44058517136126646
России...;1.8735968773390117
деньги;-0.16451044933185524
сохранит;1.8735968773390117
лет;-0.45038080017003784
Мой;1.8735968773390117
пока;0.7750310698371767
другой;0.7747121833300729
скором;1.8735968773390117
потребительских;2.973984314402262
обновленную;1.8735968773390117
потребкредит;2.385013867177825
#недвижимость;1.8735968773390117
используют;2.385013867177825
украинских;1.8735968773390117
выдуманные;1.8735968773390117
"Патриот".;2.385013867177825
действия;0.7747121833300729
оплаты;1.8735968773390117
корпоративный;1.8735968773390117
http://t.co/jCrRoasglA;1.8735968773390117
ставки;1.1575794137674158
платежа;1.8735968773390117
повысит;1.8735968773390117
когда;0.4382862793848953
фотке;1.8735968773390117
компаний;-0.32471776687173615
место,;1.8735968773390117
@vihahezamyku:;1.8735968773390117
книжку;1.8735968773390117
прибыль...;1.8735968773390117
кредитования.;1.8735968773390117
рубль;1.8735968773390117
спрос;1.8735968773390117
рабо...;1.8735968773390117
222;1.8735968773390117
франков;2.385013867177825
Газпромбанк;-0.8879233939411291
Кроме;0.26361407999836367
получил;0.26361407999836367
Теперь;0.5237631755818859
за;-0.924552830835449
а;-1.1114831683257624
по;0.4207873458762675
своего;0.7747121833300729
физических;1.8735968773390117
http://t.co/cKUhD1V4w3;1.8735968773390117
будто;1.8735968773390117
http://t.co/51ZCeFXQj2;1.8735968773390117
сделала.;2.385013867177825
#Саратов;2.385013867177825
ВТБ!!!;1.8735968773390117
#ru_ff;-0.5256611648171698
#в;1.8735968773390117
воспринимает;2.076362732934412
http://t.co/7AxOCzke0t;1.8735968773390117
простым;1.8735968773390117
решение;0.7750310698371767
позволяет;1.8735968773390117
http…;-0.32471776687173615
комиссию;0.7747121833300729
http://t.co/XunzKH6Roa;1.8735968773390117
исключил;1.8735968773390117
где;-0.07313071045391785
ОнЛайн;0.7747121833300729
восполь...;1.8735968773390117
рублей.В;1.8735968773390117
заявок;1.8735968773390117
ВТБ);1.8735968773390117
других;1.8735968773390117
закупок,;1.8735968773390117
две;-0.9617977900088509
появятся;1.8735968773390117
для;1.2001426225522092
http://t.co/NRI4pllUjq;1.8735968773390117
денежный;1.8735968773390117
получить;0.7747121833300729
автопроверку;1.8735968773390117
В;-1.1647023032331303
#picstitch;1.8735968773390117
карта;1.286129173168886
брокерские;1.8735968773390117
станет;0.7747121833300729
малому;1.8735968773390117
Новости:;0.26361407999836367
полюбому;1.8735968773390117
Международные;0.7747121833300729
http://t.co/526AI5vrw6;1.8735968773390117
кредитования;2.973984314402262
клиенты;1.8735968773390117
карте;0.7747121833300729
России.Кроме;1.8735968773390117
#общество;1.8735968773390117
остаться;1.8735968773390117
одной;0.7747121833300729
онлайн-;1.8735968773390117
получать;1.8735968773390117
сертификатам.;1.8735968773390117
http://t.co/gEMKkFN0y0;1.8735968773390117
#машук2014;1.8735968773390117
27;1.8735968773390117
вечером;0.7747121833300729
потребительского;1.8735968773390117
ЦБ;0.7753502319997043
выплаты;2.973984314402262
и;-1.397771399939263
не;-0.07478194408157761
хорош;1.8735968773390117
@kenusozuxac:;1.8735968773390117
поможет;3.7241643174569767
швейцарских;2.385013867177825
Потратить;1.8735968773390117
стабильно;2.385013867177825
вложить;1.8735968773390117
Венская;1.8735968773390117
Сбербанк;-0.0349053108440373
режиме;2.385013867177825
пожалуйста;1.8735968773390117
платежной;2.722077819792634
кот;1.8735968773390117
http://t.co/G0gYoR4KKT;1.8735968773390117
ней,;1.8735968773390117
Ведомости;0.7747121833300729
услуги;2.385013867177825
долгосрочными;2.973984314402262
Пскове;1.8735968773390117
приятное;1.8735968773390117
@Mi_Vida_Mi:;1.8735968773390117
#Ru_Ff;1.8735968773390117
http://t.co/dLTWWtg05s;1.8735968773390117
http://t.co/Xs1FON0I7w;1.8735968773390117
кого;1.8735968773390117
любые;1.8735968773390117
Вот!;1.8735968773390117
Для;0.7747121833300729
против;-4.351936333573456
@noomrem;1.8735968773390117
слабовидящим;1.8735968773390117
http://t.co/SpGNbshkeY;1.8735968773390117
должны;1.8735968773390117
безналичную;1.8735968773390117
начнет;2.385013867177825
во;-0.6622359689361388
#Селигер2014;1.8735968773390117
ресурсами,;1.8735968773390117
ресурсную;1.8735968773390117
@buribedixuk:;1.8735968773390117
этого;-0.07313071045391785
#RT;-0.45038080017003784
@kurilka_banka:;1.8735968773390117
корпоративным;2.385013867177825
http://t.co/90jfUHUBUD;1.8735968773390117
сегодня,;1.8735968773390117
выросла;1.8735968773390117
#МСК;1.8735968773390117
Взять;1.8735968773390117
фильмы;1.8735968773390117
здесь;0.7747121833300729
обязательства;3.2971189032926915
@sberbank.;-0.32471776687173615
путешествия;1.8735968773390117
у;-1.5712232668310115
Сегодня;0.26361407999836367
февраля;2.385013867177825
Чебоксарах;1.8735968773390117
числе;-1.0732964253937711
чем;-1.173652958774952
@qupuwynojar:;1.8735968773390117
«SMS-информирование;2.385013867177825
накоплений;1.8735968773390117
постсоветском;2.385013867177825
потянутся!;1.8735968773390117
индексах;3.1752474269433506
МПС;1.8735968773390117
шоке;1.8735968773390117
введение;2.722077819792634
VTB;1.8735968773390117
пусть;2.385013867177825
а?;1.8735968773390117
ВТБ:;-0.8371357295407592
@citybusicyti:;1.8735968773390117
http://t.co/xgL9Gh8rgi;1.8735968773390117
всей;0.7747121833300729
пользуется;0.7747121833300729
парились);1.8735968773390117
Северного;1.8735968773390117
кредиту;1.623193125783695
Финанс»,;1.8735968773390117
кре;1.8735968773390117
#N;1.8735968773390117
крупный;0.7747121833300729
январе-июле;1.8735968773390117
снижает;2.722077819792634
@sawik_shuster;1.8735968773390117
выпуску;1.8735968773390117
должно;1.8735968773390117
везёт:);1.8735968773390117
вы,;1.8735968773390117
продукт;1.8735968773390117
После;0.7747121833300729
журнал;-0.3249447314501454
из;-1.6055390417106516
http://t.co/DDnZpJNlXt;1.8735968773390117
приема;0.26361407999836367
расчетному;2.385013867177825
Керченского;2.722077819792634
Евр...;1.8735968773390117
@kondrashov_t:;1.8735968773390117
выпущенные;1.8735968773390117
Особенно;0.7747121833300729
руб:;1.8735968773390117
Россельхозбанком.;1.8735968773390117
услугами?;1.8735968773390117
году;1.286129173168886
обслуживания;1.8735968773390117
http://t.co/s8sSfuNP3Z;1.8735968773390117
отделение;-0.32471776687173615
@anti_maydan:;0.26361407999836367
расплачиваться;1.8735968773390117
открывает;1.8735968773390117
гарантий;1.8735968773390117
К;0.18669922296707708
стороне);1.8735968773390117
действует;1.8735968773390117
запустил;2.385013867177825
http://t.co/O5FIhX5N3J;1.8735968773390117
фиг;1.8735968773390117
санкции.;-0.8363617212889586
рублях;1.8735968773390117
если;-0.5256611648171698
офисов;1.8735968773390117
работать;0.7750310698371767
обычном;1.8735968773390117
очень;0.4382862793848953
совместно;2.722077819792634
http://t.co/dkLk5m2RmM;1.8735968773390117
только;-0.24816528231632196
умудрились;1.8735968773390117
приняла;1.8735968773390117
http://t.co/Eho9Myx1oO;1.8735968773390117
аналогичного;1.8735968773390117
г.,;1.8735968773390117
http://t.co/AerXopfTxP;1.8735968773390117
банковским;1.8735968773390117
1,5;1.286129173168886
над;0.26361407999836367
http://t.co/h09NAnzgBG;1.8735968773390117
@retucargo:;1.8735968773390117
военнослужащих.;2.385013867177825
Инновационные;1.8735968773390117
#sberbank;1.8735968773390117
работ...;1.8735968773390117
Global;4.396003597301631
оплате;1.8735968773390117
сообщили;-0.6929880263505489
потом;0.18669922296707708
взять;0.5237631755818859
построить;3.3428942798514973
аккредитова...;1.8735968773390117
платежи;2.973984314402262
подавятся?;1.8735968773390117
ним;1.286129173168886
увеличивает;2.385013867177825
http://t.co/1roiDDLDfP;1.8735968773390117
http://t.co/1rawBtQSH0.;1.8735968773390117
заключили;1.8735968773390117
освоение...;1.8735968773390117
#фолловинг;2.385013867177825
Кредиты;1.8735968773390117
Перекреститесь,;1.8735968773390117
теперь,;1.8735968773390117
РСБУ;1.8735968773390117
http://t.co/qqIISqRraP;1.8735968773390117
понятны:;1.8735968773390117
интернет;1.5652646296027026
банки,;0.7747121833300729
http://t.co/dwo9p3Vlb7;1.8735968773390117
ЕС;-1.7304482743084628
нсо;1.8735968773390117
#alfabank;0.26361407999836367
Apple;1.8735968773390117
бан...;0.7747121833300729
СБЕРБ..;1.8735968773390117
вкладам;2.722077819792634
кладите;1.8735968773390117
точно;1.8735968773390117
санкции,;-0.8363617212889586
новую;2.722077819792634
Банк.;1.8735968773390117
проблемы!.;1.8735968773390117
но;-0.046902169775233364
готова;1.8735968773390117
сферы;1.8735968773390117
справки;1.8735968773390117
ВТБ;-1.1734956828498717
#новости;-0.3847416475172816
http://t.co/B7tLUV210S;1.8735968773390117
дарит;1.8735968773390117
удобнее;2.385013867177825
Приберегли;1.8735968773390117
наш;-0.07313071045391785
Зампре...;1.8735968773390117
месяцев;1.8735968773390117
работников;1.8735968773390117
Греф;1.8735968773390117
MSCI...;1.8735968773390117
Россельхозбанка.Об;1.8735968773390117
средств;0.7747121833300729
RDX;1.8735968773390117
http://t.co/JU3WSBPfey;1.8735968773390117
дальневосточникам;2.722077819792634
обещает;1.8735968773390117
кредитам;-0.4164169439414837
Иоффе:;1.8735968773390117
видит;0.7747121833300729
оплату;-0.8363617212889586
"Газпромбанка";1.8735968773390117
квартале;1.8735968773390117
клиенту;1.8735968773390117
кредитных;1.8735968773390117
видов;1.8735968773390117
отдельным;2.385013867177825
догоняют;2.385013867177825
Бурятии,;1.8735968773390117
http://t.co/MredO898wK;1.8735968773390117
всём;2.385013867177825
также;-0.6929880263505489
Коммуна;1.8735968773390117
секторальные;-0.9861024068060351
организаций;1.8735968773390117
союзом;2.973984314402262
@YevhenS;1.8735968773390117
@kommersant;1.8735968773390117
ипотечных;2.722077819792634
факт;1.623193125783695
));1.286129173168886
http://t.co/93RwkFCEP0;1.8735968773390117
просты;1.8735968773390117
больше;-0.32517201632132997
теперь;-1.173652958774952
открылся;1.8735968773390117
Работа;1.8735968773390117
@prezidenty;3.3428942798514973
#sledui;-0.18157103651173578
Настроил;1.8735968773390117
http://t.co/jDoKYzA343;1.8735968773390117
карточках:;1.8735968773390117
@JMakarceva;1.8735968773390117
чтоб;0.7747121833300729
американская;1.8735968773390117
блокировать;2.722077819792634
На;0.012119221164663541
Онл;1.8735968773390117
карт;1.4140302138905259
начал;2.973984314402262
поддержку;0.7747121833300729
подключили;1.8735968773390117
акционерного;1.8735968773390117
индекса;0.26361407999836367
http://t.co/kyqdYj4a5a;1.8735968773390117
допустил;-0.11331684755522892
повторять:;1.8735968773390117
с;-0.778636205796267
@MngzRu:;1.8735968773390117
2.;1.8735968773390117
признан;1.1120950224519857
http://t.co/6S83XNxodi;1.8735968773390117
Кипре;1.8735968773390117
энную;1.8735968773390117
альфа;2.0023620607606256
Россельхозбанка;-3.758294537202999
новатека;1.8735968773390117
Отсрочка;1.8735968773390117
3,35%;1.8735968773390117
на;-0.17960456390598611
заморозили;1.8735968773390117
правительством;1.8735968773390117
строительство;2.385013867177825
http://t.co/WrDTBAIG5X;2.385013867177825
делает;1.8735968773390117
Цифра;1.8735968773390117
территории;1.8735968773390117
http://t.co/1X8MsjVXlp;1.8735968773390117
этом;-0.8824474609937868
час;1.8750996203933235
ок.;1.8735968773390117
санкц...;3.3428942798514973
работе;1.8735968773390117
переоценке;1.8735968773390117
#втему;1.8735968773390117
Москвы»;-1.3485527193795723
Рейтинги;1.8735968773390117
состоянию;0.7747121833300729
млрд;0.976932782732603
Роснефть;2.722077819792634
По;0.7759893847871692
люди,;1.8735968773390117
Внешпромбанк;2.385013867177825
сборной;1.8735968773390117
«Газпром»;1.8735968773390117
итогам;1.8735968773390117
я.;1.8735968773390117
Люксембурге;2.385013867177825
самостоятельной;1.8735968773390117
Москвы";-1.3485527193795723
Новости;0.5254580165242958
СБЕРБАНК;0.7747121833300729
отделении;0.7750310698371767
МТС;1.8735968773390117
У;0.26361407999836367
первую;1.8735968773390117
я;-0.8937547785119834
«Мобильный;1.8735968773390117
@valeriaromanov2:;1.8735968773390117
платежных;2.722077819792634
банковских;2.385013867177825
санкционных;-0.5256611648171698
банкомата;0.7747121833300729
http://t.co/L8KIyw2w8I;1.8735968773390117
«Спасибо»;1.8735968773390117
раз;-1.173652958774952
клиентов;1.623193125783695
@fiwobofodem:;1.8735968773390117
любимый;1.8735968773390117
пополнить;1.8735968773390117
Среднерусского;2.385013867177825
продаж;1.8735968773390117
ЖКХ.;1.8735968773390117
Летний;1.8735968773390117
@Forum_seliger:;1.8735968773390117
http://t.co/U4kM2kVArB;1.8735968773390117
совершили;1.8735968773390117
программе;2.385013867177825
#кредиты;3.3428942798514973
освоение;1.8735968773390117
внезапно;1.8735968773390117
самый;1.8735968773390117
Больше;1.8735968773390117
активных;1.8735968773390117
р...;1.8735968773390117
http://t.co/uGX7rEuIDF;1.8735968773390117
первом;2.385013867177825
принципа;1.8735968773390117
Вологжанам;1.8735968773390117
будут;-2.020389799340056
Несмотря;1.8735968773390117
А;-0.9143700693940847
Москвы;-1.1391898698500507
парюсь;1.8735968773390117
Даж;1.8735968773390117
счету»;2.385013867177825
новых;-0.014244174978356632
Lenta.ru;1.8735968773390117
накопительно-ипотечной;1.8735968773390117
Альфа-Клик;1.8735968773390117
спасибо!;1.8735968773390117
услугам…;1.8735968773390117
предоставил;2.722077819792634
http://t.co/zDYUFDHSBM;1.8735968773390117
мобильники;1.8735968773390117
@lenta_super:;1.8735968773390117
@peddsecraiticri:;1.8735968773390117
пообещали;4.339836731203714
Растет;1.8735968773390117
закончились;1.8735968773390117
@ebrigxylt:;1.8735968773390117
кредит;1.838120388097104
российского;0.4382862793848953
продукты;2.722077819792634
нашими;2.385013867177825
популярные;2.385013867177825
банки;-0.7929519546868249
выросло;1.8735968773390117
выступает!;1.8735968773390117
возьмите;1.8735968773390117
@fokctrot:;1.8735968773390117
http://t.co/2JDQyV4JzN;1.8735968773390117
кредитами:;1.8735968773390117
http://t.co/cNFJZlBaHQ;1.8735968773390117
неустоек.1;1.8735968773390117
Скидки;1.8735968773390117
@RT_russian:;0.7747121833300729
про100;1.8735968773390117
системы;1.286129173168886
https://t.co/i2yPfJoJca;1.8735968773390117
простить;1.8735968773390117
мобильным;1.8735968773390117
#остались;1.8735968773390117
xD;1.8735968773390117
хорошие;1.8735968773390117
http://t.co/1kiwdYIC6t;1.8735968773390117
миллион;2.722077819792634
"НОВАТЭК...;2.385013867177825
-;-1.3403569349271092
нет;1.8735968773390117
#факты;1.8735968773390117
@DianaSolberg1:;1.8735968773390117
http://…;0.7747121833300729
;D;1.8735968773390117
до;0.02709101166947935
вв...;2.385013867177825
остальные;2.385013867177825
Его;1.8735968773390117
(на;1.8735968773390117
корпоративные;1.8735968773390117
возможность;2.973984314402262
регистрации;1.8735968773390117
выполнить;4.396003597301631
расширяет;1.8735968773390117
Первый;1.8735968773390117
#Россия;-0.8363617212889586
вэба;1.8735968773390117
эт;1.8735968773390117
рубля,;1.8735968773390117
устроил;1.8735968773390117
попросил;1.8735968773390117
Россельхозбанком;-0.07313071045391785
С;0.12799759082938708
голосуют;1.8735968773390117
пользоваться;0.26361407999836367
экспресс-гарантий.;1.8735968773390117
Торбахов;1.8735968773390117
УЭК;1.8735968773390117
отдел);1.8735968773390117
нынешнего;1.8735968773390117
пошаманьте;1.8735968773390117
устраивает;1.8735968773390117
центр;1.8735968773390117
необходимыми;1.8735968773390117
#Russian;0.7747121833300729
Между;1.8735968773390117
опыт;1.8735968773390117
Турбаза;1.8735968773390117
Выгодные;1.8735968773390117
будут,;1.8735968773390117
рискуете;1.8735968773390117
этой;1.8735968773390117
программу;2.385013867177825
@molodost__bz:;0.7747121833300729
1,3;1.8735968773390117
процентов;1.8735968773390117
условиях;3.3428942798514973
долгих;1.8735968773390117
принимаются;1.8735968773390117
@pasyutin:;1.8735968773390117
бизнесу;1.8735968773390117
часа;0.7747121833300729
(ЭТП;1.8735968773390117
заработал;1.8735968773390117
"Введенные;2.722077819792634
повысил;1.623193125783695
Вопреки;1.8735968773390117
Об;-1.2308187311267922
брендов:;1.8735968773390117
список;-3.475669105598527
одним;1.8735968773390117
http://t.co/YVXZh5llPG;1.8735968773390117
карта.;1.8735968773390117
...;-1.3340204553579837
текущий;1.8735968773390117
Газпромбанк,;-1.7506394775124017
услугами;2.722077819792634
быстро;2.973984314402262
долго;1.8735968773390117
выдал;3.1752474269433506
1;0.26402571577429196
http://t.co/FuHS5izQX9;1.8735968773390117
могут;-1.6321315288960248
http://t.co/rLTT4YA5w7;1.8735968773390117
должнику;3.3428942798514973
@vilnezheettya:;0.7747121833300729
кред...;2.973984314402262
http://t.co/xZt4gWytgK;1.8735968773390117
операцион...;1.8735968773390117
более;1.8766054459791117
моста;2.722077819792634
исправляются;1.8735968773390117
стороны;-0.11331684755522892
команда.;1.8735968773390117
Ресурсная;1.8735968773390117
биржа;1.8735968773390117
#альфабанк;0.7747121833300729
#ЧитаюВзаимно;2.385013867177825
товаров;1.8735968773390117
@vrcaa7faqe:;1.8735968773390117
Специалисты;1.8735968773390117
смотреть;1.8735968773390117
Russia.;1.8735968773390117
вероятно;2.385013867177825
ипотека;1.8735968773390117
активов;1.8735968773390117
недвижимости;2.722077819792634
первые;1.8735968773390117
–;-0.9617977900088509
квартиры;1.8735968773390117
7%.;1.8735968773390117
птицеводства;2.973984314402262
переживет;0.7747121833300729
@togifusolopa:;1.8735968773390117
быстрее.;0.7747121833300729
шесть;1.8735968773390117
санкций.;0.26361407999836367
Согласен,;1.8735968773390117
хорошо,;1.8735968773390117
.;-0.32471776687173615
http://t.co/vL…;1.8735968773390117
России!;2.385013867177825
рейтинг;-0.07313071045391785
Газпромбанка:;1.8750996203933235
перечисляется;2.385013867177825
вошли;-1.4257870592328978
Сложили;1.8735968773390117
УРАЛСИБ;1.8735968773390117
картой;0.7747121833300729
оставила;1.8735968773390117
обладает;3.7241643174569767
вдруг;1.8735968773390117
&amp;euro;1;1.8735968773390117
тысяч;2.722077819792634
#мир;0.7747121833300729
"Роснефть";1.286129173168886
лидер;1.8735968773390117
жилищных;1.8735968773390117
@berukyqenuc:;1.8735968773390117
http://t.co/UaOOyyLI3X;1.8735968773390117
#банкиру;1.8735968773390117
смогут;-0.014244174978356632
https://t.co/T3yHbdxw1X;1.8735968773390117
http://t.co/vJ2vDp4Bly;1.8735968773390117
кредита;1.1120950224519857
7;-0.07313071045391785
этот;-0.32471776687173615
розничного;2.385013867177825
исследования;2.385013867177825
@;2.385013867177825
http://t.co/tfvh0geOAr;1.8735968773390117
$1,2;3.4865882433197597
#spb;1.8735968773390117
#fyseo_ru;-0.014244174978356632
(Беларусь);1.8735968773390117
in;0.7747121833300729
показателям;1.8735968773390117
http://t.co/vVBippfa7T;1.8735968773390117
Осетии;1.8735968773390117
базу:;1.8735968773390117
еврооблигации;2.722077819792634
курса;1.8735968773390117
#ВМоскве;1.8735968773390117
площадка;1.8735968773390117
избежать;2.385013867177825
спас;1.8735968773390117
намерен;0.15549291610307323
Рефинансирование:;1.8735968773390117
Более;1.8750996203933235
выросли;1.8735968773390117
коммунальных;1.8735968773390117
слону;1.8735968773390117
Керченский;3.3428942798514973
своих;0.4073994107127015
http://t.co/1nC3qeABkg;1.8735968773390117
Москве;1.8735968773390117
россий;1.8735968773390117
@sberbank);0.26361407999836367
онлайн;1.732911482510849
«Партнер-Инвест»;1.8735968773390117
формата;1.8735968773390117
автомобили;1.8735968773390117
победил;2.385013867177825
открытыми;2.385013867177825
выиграл;2.385013867177825
ином;1.8735968773390117
@ligrtspywn:;1.8735968773390117
пунктов;1.8735968773390117
Байкальском;1.8735968773390117
кредитку;1.8735968773390117
«Трест;1.8735968773390117
выдали;1.8735968773390117
бюджетной;1.8735968773390117
4%;1.8735968773390117
установили;1.8735968773390117
банков:;1.732911482510849
сохранят;1.8735968773390117
И;0.22835412421056794
торговая;1.8735968773390117
санкций;-1.2888007057133946
факт:);2.385013867177825
Ауэрбанка;2.385013867177825
http://t.co/2tOdG39GOL;1.8735968773390117
вернулись,;1.8735968773390117
возвращать;1.8735968773390117
выпустил;2.973984314402262
Дальневосточный;3.1752474269433506
вносить;2.385013867177825
Всё;1.1120950224519857
бы;-0.3249447314501454
пространстве;2.385013867177825
проката;1.8735968773390117
однако;1.8735968773390117
розничным;4.339836731203714
Провайдер;0.7747121833300729
Западной;2.385013867177825
вот;-0.5256611648171698
посетители;1.8735968773390117
заявил;0.26361407999836367
опциями;1.8735968773390117
синдицированный;3.4865882433197597
(Грузия);1.8735968773390117
уровень;1.8735968773390117
Российский;-0.07313071045391785
Долго;1.8735968773390117
погасил;3.4865882433197597
договору;1.8735968773390117
#novosti;1.286129173168886
в;-0.2182120003790183
#взаимный;0.26361407999836367
компания;1.8735968773390117
Чистая;1.8735968773390117
помощи;-1.173652958774952
рынок:;2.385013867177825
поддержит;2.722077819792634
соглашение;1.8735968773390117
интернет-банк;2.385013867177825
#Владивосток;1.8735968773390117
США:;-0.45038080017003784
новой;2.385013867177825
RT;-0.8665720301104083
расширять;2.385013867177825
http://t.co/1NJ0eigVJF;1.8735968773390117
#Sberbank;1.8735968773390117
карту;-0.32471776687173615
риск.;1.8735968773390117
нового;1.8735968773390117
"Лесная;1.8735968773390117
процентной;1.8735968773390117
легендарный;1.8735968773390117
сайта;1.8735968773390117
тот;1.8735968773390117
Общая;1.8735968773390117
всеми;3.612344858101274
месяца;1.8735968773390117
приступил;1.8735968773390117
версию;1.8735968773390117
станут;0.7747121833300729
размере;1.8735968773390117
@myhlikmariya:;1.8735968773390117
лет,;1.8735968773390117
ко;1.8735968773390117
велосипедов.Банк;1.8735968773390117
побоялись)));1.8735968773390117
http://t.co/I0Y3ZayWwA;1.8735968773390117
же;-1.0732964253937711
…;-0.11331684755522892
миллиона;2.385013867177825
Я;0.4382862793848953
#Russia;1.8735968773390117
увеличил;2.722077819792634
российской;0.4073994107127015
Платежная;1.8735968773390117
детям;1.8735968773390117
Boerse;2.973984314402262
платежн;1.8735968773390117
Школу;1.8735968773390117
http://t.co/l1KruUCUK4;1.8735968773390117
выдает;0.7753502319997043
деятельность;0.7747121833300729
Волго-Вятский;2.385013867177825
сотрудничестве;1.8735968773390117
мне;0.036752663209233274
начала;0.7747121833300729
http://t.co/EnQttINQng;1.8735968773390117
метро;1.8735968773390117
подфартило.;1.8735968773390117
хотите;2.385013867177825
россии;0.7747121833300729
http://t.co/r1y137zLnc;1.8735968773390117
мае;1.8735968773390117
новостях;1.8735968773390117
#ипотека;1.8735968773390117
выпиской!;1.8735968773390117
турнир!;1.8735968773390117
"Санкции;1.8735968773390117
кировчан;1.8735968773390117
начале;0.7747121833300729
Соглашайтесь;1.8735968773390117

 C;-0.15862684521978176
