госбанки;702.382703376
остановит;-700.729260277
фильмы;702.382703376
техподдержке;-700.729260277
улучшенка;702.382703376
подскажите;-700.729260277
список;1.24948964315
путина;-700.729260277
житель;-700.729260277
личных;2.34903826147
нашел;-700.729260277
систему;702.382703376
рамках;1.36925817397
книге;-700.729260277
смены;-700.729260277
соглашение;2.34903826147
шоке;702.382703376
книги;702.382703376
вологжане;2.34903826147
пол;-700.729260277
пару;-700.729260277
инструментарием;2.34903826147
тигров;0.959827863477
под;1.62266742345
избежал;-700.729260277
летний;702.382703376
нарушат;702.382703376
пор;-700.729260277
перевода;-700.729260277
жизнипришлось;-700.729260277
опциями;702.382703376
два;1.24948964315
сообщают;-700.729260277
рисках;-700.729260277
регистрирует;702.382703376
специалист;-700.729260277
путину;-700.729260277
оставляет;702.382703376
размещенных;702.382703376
нормальный;-700.729260277
система;702.382703376
личным;1.94755083851
скептически;-700.729260277
личный;-700.729260277
привлекать;-700.729260277
системы;2.34903826147
своевременно;1.88500991607
обновленная;702.382703376
улучшили;702.382703376
умрет;-700.729260277
посольство;-700.729260277
госбанков;702.382703376
вызвали;-700.729260277
выделять;-700.729260277
вычеркнуть;-700.729260277
очередей;-700.729260277
издевательство;-700.729260277
физических;702.382703376
сшаhttptcocinmtkiesm;702.382703376
техническим;-700.729260277
над;0.959827863477
давлением;-700.729260277
отрубает;-700.729260277
дочернее;-700.729260277
минимальный;702.382703376
нам;702.382703376
кредитование;2.34903826147
ушел;-700.729260277
хорватии;702.382703376
ресурсная;702.382703376
людей;-700.729260277
зажевал;-700.729260277
акции…;702.382703376
наибольшие;702.382703376
сбор;-700.729260277
спасибо;1.43578800756
смс;-700.729260277
входят;-700.729260277
привилегированных;702.382703376
сми;0.959827863477
нахожусь;-700.729260277
инновационные;702.382703376
кредитования;1.8461913973
чиновники;-700.729260277
должны;702.382703376
двух;-700.729260277
международные;0.959827863477
наш;702.382703376
события;-700.729260277
физическим;702.382703376
черт;-700.729260277
прошедшей;-700.729260277
приема;702.382703376
того;1.88500991607
мне;1.50878107431
относится;-700.729260277
напиши;-700.729260277
выполнить;1.74553952861
верфь…;-700.729260277
утверждают;-700.729260277
правда;-700.729260277
какому;-700.729260277
положении;-700.729260277
кораблисша;-700.729260277
реклама;-700.729260277
апокалипсис;-700.729260277
открытии;-700.729260277
ошибка;-700.729260277
искренне;-700.729260277
втбевропейский;-700.729260277
внезапно;702.382703376
вводят;-700.729260277
было;-700.729260277
лярдов;-700.729260277
были;-700.729260277
развивать;702.382703376
ощутил;702.382703376
книжку;702.382703376
торбахов;702.382703376
была;2.34903826147
пора;-700.729260277
крыма;-700.729260277
ограбление;-700.729260277
года;1.74326994715
уточнили;-700.729260277
спискесбербанк;-700.729260277
здравствуйте;-700.729260277
январеиюле;2.34903826147
гору;-700.729260277
действоват;-700.729260277
году;1.88500991607
очередь;-700.729260277
попросили;-700.729260277
выкручивает;-700.729260277
денюжку;-700.729260277
глубине;-700.729260277
распространил;-700.729260277
дебилы;-700.729260277
вносить;2.34903826147
председателя;-700.729260277
нельзя;-700.729260277
слова;-700.729260277
цб;2.06334212275
развития;1.78769886705
развитию;1.94755083851
приступил;702.382703376
западных;-700.729260277
обслуживанием;-700.729260277
осуществлять;702.382703376
сво;702.382703376
радость;-700.729260277
заубер;-700.729260277
располагает;2.34903826147
ударили;-700.729260277
сходили;702.382703376
россель;-700.729260277
подзаголовок;-700.729260277
сходила;-700.729260277
занимается;-700.729260277
долгов;-700.729260277
автокредит;2.34903826147
национального;-700.729260277
революционеры;-700.729260277
мозг;-700.729260277
сообщае;-700.729260277
работ;702.382703376
киев;-700.729260277
меняется;-700.729260277
силу;-700.729260277
подконтрольного;-700.729260277
иди;702.382703376
портфель;702.382703376
санкций;1.61017837896
санкции;1.69254349544
дополнительный;2.06334212275
спама;-700.729260277
москвы»;0.959827863477
дополнительные;-700.729260277
заработали;-700.729260277
касаются;-700.729260277
активных;702.382703376
газетару;-700.729260277
вести76;-700.729260277
кого;702.382703376
ожидается;-700.729260277
откуда;-700.729260277
называется;-700.729260277
наложить;-700.729260277
госпрограммы;702.382703376
снизил;1.8461913973
запрос;-700.729260277
звал;-700.729260277
начали;-700.729260277
преувеличения;-700.729260277
начале;0.959827863477
сбере;-700.729260277
начала;1.24948964315
сбера;702.382703376
сберб;702.382703376
лавочки;-700.729260277
мной;-700.729260277
восстанавливать;-700.729260277
дополнительных;-700.729260277
умру;-700.729260277
победил;2.34903826147
повлияют;1.94755083851
прекратило;-700.729260277
мобильный;-700.729260277
мобильные;-700.729260277
отключит;-700.729260277
объектов;702.382703376
специалисты;702.382703376
шутки;-700.729260277
помощьюampnbsp;-700.729260277
все;1.57569308829
кредитов;1.77730363344
миром;-700.729260277
увеличит;2.34903826147
пенсиями;-700.729260277
выступивший;-700.729260277
акционерного;702.382703376
санкцийгосбанки;-700.729260277
лавров;-700.729260277
товары;2.06334212275
давно;-700.729260277
судостроительной…;-700.729260277
западу;-700.729260277
секретные;-700.729260277
доброй;-700.729260277
ценных;702.382703376
хочешь;-700.729260277
офисов;702.382703376
рос;0.959827863477
запрещено;-700.729260277
активов;702.382703376
пришло;-700.729260277
ребят;702.382703376
пришла;-700.729260277
аккредитовал;702.382703376
станет;0.959827863477
отделениях;702.382703376
введённые;702.382703376
ужасно;-700.729260277
коснутся;-700.729260277
запада;-700.729260277
первую;702.382703376
манипуляторыне;-700.729260277
личному;-700.729260277
западе;-700.729260277
никак;702.382703376
следовало;-700.729260277
накоплений;702.382703376
сделали;-700.729260277
казну;2.34903826147
менеджеров;702.382703376
увеличил;1.94755083851
хотел;-700.729260277
заимствований;-700.729260277
надписи;-700.729260277
ауэрбанка;2.34903826147
россияputinvvda;-700.729260277
расплатиться;-700.729260277
подготовила;-700.729260277
текст;-700.729260277
шок;-700.729260277
рейтинги;702.382703376
рейтинге;2.34903826147
рейтинга;-700.729260277
пятаяколонна;-700.729260277
системе;-700.729260277
включив;-700.729260277
попавшее;-700.729260277
смски;-700.729260277
представитель;-700.729260277
включил;-700.729260277
представителя;-700.729260277
отдых;702.382703376
договору;702.382703376
закроем;702.382703376
карательных;-700.729260277
закрыли;-700.729260277
кредитам;1.57569308829
процентами;-700.729260277
рассылает;-700.729260277
коварные;-700.729260277
говноно;-700.729260277
сотрудники;0.959827863477
небес;-700.729260277
хз;-700.729260277
своих;1.43578800756
эффективные;-700.729260277
хэ;-700.729260277
предупредили;-700.729260277
долговпросроченная;-700.729260277
побоялись;702.382703376
россииа;-700.729260277
бумаги;-700.729260277
читай;-700.729260277
кредитах;-700.729260277
американец;702.382703376
закроет;-700.729260277
газпром;-700.729260277
повысил;2.06334212275
раз;1.94755083851
совсем;-700.729260277
остановил;-700.729260277
представители;702.382703376
ненавижу;-700.729260277
дипломаты;-700.729260277
дробина;702.382703376
рисковать;702.382703376
санкцииhttptcoxosj3irkqb;-700.729260277
думать;-700.729260277
всетаки;-700.729260277
источни;-700.729260277
новая;-700.729260277
ничо;-700.729260277
новости;1.65135298929
агентств;-700.729260277
анекдот;-700.729260277
расчетному;2.34903826147
поставил;-700.729260277
ситуации;-700.729260277
никто;-700.729260277
крупный;0.959827863477
списались;-700.729260277
крупные;-700.729260277
попадет;0.959827863477
блоги;-700.729260277
онлайндепозитам;702.382703376
запрет;0.959827863477
мой;0.959827863477
тыс;2.34903826147
кредитных;2.34903826147
зла;-700.729260277
мож;-700.729260277
национальной;-700.729260277
которое;-700.729260277
рельефные;702.382703376
октября;-700.729260277
вклады;-700.729260277
объём;702.382703376
учё;702.382703376
подпадет;-700.729260277
своему;1.8461913973
правительством;702.382703376
планета;-700.729260277
займа;2.34903826147
смысла;-700.729260277
финансырф;702.382703376
президент;-700.729260277
объединённая;-700.729260277
союзом;1.94755083851
говорят;-700.729260277
евросоюзу;-700.729260277
моё;-700.729260277
высылали;-700.729260277
моя;-700.729260277
раундом;-700.729260277
терминал;-700.729260277
герман;-700.729260277
мос;-700.729260277
внесли;-700.729260277
некоммерческим;2.34903826147
корпорации;-700.729260277
опубликован;-700.729260277
владимирцы;702.382703376
ситуация;-700.729260277
овердрафтный;702.382703376
птицеводства;1.94755083851
изданий;-700.729260277
клиентских;702.382703376
звонил;-700.729260277
крупных;0.959827863477
постсоветском;2.34903826147
запре;-700.729260277
новость;-700.729260277
сельскохо;-700.729260277
продо;-700.729260277
города;1.94755083851
часа;0.959827863477
распространили;-700.729260277
принял;-700.729260277
брать;-700.729260277
чего;702.382703376
украинским;-700.729260277
кредитные;-700.729260277
советские;-700.729260277
помогать;-700.729260277
сумма;2.34903826147
попадающих;-700.729260277
посетители;702.382703376
шик;-700.729260277
значит;-700.729260277
политик;-700.729260277
газете;-700.729260277
оплате;702.382703376
магазин;-700.729260277
оплата;-700.729260277
газета;-700.729260277
июня;2.06334212275
пользуюсь;1.94755083851
якутск;-700.729260277
расширил;-700.729260277
ответ;-700.729260277
уралсиб»;702.382703376
очереди;-700.729260277
рекламные;-700.729260277
конвертирована;-700.729260277
малому;702.382703376
воспринимает;1.88500991607
оказаться;-700.729260277
многа;-700.729260277
раньше;-700.729260277
ближайших;-700.729260277
баланс;702.382703376
кабин…;-700.729260277
осксша;-700.729260277
сбербанк’е;-700.729260277
ошибок;1.94755083851
воспользоваться;2.34903826147
подсобн;702.382703376
оплату;0.959827863477
положить;-700.729260277
втбвозможные;-700.729260277
упали;-700.729260277
действительно;-700.729260277
июне;702.382703376
партнера;0.959827863477
газеты;-700.729260277
ответил;-700.729260277
начался;702.382703376
конкурса;2.06334212275
угодно;-700.729260277
банк»;702.382703376
российской;1.43578800756
понедельник;1.24948964315
приборостроен;-700.729260277
одного;-700.729260277
млрд;1.62266742345
украинских;702.382703376
третьего;-700.729260277
россельхозбанквпрочем;-700.729260277
внедрению;702.382703376
международных;-700.729260277
никуда;-700.729260277
кучу;-700.729260277
финансовой;-700.729260277
санкциям;2.34903826147
сша;1.5950323684
начнёт;-700.729260277
футбольный;702.382703376
ограничительные;-700.729260277
предложением;-700.729260277
сбора;-700.729260277
риск;702.382703376
перевод;-700.729260277
рассказал;-700.729260277
снижением;-700.729260277
равно;-700.729260277
выстроиться;-700.729260277
по…;0.959827863477
территории;2.34903826147
уровн;702.382703376
меня;-700.729260277
продолжение;-700.729260277
намерение;-700.729260277
прибыль;1.94755083851
подсобных;702.382703376
газпромбанком;-700.729260277
отстой;-700.729260277
гражданам;-700.729260277
подсобным;1.94755083851
ночью;-700.729260277
средств;702.382703376
сергей;-700.729260277
компанией;-700.729260277
нету;-700.729260277
продолжения;1.88500991607
будто;702.382703376
хотите;2.34903826147
напишите;-700.729260277
чем;0.959827863477
никогда;-700.729260277
есевропейский;-700.729260277
судо;-700.729260277
сборы;-700.729260277
гривень;-700.729260277
незамутненную;-700.729260277
роста;-700.729260277
среди;-700.729260277
терминалы;-700.729260277
конечно;702.382703376
санкциях;0.959827863477
розничного;2.34903826147
окновы;-700.729260277
бюро;-700.729260277
добавил;-700.729260277
деньги;1.47860716139
кабинете;-700.729260277
комсомольская;-700.729260277
наверно;-700.729260277
написать;-700.729260277
вкус;-700.729260277
всех;1.47860716139
итак;-700.729260277
волгограде;702.382703376
рублей;1.78769886705
заказать;-700.729260277
забавно;-700.729260277
среду;-700.729260277
прохожего;-700.729260277
дальневосточный;1.88500991607
укрдочка;-700.729260277
ввода;-700.729260277
сбером;0.959827863477
совместно;2.06334212275
бонусных;-700.729260277
очередной;-700.729260277
референдума;702.382703376
кроме;702.382703376
онлйн;2.06334212275
всебудьте;-700.729260277
получил;0.959827863477
окно;-700.729260277
втб24;0.959827863477
уютной…;702.382703376
гаркнуть;-700.729260277
вражеские;-700.729260277
сбербанкадъ;-700.729260277
возможно;-700.729260277
обратились;-700.729260277
лиц;0.959827863477
воровать;-700.729260277
всем;-700.729260277
выйдет;-700.729260277
тасс;-700.729260277
всей;702.382703376
недобросовестную;-700.729260277
стоят;-700.729260277
кредиторы;-700.729260277
магаданской;1.94755083851
добавит;-700.729260277
слону;702.382703376
кре;702.382703376
сообщалось;-700.729260277
планку;-700.729260277
участием;-700.729260277
нас;-700.729260277
быстрее;0.959827863477
опять;-700.729260277
забавное;-700.729260277
прогнозамииз;-700.729260277
обанкотившийся;-700.729260277
весьма;-700.729260277
относительно;-700.729260277
обмен;-700.729260277
фоне;0.959827863477
сосут;-700.729260277
бесследно;-700.729260277
российского;1.24948964315
доступна;702.382703376
подробности;702.382703376
футболистам;-700.729260277
чипом;-700.729260277
унитаза;-700.729260277
прод;-700.729260277
ногу;-700.729260277
головой;-700.729260277
детектед;-700.729260277
понижен;-700.729260277
доступны;-700.729260277
господдержкубанки;-700.729260277
ничто;-700.729260277
отныне;-700.729260277
очень;1.24948964315
получилось;-700.729260277
устойчивость;1.75810398589
согласен;702.382703376
исключить;-700.729260277
грузии;-700.729260277
ретвита;-700.729260277
ясно;702.382703376
корень;-700.729260277
микробиз;702.382703376
зашла;2.34903826147
чьи;-700.729260277
клиент;702.382703376
консульского;-700.729260277
карточками;-700.729260277
идти;-700.729260277
элпочту;-700.729260277
время;0.959827863477
всему;-700.729260277
треклятой;-700.729260277
нападение;-700.729260277
владимир;-700.729260277
думал;-700.729260277
мо;702.382703376
также;0.959827863477
продолжат;702.382703376
мл;-700.729260277
сломалась;-700.729260277
списано;-700.729260277
остаётся;-700.729260277
пространстве;2.34903826147
внесены;-700.729260277
ругаться;-700.729260277
находятся;-700.729260277
лужу;-700.729260277
отправлять;-700.729260277
мировыеновости;-700.729260277
подпадают;-700.729260277
благовещенске;702.382703376
клиенты;0.959827863477
такой;-700.729260277
умные;-700.729260277
положение;-700.729260277
клиенту;702.382703376
втббанк;-700.729260277
обходится;-700.729260277
сомневался;-700.729260277
приостановкой;-700.729260277
хитрый;-700.729260277
пипеци;-700.729260277
клиента;-700.729260277
залоговое;-700.729260277
клиенте;-700.729260277
повысит;702.382703376
заемщиках;-700.729260277
пизец;-700.729260277
перезвонилив;-700.729260277
попадает;-700.729260277
получилась;702.382703376
карателей;-700.729260277
говорит;-700.729260277
наверное;702.382703376
распространиться;-700.729260277
национальную;702.382703376
расширили;-700.729260277
думаю;0.959827863477
новой;2.34903826147
новом;-700.729260277
расширило;-700.729260277
периодом;702.382703376
взаимно;-700.729260277
крыму;0.959827863477
мы;1.43578800756
новое;-700.729260277
площадка;702.382703376
история;-700.729260277
решил;-700.729260277
инвестировать;702.382703376
виде;-700.729260277
держать;-700.729260277
купил;-700.729260277
десятку;702.382703376
карта;2.06334212275
ващеневойти;-700.729260277
продуктов;0.959827863477
карте;0.959827863477
швейцарских;2.34903826147
открывает;702.382703376
случится;-700.729260277
пскове;702.382703376
компанийсша;-700.729260277
террористов;-700.729260277
ввиду;-700.729260277
такие;-700.729260277
компа;-700.729260277
секторальные…;-700.729260277
таким;-700.729260277
жалобу;-700.729260277
меньший;702.382703376
пошаманьте;702.382703376
лиха;-700.729260277
авгус;-700.729260277
детски;-700.729260277
прямыми;-700.729260277
решения;702.382703376
всякого;-700.729260277
повышение;-700.729260277
потянутся;702.382703376
год;0.959827863477
повышения;2.06334212275
положил;702.382703376
оставила;702.382703376
решение;1.24948964315
таких;-700.729260277
визы;-700.729260277
да;0.959827863477
предупредил;-700.729260277
опасаясь;-700.729260277
искал;-700.729260277
карту;1.24948964315
итоги;702.382703376
штаты;-700.729260277
швейцарский;-700.729260277
карты;1.47860716139
антироссийский;-700.729260277
доброеутро;-700.729260277
образуется;-700.729260277
утверждена;1.94755083851
итоге;-700.729260277
открылись;-700.729260277
развитии;702.382703376
есть;702.382703376
сни;702.382703376
принимаются;702.382703376
приобретат;-700.729260277
расплачиваться;702.382703376
попал;-700.729260277
жилье;702.382703376
льготное;702.382703376
прекратил;-700.729260277
форуме;702.382703376
задолженность;-700.729260277
ногами;-700.729260277
столкнулась;-700.729260277
нужен;-700.729260277
вопросом;-700.729260277
потерять;-700.729260277
пост;-700.729260277
просьбой;-700.729260277
приобретает;702.382703376
паспорт;-700.729260277
операцию;-700.729260277
разгромили;-700.729260277
похудения;-700.729260277
государство;-700.729260277
поездов;-700.729260277
нисколько;-700.729260277
полки;-700.729260277
давление;-700.729260277
сказал;-700.729260277
сегментов;702.382703376
омонра;-700.729260277
зато;-700.729260277
скинемся;-700.729260277
компаниям;-700.729260277
стезе;702.382703376
платежную;702.382703376
увеличиться;702.382703376
кладите;702.382703376
уха;-700.729260277
морганы;-700.729260277
рабо;702.382703376
день;-700.729260277
немцов;-700.729260277
воры;-700.729260277
будут;1.47860716139
настроил;702.382703376
куда;-700.729260277
газромбанк;-700.729260277
звонок;-700.729260277
задолженности;-700.729260277
альфабанк;0.959827863477
приобретать;-700.729260277
зацепит;-700.729260277
приложением;702.382703376
вмире;-700.729260277
имена;-700.729260277
райффайзенбанк;0.959827863477
выдавал;702.382703376
критике;-700.729260277
банкх;-700.729260277
банку;-700.729260277
введённых;2.06334212275
популярные;2.34903826147
клиентам;1.94755083851
уровень;702.382703376
наложен;-700.729260277
можем;702.382703376
запад;-700.729260277
данный;-700.729260277
данные;-700.729260277
опровергая;-700.729260277
причинил;-700.729260277
вроде;-700.729260277
объявили;-700.729260277
длинная;-700.729260277
торговосервисных;702.382703376
москвывтброссельхозбанк;-700.729260277
объявило;-700.729260277
мастеркардовские;-700.729260277
затронули;-700.729260277
информатор;-700.729260277
досталось;-700.729260277
устроюсь;-700.729260277
вконтач;-700.729260277
касса;-700.729260277
комплитд;-700.729260277
изза;-700.729260277
окажется;-700.729260277
провэд;-700.729260277
недвижимостиamp8230;702.382703376
помогает;702.382703376
кредитов»;702.382703376
может;-700.729260277
банке;1.50878107431
евросоюз;-700.729260277
втб№2;-700.729260277
позвать;-700.729260277
критику;-700.729260277
банка;1.64281836784
банко;0.959827863477
крымреалии;-700.729260277
годовой;-700.729260277
банки;1.74343834671
заявок;702.382703376
рассказать;-700.729260277
копьё;702.382703376
связной;-700.729260277
быстрый;0.959827863477
экономических;-700.729260277
как…;-700.729260277
уралавтострой»;702.382703376
перекинуть;-700.729260277
американские;-700.729260277
полностью;-700.729260277
пошло;-700.729260277
счету»;2.34903826147
автопроверку;702.382703376
героев;-700.729260277
юникредит;-700.729260277
тысячи;702.382703376
особо;-700.729260277
вас;1.43578800756
са;-700.729260277
се;-700.729260277
действует;702.382703376
клиентов;1.94755083851
типа;702.382703376
блять;-700.729260277
втором;702.382703376
предложил;-700.729260277
мошенников;-700.729260277
уже;0.959827863477
знали;-700.729260277
номера;-700.729260277
простить;702.382703376
государства;0.959827863477
соединенные;-700.729260277
вам;-700.729260277
выросло;702.382703376
город;702.382703376
функционал;-700.729260277
московская;-700.729260277
закончились;702.382703376
выходные;-700.729260277
твиармия;-700.729260277
биржи;-700.729260277
побыстрому;-700.729260277
биржа;702.382703376
экономические;-700.729260277
штатов;-700.729260277
придется;-700.729260277
бесслед…;-700.729260277
зенщин;-700.729260277
прогнозом;-700.729260277
спокойно;-700.729260277
чуть;-700.729260277
попробуй;-700.729260277
коп;-700.729260277
ком;-700.729260277
заявку;702.382703376
завоевывать;702.382703376
включенный;-700.729260277
надо;0.959827863477
получать;702.382703376
нечем;702.382703376
позднее;-700.729260277
россия;0.959827863477
миниму;-700.729260277
российских;1.43578800756
погасили;-700.729260277
еда;702.382703376
предоставил;2.06334212275
конец;-700.729260277
поиск;-700.729260277
отжала;-700.729260277
затрат;-700.729260277
гореть;-700.729260277
госучастием;-700.729260277
еду;-700.729260277
особенно;0.959827863477
неделе;-700.729260277
санкцииputinvvd;-700.729260277
сюда;-700.729260277
профинансировать;-700.729260277
российским;-700.729260277
багрепорт;-700.729260277
российский;0.959827863477
российские;1.24948964315
сохранят;702.382703376
войнавашингтон;-700.729260277
жалобной;-700.729260277
принципа;702.382703376
принципе;-700.729260277
кот;702.382703376
срать;-700.729260277
более;1.76302718691
декларации;-700.729260277
разницу;-700.729260277
заменил;-700.729260277
ограничивают;-700.729260277
управляющего;-700.729260277
счёта;-700.729260277
размере;702.382703376
кред;1.88500991607
эвакуация;-700.729260277
пришлось;-700.729260277
часовую;-700.729260277
пример;702.382703376
случае;2.34903826147
прессслужбе;702.382703376
передал;-700.729260277
слетела;-700.729260277
жизненное;702.382703376
унн;-700.729260277
офисы;-700.729260277
какието;-700.729260277
сберегательным;702.382703376
изиз;-700.729260277
страх;702.382703376
оптимизация;-700.729260277
троллить;-700.729260277
платить;-700.729260277
шлют;-700.729260277
обеспечить;2.06334212275
обновленную;702.382703376
несколько;702.382703376
жилищных;702.382703376
приложение;-700.729260277
политика;-700.729260277
временами;-700.729260277
пообещали;1.74692932912
жилищные;702.382703376
распространят;-700.729260277
сами;-700.729260277
процент;702.382703376
мобильники;702.382703376
союз;-700.729260277
трлн;2.06334212275
ставки;1.62266742345
провели;702.382703376
судостроительной;-700.729260277
патриот;2.34903826147
формулировке;-700.729260277
майдан;-700.729260277
выдаёте;-700.729260277
госбанка;-700.729260277
картой;0.959827863477
российск;-700.729260277
спущусь;-700.729260277
втброссельхозбанкбанк;-700.729260277
добавить;-700.729260277
считается;702.382703376
столько;-700.729260277
информирует;-700.729260277
списки;-700.729260277
работает;1.24948964315
активно;1.8461913973
сказать;-700.729260277
списка;0.959827863477
негатив;-700.729260277
списке;-700.729260277
ростовский;702.382703376
поволжский;1.77730363344
первый;0.959827863477
кастанаевская;-700.729260277
решила;702.382703376
капиталасбербанк;-700.729260277
ограничит;-700.729260277
первые;702.382703376
вашим…;-700.729260277
нуспасибо;-700.729260277
очередные;-700.729260277
поддержкой;702.382703376
ограничение;-700.729260277
уралсиб;702.382703376
отчет;-700.729260277
будущем;-700.729260277
тебя;-700.729260277
садившиеся;-700.729260277
выплаты;1.94755083851
публиковать;-700.729260277
пожалуй;-700.729260277
повода;-700.729260277
олимпиады;702.382703376
позволят;1.94755083851
потребкредит;2.34903826147
предлагает;1.88500991607
ценности;702.382703376
грудь;-700.729260277
некредитуемых;-700.729260277
якобы;-700.729260277
перевернуть;-700.729260277
иногда;-700.729260277
наличные;702.382703376
затронут;-700.729260277
сшабанк;-700.729260277
всегда;2.06334212275
коммунальных;702.382703376
ограничил;-700.729260277
веру;-700.729260277
пользуетесь;2.34903826147
синдицирован;702.382703376
ногой;-700.729260277
оформл;-700.729260277
списку;-700.729260277
падают;-700.729260277
ненависть;-700.729260277
визового;-700.729260277
проводит;1.8461913973
процентов;702.382703376
счастья;-700.729260277
человека;-700.729260277
мошенникиа;-700.729260277
регионах;702.382703376
люди;702.382703376
недобро;-700.729260277
ввести;-700.729260277
народ;-700.729260277
разблокировки;-700.729260277
ответные;-700.729260277
приостано;-700.729260277
новости»;-700.729260277
среднерусского;2.34903826147
тебе;702.382703376
сложили;702.382703376
подфартило;702.382703376
экскурсию;702.382703376
вводит;-700.729260277
идиоту;-700.729260277
но;1.47860716139
минфин;-700.729260277
одном;-700.729260277
крымские;-700.729260277
контормошенников;-700.729260277
одной;0.959827863477
недавно;-700.729260277
частности;-700.729260277
результатам;2.34903826147
новую;2.06334212275
желаю;-700.729260277
деятельность;0.959827863477
намерены;-700.729260277
большой;702.382703376
владимире;702.382703376
которы;-700.729260277
каца;-700.729260277
закрывший;-700.729260277
спрос;702.382703376
имел;-700.729260277
помочь;-700.729260277
конутся;-700.729260277
счет;2.34903826147
большое;702.382703376
бери;702.382703376
дороге;702.382703376
какойто;-700.729260277
работника;-700.729260277
добавили;-700.729260277
дорого;-700.729260277
выставления;-700.729260277
миллионов;-700.729260277
взаимныйфолловинг;0.959827863477
западной;2.34903826147
портал;-700.729260277
венская;702.382703376
годовых;702.382703376
мысли;-700.729260277
объединенно;-700.729260277
сайта;702.382703376
потребительских;1.94755083851
лол;-700.729260277
сайте;-700.729260277
депозитах;-700.729260277
официальном;-700.729260277
вкладам;1.88500991607
вызванный;-700.729260277
пишет;-700.729260277
предупреждает;-700.729260277
названы;-700.729260277
революции;702.382703376
государственных;-700.729260277
интернету;-700.729260277
банковским;702.382703376
август…;-700.729260277
причём;-700.729260277
граниру;-700.729260277
шишки;-700.729260277
банкахэто;-700.729260277
первое;702.382703376
ртс;-700.729260277
первом;2.34903826147
банковских;1.94755083851
нарастил;702.382703376
россиисбербанк;702.382703376
варшаве;-700.729260277
нафиг;-700.729260277
хорош;702.382703376
лондоне;-700.729260277
должнику;1.8461913973
мое…;-700.729260277
слышу;-700.729260277
картах;-700.729260277
потребительский;702.382703376
пугают;702.382703376
ближайшее;-700.729260277
вашим;702.382703376
его;1.36925817397
греф;0.959827863477
могу;-700.729260277
никаких;-700.729260277
армении;-700.729260277
неткак;-700.729260277
операцион;702.382703376
омерзительной;-700.729260277
им;-700.729260277
доверю;-700.729260277
регионе;702.382703376
из;1.36925817397
малого;1.78769886705
пздец;-700.729260277
потом;1.24948964315
аду;-700.729260277
выйдут;-700.729260277
отстоять;-700.729260277
берлинеднем;-700.729260277
россети;702.382703376
негативным;-700.729260277
этого;0.959827863477
две;0.959827863477
шестёрка;-700.729260277
ужесточили;-700.729260277
данным;-700.729260277
обслужили;-700.729260277
служба;-700.729260277
забота;-700.729260277
запустил;2.34903826147
скажется;-700.729260277
гмосква;-700.729260277
яркую;-700.729260277
керченский;1.8461913973
заниматься;-700.729260277
узнал;-700.729260277
рекорд;-700.729260277
даже;-700.729260277
их;1.24948964315
оплатить;-700.729260277
сообщило;-700.729260277
сообщили;1.24948964315
какая;-700.729260277
кубанцам;702.382703376
брендов;2.06334212275
выдавать;2.34903826147
армению;-700.729260277
рублейвыходец;-700.729260277
оск;-700.729260277
уровня;-700.729260277
эхе;702.382703376
прекращает;-700.729260277
инвестиционный;2.34903826147
возможность;1.94755083851
красивые;-700.729260277
разместить;-700.729260277
тогда;-700.729260277
эффективное;2.34903826147
рублейв;702.382703376
добрались;-700.729260277
аферисты;-700.729260277
результате;-700.729260277
внедрение;702.382703376
рсхб31;-700.729260277
луганске;-700.729260277
россельхозбанкес;-700.729260277
когонибудь;-700.729260277
сдаюсь;-700.729260277
другие;0.959827863477
крок;-700.729260277
остаток;-700.729260277
ситуацией;-700.729260277
нашего;-700.729260277
спис…;-700.729260277
других;702.382703376
правления;1.24948964315
подготовился;702.382703376
лучший;2.34903826147
рос…;-700.729260277
введите;-700.729260277
машук2014;702.382703376
пользователей;2.34903826147
реквизитыа;-700.729260277
купино;702.382703376
согласно;702.382703376
запорожье;-700.729260277
часов;702.382703376
возможности;-700.729260277
затронуло;-700.729260277
был;-700.729260277
хипстеры;-700.729260277
отдельным;2.34903826147
лайфхак;-700.729260277
американцам;-700.729260277
права;-700.729260277
итмонстра;-700.729260277
насчет;-700.729260277
смешная;702.382703376
крыш;-700.729260277
ны…;-700.729260277
такое;-700.729260277
присоединяется;-700.729260277
программа;1.94755083851
программе;2.34903826147
ожидать;-700.729260277
госдеп;-700.729260277
планирует;-700.729260277
оао;1.76302718691
теряется;-700.729260277
берет;0.959827863477
жаль;-700.729260277
операций;-700.729260277
введении;-700.729260277
закрылся;-700.729260277
введение;1.36925817397
лыжи;-700.729260277
шувалов;-700.729260277
голой;-700.729260277
введения;702.382703376
граждан;-700.729260277
расширяет;2.34903826147
интернетбанк;2.34903826147
фотке;702.382703376
ковальчук;-700.729260277
проект;702.382703376
попыткой;-700.729260277
парюсь;702.382703376
йошкаролы»;2.06334212275
открывали;-700.729260277
хищение;-700.729260277
программу;1.8461913973
строительство;2.34903826147
моста;2.06334212275
хотят;-700.729260277
выросла;702.382703376
счастливый;-700.729260277
процентные;1.94755083851
выросли;702.382703376
газпромбанка;1.62820334196
россельфозбанк;-700.729260277
индексе;1.94755083851
индекса;702.382703376
вологде;702.382703376
ко…;702.382703376
чебоксарах;2.34903826147
както;-700.729260277
финансирующим;-700.729260277
пределах;-700.729260277
сотрудничества;-700.729260277
сотрудничестве;702.382703376
гопница;-700.729260277
скорее;-700.729260277
покупках;702.382703376
сотрудничество;2.34903826147
финансовых;-700.729260277
каждую;-700.729260277
жопа;-700.729260277
ну;0.959827863477
вот;1.24948964315
обязанностями;-700.729260277
вор;-700.729260277
ограничений;-700.729260277
не;1.76766501718
ответным;-700.729260277
почему;-700.729260277
изменения;702.382703376
на;1.8310489842
жопу;-700.729260277
себе;-700.729260277
вопросы;-700.729260277
ограничения;-700.729260277
пройдет;702.382703376
ни;-700.729260277
сотрудников;-700.729260277
кому;-700.729260277
финансовым;-700.729260277
тарифы;-700.729260277
поможет;1.77730363344
отд;-700.729260277
включает;-700.729260277
отмучаться;-700.729260277
прекрасный;702.382703376
испытание;-700.729260277
квартале;702.382703376
потребительского;702.382703376
финты;-700.729260277
пошлёт;-700.729260277
полуноч;-700.729260277
индексы;-700.729260277
афоризмы;-700.729260277
блокировать;2.06334212275
теже;-700.729260277
прессслужбы;-700.729260277
фондирование;-700.729260277
направил;2.06334212275
сбербанк;2.24283066411
вернёт;-700.729260277
бревики;-700.729260277
лезут;-700.729260277
выходец;-700.729260277
ушли;-700.729260277
прим;-700.729260277
этими;-700.729260277
сбербанкеampnbsp;702.382703376
словам;-700.729260277
альфа;1.76928661338
лидерах;-700.729260277
главы;-700.729260277
мобильным;702.382703376
амурских;0.959827863477
вернулись;702.382703376
видам;2.34903826147
соглашайтесь;702.382703376
смотрю;-700.729260277
строительстве;2.06334212275
газпромбанке;-700.729260277
устроил;702.382703376
войдут;-700.729260277
станут;702.382703376
банкипартнеры;-700.729260277
коммуна;702.382703376
рамблерновости;-700.729260277
привет;-700.729260277
пиш;-700.729260277
оскарович;-700.729260277
могут;1.36925817397
нового;702.382703376
вообще;-700.729260277
утра;702.382703376
газпромбанку;-700.729260277
главное;2.34903826147
процентных;1.24948964315
фолловинг;2.34903826147
глава;-700.729260277
молодая;702.382703376
оно;-700.729260277
онл;702.382703376
они;1.43578800756
альфу;-700.729260277
рубль;702.382703376
работали;-700.729260277
рубля;702.382703376
поскорей;-700.729260277
знать;-700.729260277
запустили;702.382703376
велосипедовбанк;702.382703376
роssии;-700.729260277
лично;-700.729260277
американский;-700.729260277
туда;-700.729260277
карт;1.8014259361
прессрелиз;2.34903826147
показателям;702.382703376
держащих;-700.729260277
газпромбанк;1.65535285898
наконецто;-700.729260277
хочет;702.382703376
европейского;-700.729260277
краснодарский;702.382703376
позиция;-700.729260277
полгода;0.959827863477
мпс;702.382703376
называются;-700.729260277
эскалировать;-700.729260277
рбк;-700.729260277
продаж;1.88500991607
включила;-700.729260277
круто;-700.729260277
спать;-700.729260277
коллцентре;-700.729260277
выпишусь;-700.729260277
коллцентра;-700.729260277
речь;-700.729260277
смогли;-700.729260277
капитала;-700.729260277
поздравляю;-700.729260277
компания;702.382703376
нравятся;702.382703376
остановило;-700.729260277
взаимный;1.24948964315
сукину;-700.729260277
повысить;-700.729260277
дружно;-700.729260277
месяц;1.24948964315
нос;-700.729260277
занят;-700.729260277
оборонных;-700.729260277
отказ;-700.729260277
нахуй;-700.729260277
подведены;702.382703376
вологжанам;702.382703376
кормить;-700.729260277
банков;1.58602476502
лишь;-700.729260277
открытого;702.382703376
теперь;1.47860716139
кредита;2.06334212275
рубвторойчуть;-700.729260277
кара;-700.729260277
неизвестные;-700.729260277
банком;1.82002990317
миллионам;-700.729260277
офис;1.43578800756
принято;-700.729260277
задолженностей;-700.729260277
пре;-700.729260277
внешэкономбанку;-700.729260277
публику;-700.729260277
разжигать;-700.729260277
детям;702.382703376
быдло;-700.729260277
предлогом;-700.729260277
рада;-700.729260277
сожалению;-700.729260277
кажется;-700.729260277
почти;0.959827863477
вкладов;2.34903826147
союза;-700.729260277
экономике;-700.729260277
вкладчиками;702.382703376
сибири;2.34903826147
экономика;0.959827863477
своей;-700.729260277
лидер;2.06334212275
нервы;-700.729260277
экономики;1.36925817397
ста;2.34903826147
почте;0.959827863477
провед;702.382703376
одни;-700.729260277
одно;-700.729260277
стр;702.382703376
одну;-700.729260277
убит;-700.729260277
подд;-700.729260277
при;1.24948964315
правильно;-700.729260277
счета;-700.729260277
вести;-700.729260277
экономику;702.382703376
неустоек1;702.382703376
сотовый;-700.729260277
интернетбанком;1.74553952861
официальная;-700.729260277
включить;-700.729260277
террористы;-700.729260277
связан;-700.729260277
коммерческого;-700.729260277
продукт;702.382703376
принять;-700.729260277
запретили;-700.729260277
внешэкономбанка;-700.729260277
шилов;-700.729260277
накопительноипотечной;702.382703376
когда;2.34903826147
тч;-700.729260277
оставить;2.06334212275
меры;-700.729260277
боли;-700.729260277
узнать;-700.729260277
ты;-700.729260277
продукты;2.06334212275
крутят;-700.729260277
кредиту;2.06334212275
августа;1.47860716139
сб;0.959827863477
люксембурге;2.34903826147
пользуются;702.382703376
базе;1.94755083851
домой;-700.729260277
против;0.959827863477
база;702.382703376
даж;702.382703376
поручительства;702.382703376
пять;2.34903826147
пользовался;-700.729260277
обратитесь;-700.729260277
генерального;702.382703376
завтра;-700.729260277
дал;702.382703376
пяти;-700.729260277
или;1.50878107431
пределе;-700.729260277
миниофис;702.382703376
нормально;0.959827863477
ласковее;702.382703376
канадский;-700.729260277
кредиты;1.76928661338
зря;-700.729260277
ваш;-700.729260277
приберегли;702.382703376
фигня;-700.729260277
базу;702.382703376
догоняй;702.382703376
расширила;-700.729260277
потому;-700.729260277
зарегистрированную;2.34903826147
пескова;-700.729260277
европейским;1.47860716139
проинформировало;-700.729260277
европейский;-700.729260277
набсовет;2.34903826147
консульских;-700.729260277
известно;-700.729260277
сп;-700.729260277
выданным;-700.729260277
то;0.959827863477
со;1.8461913973
тк;-700.729260277
долгих;702.382703376
делает;702.382703376
кредитная;702.382703376
вселюдей;-700.729260277
учреждений;-700.729260277
расширять;2.34903826147
члены;-700.729260277
штрихкоды;1.94755083851
сократилась;-700.729260277
идут;-700.729260277
сделала;2.34903826147
сожгите;-700.729260277
федера;-700.729260277
залог;702.382703376
мнение;-700.729260277
идет;-700.729260277
господдержке;-700.729260277
нему;-700.729260277
запу;702.382703376
самых;702.382703376
военнослужащих;2.34903826147
керченского;2.06334212275
план;-700.729260277
расскажут;702.382703376
предлагают;-700.729260277
правлением;2.34903826147
третьи;-700.729260277
лучших;2.34903826147
санкциомы;-700.729260277
уровне;-700.729260277
самый;2.34903826147
гениальна;-700.729260277
столичном;702.382703376
возглавил;702.382703376
иностарнной;-700.729260277
мск;0.959827863477
николаеве;-700.729260277
включили;-700.729260277
долгосрочное;-700.729260277
трубку;-700.729260277
надежды;-700.729260277
тот;702.382703376
спецов;-700.729260277
испортились;-700.729260277
храните;-700.729260277
генеральным;-700.729260277
блокировке;-700.729260277
сократился;-700.729260277
мыши;-700.729260277
россиикак;-700.729260277
оказывать;-700.729260277
предоставлят;-700.729260277
поменял;-700.729260277
сайт;-700.729260277
росс;0.959827863477
др;-700.729260277
рост;-700.729260277
внешпромбанк;2.34903826147
ноября;2.34903826147
применены;-700.729260277
бьем;702.382703376
откудато;-700.729260277
принимать;-700.729260277
кстатиа;-700.729260277
лезть;-700.729260277
российских…;-700.729260277
посмотрят;-700.729260277
отказе;-700.729260277
россиикроме;702.382703376
призванная;702.382703376
присутствие;1.88500991607
датами;-700.729260277
метро;702.382703376
докапитализирована;-700.729260277
новым;-700.729260277
проведенного;2.34903826147
русском;-700.729260277
объединенная;-700.729260277
внести;-700.729260277
денег;-700.729260277
этог;-700.729260277
карательную;-700.729260277
путевка;702.382703376
этом;1.43578800756
акций;-700.729260277
акции;1.8461913973
ссы;-700.729260277
подать;2.34903826147
общество;1.24948964315
захотел;-700.729260277
поставки;-700.729260277
только;1.47860716139
творчество;-700.729260277
мин;2.34903826147
минус;-700.729260277
дете;-700.729260277
общества;702.382703376
фондовых;702.382703376
торгов;0.959827863477
тоже;-700.729260277
лпх;702.382703376
промсвязь;-700.729260277
прекратить;-700.729260277
хватит;-700.729260277
пострадают;-700.729260277
имеют;-700.729260277
добро;-700.729260277
делать;-700.729260277
опыт;702.382703376
ставок;1.50878107431
обратите;-700.729260277
американцы;-700.729260277
добить;-700.729260277
имчто;-700.729260277
втб;1.77745771422
прав;702.382703376
равносильно;-700.729260277
брюссельского;-700.729260277
выда;-700.729260277
коснулись;0.959827863477
финансирования;702.382703376
как;1.53140930413
народа;-700.729260277
мир;0.959827863477
сберба;-700.729260277
американских;-700.729260277
просить;-700.729260277
час;1.88500991607
многоуважаемый;-700.729260277
этот;0.959827863477
администрация;-700.729260277
райфазен;-700.729260277
поисков;702.382703376
пермского;-700.729260277
получится;-700.729260277
филиале;2.06334212275
утечка;-700.729260277
филиала;0.959827863477
армянское;-700.729260277
ребята;-700.729260277
наложены;-700.729260277
финансового;0.959827863477
пожелать;-700.729260277
оказалось;-700.729260277
предстоящей;-700.729260277
смсочки;-700.729260277
тож;-700.729260277
несмотря;1.36925817397
пришел;702.382703376
охуенно;-700.729260277
перестаньте;-700.729260277
обусловлено;-700.729260277
прямой;-700.729260277
съел;-700.729260277
удар;-700.729260277
глючит;-700.729260277
будь;702.382703376
принимают;-700.729260277
востребования;-700.729260277
месяца;0.959827863477
магазинов;-700.729260277
хамом;-700.729260277
пользуется;0.959827863477
магазинах;702.382703376
введенными;-700.729260277
ржд;702.382703376
необходимыми;702.382703376
месяце;702.382703376
волну;-700.729260277
оштрафовал;-700.729260277
такая;-700.729260277
сотрудник;-700.729260277
совершать;1.94755083851
новостидня;0.959827863477
связью;-700.729260277
опечален;-700.729260277
ругательство;-700.729260277
банковпартнеров;2.06334212275
росла;-700.729260277
ко;702.382703376
ха;-700.729260277
россиив;-700.729260277
филиалы;0.959827863477
директор;-700.729260277
олигархов;-700.729260277
смотреть;702.382703376
пришёл;-700.729260277
приспичило;-700.729260277
месяцев;702.382703376
эб;2.34903826147
эм;702.382703376
эл;702.382703376
конкуренцию;-700.729260277
есбудет;-700.729260277
миллиона;2.34903826147
говнобанка;-700.729260277
кредите;-700.729260277
проверить;-700.729260277
властям;-700.729260277
всеновости;702.382703376
тому;702.382703376
пожалуйста;702.382703376
грустно;-700.729260277
простым;702.382703376
уверен;-700.729260277
хозяйств;702.382703376
морду;-700.729260277
справедливый;-700.729260277
ростом;-700.729260277
участников;702.382703376
поддержит;1.94755083851
газпрому;-700.729260277
так;-700.729260277
прекратят;-700.729260277
там;1.24948964315
мало;-700.729260277
русская;-700.729260277
ресурсную;702.382703376
выиграл;2.34903826147
эт;702.382703376
татфондбанк;702.382703376
норм;-700.729260277
стоит;-700.729260277
говноконторы;-700.729260277
хозяйствам;2.06334212275
плохо;-700.729260277
снижает;1.94755083851
думаете;-700.729260277
процента;-700.729260277
причинам;-700.729260277
убытка;-700.729260277
выдаёт;-700.729260277
проминвестбанк;-700.729260277
лет;1.36925817397
тут;-700.729260277
нарушили;1.76302718691
кэша;-700.729260277
миллион;2.06334212275
кризисом;-700.729260277
уровней;-700.729260277
списке»;-700.729260277
искать;-700.729260277
закрывает;-700.729260277
разбудил;-700.729260277
путешествия;702.382703376
канал;702.382703376
дела;-700.729260277
многие;-700.729260277
сентября;702.382703376
дело;-700.729260277
бабушки;-700.729260277
зампред;702.382703376
мыться;-700.729260277
простого;-700.729260277
иметь;-700.729260277
благодаря;702.382703376
оренбург;702.382703376
вуаля;-700.729260277
сентябре;702.382703376
проводить;-700.729260277
филиал;1.94755083851
включит;-700.729260277
йн;702.382703376
избежать;2.34903826147
тор…;-700.729260277
занесены;-700.729260277
условия;2.06334212275
вечером;702.382703376
стоимости;0.959827863477
сломан;-700.729260277
срочно;-700.729260277
руками;-700.729260277
радует;702.382703376
наблюдательный;702.382703376
умеешь;-700.729260277
уверенно;-700.729260277
интерфейсом;702.382703376
неделю;-700.729260277
готовит;-700.729260277
недоверия;-700.729260277
карточек;-700.729260277
проценты;0.959827863477
дозвониться;-700.729260277
онлайн;1.75646510598
прессрелизе;-700.729260277
приносили;-700.729260277
безвкусица;-700.729260277
меньше;-700.729260277
американская;702.382703376
убийц;-700.729260277
газромбанка;-700.729260277
оказался;-700.729260277
граффити;702.382703376
специальные;702.382703376
общей;702.382703376
слабовидящим;702.382703376
прессы;-700.729260277
вашем;-700.729260277
засуну;-700.729260277
наказал;-700.729260277
поне;-700.729260277
голосуют;702.382703376
член;-700.729260277
рефинансирование;702.382703376
внешэкономбанк;0.959827863477
сожалением;1.88500991607
это;0.959827863477
этп;2.34903826147
эти;0.959827863477
вкладамгосбанки;702.382703376
воспользуются;2.06334212275
ведомости;702.382703376
выдачу;1.24948964315
акций…;702.382703376
киви;702.382703376
зачем;-700.729260277
суммах;-700.729260277
новатека;702.382703376
азс;702.382703376
вечер;-700.729260277
груди;-700.729260277
северного;702.382703376
сан…;-700.729260277
визы”;-700.729260277
ребятам;-700.729260277
разное;-700.729260277
лондонской;-700.729260277
вкладами;-700.729260277
скоро;1.24948964315
путена;-700.729260277
нынешнего;702.382703376
теряют;-700.729260277
стене;-700.729260277
попрежнему;-700.729260277
аваль…;-700.729260277
пополнят;-700.729260277
американское;-700.729260277
внимательно;-700.729260277
появилась;-700.729260277
свежие;-700.729260277
вмоскве;702.382703376
нарушение;-700.729260277
сотрудницы;-700.729260277
автор;-700.729260277
зажрались;-700.729260277
об;1.24948964315
вид;-700.729260277
виз;-700.729260277
райффайзен;0.959827863477
обрушили;702.382703376
странно;-700.729260277
услугам…;702.382703376
проще;0.959827863477
боюсь;-700.729260277
путин;-700.729260277
график;-700.729260277
про;0.959827863477
рекорды;702.382703376
исправляются;702.382703376
почта;0.959827863477
сша…;-700.729260277
увеличивает;2.34903826147
взять;1.88500991607
мае;702.382703376
помощью;-700.729260277
республики;702.382703376
визовые;-700.729260277
внимание;0.959827863477
новостях;702.382703376
канадские;-700.729260277
весь;-700.729260277
исполнения;702.382703376
системыamp8230;2.06334212275
топменеджмента;-700.729260277
карточках;0.959827863477
допустил;1.36925817397
подпадут;-700.729260277
господдержки;-700.729260277
ряда;1.43578800756
число;0.959827863477
создали;-700.729260277
точно;0.959827863477
ебрр;702.382703376
закупку;-700.729260277
смогут;1.24948964315
аваль»;-700.729260277
числе;0.959827863477
рекомендовано;-700.729260277
ним;2.34903826147
охренели;-700.729260277
перечень;-700.729260277
сети;1.8461913973
пользоваться;0.959827863477
чтото;-700.729260277
работают;-700.729260277
агентство;702.382703376
граждане;-700.729260277
запретила;-700.729260277
самостоятельной;702.382703376
агентства;-700.729260277
общался;702.382703376
кор;-700.729260277
кроссовки;-700.729260277
коммерческий;-700.729260277
давления;-700.729260277
собираются;-700.729260277
видит;0.959827863477
вчера;-700.729260277
всеобъемлющие;-700.729260277
российс;-700.729260277
ато;-700.729260277
душевной;-700.729260277
финансировании;-700.729260277
именно;-700.729260277
сраный;-700.729260277
попасть;-700.729260277
финансирование;-700.729260277
нереально;-700.729260277
налички;-700.729260277
объем;2.34903826147
сеть;1.94755083851
техническая;-700.729260277
них;-700.729260277
владельцев;2.34903826147
развлечения;-700.729260277
япошкам;-700.729260277
лесная;702.382703376
текущий;702.382703376
ой;-700.729260277
ок;702.382703376
он;-700.729260277
звр;-700.729260277
подтверждены;702.382703376
синдицированный;1.76928661338
милая;-700.729260277
получили;-700.729260277
заморозки;-700.729260277
своим;702.382703376
санкционнный;-700.729260277
выпустил;1.88500991607
бы;1.36925817397
обязательства;1.74553952861
мошенники;-700.729260277
заморозке;-700.729260277
толком;-700.729260277
вынес;-700.729260277
денежки;-700.729260277
ночи;-700.729260277
согласован;-700.729260277
сферы;702.382703376
используют;2.34903826147
ивахинов;702.382703376
ближе;702.382703376
коекак;-700.729260277
пожалели;702.382703376
наращивает;702.382703376
выдает;1.36925817397
хорошие;702.382703376
спас;702.382703376
евросоюзом;-700.729260277
евросоюза;1.36925817397
последствий;702.382703376
финансовоэкономической;-700.729260277
проходит;702.382703376
обычном;702.382703376
ночь;-700.729260277
замену;-700.729260277
приостановке;-700.729260277
ба;-700.729260277
бг;-700.729260277
списокampquot;-700.729260277
ввела;-700.729260277
пресс;-700.729260277
заморозку;702.382703376
состояниисибирь;-700.729260277
ввели;-700.729260277
галерея;-700.729260277
оренбургский;702.382703376
должен;-700.729260277
исполнении;-700.729260277
около;0.959827863477
от;1.58602476502
кольцо;-700.729260277
представил;2.34903826147
ох;-700.729260277
санкциями;-700.729260277
представ;702.382703376
причины;-700.729260277
появятся;702.382703376
пополнить;702.382703376
услышал;-700.729260277
вэба;0.959827863477
займы;-700.729260277
испортил;-700.729260277
поганой;-700.729260277
пакет;-700.729260277
сидит;-700.729260277
дарит;702.382703376
рабочий;-700.729260277
улучшеший;-700.729260277
три;0.959827863477
кубань;-700.729260277
бросаете;-700.729260277
уверили;-700.729260277
забитые;-700.729260277
ссылке;-700.729260277
иле;-700.729260277
некоторых;-700.729260277
прокуратурой;-700.729260277
боитесь;-700.729260277
удачи;-700.729260277
могли;-700.729260277
имбецилы;-700.729260277
сырьевых;-700.729260277
вышли;-700.729260277
выручит;702.382703376
кред…;-700.729260277
земель;702.382703376
заfollowменя;-700.729260277
секторальные;1.36925817397
реагирует;-700.729260277
секторальный;-700.729260277
прислал;-700.729260277
кубани;-700.729260277
институтов;-700.729260277
четверг;0.959827863477
вэбу;-700.729260277
дезинформирован;-700.729260277
сообщил;-700.729260277
утром;-700.729260277
хостес;-700.729260277
аваль;0.959827863477
выдал;1.8461913973
снижены;702.382703376
помогал;702.382703376
удобнее;2.34903826147
фотозахожу;-700.729260277
чистая;702.382703376
вступаться;-700.729260277
легендарный;702.382703376
через;1.47860716139
рсбу;702.382703376
консульские;-700.729260277
прищучить;-700.729260277
семья;702.382703376
пустеют;-700.729260277
интересов;702.382703376
роктусэ;702.382703376
рублях;702.382703376
ссылкой;-700.729260277
микробизнеса;702.382703376
марий;702.382703376
способствует;1.94755083851
стартовал;702.382703376
мошенничестве;-700.729260277
физиками;-700.729260277
поддержке;-700.729260277
роснефть;1.47860716139
разу;-700.729260277
скажу;-700.729260277
поддержка;-700.729260277
российская;-700.729260277
пополнили;-700.729260277
догоняют;2.34903826147
пытаюсь;-700.729260277
поддержки;-700.729260277
сих…;-700.729260277
дневник;-700.729260277
раза;0.959827863477
накрыли;-700.729260277
платежные;0.959827863477
роснефти;0.959827863477
поддержку;1.24948964315
пятерых;-700.729260277
премию;702.382703376
знаю;-700.729260277
действия;0.959827863477
однако;2.34903826147
санкционном;-700.729260277
консульский;-700.729260277
юникорбанка;2.34903826147
севастополе;-700.729260277
освоение;2.34903826147
бывший;-700.729260277
маяковская;702.382703376
продлится;-700.729260277
геннадий;-700.729260277
хорошо;2.34903826147
торговая;702.382703376
квартиру;702.382703376
бер…;-700.729260277
подписано;702.382703376
совет;702.382703376
начнет;2.34903826147
квартиры;702.382703376
впервые;2.34903826147
предыдущего;-700.729260277
руд;-700.729260277
всём;2.34903826147
продуктам;-700.729260277
изменилась;-700.729260277
самой;-700.729260277
расширенный;-700.729260277
повышают;702.382703376
ограбили;-700.729260277
симкарты;-700.729260277
структуры;-700.729260277
мира;2.34903826147
бывало;-700.729260277
мире;-700.729260277
обеду;-700.729260277
работаетто;-700.729260277
вопросблокировка;-700.729260277
дальше;-700.729260277
одобрили;-700.729260277
открытыми;2.34903826147
ад;-700.729260277
будет;1.24948964315
платите;-700.729260277
безопасности;-700.729260277
конкурентов;702.382703376
источники;-700.729260277
отчество;-700.729260277
рынок;1.94755083851
безопасность;-700.729260277
евр;702.382703376
врут;-700.729260277
нужны;702.382703376
ряд;-700.729260277
снижаются;702.382703376
попала;-700.729260277
будем;-700.729260277
помимо;-700.729260277
попали;-700.729260277
всего;-700.729260277
намерен;1.94755083851
попало;-700.729260277
народу;-700.729260277
звонили;-700.729260277
заявил;0.959827863477
спонсором;-700.729260277
стру…;-700.729260277
включены;-700.729260277
уэк;702.382703376
днем;-700.729260277
россии»;702.382703376
дней;-700.729260277
безработному;702.382703376
исчезновению;-700.729260277
внешэко;-700.729260277
россельхозбанкаоб;702.382703376
косяками;-700.729260277
перейти;-700.729260277
невозможна;-700.729260277
большее;702.382703376
номинациях;1.94755083851
россельхозбанкасша;-700.729260277
финансирует;-700.729260277
дни;702.382703376
поездкой;-700.729260277
вашингтон;-700.729260277
семей;702.382703376
просты;702.382703376
займ;-700.729260277
добавились;-700.729260277
сооб;-700.729260277
собрал;-700.729260277
можно;1.94755083851
вырос;1.94755083851
украину;-700.729260277
понимаю;-700.729260277
рейтинг;1.47860716139
украины;-700.729260277
картами;702.382703376
украине;0.959827863477
номер;-700.729260277
нет;0.959827863477
отрадном;-700.729260277
красноярских;702.382703376
запрещен;-700.729260277
щимит;-700.729260277
вручную;-700.729260277
орехову;-700.729260277
неисправности;-700.729260277
просто;1.24948964315
составляет;-700.729260277
днр;-700.729260277
формата;702.382703376
четыре;-700.729260277
остальные;2.34903826147
черный;-700.729260277
бороться;-700.729260277
дню;702.382703376
дня;0.959827863477
интересуют;-700.729260277
растут;702.382703376
мои;-700.729260277
провал;-700.729260277
обладает;1.78769886705
щас;-700.729260277
сегодня;1.36925817397
предложение;702.382703376
малмал;-700.729260277
оказались;-700.729260277
родной;-700.729260277
корпорация;-700.729260277
темп;-700.729260277
обязательств;2.34903826147
ничего;-700.729260277
услуги;1.88500991607
сумму;2.34903826147
звонят;-700.729260277
необходимо;-700.729260277
работаете;-700.729260277
министерства;-700.729260277
отказываются;-700.729260277
слухи;-700.729260277
сбертакойсбер;-700.729260277
расширить;-700.729260277
альфаклик;702.382703376
безналичную;702.382703376
ответили;-700.729260277
организаци;-700.729260277
франков;2.34903826147
дополнят;-700.729260277
добролет;-700.729260277
российски;-700.729260277
объединён;-700.729260277
заявление;2.34903826147
префы;702.382703376
пиздец”maksdar;-700.729260277
открыла;-700.729260277
рождения;-700.729260277
бурятии;2.34903826147
связи;-700.729260277
пилотный;702.382703376
одобрил;2.06334212275
государственной;-700.729260277
скидка;-700.729260277
услугу;2.06334212275
секторальных;-700.729260277
впизду;-700.729260277
скидки;702.382703376
посмеялся;-700.729260277
визой;-700.729260277
рфевросоюз;-700.729260277
легко;1.24948964315
кредитному;-700.729260277
здесь;702.382703376
минфина;-700.729260277
выводить;-700.729260277
жил;702.382703376
косо;-700.729260277
погасил;1.76302718691
отказалась;702.382703376
кредитами;1.94755083851
отдела;702.382703376
петербургский;-700.729260277
впереди;-700.729260277
недоступен;-700.729260277
дождь;702.382703376
николаев;-700.729260277
устраивает;702.382703376
вологодской;-700.729260277
попадают;-700.729260277
телефоне;-700.729260277
подпадает;-700.729260277
ядерных;-700.729260277
кипре;-700.729260277
сделать;-700.729260277
исправить;-700.729260277
банкоматы;-700.729260277
хунту;-700.729260277
недвижимость;2.34903826147
фнб;-700.729260277
решительно;-700.729260277
вдруг;702.382703376
реа;702.382703376
реальный;-700.729260277
эксперты;-700.729260277
поручителей;702.382703376
грн;-700.729260277
лукойл;-700.729260277
брюсселе;-700.729260277
исследования;2.34903826147
брюсселя;-700.729260277
обошлось;-700.729260277
брюссель;-700.729260277
воскресенье;-700.729260277
трёх;-700.729260277
работать;1.36925817397
ммвб;-700.729260277
рашкебанк;-700.729260277
одним;702.382703376
похитили;-700.729260277
появились;-700.729260277
реш;702.382703376
увидел;702.382703376
националпредатели;-700.729260277
православные;702.382703376
услугами;1.94755083851
ульяновске;-700.729260277
пермяков;702.382703376
ногтю;-700.729260277
банкомата;702.382703376
футбольного;-700.729260277
недвижимости;2.06334212275
прописку;702.382703376
команда;702.382703376
монашка;-700.729260277
перечисляется;2.34903826147
личном;-700.729260277
внешэк…;-700.729260277
телефону;-700.729260277
региональной;1.8461913973
партнерами;702.382703376
отлично;2.34903826147
мер;-700.729260277
мес;-700.729260277
зао;702.382703376
вопрос;-700.729260277
всу;-700.729260277
стороны;1.36925817397
испытываю;-700.729260277
выданных;702.382703376
трем;702.382703376
снижения;-700.729260277
затрудняет;-700.729260277
газпр;-700.729260277
всё;1.43578800756
вернуть;702.382703376
президента;-700.729260277
банкам;-700.729260277
решили;-700.729260277
сделок;-700.729260277
вторник;-700.729260277
развивает;2.34903826147
суверенного;-700.729260277
экспрессгарантий;2.34903826147
кръедит;702.382703376
голову;-700.729260277
финансов;-700.729260277
внешних;-700.729260277
гостиницы;-700.729260277
справки;0.959827863477
приборостроения;-700.729260277
ином;702.382703376
смертью;-700.729260277
парсит;-700.729260277
россии;1.76263575751
россий;702.382703376
услуг;1.24948964315
предоставлении;-700.729260277
пойти;-700.729260277
недельдва;-700.729260277
чтобы;-700.729260277
одновременно;-700.729260277
пусть;1.24948964315
задумаюсь;-700.729260277
интернет;1.88500991607
экономист;-700.729260277
например;-700.729260277
полтора;702.382703376
продовольственном;-700.729260277
ждет;-700.729260277
приостановил;-700.729260277
запрете;-700.729260277
любые;702.382703376
адекватные;702.382703376
карточки;-700.729260277
трех;1.94755083851
стороне;702.382703376
обязательно;-700.729260277
победителем;2.06334212275
учить;-700.729260277
быть;0.959827863477
беларусь;702.382703376
бумаг;702.382703376
кургане;-700.729260277
россельхозбан;-700.729260277
патамушта;-700.729260277
журнал;1.75116348895
календарных;-700.729260277
сектор;-700.729260277
поменьшеht…;-700.729260277
зарплатной;702.382703376
выпиской;702.382703376
курганской;-700.729260277
помощь;-700.729260277
дамбас;-700.729260277
наказываетдьявол;-700.729260277
если;1.24948964315
версию;702.382703376
помощи;0.959827863477
проведут;2.34903826147
банк;1.75503525525
доступ;-700.729260277
вероятно;2.34903826147
осетии;702.382703376
ограничили;-700.729260277
объявит;-700.729260277
экс;-700.729260277
срокупо;-700.729260277
после;1.88500991607
гребанный;-700.729260277
связано;-700.729260277
поменялись;-700.729260277
капитализации;-700.729260277
институтам;-700.729260277
ебаные;-700.729260277
принимает;-700.729260277
бензоколонки;-700.729260277
пока;1.24948964315
совершили;702.382703376
страт;702.382703376
осталась;-700.729260277
обратиться;-700.729260277
дадут;-700.729260277
лучше;-700.729260277
сдохли;-700.729260277
запрещается;-700.729260277
перед;1.74553952861
вели;-700.729260277
жизнь;-700.729260277
уйдет;-700.729260277
новых;1.36925817397
понадобилось;-700.729260277
которым;-700.729260277
выдали;702.382703376
который;-700.729260277
тд;-700.729260277
которые;1.24948964315
купить;702.382703376
до;1.76928661338
дм;-700.729260277
финише;-700.729260277
заседание;702.382703376
сначала;-700.729260277
другой;702.382703376
плохих;-700.729260277
другом;-700.729260277
оценили;2.34903826147
работы;1.8014259361
обладатель;-700.729260277
апк;2.06334212275
работу;1.43578800756
консультирует;-700.729260277
введут;-700.729260277
регионов;0.959827863477
публично;-700.729260277
протестировано;-700.729260277
включение;-700.729260277
энную;702.382703376
работа;1.24948964315
лентяи;-700.729260277
работе;702.382703376
говорится;-700.729260277
которому;702.382703376
новостроек;702.382703376
главные;702.382703376
могл…;-700.729260277
сильно;-700.729260277
главный;-700.729260277
амкар;-700.729260277
способ;-700.729260277
новые;0.959827863477
черного;702.382703376
крышой;-700.729260277
наша;702.382703376
аэрофлот;-700.729260277
организации;-700.729260277
организаций;702.382703376
новый;1.36925817397
шлет;-700.729260277
индексов;-700.729260277
плачевно;-700.729260277
перес;-700.729260277
национальный;-700.729260277
растет;702.382703376
возьмите;702.382703376
костомукше;-700.729260277
гуриев;-700.729260277
жизни;-700.729260277
разместил;2.06334212275
оставшиеся;702.382703376
раскрыть»;702.382703376
парились;702.382703376
роботы;-700.729260277
та;-700.729260277
сфоткаться;702.382703376
настигла;-700.729260277
уважаемый;-700.729260277
своего;0.959827863477
подвергнуть;-700.729260277
стали;2.34903826147
стало;0.959827863477
имейте;-700.729260277
снял;-700.729260277
сбербанке;-700.729260277
сбербанка;1.62820334196
дагестана;-700.729260277
вызвав;-700.729260277
рсхб;702.382703376
неустоек;702.382703376
кредит;1.74444217818
иоффе;702.382703376
отделения;0.959827863477
хотя;-700.729260277
втбновые;-700.729260277
заключили;702.382703376
платежа;702.382703376
отделений;-700.729260277
отделении;1.24948964315
копейки;-700.729260277
боооль;-700.729260277
страну;-700.729260277
платежи;1.94755083851
копеек;702.382703376
платежн;702.382703376
отделение;0.959827863477
страны;2.34903826147
найти;-700.729260277
американскому;-700.729260277
имущество;-700.729260277
сбербанку;-700.729260277
обама;-700.729260277
утвердил;2.34903826147
дел;-700.729260277
точечных;-700.729260277
брокерские;702.382703376
госпрограмм;2.34903826147
обвал;-700.729260277
интернетбанка;2.34903826147
газет;-700.729260277
разместит;702.382703376
кто;-700.729260277
рф;1.36925817397
традиционно;-700.729260277
абсолютно;-700.729260277
выстретили;-700.729260277
наф…;-700.729260277
повторять;702.382703376
прогремел;-700.729260277
расслабиться;702.382703376
красноярском;2.06334212275
получается;-700.729260277
открыть;702.382703376
подконтрольный;-700.729260277
дочерние;-700.729260277
роснефтью;-700.729260277
итартасс;-700.729260277
списках;0.959827863477
готовится;-700.729260277
запускает;2.34903826147
набор;702.382703376
льготного;-700.729260277
удовольствием;702.382703376
спискахamp8230;-700.729260277
наблюдательного;-700.729260277
россия№16;-700.729260277
платежей;1.36925817397
потенциал;702.382703376
потратить;702.382703376
суки;-700.729260277
филиалысейчас;-700.729260277
государственным;-700.729260277
сука;-700.729260277
рукво;-700.729260277
внесением;-700.729260277
украли;-700.729260277
ехать;-700.729260277
продает;-700.729260277
выбрали;-700.729260277
краем;-700.729260277
действии;-700.729260277
выбрала;702.382703376
турнир;702.382703376
охренел;-700.729260277
обзор;-700.729260277
скором;702.382703376
жкх;702.382703376
кэшин;-700.729260277
что;1.54917254062
крупнейших;2.06334212275
начать;-700.729260277
ро;-700.729260277
санкц;1.8461913973
отказали;-700.729260277
фото;-700.729260277
перепуталикакое;-700.729260277
примерно;-700.729260277
работа…;-700.729260277
санкиями;-700.729260277
передает;-700.729260277
рынкам;-700.729260277
вологодского;702.382703376
обворовал;-700.729260277
приговорен;-700.729260277
вынуждены;-700.729260277
где;702.382703376
долговые;-700.729260277
про100;702.382703376
яновости;-700.729260277
платежных;2.06334212275
невозможность;-700.729260277
привели;-700.729260277
дико;-700.729260277
кирп;702.382703376
пытают;-700.729260277
банкомат;0.959827863477
неловком;-700.729260277
такуюжа;-700.729260277
лучшим;1.74343834671
сказали;-700.729260277
неловкое;-700.729260277
порошенко;-700.729260277
рнкб;-700.729260277
сложилось;-700.729260277
сколько;-700.729260277
рынка;702.382703376
договорился;-700.729260277
смешно;-700.729260277
постоянно;-700.729260277
всеми;1.8014259361
понятны;702.382703376
санкцио;-700.729260277
походу;-700.729260277
содействовал;-700.729260277
сборной;702.382703376
совета;-700.729260277
отсрочка;2.34903826147
отразиться;-700.729260277
дальневосточникам;2.06334212275
долгосрочными;1.94755083851
кредитку;702.382703376
автомобили;702.382703376
резко;-700.729260277
сказаличто;702.382703376
заблокирует;-700.729260277
оформление;-700.729260277
госбанк;-700.729260277
выпуска;-700.729260277
подверглись;-700.729260277
юристов;-700.729260277
держит;-700.729260277
официальный;-700.729260277
конца;2.34903826147
увели;702.382703376
рулю;-700.729260277
сжёг;-700.729260277
компьютеры;-700.729260277
похлеще;-700.729260277
москва;0.959827863477
открыл;2.06334212275
москве;1.94755083851
туалет;-700.729260277
глядишь;-700.729260277
бизнесу;702.382703376
пя;-700.729260277
сервисов;-700.729260277
бандами;-700.729260277
перестаю;702.382703376
пц;-700.729260277
александр;2.34903826147
многоэтажки;702.382703376
попадут;-700.729260277
сервисом;-700.729260277
саратов;2.34903826147
по;1.76427764431
отжигает;-700.729260277
говно;-700.729260277
хуй;-700.729260277
украина;-700.729260277
европе;-700.729260277
европа;-700.729260277
состоянию;0.959827863477
приоб;-700.729260277
москву;-700.729260277
счёт;-700.729260277
индекс;-700.729260277
москвы;1.64281836784
северной;702.382703376
бизнеса;1.76928661338
выдержать;-700.729260277
северном;702.382703376
цапок;-700.729260277
курс;-700.729260277
концу;2.34903826147
тверская;-700.729260277
есв;-700.729260277
сборов;-700.729260277
место;702.382703376
установили;702.382703376
беспокоить;-700.729260277
электронных;-700.729260277
твиттер;-700.729260277
самих;-700.729260277
обанкротятся;-700.729260277
признан;1.94755083851
длилась;-700.729260277
кировское;702.382703376
один;-700.729260277
обхитришь;-700.729260277
новатэк;1.24948964315
общая;702.382703376
европейские;-700.729260277
же;1.24948964315
велосипедов;702.382703376
магазина;-700.729260277
конструкторское;-700.729260277
внутренний;-700.729260277
добавив;-700.729260277
попросил;702.382703376
нсо;702.382703376
санкционных;0.959827863477
банкмосква;-700.729260277
оператор;-700.729260277
вооруженных;-700.729260277
вн;-700.729260277
во;1.43578800756
газетаru;-700.729260277
арест;-700.729260277
унасоплатапрошла;-700.729260277
ипотечный;2.06334212275
владельцам;-700.729260277
ипотечные;-700.729260277
управлять;702.382703376
банкиру;702.382703376
кампании;-700.729260277
россельскохозбанк;-700.729260277
корпорацияречь;-700.729260277
якт;-700.729260277
оплаты;702.382703376
инвест;702.382703376
визиту;-700.729260277
ипотечных;1.82002990317
ипотека;2.34903826147
урожай;-700.729260277
подозрение;-700.729260277
зампре;702.382703376
техработах;-700.729260277
вооруженные;-700.729260277
обратно;-700.729260277
банкмосквы;-700.729260277
санкционный;1.24948964315
сохранит;702.382703376
вэбом;-700.729260277
обратился;-700.729260277
турбаза;702.382703376
известные;-700.729260277
банковскую;702.382703376
здоровые;-700.729260277
выпуск;1.94755083851
просроченная;-700.729260277
специальное;702.382703376
уверяют;-700.729260277
власти;-700.729260277
европейс;702.382703376
ограничительных;-700.729260277
девочки;-700.729260277
коснуться;-700.729260277
какимито;-700.729260277
наглый;-700.729260277
получить;0.959827863477
средства;-700.729260277
москвывтброссельхозбанкаhttptcovbxphno0e4;-700.729260277
прямо;-700.729260277
выи;702.382703376
провайдер;702.382703376
происходит;702.382703376
переводите;-700.729260277
перестал;-700.729260277
проблем;-700.729260277
подключили;702.382703376
россельхозбанку;-700.729260277
финанс»;702.382703376
менее;-700.729260277
цель;702.382703376
неожиданно;-700.729260277
займом;-700.729260277
хрен;-700.729260277
займов;702.382703376
режиме;2.34903826147
дойдет;-700.729260277
сайтетак;-700.729260277
официально;-700.729260277
моих;-700.729260277
увеличение;-700.729260277
прочие;-700.729260277
запретил;-700.729260277
зоне;-700.729260277
абсурдные;-700.729260277
экономить;702.382703376
прочих;-700.729260277
интерфакс;-700.729260277
контактам;-700.729260277
наврятли;-700.729260277
потерял;-700.729260277
читаювзаимно;2.34903826147
согласовал;-700.729260277
возвращает;-700.729260277
продавайте;702.382703376
цели;702.382703376
шесть;702.382703376
олигархи;-700.729260277
па;2.34903826147
банкрот;-700.729260277
выполнение;702.382703376
выбор;-700.729260277
февраля;2.06334212275
просадку;-700.729260277
дочернюю;2.34903826147
пенсионеров;-700.729260277
нургалиева;-700.729260277
российскокитайского;-700.729260277
россельхозбанка;1.62820334196
слово;-700.729260277
россельхозбанке;1.36925817397
уровня»;-700.729260277
неопределенности;-700.729260277
смсспам;-700.729260277
втему;702.382703376
получающих;-700.729260277
для;1.74769947943
привлечением;-700.729260277
вошли;0.959827863477
покупку;2.34903826147
накануне;-700.729260277
собираюсь;0.959827863477
картам;702.382703376
сбереженья;-700.729260277
поднимет;-700.729260277
долг…;-700.729260277
информагентства;-700.729260277
оптимизма;-700.729260277
пермь;-700.729260277
закрываю;-700.729260277
принимаетенет;-700.729260277
тц;702.382703376
москвы№5;-700.729260277
приятное;702.382703376
префов;702.382703376
приостановит;-700.729260277
раунде;-700.729260277
ранее;0.959827863477
пытался;-700.729260277
доходах;0.959827863477
завтрашнего;-700.729260277
обеспечения;702.382703376
отношению;-700.729260277
денежный;702.382703376
устойч;702.382703376
неоплатной;-700.729260277
остались;2.34903826147
отношении;1.43578800756
итогам;702.382703376
бтв;-700.729260277
необходимости;-700.729260277
подавятся;702.382703376
кредитный;2.34903826147
перекреститесь;702.382703376
сейчас;2.34903826147
корпоративным;2.34903826147
больше;1.88500991607
ржоте;-700.729260277
корпоративный;702.382703376
корпоративные;702.382703376
школу;702.382703376
пизда;-700.729260277
кастрированный;-700.729260277
объявил;-700.729260277
нашими;2.34903826147
сообщать;-700.729260277
дочка;-700.729260277
недельную;-700.729260277
дольше;-700.729260277
бизнес;1.24948964315
текущего;702.382703376
чтоб;0.959827863477
бед;-700.729260277
без;1.53140930413
бабуля;-700.729260277
неподвластна;-700.729260277
попытки;-700.729260277
инвесторам;-700.729260277
нагреть;-700.729260277
сей;-700.729260277
пыталась;-700.729260277
расширении;-700.729260277
ерип;-700.729260277
україна;-700.729260277
мост;1.8461913973
человек;-700.729260277
поволжском;702.382703376
расширение;-700.729260277
корчат;-700.729260277
него;-700.729260277
еврооблигации;2.06334212275
востоке;-700.729260277
расширенные;-700.729260277
визу;-700.729260277
соболезнования;-700.729260277
опубликовало;-700.729260277
комиссии;-700.729260277
предприятие;-700.729260277
негативно;2.34903826147
тридцать;-700.729260277
платеж;-700.729260277
проверки;-700.729260277
табло;-700.729260277
путлеровскую;-700.729260277
комиссию;0.959827863477
информация;-700.729260277
блокировок;-700.729260277
состоялось;702.382703376
информацию;-700.729260277
страдать;-700.729260277
взрыв;-700.729260277
сразу;2.06334212275
сроку;-700.729260277
за;1.60301212952
написала;-700.729260277
означают;702.382703376
выпуску;702.382703376
отразятся;0.959827863477
моск;-700.729260277
просит;-700.729260277
привязан;-700.729260277
удобным;702.382703376
закупок;702.382703376
уменьшение;702.382703376
яндекс;-700.729260277
текущие;-700.729260277
сообщает;0.959827863477
новатэка;-700.729260277
хозяйствамроссельхозбанк;702.382703376
исключил;702.382703376
ао;702.382703376
темпами;-700.729260277
проблема;-700.729260277
санкцийв;-700.729260277
индексах;1.88500991607
провел;-700.729260277
втб»;-700.729260277
быстро;1.94755083851
построить;1.8461913973
центра;0.959827863477
подробнее;-700.729260277
продвинулся;702.382703376
приняла;702.382703376
везёт;702.382703376
пятницы;-700.729260277
рискуете;702.382703376
северная;-700.729260277
офисах;702.382703376
сибирских;-700.729260277
санкционного;-700.729260277
судост;-700.729260277
назад;-700.729260277
зарубежной;-700.729260277
война;-700.729260277
балзавод;-700.729260277
пожаловать;-700.729260277
январяиюня;702.382703376
пинкодов;-700.729260277
казань;-700.729260277
заработал;702.382703376
юридических;-700.729260277
проката;702.382703376
канада;-700.729260277
минист;-700.729260277
заявляетсбербанк;-700.729260277
пунктов;702.382703376
госпошлину;-700.729260277
стояла;702.382703376
холодная;-700.729260277
потерянную;-700.729260277
офиса;-700.729260277
офисе;-700.729260277
достаточным;2.34903826147
сам;-700.729260277
байкальском;702.382703376
кредитной;-700.729260277
выгодные;702.382703376
проблемы;0.959827863477
транзакции;-700.729260277
заголовок;-700.729260277
тех;0.959827863477
давайзачитаемдругдруга;702.382703376
проблему;-700.729260277
находится;-700.729260277
ростехом;702.382703376
калашников;-700.729260277
признал;1.74553952861
рекордными;-700.729260277
ввел;-700.729260277
прошлом;-700.729260277
сегменты;-700.729260277
дает;-700.729260277
компании;2.34903826147
компаний;1.24948964315
использованием;-700.729260277
похоже;-700.729260277
операционист;-700.729260277
москвыampquot;-700.729260277
блин;-700.729260277
гривен;-700.729260277
бабок;-700.729260277
всю;-700.729260277
источнику;-700.729260277
киева;-700.729260277
естественно;-700.729260277
падла;-700.729260277
факты;702.382703376
такж;-700.729260277
минске;-700.729260277
факту;-700.729260277
роснефть…;-700.729260277
верните;-700.729260277
да…;-700.729260277
временно;-700.729260277
доступа;-700.729260277
происшествия;-700.729260277
террористической;-700.729260277
кодировка;-700.729260277
росне;702.382703376
возобновляет;702.382703376
размещение;2.06334212275
бан;2.34903826147
заявило;-700.729260277
риа;0.959827863477
америка;-700.729260277
компанию;702.382703376
двигаться;-700.729260277
фин;-700.729260277
вв;2.34903826147
источник;-700.729260277
корпоративных;702.382703376
сегменте;702.382703376
фиг;702.382703376
ульяновской;-700.729260277
структурообразующие;-700.729260277
включая;-700.729260277
заблокировать;-700.729260277
клуба;-700.729260277
объединенной;-700.729260277
выступает;702.382703376
ставел1;-700.729260277
этих;-700.729260277
между;702.382703376
ви;-700.729260277
скромнее;-700.729260277
читайте;-700.729260277
утерли;-700.729260277
понижением;-700.729260277
евро;-700.729260277
держателей;-700.729260277
отвечают;-700.729260277
исключает;0.959827863477
переоценке;702.382703376
процентной;702.382703376
второй;702.382703376
удачно;702.382703376
продолжаем;-700.729260277
наряду;-700.729260277
странам;-700.729260277
загоняют;-700.729260277
ул;-700.729260277
ук;-700.729260277
вступили;-700.729260277
кировчан;702.382703376
тысяч;1.36925817397
филиалов;702.382703376
улучшил;2.34903826147
уж;-700.729260277
донецке;-700.729260277
сроки;702.382703376
работников;702.382703376
избирательный;-700.729260277
устойчивой;0.959827863477
сертификатам;702.382703376
волговятский;2.06334212275
бочок;-700.729260277
начнут;-700.729260277
мисшн;-700.729260277
позволяет;0.959827863477
той;0.959827863477
агенство;-700.729260277
этой;702.382703376
дизайном;-700.729260277
том;0.959827863477
выражаю;-700.729260277
можете;702.382703376
связывайтесь;-700.729260277
ещё;-700.729260277
тупость;-700.729260277
работаю;702.382703376
любимый;702.382703376
тула;702.382703376
поеврейски;-700.729260277
двадцать;-700.729260277
список»;-700.729260277
зачемглупо;-700.729260277
ждал;-700.729260277
нее;-700.729260277
нед;-700.729260277
запомни;702.382703376
капиталаимена;-700.729260277
госслужащих;-700.729260277
ипотеку;2.06334212275
начислят;-700.729260277
нем;-700.729260277
ней;702.382703376
этим;-700.729260277
ресторане;-700.729260277
розничным;1.74692932912
приобретать…;-700.729260277
центр;2.34903826147
платежная;702.382703376
конкретики;-700.729260277
украинская;-700.729260277
затупил;-700.729260277
усы;-700.729260277
ваши;-700.729260277
порядке;-700.729260277
хочется;-700.729260277
ваша;-700.729260277
ваше;-700.729260277
ему;-700.729260277
хуже;-700.729260277
альфабанка;-700.729260277
росси;-700.729260277
ипотеке;1.43578800756
свое;702.382703376
работающие;-700.729260277
выпущенные;702.382703376
свой;1.36925817397
свои;0.959827863477
работой;-700.729260277
июля;1.36925817397
воложине;702.382703376
курса;702.382703376
ипотечного;2.34903826147
свою;2.34903826147
условному;-700.729260277
какие;-700.729260277
фондовом;702.382703376
спонсора;-700.729260277
смазывают;-700.729260277
кармана;-700.729260277
стену;-700.729260277
умудрились;702.382703376
подадут;-700.729260277
затрагивают;-700.729260277
восполь;702.382703376
вступает;-700.729260277
чело;-700.729260277
начал;1.94755083851
сбер;1.61017837896
призвал;-700.729260277
топ100;702.382703376
закрывать;-700.729260277
читаю;-700.729260277
судостроительная;-700.729260277
должно;702.382703376
ретвитни;-700.729260277
волжская;702.382703376
смысл;-700.729260277
её;-700.729260277
полюбому;702.382703376
райфайзен;-700.729260277
платежной;2.06334212275
диплом;-700.729260277
вашими;-700.729260277
снижение;2.06334212275
возьму;-700.729260277
полный;-700.729260277
научится;-700.729260277
ес;1.66653416728
снять;-700.729260277
распространяются;-700.729260277
заметку;-700.729260277
вестиru;-700.729260277
должник;-700.729260277
сотрудничать;0.959827863477
области;1.88500991607
хожу;-700.729260277
подтвердило;-700.729260277
льготным;702.382703376
значительно;-700.729260277
реализацию;2.34903826147
сторо;702.382703376
рынке;-700.729260277
готова;702.382703376
финансовую;1.75810398589
прошло;-700.729260277
поход;-700.729260277
сберонлайна;-700.729260277
грамотно;702.382703376
условиях;1.8461913973
эра;-700.729260277
министерство;-700.729260277
показав;-700.729260277
стран;-700.729260277
сих;-700.729260277
рынку;-700.729260277
которых;-700.729260277
заебись;-700.729260277
письмо;-700.729260277
вопреки;702.382703376
западные;-700.729260277
западный;702.382703376
спойлер;-700.729260277
срок;-700.729260277
проекты;-700.729260277
маестро;-700.729260277
помогают;702.382703376
ужесточения;-700.729260277
вошел;1.36925817397
ее;-700.729260277
стабильно;2.34903826147
июле;-700.729260277
финансы;1.24948964315
семь;-700.729260277
деятельностью;-700.729260277
утверждения;-700.729260277
шестичасовых;-700.729260277
олимпийской;702.382703376
любое;-700.729260277
отн;-700.729260277
москвыпожалуйста;-700.729260277
грузия;702.382703376
ввожу;-700.729260277
альфакликом;-700.729260277
звонить;-700.729260277
введенные;1.43578800756
сшавпо;-700.729260277
третий;-700.729260277
бум;702.382703376
дистанционное;-700.729260277
россельхозбанком;1.43578800756
швырять;-700.729260277
аккредитова;702.382703376
отдел;702.382703376
исправлять;-700.729260277
бюджетной;702.382703376
пошла;-700.729260277
правительству;-700.729260277
бабки;-700.729260277
возвращать;0.959827863477
каждый;702.382703376
ищё;-700.729260277
ждите;-700.729260277
угроза;-700.729260277
грефу;0.959827863477
своими;-700.729260277
показывает;-700.729260277
альфабанкгадость;-700.729260277
соединенных;-700.729260277
росбалт;-700.729260277
товаров;0.959827863477
ввёл;-700.729260277
предраковом;-700.729260277
предоставлять;0.959827863477
ли;0.959827863477
угрозы;2.34903826147
выдачей;-700.729260277
знает;-700.729260277
аналогичного;702.382703376
решить;2.34903826147
правительство;-700.729260277
правительства;-700.729260277
слава;-700.729260277
реально;702.382703376
пересмотре;-700.729260277
введены;-700.729260277
альфабанку;-700.729260277
вложить;702.382703376
пробился;702.382703376
канады;-700.729260277
звоните;-700.729260277
предварительно;-700.729260277
обнародовал;-700.729260277
иранских;-700.729260277
подпали;-700.729260277
выгодный;2.06334212275
новыми;-700.729260277
введенных;702.382703376
газпромбанк№3;-700.729260277
городу;-700.729260277
обслуживания;702.382703376
бомбу;-700.729260277
млн;1.94755083851
яндексом;-700.729260277
просят;-700.729260277
попавших;-700.729260277
руб;1.24948964315
распространятся;-700.729260277
долго;1.24948964315
банкоматов;-700.729260277
затронет;-700.729260277
возникнуть;-700.729260277
долге;-700.729260277
компенсации;-700.729260277
мтс;702.382703376
продолжает;1.36925817397
рекордных;-700.729260277
добавило;-700.729260277
заблокировал;-700.729260277
похищено;-700.729260277
импорт;-700.729260277
удивлен;-700.729260277
любом;2.34903826147
сектора…;-700.729260277
шеф;-700.729260277
вкладчикам;2.34903826147
видов;702.382703376
выдуманные;702.382703376
переживет;0.959827863477
гарантий;702.382703376
клиентами;1.74553952861
калени;-700.729260277
антироссий;-700.729260277
железо;-700.729260277
опубликованы;-700.729260277
осужден;-700.729260277
россельхо;-700.729260277
вв…;-700.729260277
лицам;702.382703376
дочку;-700.729260277
титульного;-700.729260277
часть;-700.729260277
вэб;1.43578800756
крыша;-700.729260277
бдительны;-700.729260277
ресурсами;1.78769886705
укрвоенщину;-700.729260277
остаться;702.382703376
попавшие;1.76928661338
остановить;-700.729260277
стал;2.06334212275
гарантирует;702.382703376
послали;-700.729260277
визбанки;-700.729260277
ограничат;-700.729260277
евросою;2.34903826147
далее;-700.729260277
сообщается;-700.729260277
цифра;702.382703376
россельхозбанк;1.67345725206
обслуживание;0.959827863477
новосибирске;702.382703376
открылся;702.382703376
сходил;-700.729260277
заморозили;702.382703376
пустой;-700.729260277
селигер2014;702.382703376
отключают;-700.729260277
оказывается;-700.729260277
эмбарго;-700.729260277
именами;-700.729260277
мерам;-700.729260277
втбсми;-700.729260277
вместе;-700.729260277
крупнейшие;-700.729260277
вон;-700.729260277
последнее;702.382703376
вместо;-700.729260277
покупать;-700.729260277
огран;-700.729260277
брал;-700.729260277
банковской;2.34903826147
времени;702.382703376
факт;1.88500991607
лнр;-700.729260277
полугодии;2.34903826147
корпорациив;-700.729260277
жильем;702.382703376
запросам;-700.729260277
чистую;1.24948964315
еще;1.47860716139
нда;-700.729260277
владивосток;702.382703376
полугодие;702.382703376
минимум;-700.729260277
ваще;702.382703376
ярик;-700.729260277
приплыли;-700.729260277
сим;-700.729260277
мобильные…;-700.729260277
третьем;-700.729260277
стабильную;2.06334212275
оренбургской;702.382703376
настигнут;-700.729260277
перевести;-700.729260277
наличкой;-700.729260277
уроды;-700.729260277
обещает;702.382703376
акцию;1.88500991607
захотевшие;-700.729260277
органи;-700.729260277
гашишем;-700.729260277
ущерб;-700.729260277
регистрации;702.382703376
еросоюза;-700.729260277
подмосковье;2.34903826147
прием;-700.729260277
лимит;702.382703376
позвонила;-700.729260277
райффайзенбанка;2.34903826147
проиндексировали;702.382703376
павловнуне;-700.729260277
вы;1.43578800756
помеха;702.382703376
раунд;-700.729260277
мучай;-700.729260277

 C;-6.65730872538
